"GeoUID","Type","Region.Name","Area..sq.km.","Population","Dwellings","Households","CD_UID","PR_UID","CMA_UID","English_Speakers","French_Speakers","Median_Before_Tax","Median_After_Tax","FTime_FYear_Workers","Avg_Weeks_Worked"
"1001113","CSD","Trepassey (T)",54.213,405,299,224,"1001","10","",405,0,27800,27000,55,31.8
"1001124","CSD","Division No.  1, Subd. U (SNO)",742.3781,1373,1320,628,"1001","10","",1375,0,35600,31000,275,36.4
"1001126","CSD","Cape Broyle (T)",10.0893,499,314,228,"1001","10","",500,0,35600,32400,130,30.9
"1001131","CSD","Renews-Cappahayden (T)",125.9269,280,259,143,"1001","10","",275,0,29000,26400,25,22.7
"1001136","CSD","Fermeuse (T)",38.3341,266,171,126,"1001","10","",255,0,31600,29800,35,32
"1001149","CSD","Ferryland (T)",13.2186,371,252,191,"1001","10","",375,0,34000,30200,45,28.4
"1001155","CSD","Division No.  1, Subd. W (SNO)",821.9715,469,802,243,"1001","10","",460,0,28800,28200,65,28.2
"1001169","CSD","St. Vincent's-St. Stephen's-Peter's River (T)",86.6198,263,207,142,"1001","10","",265,0,25000,24800,25,29.2
"1001178","CSD","St. Mary's (T)",36.4069,313,202,158,"1001","10","",310,0,30800,30200,20,22.6
"1001197","CSD","Mount Carmel-Mitchells Brook-St. Catherine's (T)",60.7612,382,385,203,"1001","10","",380,0,29800,29000,90,36.6
"1001203","CSD","Division No.  1, Subd. X (SNO)",567.6216,541,738,260,"1001","10","",540,0,32800,30600,125,36
"1001228","CSD","St. Bride's (T)",5.3782,318,204,166,"1001","10","",315,0,31200,27600,25,20.4
"1001234","CSD","Division No.  1, Subd. B (SNO)",454.3362,356,383,182,"1001","10","",355,0,32400,30400,90,35.8
"1001240","CSD","Placentia (T)",57.8019,3289,1827,1543,"1001","10","",3170,5,30600,28800,625,37.3
"1001259","CSD","Division No.  1, Subd. A (SNO)",772.3753,653,562,324,"1001","10","",650,0,30200,27200,90,33.2
"1001267","CSD","Southern Harbour (T)",5.3919,313,209,152,"1001","10","",315,0,25400,24800,40,25.2
"1001270","CSD","Arnold's Cove (T)",5.2462,964,547,434,"1001","10","",955,0,33600,30800,130,31.7
"1001277","CSD","Sunnyside (T)",39.0221,407,271,189,"1001","10","",405,0,25600,24400,55,27.8
"1001285","CSD","Norman's Cove-Long Cove (T)",20.1455,647,342,291,"1001","10","",645,0,26600,25400,115,35.2
"1001289","CSD","Chapel Arm (T)",28.0771,446,241,204,"1001","10","",445,0,31800,30400,70,34.8
"1001293","CSD","Division No.  1, Subd. Y (SNO)",190.7606,1211,951,534,"1001","10","",1205,0,30000,28400,280,39.4
"1001298","CSD","Whitbourne (T)",21.5122,955,584,419,"1001","10","",945,0,28200,26200,205,37.7
"1001304","CSD","Division No.  1, Subd. E (SNO)",218.8475,2835,1576,1256,"1001","10","",2835,0,26400,25600,475,35.5
"1001308","CSD","Whiteway (T)",22.5278,351,174,136,"1001","10","",320,0,29600,27800,75,37.8
"1001312","CSD","Heart's Delight-Islington (T)",26.9461,646,427,315,"1001","10","",645,0,26000,24800,115,35.2
"1001321","CSD","Division No.  1, Subd. F (SNO)",173.0183,539,341,243,"1001","10","",535,0,28600,27000,50,30.2
"1001325","CSD","Heart's Content (T)",62.8709,330,225,168,"1001","10","",330,0,28600,27200,25,31
"1001332","CSD","Winterton (T)",10.6054,436,287,204,"1001","10","",440,0,26000,26000,45,29.4
"1001335","CSD","Hant's Harbour (T)",31.8583,318,217,158,"1001","10","",315,0,25200,24600,70,37.2
"1001339","CSD","Division No.  1, Subd. G (SNO)",302.6908,1673,1352,836,"1001","10","",1670,5,28000,27000,115,24.3
"1001343","CSD","Old Perlican (T)",14.1433,608,316,253,"1001","10","",585,0,33200,31400,50,26.8
"1001347","CSD","Bay de Verde (T)",13.2372,347,200,157,"1001","10","",345,0,30600,28000,35,25.1
"1001352","CSD","Small Point-Adam's Cove-Blackhead-Broad Cove (T)",23.1181,414,327,200,"1001","10","",415,0,28600,25000,80,35.2
"1001357","CSD","Division No.  1, Subd. H (SNO)",57.2012,328,254,163,"1001","10","",330,0,33600,31600,55,37.6
"1001361","CSD","Salmon Cove (T)",4.2077,764,393,340,"1001","10","",760,0,31200,27800,130,32.8
"1001365","CSD","Victoria (T)",17.9583,1658,822,712,"1001","10","",1650,0,25800,25200,275,36.8
"1001370","CSD","Carbonear (T)",12.4424,4696,2289,2094,"1001","10","",4535,5,27400,26200,745,36.1
"1001374","CSD","Division No.  1, Subd. I (SNO)",64.1063,320,172,129,"1001","10","",320,0,36800,31800,65,38.4
"1001375","CSD","Bryant's Cove (T)",4.897,343,149,142,"1001","10","",340,0,27800,27000,35,30.8
"1001379","CSD","Harbour Grace (T)",33.7139,2796,1483,1307,"1001","10","",2795,0,26400,25800,455,35.9
"1001385","CSD","Upper Island Cove (T)",7.8164,1401,669,582,"1001","10","",1400,0,24800,24600,210,34.4
"1001394","CSD","Bishop's Cove (T)",1.9029,252,147,115,"1001","10","",250,0,26600,26400,55,36
"1001396","CSD","Spaniard's Bay (T)",66.0863,2630,1247,1112,"1001","10","",2625,0,26600,26000,420,35.9
"1001409","CSD","Bay Roberts (T)",24.5092,5974,2803,2490,"1001","10","",5945,5,29600,28400,1340,38.3
"1001415","CSD","Division No.  1, Subd. L (SNO)",8.1024,874,463,372,"1001","10","",880,0,30200,27800,130,30.5
"1001421","CSD","Division No.  1, Subd. M (SNO)",139.9815,1145,1385,528,"1001","10","",1140,0,31000,29000,235,35.6
"1001426","CSD","North River (T)",4.2039,579,318,261,"1001","10","",580,0,38400,34800,120,36.2
"1001429","CSD","Clarke's Beach (T)",12.6442,1400,678,599,"1001","10","",1395,0,28000,26800,300,37.3
"1001434","CSD","South River (T)",5.965,674,351,297,"1001","10","",670,0,28800,27200,180,38
"1001437","CSD","Cupids (T)",10.8616,699,428,325,"1001","10","",695,5,31600,30200,100,33.8
"1001441","CSD","Division No.  1, Subd. N (SNO)",12.8506,356,292,167,"1001","10","",355,0,31000,29800,70,29.3
"1001446","CSD","Brigus (T)",11.4758,699,506,327,"1001","10","",700,0,26400,25800,95,33.4
"1001452","CSD","Division No.  1, Subd. O (SNO)",78.3758,829,1090,412,"1001","10","",825,0,33200,30800,120,34
"1001456","CSD","Colliers (T)",26.2396,613,414,269,"1001","10","",615,0,33600,30400,115,35
"1001461","CSD","Conception Harbour (T)",21.4668,624,330,280,"1001","10","",620,5,31600,28400,45,27.3
"1001464","CSD","Avondale (T)",29.6866,584,346,286,"1001","10","",585,0,29600,26800,95,33
"1001469","CSD","Harbour Main-Chapel's Cove-Lakeview (T)",21.1868,1065,530,467,"1001","10","",1065,0,37600,34000,240,36.6
"1001472","CSD","Holyrood (T)",126.0157,2471,1089,993,"1001","10","10001",2450,0,38400,34400,580,39.4
"1001485","CSD","Conception Bay South (T)",59.7238,27168,11364,10711,"1001","10","10001",26885,30,38800,34800,8560,41.8
"1001490","CSD","Division No.  1, Subd. R (SNO)",16.8231,264,193,144,"1001","10","",260,0,24000,24000,30,40
"1001494","CSD","Wabana (T)",14.4896,1815,1181,951,"1001","10","",1800,0,23400,23000,220,37.4
"1001504","CSD","Portugal Cove-St. Philip's (T)",57.6063,8415,3357,3170,"1001","10","10001",8355,15,40800,36800,2790,42.4
"1001505","CSD","Pouch Cove (T)",58.2365,2063,872,823,"1001","10","10001",2050,10,38000,33600,620,42.2
"1001507","CSD","Flatrock (T)",18.0999,1722,675,638,"1001","10","10001",1705,15,43200,38400,585,43
"1001509","CSD","Torbay (T)",34.8944,7852,3182,2985,"1001","10","10001",7785,10,42800,36800,2510,41.4
"1001511","CSD","Logy Bay-Middle Cove-Outer Cove (T)",16.9894,2364,940,887,"1001","10","10001",2330,0,45600,40000,815,41.7
"1001512","CSD","Bauline (T)",16.0501,412,172,161,"1001","10","10001",410,0,43200,36000,115,45.8
"1001517","CSD","Paradise (T)",29.6685,22957,9331,8813,"1001","10","10001",22790,15,47200,40400,8205,42.4
"1001519","CSD","St. John's (CY)",446.0185,110525,54067,49298,"1001","10","10001",102210,320,33600,30800,30560,40.8
"1001542","CSD","Mount Pearl (CY)",15.6508,22477,10685,9931,"1001","10","10001",22190,20,38800,34800,7085,42.1
"1001551","CSD","Petty Harbour-Maddox Cove (T)",4.399,947,408,381,"1001","10","10001",950,0,38800,34000,270,41
"1001557","CSD","Bay Bulls (T)",30.5999,1566,631,597,"1001","10","10001",1560,0,38400,34000,440,39.9
"1001559","CSD","Witless Bay (T)",17.6121,1640,656,611,"1001","10","10001",1635,0,37600,33600,420,37.2
"1002001","CSD","Division No.  2, Subd. E (SNO)",136.5785,251,308,119,"1002","10","",250,0,36800,32400,30,38.5
"1002002","CSD","Lewin's Cove (T)",6.3291,546,261,241,"1002","10","",535,0,32000,29200,125,37.1
"1002005","CSD","Burin (T)",34.4894,2237,1155,1008,"1002","10","",2220,0,29000,27400,560,38.6
"1002008","CSD","St. Lawrence (T)",34.863,1115,598,485,"1002","10","",1080,0,29800,27600,175,31.6
"1002011","CSD","Lawn (T)",3.5175,583,291,253,"1002","10","",580,0,24200,24200,90,33
"1002014","CSD","Point May (T)",63.245,254,134,123,"1002","10","",255,0,24600,24400,0,23.6
"1002018","CSD","Fortune (T)",54.7705,1285,767,617,"1002","10","",1285,0,25600,25400,160,36.4
"1002019","CSD","Grand Bank (T)",16.8236,2152,1162,1026,"1002","10","",2050,0,27600,26200,360,36
"1002021","CSD","Garnish (T)",39.1041,542,306,243,"1002","10","",540,0,26000,25400,80,27.4
"1002023","CSD","Winterland (T)",54.4399,398,224,166,"1002","10","",400,0,33600,31000,85,39.4
"1002024","CSD","Marystown (T)",62.226,5204,2609,2328,"1002","10","",5030,10,28400,27200,940,36.9
"1002025","CSD","Fox Cove-Mortier (T)",25.3879,252,148,119,"1002","10","",250,0,29800,27600,60,33.6
"1002031","CSD","Division No.  2, Subd. C (SNO)",1463.649,538,422,250,"1002","10","",535,0,34000,30600,60,30.5
"1002036","CSD","Terrenceville (T)",15.115,446,223,191,"1002","10","",445,0,24800,24600,35,27.3
"1002041","CSD","St. Bernard's-Jacques Fontaine (T)",16.0781,433,225,201,"1002","10","",430,0,25200,25000,35,27.8
"1002048","CSD","Division No.  2, Subd. K (SNO)",1027.9582,502,457,268,"1002","10","",500,0,30800,28800,70,33.8
"1003003","CSD","St. Jacques-Coomb's Cove (T)",81.889,546,287,242,"1003","10","",545,0,24800,24200,85,33
"1003004","CSD","Belleoram (T)",2.1973,348,170,142,"1003","10","",345,0,23800,23600,30,26.4
"1003008","CSD","Harbour Breton (T)",13.8184,1477,699,632,"1003","10","",1450,0,29000,27600,270,31.9
"1003011","CSD","Hermitage-Sandyville (T)",29.1395,404,219,189,"1003","10","",405,0,24200,24200,55,30.4
"1003018","CSD","Milltown-Head of Bay d'Espoir (T)",24.9497,669,358,320,"1003","10","",665,0,28600,27000,165,38.4
"1003019","CSD","St. Alban's (T)",20.484,1189,650,560,"1003","10","",1185,0,26800,25800,190,35
"1003026","CSD","Ramea (T)",1.8572,388,207,206,"1003","10","",390,0,24200,24000,15,22.6
"1003028","CSD","Burgeo (T)",29.509,1176,660,571,"1003","10","",1155,0,25400,25200,110,28.3
"1003031","CSD","Division No.  3, Subd. H (SNO)",665.0644,562,300,243,"1003","10","",560,0,30600,27600,90,31.5
"1003032","CSD","Isle aux Morts (T)",7.7522,559,292,258,"1003","10","",560,0,28200,27800,60,30.7
"1003033","CSD","Burnt Islands (T)",9.4812,540,251,235,"1003","10","",540,0,27000,26400,55,28.2
"1003034","CSD","Channel-Port aux Basques (T)",38.839,3547,1814,1652,"1003","10","",3505,0,29600,28600,775,38.8
"1003045","CSD","Rose Blanche-Harbour le Cou (T)",4.4866,344,255,172,"1003","10","",345,0,24800,24600,15,23.8
"1003801","CSD","Samiajij Miawpukek (IRI)",16.7025,953,358,353,"1003","10","",950,0,34400,34400,135,25.8
"1004001","CSD","Division No.  4, Subd. A (SNO)",1204.4626,1530,1041,750,"1004","10","",1520,0,30200,28000,215,31.5
"1004006","CSD","Division No.  4, Subd. B (SNO)",1809.3355,1140,634,556,"1004","10","",1130,0,25400,24400,115,27.6
"1004011","CSD","Division No.  4, Subd. C (SNO)",2365.4474,591,453,302,"1004","10","",590,0,24800,24600,40,32.4
"1004013","CSD","St. George's (T)",25.7133,1139,611,543,"1004","10","",1135,0,29800,28400,185,33.6
"1004016","CSD","Division No.  4, Subd. D (SNO)",1148.8142,1212,990,597,"1004","10","",1210,0,26400,25600,185,32.9
"1004018","CSD","Stephenville Crossing (T)",31.0663,1634,826,751,"1004","10","",1520,0,26600,25600,195,34.2
"1004019","CSD","Stephenville (T)",35.2662,6540,3412,3188,"1004","10","",6275,10,26400,25400,1280,38.4
"1004020","CSD","Kippens (T)",14.235,1842,799,760,"1004","10","",1780,0,34400,31800,455,39
"1004021","CSD","Port au Port East (T)",25.055,413,220,198,"1004","10","",410,0,26800,26800,50,33.6
"1004022","CSD","Division No.  4, Subd. E (SNO)",295.4204,1467,864,709,"1004","10","",1440,20,23000,22800,165,28.5
"1004033","CSD","Cape St. George (T)",34.4745,809,433,380,"1004","10","",750,35,24800,23200,55,29.7
"1004037","CSD","Lourdes (T)",7.3865,502,264,227,"1004","10","",500,0,22600,22600,50,27.5
"1004042","CSD","Port au Port West-Aguathuna-Felix Cove (T)",16.97,384,225,202,"1004","10","",385,0,28400,26400,60,35.2
"1005001","CSD","Division No.  5, Subd. A (SNO)",2412.9253,291,351,140,"1005","10","",290,0,24800,24600,30,28
"1005003","CSD","Division No.  5, Subd. G (SNO)",3409.2154,414,424,204,"1005","10","",410,0,25000,25000,60,29.4
"1005004","CSD","Deer Lake (T)",73.258,4864,2309,2139,"1005","10","",4830,0,29000,27400,950,35.7
"1005005","CSD","Jackson's Arm (T)",7.0657,277,169,125,"1005","10","",280,0,23400,23200,20,23.4
"1005008","CSD","Hampden (T)",32.9945,439,217,196,"1005","10","",440,0,27200,26800,50,27.8
"1005009","CSD","Reidville (T)",58.276,550,259,232,"1005","10","",550,0,32000,29400,125,39
"1005010","CSD","Division No.  5, Subd. F (SNO)",823.7189,746,481,307,"1005","10","10015",740,0,46800,40000,195,40.1
"1005011","CSD","Steady Brook (T)",1.2409,416,195,178,"1005","10","10015",405,5,46400,40000,105,39.6
"1005012","CSD","Pasadena (T)",49.1661,3524,1598,1494,"1005","10","10015",3515,5,39200,35200,885,39.2
"1005014","CSD","Cormack (T)",133.6543,492,230,206,"1005","10","",490,0,32400,30600,120,39.8
"1005015","CSD","Gillams (T)",6.72,506,226,213,"1005","10","",505,0,31200,28200,120,40.8
"1005016","CSD","Division No.  5, Subd. C (SNO)",483.4966,285,448,130,"1005","10","",285,0,35600,32400,70,44.8
"1005017","CSD","Massey Drive (T)",2.4517,1606,670,626,"1005","10","10015",1595,0,46400,40000,585,42
"1005018","CSD","Corner Brook (CY)",147.8817,19333,9552,8868,"1005","10","10015",18470,15,31200,28600,4685,39.4
"1005020","CSD","Humber Arm South (T)",65.141,1537,748,688,"1005","10","10015",1535,0,32400,29200,280,31.7
"1005022","CSD","McIvers (T)",11.9716,575,264,240,"1005","10","",575,0,30400,27800,85,37.8
"1005023","CSD","Cox's Cove (T)",7.2331,664,335,302,"1005","10","",665,0,26400,25400,60,25.3
"1005024","CSD","Lark Harbour (T)",12.9364,508,290,221,"1005","10","",500,0,26800,26400,55,31.2
"1005025","CSD","Meadows (T)",3.822,404,198,178,"1005","10","10015",405,0,35600,31800,115,40
"1005030","CSD","Irishtown-Summerside (T)",11.8819,1260,583,532,"1005","10","10015",1215,0,29000,27000,280,38.6
"1005033","CSD","Mount Moriah (T)",15.712,700,309,285,"1005","10","10015",700,5,27400,26000,205,36.2
"1005035","CSD","York Harbour (T)",13.8782,372,244,162,"1005","10","",370,0,37600,33200,70,35.6
"1006001","CSD","Division No.  6, Subd. D (SNO)",4180.7385,596,815,280,"1006","10","",595,0,29000,26800,85,32
"1006003","CSD","Norris Arm (T)",41.3546,708,435,334,"1006","10","",710,0,25400,25200,80,29.6
"1006009","CSD","Gander (T)",104.5281,11880,5424,5068,"1006","10","10011",11540,25,36000,32800,3295,40.4
"1006011","CSD","Appleton (T)",6.3255,620,285,265,"1006","10","10011",620,0,34000,31800,140,39
"1006012","CSD","Glenwood (T)",7.0788,739,361,327,"1006","10","10011",735,0,34400,32000,125,33.8
"1006014","CSD","Division No.  6, Subd. C (SNO)",4007.2402,354,752,172,"1006","10","",355,0,50400,42800,35,30.4
"1006015","CSD","Northern Arm (T)",24.9369,371,213,166,"1006","10","",370,0,38400,34800,75,37.6
"1006017","CSD","Grand Falls-Windsor (T)",54.8437,13853,6628,6122,"1006","10","10010",13535,15,30000,28000,3030,38.8
"1006019","CSD","Bishop's Falls (T)",26.3766,3082,1540,1422,"1006","10","",3035,0,29000,27600,660,37.2
"1006021","CSD","Peterview (T)",6.3371,723,288,279,"1006","10","",720,0,25800,24200,85,36
"1006022","CSD","Botwood (T)",14.5615,2778,1389,1251,"1006","10","",2685,0,27400,26000,435,36.4
"1006026","CSD","Badger (T)",1.8862,682,357,313,"1006","10","",680,0,28600,27800,150,38.6
"1006031","CSD","Buchans (T)",4.6253,590,338,304,"1006","10","",590,0,25200,24800,65,30
"1007001","CSD","Division No.  7, Subd. M (SNO)",450.2545,1856,1094,871,"1007","10","",1850,5,27000,25600,215,27.9
"1007006","CSD","Division No.  7, Subd. L (SNO)",242.8917,1183,736,525,"1007","10","",1165,0,27400,26200,205,35.3
"1007009","CSD","Division No.  7, Subd. K (SNO)",484.9577,1153,679,510,"1007","10","",1150,0,28400,27400,235,37.5
"1007013","CSD","Clarenville (T)",139.911,6704,3123,2804,"1007","10","",6495,0,30200,28000,1675,39.3
"1007014","CSD","Division No.  7, Subd. J (SNO)",272.6065,577,555,288,"1007","10","",575,0,27000,25600,75,28.3
"1007016","CSD","Port Rexton (T)",11.6378,361,244,169,"1007","10","",360,0,25600,25200,85,31.8
"1007020","CSD","Elliston (T)",10.07,315,198,148,"1007","10","",315,0,34000,29600,45,30.3
"1007022","CSD","Trinity Bay North (T)",26.1851,1649,886,778,"1007","10","",1625,0,27000,25800,165,29.8
"1007023","CSD","Bonavista (T)",31.5628,3190,1732,1470,"1007","10","",3105,0,28000,26800,470,29.3
"1007024","CSD","Division No.  7, Subd. G (SNO)",144.3455,316,321,167,"1007","10","",315,0,30600,27600,30,27.8
"1007028","CSD","Division No.  7, Subd. F (SNO)",296.9469,831,737,407,"1007","10","",830,0,24600,23800,90,29.9
"1007031","CSD","Division No.  7, Subd. E (SNO)",1631.5107,2573,1571,1159,"1007","10","",2560,0,26600,26600,485,35.7
"1007032","CSD","Musgravetown (T)",13.4866,561,301,246,"1007","10","",540,0,28800,27200,55,31.2
"1007036","CSD","Port Blandford (T)",50.9979,513,398,258,"1007","10","",510,0,26400,25600,85,30.2
"1007037","CSD","Traytown (T)",13.3042,279,161,136,"1007","10","",275,0,28400,26800,50,35.6
"1007038","CSD","Division No.  7, Subd. D (SNO)",2457.8483,259,711,139,"1007","10","",260,0,30800,28000,25,34
"1007042","CSD","Eastport (T)",18.4758,527,364,264,"1007","10","",525,0,25600,25400,35,25.6
"1007044","CSD","Glovertown (T)",69.8476,1948,972,822,"1007","10","",1870,0,28200,27600,245,31.6
"1007047","CSD","Gambo (T)",93.029,1816,967,807,"1007","10","",1815,0,26600,26200,335,35.4
"1007049","CSD","Hare Bay (T)",34.1079,925,453,387,"1007","10","",925,0,23800,23600,85,29.6
"1007050","CSD","Centreville-Wareham-Trinity (T)",37.0443,1116,581,499,"1007","10","",1110,0,25400,24800,65,23.5
"1007054","CSD","Greenspond (T)",2.7536,257,177,116,"1007","10","",260,0,31200,29000,0,19.8
"1007057","CSD","Dover (T)",11.1191,579,264,242,"1007","10","",580,0,23200,23200,50,27
"1007060","CSD","New-Wes-Valley (T)",132.7027,2044,1089,903,"1007","10","",1990,5,35200,31600,275,29.1
"1008004","CSD","Lumsden (T)",19.2025,535,305,226,"1008","10","",535,0,25400,24200,65,24.4
"1008006","CSD","Musgrave Harbour (T)",67.2961,946,486,413,"1008","10","",925,0,29000,28000,70,25.3
"1008008","CSD","Division No.  8, Subd. L (SNO)",1315.1186,2772,1972,1250,"1008","10","",2755,0,25200,24600,325,31.1
"1008011","CSD","Carmanville (T)",42.6795,784,457,355,"1008","10","",770,0,24600,24600,75,29.5
"1008031","CSD","Division No.  8, Subd. H (SNO)",178.0141,1788,1165,826,"1008","10","",1785,0,24200,24000,140,25.2
"1008033","CSD","Summerford (T)",16.0424,805,432,368,"1008","10","",805,0,28400,26400,55,24.1
"1008035","CSD","Twillingate (T)",25.6017,2121,1302,1007,"1008","10","",2090,0,25200,24600,225,29.2
"1008036","CSD","Division No.  8, Subd. G (SNO)",521.391,409,564,202,"1008","10","",410,0,25000,24600,35,28.8
"1008037","CSD","Campbellton (T)",35.808,459,289,215,"1008","10","",460,0,25200,24400,55,31.7
"1008038","CSD","Birchy Bay (T)",49.3309,511,267,226,"1008","10","",510,0,27000,25000,45,27.3
"1008039","CSD","Comfort Cove-Newstead (T)",29.9709,345,247,160,"1008","10","",345,0,24800,24400,20,22.4
"1008040","CSD","Baytona (T)",15.1537,251,162,111,"1008","10","",250,0,24400,24400,30,28.2
"1008042","CSD","Division No.  8, Subd. F (SNO)",106.3508,867,453,355,"1008","10","",870,0,25800,24400,125,36
"1008043","CSD","Embree (T)",18.348,679,327,288,"1008","10","",670,0,25400,25000,145,35.4
"1008044","CSD","Lewisporte (T)",36.0217,3288,1632,1431,"1008","10","",3205,0,28600,27400,660,36.8
"1008046","CSD","Division No.  8, Subd. E (SNO)",707.9905,496,817,261,"1008","10","",495,0,28200,26800,30,25.4
"1008048","CSD","Leading Tickles (T)",26.5934,296,189,138,"1008","10","",300,0,32000,29400,50,23.7
"1008049","CSD","Point Leamington (T)",26.8021,574,341,278,"1008","10","",575,0,27400,26600,95,30.8
"1008053","CSD","Pilley's Island (T)",34.6525,286,186,135,"1008","10","",285,0,32800,29000,30,28.8
"1008054","CSD","Triton (T)",7.5376,896,457,390,"1008","10","",890,0,25200,24400,110,28.6
"1008058","CSD","Division No.  8, Subd. C (SNO)",1213.8847,563,846,278,"1008","10","",560,0,29000,28800,90,33.6
"1008059","CSD","South Brook (T)",8.7245,420,243,202,"1008","10","",420,0,25800,25400,40,29.7
"1008060","CSD","Robert's Arm (T)",36.0875,722,385,351,"1008","10","",725,0,26800,26000,50,26.6
"1008061","CSD","Springdale (T)",17.4568,2965,1424,1285,"1008","10","",2880,0,26800,25800,450,36.2
"1008065","CSD","Division No.  8, Subd. P (SNO)",379.1857,297,261,145,"1008","10","",295,0,27000,27000,35,33.6
"1008067","CSD","Division No.  8, Subd. O (SNO)",409.6555,275,181,117,"1008","10","",270,0,25000,23400,15,27.8
"1008069","CSD","King's Point (T)",45.7211,653,336,290,"1008","10","",645,0,27000,25600,115,32.8
"1008072","CSD","Middle Arm (T)",24.9254,443,192,175,"1008","10","",440,0,24200,24200,70,29.7
"1008074","CSD","Division No.  8, Subd. A (SNO)",2270.17,386,626,181,"1008","10","",385,0,23600,23200,25,20.6
"1008076","CSD","LaScie (T)",29.1588,820,407,364,"1008","10","",815,0,25800,24800,75,24.8
"1008079","CSD","Baie Verte (T)",371.366,1311,647,556,"1008","10","",1285,0,28400,27000,295,33.8
"1008091","CSD","Seal Cove (White Bay) (T)",10.7867,281,167,131,"1008","10","",280,0,23800,23800,30,34.4
"1008095","CSD","Ming's Bight (T)",3.8051,298,141,124,"1008","10","",295,0,36800,32000,30,24.4
"1008099","CSD","Fogo Island (T)",238.2479,2117,1450,964,"1008","10","",2095,0,28800,27800,260,26.8
"1009004","CSD","Englee (T)",28.8151,489,257,215,"1009","10","",485,0,23200,22800,45,29.2
"1009007","CSD","Roddickton-Bide Arm (T)",45.1412,928,422,377,"1009","10","",930,0,24200,24200,160,31.5
"1009010","CSD","Trout River (T)",5.8315,508,275,210,"1009","10","",510,0,25600,24000,25,21.9
"1009012","CSD","Norris Point (T)",4.8404,602,351,263,"1009","10","",580,5,34800,32400,105,35
"1009013","CSD","Rocky Harbour (T)",12.0771,937,556,436,"1009","10","",930,0,29200,27600,135,28.8
"1009016","CSD","Cow Head (T)",17.2668,398,225,184,"1009","10","",400,0,30200,28400,45,28.7
"1009017","CSD","Parson's Pond (T)",12.3416,368,216,177,"1009","10","",370,0,24400,24000,10,21.6
"1009018","CSD","Hawke's Bay (T)",46.4143,297,162,142,"1009","10","",295,0,40400,36800,20,26
"1009019","CSD","Port Saunders (T)",38.4972,678,319,284,"1009","10","",625,0,34400,30600,135,30.6
"1009021","CSD","Division No.  9, Subd. C (SNO)",1842.1375,2220,1220,991,"1009","10","",2220,0,28400,26600,220,24.2
"1009022","CSD","Port au Choix (T)",35.556,742,395,360,"1009","10","",740,0,29600,26600,110,26
"1009023","CSD","Anchor Point (T)",2.2604,305,131,122,"1009","10","",305,0,34000,26000,15,18.8
"1009029","CSD","St. Anthony (T)",37.4565,2180,1036,924,"1009","10","",2115,0,35200,32000,490,35.4
"1009031","CSD","Division No.  9, Subd. D (SNO)",939.7442,534,547,266,"1009","10","",530,0,33200,29800,100,32.4
"1009032","CSD","St. Lunaire-Griquet (T)",17.2866,603,302,258,"1009","10","",605,0,30400,27400,160,31.4
"1010002","CSD","L'Anse au Loup (T)",3.3942,692,322,302,"1010","10","",675,0,25200,24600,90,30.2
"1010005","CSD","Forteau (T)",7.501,377,181,161,"1010","10","",360,0,34000,31200,130,37.8
"1010009","CSD","Port Hope Simpson (T)",32.0194,403,186,159,"1010","10","",400,0,45200,40400,70,28.6
"1010011","CSD","Mary's Harbour (T)",34.2521,312,147,121,"1010","10","",315,0,37600,35200,55,27.5
"1010012","CSD","Cartwright, Labrador (T)",5.8667,439,243,204,"1010","10","",440,0,30200,29000,65,25.6
"1010022","CSD","North West River (T)",3.5463,560,284,247,"1010","10","",555,0,44800,41200,150,37.4
"1010025","CSD","Happy Valley-Goose Bay (T)",304.5246,8040,3390,3072,"1010","10","",7370,30,50400,45200,2760,41.5
"1010029","CSD","Division No. 10, Subd. D (SNO)",64922.383,732,556,277,"1010","10","",715,10,1e+05,80000,315,40.2
"1010032","CSD","Labrador City (T)",34.1091,7412,3368,3070,"1010","10","",6970,115,67000,56000,2775,42.3
"1010034","CSD","Wabush (T)",42.4158,1964,864,798,"1010","10","",1910,35,65000,55200,750,42.4
"1010801","CSD","Natuashish 2 (IRI)",44.0062,856,239,196,"1010","10","",135,0,41600,40800,195,32.9
"1010802","CSD","Sheshatshiu 3 (IRI)",8.4781,1225,373,340,"1010","10","",475,5,30600,29800,180,35.6
"1011010","CSD","Rigolet (T)",5.2729,327,134,125,"1011","10","",325,0,32000,30600,50,30.3
"1011020","CSD","Makkovik (T)",2.9545,365,154,142,"1011","10","",360,0,30600,30200,75,29.9
"1011030","CSD","Hopedale (T)",2.1777,596,208,193,"1011","10","",590,0,24200,24000,135,40.6
"1011035","CSD","Nain (T)",93.5047,847,266,245,"1011","10","",790,0,27400,25000,245,41.9
"1101002","CSD","Murray Harbour (RM)",3.9012,282,186,147,"1101","11","",285,0,34800,31800,20,25.2
"1101003","CSD","Murray Harbour (FD)",42.774,628,364,259,"1101","11","",615,0,39200,34800,110,31.2
"1101004","CSD","Murray River (RM)",1.5425,337,182,156,"1101","11","",330,0,32800,30800,60,30.8
"1101005","CSD","Murray River, Part 1 (FD)",174.7849,1422,700,573,"1101","11","",1350,10,34400,30800,280,34.5
"1101027","CSD","Central Kings (RM)",72.9442,386,176,155,"1101","11","",340,0,39200,33600,130,39.2
"1101033","CSD","Souris West (RM)",7.7283,379,227,159,"1101","11","",370,5,40000,36000,75,36.6
"1101035","CSD","Souris (FD)",272.5544,1766,1030,742,"1101","11","",1750,5,32800,30200,415,35
"1101036","CSD","Souris (T)",3.6085,1079,533,480,"1101","11","",995,0,29400,27200,130,31.3
"1101037","CSD","St. Peters (FD)",183.4379,686,428,297,"1101","11","",665,0,35200,30400,185,36.6
"1101040","CSD","Eastern Kings (RM)",141.1223,687,499,294,"1101","11","",685,0,36000,32000,80,31
"1101043","CSD","Morell (FD)",155.2897,1209,830,517,"1101","11","",1200,0,41200,35200,345,42.3
"1101045","CSD","Three Rivers (T)",431.4717,7883,3936,3246,"1101","11","",7010,40,30600,28000,1720,37.6
"1101048","CSD","Morell (RM)",1.4917,269,131,119,"1101","11","",265,0,36000,31400,90,40
"1101052","CSD","East River, Part 2 (FD)",74.642,575,308,223,"1101","11","11105",555,5,38400,34000,165,39.1
"1102002","CSD","Belfast (RM)",229.273,1687,971,674,"1102","11","",1560,5,32400,30200,410,38.9
"1102010","CSD","Crossroads (FD)",53.2972,1859,757,709,"1102","11","11105",1830,5,37200,33200,675,41.9
"1102015","CSD","Johnstons River (FD)",9.4489,371,172,149,"1102","11","11105",365,5,44800,38400,130,44
"1102016","CSD","Vernon River (FD)",221.943,2499,971,887,"1102","11","",2230,5,41600,35200,740,41.7
"1102017","CSD","New Glasgow (FD)",256.1345,4277,2107,1710,"1102","11","11105",4095,40,37600,33200,1215,39.2
"1102018","CSD","Crapaud, Part 1 (FD)",152.4524,1564,963,658,"1102","11","",1535,10,35600,32400,425,38.8
"1102019","CSD","North Rustico (FD)",6.5585,327,200,150,"1102","11","",320,5,60800,50000,80,38.8
"1102021","CSD","Hampshire (RM)",13.5168,339,136,129,"1102","11","",330,5,34000,29400,110,39.2
"1102022","CSD","Kingston (RM)",48.3803,1111,412,395,"1102","11","11105",1080,10,42800,36800,410,42
"1102034","CSD","Crapaud (RM)",2.0951,361,158,136,"1102","11","",305,0,27800,26800,60,40.8
"1102037","CSD","Clyde River (RM)",15.9334,614,271,252,"1102","11","11105",595,5,39200,34400,235,45.9
"1102040","CSD","Miltonvale Park (RM)",35.1262,1196,501,484,"1102","11","11105",1100,5,38400,34000,420,42.8
"1102043","CSD","Hunter River (RM)",6.0437,390,170,164,"1102","11","11105",375,5,28200,26200,110,42.4
"1102045","CSD","Stanley Bridge, Hope River, Bayview, Cavendish and North Rustico (RMU)",36.102,359,330,149,"1102","11","",325,0,36800,33200,55,34.8
"1102046","CSD","North Rustico (T)",2.6373,648,386,321,"1102","11","",615,20,31200,28800,50,27.4
"1102055","CSD","Brackley (RM)",18.7459,586,240,234,"1102","11","11105",570,0,31200,27400,195,43.6
"1102061","CSD","York (RM)",12.2739,387,163,154,"1102","11","11105",380,0,41200,35200,130,41
"1102064","CSD","East River, Part 1 (FD)",211.1697,2307,1170,913,"1102","11","11105",2270,5,40400,35200,725,41.7
"1102066","CSD","Kensington, Part 2 (FD)",51.2689,549,277,217,"1102","11","",510,5,37600,34000,210,39.6
"1102067","CSD","North Shore (RM)",71.1307,2500,1358,981,"1102","11","11105",2440,15,47600,40000,805,42.4
"1102068","CSD","West River (RM)",121.6175,3473,1774,1351,"1102","11","11105",3400,15,41600,36000,1080,42.2
"1102069","CSD","Winsloe North (FD)",11.5772,337,135,126,"1102","11","11105",330,0,43200,37200,125,42.6
"1102070","CSD","Warren Grove (RM)",10.1634,374,141,137,"1102","11","11105",360,0,38800,33200,120,44.4
"1102071","CSD","New London (FD)",94.7161,1521,1134,635,"1102","11","",1430,20,40800,36400,410,39.3
"1102073","CSD","North Shore (FD)",48.273,1475,586,554,"1102","11","11105",1435,10,38400,33200,480,41
"1102075","CSD","Charlottetown (CY)",44.2714,38809,18364,17184,"1102","11","11105",32020,260,32400,29800,10735,40.5
"1102080","CSD","Stratford (T)",22.6703,10927,4667,4307,"1102","11","11105",9600,95,41600,36000,3430,42.5
"1102085","CSD","Cornwall (T)",28.2117,6574,2770,2642,"1102","11","11105",6100,65,38000,33600,2125,41.8
"1103002","CSD","Borden (FD)",54.071,809,410,318,"1103","11","",790,0,38400,33600,245,39.2
"1103003","CSD","Kinkora (FD)",134.1307,1285,879,542,"1103","11","",1270,5,38000,32800,395,39.4
"1103004","CSD","Crapaud, Part 2 (FD)",51.6752,548,336,223,"1103","11","",530,0,38800,34800,185,40.2
"1103005","CSD","Borden-Carleton (T)",12.9374,788,365,324,"1103","11","",710,0,31600,29000,270,41.7
"1103007","CSD","Malpeque Bay (RM)",98.968,1191,991,520,"1103","11","",1160,10,40400,36000,325,39.4
"1103008","CSD","Kinkora (RM)",3.9659,388,169,161,"1103","11","",375,0,34000,30600,130,43.4
"1103014","CSD","Kensington (T)",3.17,1812,897,865,"1103","11","",1770,10,34000,30600,490,40.2
"1103015","CSD","Bedeque and Area (RM)",2.262,311,132,123,"1103","11","",305,0,27400,26400,70,36.4
"1103020","CSD","Wellington (FD)",172.0952,1811,1050,780,"1103","11","",1150,610,39600,33600,580,40.7
"1103021","CSD","Tyne Valley (FD)",87.6339,669,334,260,"1103","11","",660,0,42000,36800,225,37.1
"1103023","CSD","Linkletter (RM)",7.8802,315,137,129,"1103","11","11110",310,0,32400,29600,105,42
"1103024","CSD","Miscouche (RM)",3.4918,992,401,386,"1103","11","11110",920,30,35200,31000,300,42
"1103025","CSD","Summerside (CY)",28.2118,16001,7393,7097,"1103","11","11110",14515,210,32000,29400,4295,40.5
"1103027","CSD","Abram-Village (RM)",1.3599,340,155,145,"1103","11","",130,205,41200,36800,85,36.6
"1103029","CSD","Wellington (RM)",1.6963,414,211,197,"1103","11","",255,140,29600,26400,115,38.6
"1103035","CSD","Lennox Island 1 (IRI)",5.5861,308,115,110,"1103","11","",295,0,27000,26800,40,28.4
"1103039","CSD","Lot 11 and Area (RM)",102.6102,617,318,256,"1103","11","",610,5,32800,29800,100,30.4
"1103040","CSD","Miscouche (FD)",85.5354,849,411,341,"1103","11","11110",820,15,34400,29800,245,42.3
"1103042","CSD","O'Leary (T)",1.829,876,402,373,"1103","11","",695,0,23800,23600,125,38.6
"1103043","CSD","Central Prince (RM)",133.7752,1129,529,459,"1103","11","",1120,10,31000,28600,230,34.1
"1103052","CSD","Alberton (T)",4.6964,1301,595,558,"1103","11","",1140,10,29400,27000,215,33.5
"1103053","CSD","St. Felix (RM)",11.5435,314,134,127,"1103","11","",285,5,32000,29400,30,24
"1103055","CSD","Greenmount-Montrose (RM)",26.0333,262,127,102,"1103","11","",255,0,40800,35600,80,38.2
"1103059","CSD","Tignish (T)",5.8743,744,368,348,"1103","11","",630,10,34000,30200,95,31.2
"1103061","CSD","Tignish (FD)",104.4293,1800,822,695,"1103","11","",1740,15,36800,32000,275,28.8
"1103063","CSD","Miminegash (FD)",100.1684,1089,527,456,"1103","11","",1030,25,34800,31000,150,31
"1103064","CSD","Alberton (FD)",157.2757,2230,1210,904,"1103","11","",2175,15,40000,34800,555,35.6
"1103065","CSD","O'Leary (FD)",375.4976,2566,1256,1032,"1103","11","",2510,0,35600,31800,545,35.1
"1103067","CSD","Kensington, Part 1 (FD)",155.1579,3090,1369,1236,"1103","11","",3000,5,36800,32400,1005,40.2
"1201001","CSD","Barrington (MD)",631.9827,6523,3546,3024,"1201","12","",6420,15,34000,30400,1080,35.1
"1201004","CSD","Clark's Harbour (T)",2.8179,725,399,362,"1201","12","",715,0,32400,28800,130,35.2
"1201006","CSD","Shelburne (MD)",1816.7139,4336,2735,2059,"1201","12","",4255,5,32800,29800,830,37.5
"1201008","CSD","Shelburne (T)",8.7495,1644,917,794,"1201","12","",1620,0,31000,28800,365,39.3
"1201009","CSD","Lockeport (T)",2.3177,476,307,234,"1201","12","",445,0,28400,26800,50,34.8
"1202001","CSD","Argyle (MD)",1526.0747,7870,3818,3455,"1202","12","",5640,1965,32000,29000,1700,37.6
"1202004","CSD","Yarmouth (MD)",584.686,10067,5072,4430,"1202","12","",9725,150,34800,31600,2545,40.4
"1202006","CSD","Yarmouth (T)",10.566,6829,3569,3259,"1202","12","",6360,110,26600,25200,1370,39.9
"1203001","CSD","Clare (MD)",851.1376,7678,4393,3607,"1203","12","",3570,3680,32000,29000,1660,39
"1203004","CSD","Digby (MD)",1654.586,7242,4099,3427,"1203","12","",7125,60,28200,26400,1335,36.2
"1203006","CSD","Digby (T)",3.1563,2001,1133,1030,"1203","12","",1790,10,26800,26200,395,37.5
"1204010","CSD","Queens (RGM)",2387.5232,10422,6676,4977,"1204","12","",10210,20,30000,27800,1995,39.3
"1205001","CSD","Annapolis, Subd. D (SC)",1976.2535,3049,1964,1367,"1205","12","",2985,30,30800,28600,715,40.4
"1205004","CSD","Annapolis, Subd. A (SC)",612.4404,5980,3435,2881,"1205","12","",5860,10,27800,26000,1055,37.1
"1205008","CSD","Annapolis Royal (T)",1.9754,530,364,322,"1205","12","",515,5,26000,25200,70,36.8
"1205009","CSD","Annapolis, Subd. B (SC)",377.1612,4587,2353,2060,"1205","12","",4345,20,27000,25600,880,40.2
"1205014","CSD","Annapolis, Subd. C (SC)",206.5084,5218,2516,2300,"1205","12","",5120,40,34000,30400,1400,42.6
"1205016","CSD","Middleton (T)",5.5529,1873,977,922,"1205","12","",1790,5,27800,26800,390,41.4
"1206001","CSD","Lunenburg (MD)",1757.7926,25545,14233,11502,"1206","12","",25055,95,33200,30000,6110,40.9
"1206004","CSD","Bridgewater (T)",13.6297,8790,4493,4260,"1206","12","",8275,25,30400,28200,2100,41.5
"1206006","CSD","Lunenburg (T)",4.0382,2396,1242,1089,"1206","12","",2140,5,32000,29400,495,39.7
"1206008","CSD","Mahone Bay (T)",3.1163,1064,599,522,"1206","12","",990,0,34000,30400,180,39.2
"1206009","CSD","Chester (MD)",1120.6146,10693,6482,5028,"1206","12","",10460,10,31000,29000,2460,40.5
"1207001","CSD","Kings, Subd. A (SC)",1233.0536,22355,10711,9461,"1207","12","",21425,345,36000,32400,6005,42.6
"1207002","CSD","Annapolis Valley First Nation (IRI)",0.6469,743,330,322,"1207","12","",730,0,32800,32400,175,41
"1207004","CSD","Berwick (T)",6.5336,2455,1080,1044,"1207","12","",2205,10,33600,30800,505,40.9
"1207011","CSD","Kings, Subd. C (SC)",243.9538,8348,3952,3793,"1207","12","12210",8095,25,30800,28200,2240,42.3
"1207012","CSD","Kentville (T)",17.081,6630,3090,2956,"1207","12","12210",6130,30,33200,30800,1810,42.2
"1207016","CSD","Kings, Subd. B (SC)",346.017,11951,5704,5187,"1207","12","12210",11710,40,32800,29600,3235,41.2
"1207021","CSD","Kings, Subd. D (SC)",264.8592,5264,2591,2292,"1207","12","",5140,15,35200,31200,1500,40.9
"1207024","CSD","Wolfville (T)",6.4557,5057,2856,2441,"1207","12","",4635,30,25600,25000,990,36.5
"1208003","CSD","West Hants (RM)",1250.4975,19509,9136,8374,"1208","12","",19130,30,32800,29800,5170,41.5
"1208008","CSD","East Hants (MD)",1786.5318,22892,10046,9387,"1208","12","12205",22265,75,40000,34800,7050,41.8
"1208014","CSD","Indian Brook 14 (IRI)",12.1483,2739,1124,1101,"1208","12","12205",2700,10,26600,26200,680,42.2
"1209034","CSD","Halifax (RGM)",5475.5738,439819,200473,190512,"1209","12","12205",395020,3385,37200,33200,137945,41.8
"1210001","CSD","Colchester, Subd. C (SC)",1443.117,12476,5779,5320,"1210","12","12215",12335,20,35600,31800,3505,41.3
"1210002","CSD","Stewiacke (T)",17.6169,1557,739,713,"1210","12","",1540,10,33200,30800,435,42
"1210003","CSD","Millbrook 27 (IRI)",3.6527,921,364,331,"1210","12","12215",845,0,22000,22000,170,37.6
"1210006","CSD","Truro (T)",37.5168,12954,6658,6347,"1210","12","12215",11940,25,30000,27800,3160,40.4
"1210008","CSD","Colchester, Subd. B (SC)",1248.2412,19806,9836,8700,"1210","12","12215",19255,40,33600,30600,5590,42
"1210012","CSD","Colchester, Subd. A (SC)",877.3542,3762,2262,1645,"1210","12","",3740,10,30200,28200,850,38.7
"1211001","CSD","Cumberland, Subd. A (SC)",1135.5508,3201,2107,1586,"1211","12","",3155,0,26000,25000,590,38.3
"1211006","CSD","Cumberland, Subd. B (SC)",1168.3667,6786,3448,2997,"1211","12","",6310,10,30600,28400,1515,41.3
"1211009","CSD","Cumberland, Subd. C (SC)",896.217,5694,4111,2523,"1211","12","",5555,15,36800,32800,1465,41.7
"1211011","CSD","Amherst (T)",12.0662,9404,4799,4480,"1211","12","",9095,10,29400,27600,2430,42.6
"1211012","CSD","Oxford (T)",10.6762,1170,576,533,"1211","12","",1120,0,29200,27000,245,38.3
"1211014","CSD","Cumberland, Subd. D (SC)",1052.8953,4283,3322,2020,"1211","12","",4105,5,33600,30400,895,38
"1212001","CSD","Pictou, Subd. A (SC)",769.6431,6153,3739,2800,"1212","12","",6090,10,32400,30000,1370,38
"1212004","CSD","Pictou (T)",7.9933,3107,1600,1452,"1212","12","",2950,10,30400,28000,625,37.8
"1212006","CSD","Pictou, Subd. B (SC)",770.5675,6137,2817,2629,"1212","12","12220",5920,5,34800,32000,1425,40.3
"1212008","CSD","Westville (T)",14.2393,3540,1660,1567,"1212","12","12220",3485,5,29600,27600,840,40.8
"1212009","CSD","Stellarton (T)",8.9918,4007,2017,1881,"1212","12","12220",3920,0,32400,29600,1055,40.6
"1212011","CSD","Pictou, Subd. C (SC)",1254.8741,8386,4470,3717,"1212","12","12220",8275,10,34800,31000,2025,40
"1212014","CSD","New Glasgow (T)",9.9557,9471,4782,4445,"1212","12","12220",9000,20,30200,28400,2325,40.9
"1212016","CSD","Trenton (T)",6.0671,2407,1167,1091,"1212","12","12220",2345,0,31200,29000,615,40.6
"1212019","CSD","Fisher's Grant 24 (IRI)",1.5408,449,158,153,"1212","12","12220",400,0,29800,29800,65,31
"1213001","CSD","St. Mary's (MD)",1904.0842,2161,1538,1047,"1213","12","",2105,10,27800,26400,395,35.2
"1213004","CSD","Guysborough (MD)",2115.2512,4585,3043,2220,"1213","12","",4470,10,27000,26200,680,32.5
"1213008","CSD","Mulgrave (T)",17.8257,627,316,292,"1213","12","",625,0,32400,28800,130,33.7
"1214001","CSD","Antigonish, Subd. A (SC)",926.4313,8963,4478,3774,"1214","12","",8735,30,39600,34800,2425,39.7
"1214002","CSD","Antigonish (T)",4.9821,4656,2675,2205,"1214","12","",4135,25,25800,24800,935,37.6
"1214006","CSD","Antigonish, Subd. B (SC)",522.2875,6138,2849,2597,"1214","12","",6005,65,36000,32400,1525,38.9
"1214010","CSD","Paqtnkek-Niktuek No. 23 (IRI)",2.7144,372,143,135,"1214","12","",360,0,26400,24800,55,34.8
"1215001","CSD","Inverness, Subd. C (SC)",1025.6477,3167,1969,1432,"1215","12","",3055,10,36400,32800,735,38
"1215002","CSD","Port Hawkesbury (T)",8.0998,3210,1523,1415,"1215","12","",3025,20,31600,29400,705,37.4
"1215006","CSD","Inverness, Subd. B (SC)",751.902,4865,2688,2162,"1215","12","",4715,15,33200,30600,900,34.2
"1215008","CSD","Whycocomagh 2 (IRI)",7.4754,877,278,267,"1215","12","",640,0,30600,30600,210,40.6
"1215011","CSD","Inverness, Subd. A (SC)",2017.7917,5207,3257,2395,"1215","12","",3750,1270,32400,30000,745,31.2
"1216001","CSD","Richmond, Subd. C (SC)",129.3205,3136,1692,1436,"1216","12","",2490,495,29400,27200,590,35
"1216006","CSD","Richmond, Subd. A (SC)",464.8798,3763,2104,1733,"1216","12","",3570,45,30200,28800,705,37.8
"1216011","CSD","Richmond, Subd. B (SC)",646.2555,1610,1287,792,"1216","12","",1545,20,30400,27800,240,33.8
"1216014","CSD","Chapel Island 5 (IRI)",5.6194,405,147,139,"1216","12","",325,0,32800,32800,95,37
"1217008","CSD","Membertou 28B (IRI)",1.4792,1103,411,402,"1217","12","12225",1050,0,26800,26800,195,35
"1217020","CSD","Eskasoni 3 (IRI)",36.0315,3521,1138,1081,"1217","12","12225",1665,0,20600,20400,505,35.2
"1217030","CSD","Cape Breton (RGM)",2419.6959,93694,46471,42316,"1217","12","12225",89820,200,29600,28000,19920,38.3
"1218001","CSD","Victoria, Subd. B (SC)",1228.6273,4077,2755,1862,"1218","12","",3945,5,35600,31600,710,35
"1218003","CSD","Wagmatcook 1 (IRI)",3.7199,691,210,201,"1218","12","",530,0,21800,21800,105,35.6
"1218006","CSD","Victoria, Subd. A (SC)",1603.8466,2673,1788,1217,"1218","12","",2615,10,32800,29800,350,27.9
"1301001","CSD","Saint Martins (P)",628.9981,1177,597,533,"1301","13","13310",1170,0,30600,27400,290,39.6
"1301002","CSD","St. Martins (VL)",2.351,320,194,157,"1301","13","13310",315,0,27800,27200,50,41.6
"1301004","CSD","Simonds (P)",281.0597,3913,1671,1588,"1301","13","13310",3860,30,39600,35600,1125,40.4
"1301006","CSD","Saint John (C)",315.5893,69895,33908,31825,"1301","13","13310",63745,845,33600,30800,19250,41.5
"1301016","CSD","Musquash (P)",233.0561,1253,594,531,"1301","13","13310",1220,25,42800,37600,355,40.2
"1302004","CSD","Campobello Island (RCR)",39.5938,949,612,423,"1302","13","",925,5,34000,31200,145,32
"1302006","CSD","West Isles (P)",38.3192,718,475,344,"1302","13","",690,5,34000,32000,170,37.3
"1302008","CSD","Lepreau (P)",209.5174,803,492,385,"1302","13","13310",785,0,41200,35200,245,42.2
"1302011","CSD","Pennfield (P)",363.7459,2222,1029,948,"1302","13","",2135,10,33600,30400,530,39.6
"1302012","CSD","Blacks Harbour (VL)",9.0198,907,421,385,"1302","13","",845,10,35600,32000,165,38.3
"1302016","CSD","Saint George (P)",500.0524,2495,1224,1046,"1302","13","",2380,5,37600,33200,700,39.9
"1302018","CSD","St. George (TV)",16.1655,1579,751,698,"1302","13","",1470,5,31000,29000,425,38.4
"1302021","CSD","Saint Patrick (P)",236.5866,710,408,326,"1302","13","",700,5,26800,26400,110,38.4
"1302024","CSD","Saint Andrews (P)",24.2718,550,296,249,"1302","13","",540,5,44400,40000,185,40
"1302026","CSD","Saint Andrews (TV)",8.3502,2048,1096,921,"1302","13","",1935,20,35200,32800,450,40.5
"1302028","CSD","Saint Croix (P)",78.5975,648,346,280,"1302","13","",640,0,30200,29000,165,38.5
"1302031","CSD","Dufferin (P)",12.342,565,265,243,"1302","13","",555,0,46800,40400,145,44
"1302034","CSD","Saint Stephen (P)",102.8296,1671,772,704,"1302","13","",1660,0,29600,27600,455,41.6
"1302037","CSD","St. Stephen (TV)",13.7212,4510,2278,2073,"1302","13","",4270,10,30200,28600,1075,41.6
"1302039","CSD","Saint James (P)",552.9041,1024,499,451,"1302","13","",1010,0,26600,25200,305,41.5
"1302042","CSD","Saint David (P)",190.3914,1470,725,639,"1302","13","",1450,0,30800,29200,360,40.2
"1302044","CSD","Dumbarton (P)",373.1951,346,182,158,"1302","13","",340,0,28800,27800,100,45
"1302052","CSD","Grand Manan (VL)",150.5636,2595,1408,1179,"1302","13","",2550,0,36000,32800,630,37.5
"1303001","CSD","Blissville (P)",341.7369,777,369,337,"1303","13","",770,10,33600,31000,205,42.1
"1303004","CSD","Gladstone (P)",362.0779,486,227,204,"1303","13","13320",475,0,32400,31000,160,44.6
"1303005","CSD","Tracy (VL)",29.4354,610,258,251,"1303","13","13320",605,5,29400,27000,175,40.6
"1303006","CSD","Fredericton Junction (VL)",23.8522,719,304,292,"1303","13","",670,0,37600,33200,175,47
"1303008","CSD","Lincoln (P)",159.4404,7519,3152,3088,"1303","13","13320",7055,370,43200,37600,2605,43.5
"1303011","CSD","Burton (P)",258.3875,5176,2074,2002,"1303","13","",4860,250,42800,37600,1670,43.2
"1303012","CSD","Oromocto (TV)",22.3592,9045,3897,3663,"1303","13","",7880,875,56000,47200,3310,44.6
"1303013","CSD","Oromocto 26 (IRI)",1.1818,295,111,108,"1303","13","",295,0,34000,34000,50,35.2
"1303014","CSD","Sheffield (P)",271.2909,888,499,392,"1303","13","",870,10,32000,28800,230,42.4
"1303016","CSD","Maugerville (P)",919.937,1772,726,711,"1303","13","13320",1690,55,40400,35200,675,44.1
"1303018","CSD","Northfield (P)",303.2682,577,286,262,"1303","13","",575,0,31000,29600,140,40.4
"1304001","CSD","Petersville (P)",589.9536,710,323,305,"1304","13","13310",700,10,38400,33600,215,43
"1304004","CSD","Gagetown (P)",234.5846,324,149,144,"1304","13","",315,0,29400,27800,75,40.2
"1304005","CSD","Gagetown (VL)",49.3243,787,341,315,"1304","13","",730,10,37600,33600,175,39.8
"1304006","CSD","Hampstead (P)",212.3946,288,167,130,"1304","13","",280,0,25600,25400,55,39.2
"1304008","CSD","Wickham (P)",160.5415,409,383,203,"1304","13","",405,0,26200,25800,80,40
"1304011","CSD","Cambridge (P)",113.1716,684,478,287,"1304","13","",605,0,29800,27600,100,41.8
"1304013","CSD","Cambridge-Narrows (VL)",106.7922,715,629,345,"1304","13","",685,10,40800,35600,115,41
"1304014","CSD","Johnston (P)",360.8726,638,384,294,"1304","13","",630,5,23200,23200,155,41.2
"1304018","CSD","Waterborough (P)",443.1587,903,661,419,"1304","13","",895,5,30400,28600,160,39.3
"1304021","CSD","Canning (P)",173.2503,1028,850,511,"1304","13","",1025,0,33200,29400,245,41.1
"1304022","CSD","Minto (VL)",31.3562,2234,1145,1043,"1304","13","",2135,5,28400,27000,430,39.5
"1304024","CSD","Chipman (P)",483.4487,853,504,421,"1304","13","",845,0,29600,27400,220,41.2
"1304025","CSD","Chipman (VL)",19.0033,1201,647,605,"1304","13","",1170,0,27600,26400,285,40.1
"1305001","CSD","Hammond (P)",244.2437,276,159,130,"1305","13","",275,0,25800,24600,75,41.2
"1305004","CSD","Upham (P)",189.2068,1357,586,554,"1305","13","13310",1345,10,29600,28000,310,38.6
"1305006","CSD","Hampton (P)",121.2395,2969,1216,1165,"1305","13","13310",2895,35,36800,33200,885,43.1
"1305007","CSD","Hampton (TV)",20.9681,4395,1804,1740,"1305","13","13310",4295,25,37600,33600,1240,42
"1305008","CSD","Rothesay (P)",7.2574,342,134,128,"1305","13","13310",340,0,52400,44400,115,39.2
"1305011","CSD","Westfield (P)",295.3369,2114,970,878,"1305","13","13310",2080,15,42000,36800,615,42.2
"1305014","CSD","Kingston (P)",200.4094,3202,1631,1354,"1305","13","13310",3160,20,38400,34400,925,42.5
"1305015","CSD","Grand Bay-Westfield (TV)",59.8207,4967,2031,1965,"1305","13","13310",4860,50,43200,37600,1620,42.7
"1305016","CSD","Norton (P)",144.7702,1325,550,529,"1305","13","13310",1300,5,34800,32400,360,41.5
"1305018","CSD","Norton (VL)",75.3505,1410,578,547,"1305","13","",1385,0,31200,29800,375,41
"1305021","CSD","Sussex (P)",243.9915,2579,1094,1052,"1305","13","",2545,15,35200,32400,745,41
"1305022","CSD","Sussex (TV)",8.8997,4440,2219,2065,"1305","13","",4205,25,30000,28400,1025,41.9
"1305023","CSD","Sussex Corner (VL)",9.3211,1458,674,653,"1305","13","",1405,10,34800,31800,385,41.3
"1305024","CSD","Waterford (P)",221.2679,491,255,208,"1305","13","",485,5,37600,34000,115,42.8
"1305026","CSD","Cardwell (P)",311.8706,1401,721,620,"1305","13","",1355,15,31800,28600,375,42.2
"1305028","CSD","Havelock (P)",349.2182,1042,522,442,"1305","13","",1015,20,28000,26600,275,42.3
"1305031","CSD","Studholm (P)",448.9771,3527,1480,1386,"1305","13","",3395,0,28600,27000,855,42.1
"1305034","CSD","Springfield (P)",248.53,1641,797,653,"1305","13","",1635,0,33600,30800,460,41.6
"1305036","CSD","Kars (P)",75.5409,377,291,167,"1305","13","",370,0,48400,40800,100,42.4
"1305038","CSD","Greenwich (P)",114.5648,1126,579,500,"1305","13","13310",1115,0,37600,33200,275,41.8
"1305045","CSD","Rothesay (TV)",34.5941,11977,5007,4873,"1305","13","13310",11415,150,47200,40800,3605,41.8
"1305057","CSD","Quispamsis (TV)",56.9698,18768,6985,6855,"1305","13","13310",17675,350,44000,39200,6340,43.4
"1306001","CSD","Hopewell (P)",149.1445,597,310,280,"1306","13","13305",585,5,30200,28000,180,40.2
"1306003","CSD","Riverside-Albert (VL)",3.3868,348,154,142,"1306","13","",285,5,34800,30600,70,36
"1306004","CSD","Harvey (P)",276.8485,358,239,183,"1306","13","",355,0,31000,28200,60,30.4
"1306006","CSD","Alma (VL)",47.6392,282,196,130,"1306","13","",275,5,46000,41600,40,32
"1306008","CSD","Elgin (P)",519.5364,1064,610,485,"1306","13","13305",1040,15,24600,23400,280,42.1
"1306011","CSD","Hillsborough (P)",304.0278,1397,656,612,"1306","13","13305",1385,10,35600,32400,370,38.4
"1306014","CSD","Coverdale (P)",235.9968,4766,1919,1868,"1306","13","13305",4600,85,38000,34400,1490,42.5
"1306020","CSD","Riverview (TV)",34.098,20584,8797,8651,"1306","13","13305",18930,680,39600,35600,6380,42
"1306025","CSD","Hillsborough (VL)",12.8078,1348,590,559,"1306","13","13305",1270,20,30200,28400,330,39
"1307001","CSD","Westmorland (P)",173.2708,997,570,419,"1307","13","",955,15,33600,29400,300,41.7
"1307002","CSD","Port Elgin (VL)",2.646,381,170,161,"1307","13","",335,0,27400,26400,60,36
"1307004","CSD","Botsford (P)",304.6212,1120,978,546,"1307","13","",1075,25,32400,28600,125,32.5
"1307005","CSD","Beaubassin East / Beaubassin-est (RCR)",291.0229,6718,3368,2855,"1307","13","",1795,4660,37600,32800,1870,39.1
"1307007","CSD","Cap-Pelé (VL)",22.9572,2441,1144,1011,"1307","13","",490,1755,32400,29400,515,37.7
"1307008","CSD","Sackville (P)",578.8983,1204,549,497,"1307","13","",1170,25,32800,30600,345,42.8
"1307009","CSD","Sackville (TV)",73.9079,6099,3047,2689,"1307","13","",5745,55,28000,26800,1500,39.8
"1307011","CSD","Dorchester (P)",90.1335,438,207,196,"1307","13","13305",375,50,36400,34000,125,43.2
"1307012","CSD","Dorchester (VL)",5.7099,906,221,207,"1307","13","13305",430,10,34800,32000,80,36
"1307013","CSD","Memramcook (VL)",186.6373,5029,2147,2081,"1307","13","13305",1275,3545,38800,34400,1555,41.5
"1307016","CSD","Shediac (P)",178.7912,5144,2976,2302,"1307","13","",2605,2350,38000,34000,1585,41.3
"1307019","CSD","Moncton (P)",564.1603,10704,4291,4190,"1307","13","13305",7815,2540,38800,34000,3685,43.2
"1307022","CSD","Moncton (C)",140.6736,79470,37318,35118,"1307","13","13305",53730,16015,34800,31400,22735,41.2
"1307024","CSD","Salisbury (P)",874.0019,3377,1432,1353,"1307","13","",3265,25,34400,31600,900,42
"1307028","CSD","Salisbury (VL)",13.5573,2387,996,972,"1307","13","13305",2235,25,32800,30600,685,42.4
"1307029","CSD","Petitcodiac (VL)",17.1807,1476,630,609,"1307","13","",1450,10,29600,28400,365,41.2
"1307045","CSD","Dieppe (C)",77.0172,28114,11993,11570,"1307","13","13305",8990,16510,40800,36400,9440,42.5
"1307052","CSD","Shediac (TV)",64.0031,7535,3447,3293,"1307","13","",2335,4260,32000,29400,1900,40.3
"1308001","CSD","Dundas (P)",172.3244,4332,2569,1908,"1308","13","",1355,2810,38000,34000,1195,40.6
"1308002","CSD","Cocagne (RCR)",69.2301,2757,1430,1214,"1308","13","",730,1935,34800,31600,760,38.8
"1308004","CSD","Wellington (P)",184.7982,3292,1747,1455,"1308","13","",680,2480,32800,30600,745,37.8
"1308005","CSD","Bouctouche (TV)",18.3332,2513,1188,1094,"1308","13","",315,2030,30200,28200,570,37.9
"1308006","CSD","Saint Mary (P)",238.3195,1991,956,868,"1308","13","",470,1495,32800,29600,470,39.9
"1308007","CSD","Saint-Antoine (VL)",6.3157,1791,779,743,"1308","13","",315,1405,31600,29400,580,41.8
"1308008","CSD","Saint-Paul (P)",228.4143,877,383,369,"1308","13","13305",450,395,36800,32000,220,37.1
"1308010","CSD","Harcourt (P)",1169.2014,346,237,170,"1308","13","",290,50,26600,26400,25,36
"1308014","CSD","Weldford (P)",607.5579,1335,720,620,"1308","13","",1180,125,28400,27000,290,38.1
"1308015","CSD","Richibucto 15 (IRI)",15.3805,2062,787,765,"1308","13","",1325,0,23400,22800,240,33.2
"1308016","CSD","Richibucto (P)",249.2091,2085,1162,947,"1308","13","",940,1030,31200,29800,535,37.2
"1308017","CSD","Rexton (VL)",6.2933,874,446,396,"1308","13","",655,145,34800,31800,280,40.4
"1308018","CSD","Richibucto (TV)",11.8952,1411,704,649,"1308","13","",590,655,27400,26200,215,37.8
"1308019","CSD","Saint-Charles (P)",175.0717,2024,1025,916,"1308","13","",470,1470,29800,27800,445,35.2
"1308021","CSD","Saint-Louis (P)",258.6496,1760,797,748,"1308","13","",255,1480,34800,31400,315,33.4
"1308022","CSD","Saint-Louis de Kent (VL)",1.9833,981,452,424,"1308","13","",160,685,28400,26800,150,35.8
"1308024","CSD","Acadieville (P)",332.0779,752,381,335,"1308","13","",165,580,29200,27800,125,32.1
"1308026","CSD","Carleton (P)",435.233,764,413,359,"1308","13","",175,570,32800,30000,120,29.9
"1309001","CSD","Hardwicke (P)",275.9515,2203,1181,1010,"1309","13","",950,1160,30600,28000,380,31.8
"1309004","CSD","Glenelg (P)",504.7808,1532,729,655,"1309","13","13329",1485,30,38000,33600,420,41.2
"1309006","CSD","Chatham (P)",22.7049,527,269,233,"1309","13","13329",520,5,35600,32400,155,41.6
"1309011","CSD","Derby (P)",61.003,938,450,415,"1309","13","13329",905,5,42000,37600,245,42.5
"1309014","CSD","Nelson (P)",353.6758,929,433,395,"1309","13","13329",900,15,36400,33200,255,38.9
"1309016","CSD","Rogersville (P)",326.2678,1072,538,490,"1309","13","",240,815,30200,27600,150,32.7
"1309017","CSD","Rogersville (VL)",7.1925,1193,576,544,"1309","13","",160,925,24600,23800,205,37.4
"1309018","CSD","Blackville (P)",823.9308,1996,970,826,"1309","13","",1820,10,29200,27200,340,35.4
"1309019","CSD","Blackville (VL)",20.9748,914,446,394,"1309","13","",900,5,32000,30600,210,36.5
"1309021","CSD","Blissfield (P)",1235.5688,491,256,224,"1309","13","",485,5,23200,22800,70,40.2
"1309022","CSD","Doaktown (VL)",29.0934,808,430,391,"1309","13","",810,0,24800,24600,200,42.5
"1309023","CSD","Red Bank 4 (IRI)",16.0912,400,196,188,"1309","13","13329",390,0,26000,26000,110,36.6
"1309026","CSD","Southesk (P)",2462.5997,1666,813,720,"1309","13","13329",1615,15,31800,29800,425,39.7
"1309027","CSD","Upper Miramichi (RCR)",1832.966,2175,1187,958,"1309","13","",2140,0,27200,26600,390,36.8
"1309028","CSD","Northesk (P)",3346.7559,2169,1069,970,"1309","13","13329",2125,20,32800,30000,505,37.8
"1309031","CSD","Newcastle (P)",578.7041,1149,529,481,"1309","13","13329",920,185,26200,26000,180,35.3
"1309035","CSD","Eel Ground 2 (IRI)",10.9046,545,235,231,"1309","13","13329",515,0,26600,25400,130,38.6
"1309036","CSD","Alnwick (P)",668.8435,3615,1852,1620,"1309","13","",1035,2475,33600,29800,545,32.2
"1309038","CSD","Neguac (VL)",26.715,1692,781,721,"1309","13","",265,1255,33600,30000,280,31.8
"1309044","CSD","Esgenoôpetitj 14 (IRI)",9.5531,1223,472,456,"1309","13","",980,10,29800,29800,135,25.7
"1309050","CSD","Miramichi (C)",178.9807,17692,8484,7990,"1309","13","13329",16425,565,32800,30400,4505,41.2
"1310001","CSD","New Maryland (P)",375.0195,2806,1057,1042,"1310","13","13320",2595,145,43200,38400,940,43.8
"1310002","CSD","New Maryland (VL)",21.2495,4153,1550,1529,"1310","13","13320",3700,285,51200,43600,1350,43.3
"1310004","CSD","Manners Sutton (P)",524.7457,1920,1067,861,"1310","13","13320",1905,10,38000,34400,555,41.3
"1310005","CSD","Harvey (VL)",2.4584,402,176,171,"1310","13","13320",365,5,34000,31400,80,43.8
"1310006","CSD","McAdam (VL)",14.1857,1173,600,534,"1310","13","",1135,0,30200,29000,230,42.7
"1310008","CSD","North Lake (P)",439.5952,282,383,160,"1310","13","",270,0,31200,30200,55,46
"1310011","CSD","Canterbury (P)",550.7035,552,419,248,"1310","13","",540,5,27400,24800,145,39.8
"1310012","CSD","Canterbury (VL)",5.3194,320,142,135,"1310","13","",315,5,28400,27000,85,44.4
"1310014","CSD","Dumfries (P)",298.5116,420,304,208,"1310","13","",415,5,33600,31800,150,43.2
"1310016","CSD","Prince William (P)",284.3934,1083,648,479,"1310","13","13320",1045,15,37600,33200,265,40.5
"1310017","CSD","Hanwell (RCR)",152.0572,4743,1887,1799,"1310","13","13320",4270,320,43200,38000,1605,42.4
"1310018","CSD","Kingsclear (P)",150.1053,2839,1104,1086,"1310","13","13320",2620,130,43200,38000,935,42.9
"1310019","CSD","Kingsclear 6 (IRI)",3.7924,518,209,195,"1310","13","13320",485,0,21800,21800,95,39.2
"1310021","CSD","Queensbury (P)",294.3542,1237,579,536,"1310","13","13320",1215,20,35600,31200,295,40.6
"1310024","CSD","Southampton (P)",446.8535,1497,699,641,"1310","13","",1475,10,30400,28000,405,40.5
"1310025","CSD","Millville (VL)",12.1401,274,145,135,"1310","13","",270,0,27400,25800,60,41.2
"1310026","CSD","Bright (P)",403.7341,3317,1477,1348,"1310","13","13320",3255,40,35600,32400,895,40.5
"1310028","CSD","Douglas (P)",1443.3145,5935,2357,2270,"1310","13","13320",5625,195,35600,32400,1840,43.1
"1310031","CSD","Saint Marys (P)",751.9001,5084,2030,1954,"1310","13","13320",4820,185,40400,35600,1725,43.7
"1310032","CSD","Fredericton (C)",133.9262,63116,29892,28478,"1310","13","13320",54565,1925,36400,33200,19535,42
"1310034","CSD","Devon 30 (IRI)",2.7198,1070,365,355,"1310","13","13320",1050,0,28600,28000,225,40.8
"1310036","CSD","Stanley (P)",1218.3841,920,433,388,"1310","13","",910,5,26400,25600,165,38.3
"1310037","CSD","Stanley (VL)",16.9274,397,182,164,"1310","13","",370,0,26000,25600,90,40.2
"1310054","CSD","Nackawic (TV)",7.6809,962,451,428,"1310","13","",915,30,33600,30000,210,38.4
"1311001","CSD","Richmond (P)",258.7972,1456,598,557,"1311","13","",1395,0,35200,31800,440,42.9
"1311004","CSD","Woodstock (P)",194.8316,2219,936,886,"1311","13","",2135,10,37600,34000,755,43
"1311005","CSD","Woodstock 23 (IRI)",1.7962,435,182,173,"1311","13","",420,0,27600,26600,130,39.4
"1311006","CSD","Woodstock (TV)",14.9633,5553,2622,2486,"1311","13","",4885,30,30400,28200,1565,42.9
"1311008","CSD","Northampton (P)",243.313,1875,766,725,"1311","13","",1790,5,31800,31000,575,42.6
"1311011","CSD","Brighton (P)",509.2984,1596,773,675,"1311","13","",1555,10,31200,29200,420,40.8
"1311012","CSD","Hartland (TV)",9.5025,933,390,374,"1311","13","",870,0,31800,29800,310,42.8
"1311014","CSD","Wakefield (P)",196.3064,2722,1191,1136,"1311","13","",2675,0,37600,34000,895,42.2
"1311018","CSD","Wilmot (P)",191.3954,969,412,397,"1311","13","",955,0,33200,29800,260,39.4
"1311019","CSD","Centreville (VL)",2.6683,508,263,254,"1311","13","",495,0,35600,32800,150,44.6
"1311021","CSD","Simonds (P)",75.5714,514,220,217,"1311","13","",510,0,35200,31600,220,44
"1311024","CSD","Peel (P)",112.737,1198,508,485,"1311","13","",1160,5,30600,29200,315,40.1
"1311026","CSD","Aberdeen (P)",444.8778,812,468,384,"1311","13","",800,10,26600,25200,165,37.9
"1311027","CSD","Florenceville-Bristol (TV)",15.7357,1573,729,681,"1311","13","",1485,10,35600,32800,540,42.4
"1311028","CSD","Kent (P)",839.7632,1966,906,853,"1311","13","",1945,5,35600,31400,480,38.1
"1311030","CSD","Bath (VL)",1.9996,440,223,192,"1311","13","",400,0,25800,25400,90,37.8
"1311031","CSD","Wicklow (P)",195.5022,1591,678,645,"1311","13","",1575,5,29200,28600,535,42.2
"1312001","CSD","Andover (P)",123.4174,879,387,364,"1312","13","",795,5,31000,28600,230,42.6
"1312002","CSD","Aroostook (VL)",2.2326,313,163,148,"1312","13","",310,0,31800,29600,40,40.4
"1312004","CSD","Perth (P)",318.0971,1047,560,473,"1312","13","",1025,15,33600,31000,260,41.4
"1312006","CSD","Perth-Andover (VL)",8.9634,1574,785,744,"1312","13","",1485,15,28200,27200,310,38.1
"1312007","CSD","Tobique 20 (IRI)",24.9809,1080,478,409,"1312","13","",915,0,26600,25600,250,36.1
"1312008","CSD","Gordon (P)",1430.1866,1559,776,694,"1312","13","",1505,35,28000,27400,295,38.3
"1312009","CSD","Plaster Rock (VL)",3.0103,1002,515,476,"1312","13","",960,5,24400,24400,190,41.7
"1312011","CSD","Lorne (P)",1632.2114,313,337,172,"1312","13","",280,30,28600,27600,55,40.4
"1312014","CSD","Denmark (P)",751.0828,1424,677,621,"1312","13","",1150,245,24400,23800,290,38
"1312016","CSD","Grand Falls (P)",158.0893,1077,488,451,"1312","13","",705,345,31200,28400,290,42.9
"1312019","CSD","Grand Falls / Grand-Sault (TV)",18.0427,5220,2639,2495,"1312","13","",1245,3605,28600,27200,1340,41.4
"1312021","CSD","Drummond (P)",1013.6591,2095,899,867,"1312","13","",340,1675,35200,31800,635,40
"1312023","CSD","Drummond (VL)",8.881,729,350,335,"1312","13","",95,595,28000,27000,255,44.9
"1313002","CSD","Saint-André (RCR)",136.1939,1794,782,756,"1313","13","",180,1550,28000,26200,440,40.8
"1313004","CSD","Saint-Léonard (P)",344.8476,858,380,362,"1313","13","",90,745,36000,32800,300,42.1
"1313006","CSD","Saint-Léonard (TV)",5.3353,1322,625,567,"1313","13","",95,1125,29400,27600,320,40.9
"1313008","CSD","Notre-Dame-de-Lourdes (P)",186.2986,253,117,110,"1313","13","",20,230,31200,31000,75,40.4
"1313011","CSD","Sainte-Anne (P)",368.7619,936,453,435,"1313","13","",35,890,29600,28400,200,36.7
"1313012","CSD","Sainte-Anne-de-Madawaska (VL)",8.9654,891,436,415,"1313","13","",45,815,29000,27200,150,41.2
"1313014","CSD","Rivière-Verte (VL)",6.9101,744,373,359,"1313","13","13335",15,705,30600,29000,185,39.5
"1313015","CSD","Rivière-Verte (P)",715.7222,657,324,309,"1313","13","13335",10,630,26200,25600,155,37.1
"1313018","CSD","Saint-Basile (P)",129.96,736,342,324,"1313","13","13335",20,710,29800,27400,190,39.9
"1313020","CSD","St. Basile 10 (IRI)",3.065,369,184,180,"1313","13","13335",65,290,39600,36000,120,41.4
"1313022","CSD","Saint-Joseph (P)",321.4216,1549,723,674,"1313","13","13335",40,1490,36000,32000,470,40.9
"1313024","CSD","Saint-Jacques (P)",298.4424,1652,755,713,"1313","13","13335",70,1580,35200,31600,460,43.5
"1313027","CSD","Edmundston (C)",106.8388,16437,8117,7707,"1313","13","13335",765,14225,31600,29200,4355,42
"1313031","CSD","Haut-Madawaska (RCR)",611.5458,3720,1781,1658,"1313","13","",175,3340,32800,30200,1185,42.9
"1313037","CSD","Lac Baker (VL)",37.236,685,459,336,"1313","13","",55,610,39200,34000,165,40
"1314001","CSD","Durham (P)",409.7809,950,563,499,"1314","13","",835,90,23000,23000,90,32.6
"1314003","CSD","Colborne (P)",753.3755,266,162,135,"1314","13","",230,30,30400,28600,30,36.8
"1314004","CSD","Charlo (VL)",31.4493,1323,724,632,"1314","13","",505,780,38000,33600,335,39.2
"1314005","CSD","Balmoral (P)",1088.0139,309,131,121,"1314","13","",45,255,33600,30800,60,35.2
"1314006","CSD","Balmoral (VL)",43.328,1603,713,687,"1314","13","",135,1400,30600,28600,415,40.3
"1314008","CSD","Dalhousie (P)",62.6159,1090,551,497,"1314","13","",585,450,36000,32000,345,45
"1314010","CSD","Eel River 3 (IRI)",1.4497,342,157,149,"1314","13","",330,0,34000,34000,75,32.8
"1314011","CSD","Eel River Crossing (VL)",65.2611,1844,887,839,"1314","13","",335,1435,31200,29200,460,39.4
"1314012","CSD","Addington (P)",933.0016,698,354,326,"1314","13","330",495,190,34000,30800,115,34.9
"1314013","CSD","Atholville (VL)",119.5809,3290,1550,1490,"1314","13","330",420,2780,30600,28400,795,38.4
"1314014","CSD","Campbellton (C)",18.5708,7047,3531,3254,"1314","13","330",3290,2960,27800,26200,1485,39.9
"1314015","CSD","Tide Head (VL)",19.3369,951,433,419,"1314","13","330",580,330,42800,37600,285,41.8
"1314016","CSD","Eldon (P)",1688.5759,674,369,335,"1314","13","",355,310,26400,25200,125,35.6
"1314017","CSD","Dalhousie (TV)",15.1228,3223,1678,1523,"1314","13","",1900,1050,29400,27600,575,38.4
"1314020","CSD","Kedgwick (RCR)",649.3557,1986,951,913,"1314","13","",20,1940,27000,26200,395,36.8
"1314021","CSD","Saint-Quentin (P)",2474.0053,1504,688,633,"1314","13","",10,1455,38400,34400,335,37.4
"1314022","CSD","Saint-Quentin (TV)",4.242,2141,1015,976,"1314","13","",40,1920,33600,30800,500,40.4
"1314025","CSD","Belledune (VL)",189.1758,1325,782,688,"1314","13","",1235,80,24400,23800,200,35
"1315002","CSD","Tracadie (MRM)",516.5546,16043,7539,7113,"1315","13","",320,15340,30800,28400,2860,34.2
"1315006","CSD","Allardville (P)",654.6005,1949,919,878,"1315","13","",95,1835,28200,27000,360,35.1
"1315008","CSD","Bathurst (P)",1502.7365,4761,2293,2103,"1315","13","13328",2845,1765,35600,32000,1215,39.1
"1315011","CSD","Bathurst (C)",91.6156,12157,6445,5824,"1315","13","13328",6840,4415,29000,27200,2515,39.1
"1315012","CSD","Beresford (P)",455.6063,6226,2785,2672,"1315","13","13328",670,5340,32400,29400,1470,39.3
"1315013","CSD","Pointe-Verte (VL)",13.7625,865,433,400,"1315","13","13328",130,710,32400,31000,175,36.5
"1315014","CSD","Petit-Rocher (VL)",4.5213,1954,963,890,"1315","13","13328",145,1710,27000,26000,395,36.3
"1315015","CSD","Beresford (TV)",19.2371,4294,2225,2013,"1315","13","13328",835,3285,30800,28600,1060,40.3
"1315016","CSD","New Bandon (P)",359.2779,1200,714,583,"1315","13","",550,630,32000,29000,180,32.4
"1315017","CSD","Saint-Léolin (VL)",19.7311,615,330,305,"1315","13","",10,600,24200,24000,90,34.2
"1315019","CSD","Paquetville (P)",220.4208,2250,1145,1044,"1315","13","",25,2180,28000,26000,300,31.9
"1315020","CSD","Paquetville (VL)",9.2596,718,359,324,"1315","13","",10,670,27200,25800,160,34.3
"1315021","CSD","Saint-Isidore (P)",173.1417,1312,643,608,"1315","13","",20,1275,27800,26000,185,33
"1315022","CSD","Saint-Isidore (VL)",22.944,810,387,364,"1315","13","",5,805,34000,30400,140,34.4
"1315024","CSD","Inkerman (P)",107.6251,2373,1162,1035,"1315","13","",85,2160,30200,27400,340,32.6
"1315026","CSD","Caraquet (P)",109.3157,1261,659,602,"1315","13","",25,1230,30200,28800,205,30.7
"1315027","CSD","Bas-Caraquet (VL)",30.9301,1311,687,616,"1315","13","",25,1230,32800,29400,180,30.7
"1315028","CSD","Caraquet (TV)",68.1308,4285,2150,1988,"1315","13","",85,4030,33600,30200,1045,37.6
"1315029","CSD","Shippagan (P)",204.5224,4781,2663,2248,"1315","13","",165,4590,34800,30600,560,27.9
"1315030","CSD","Le Goulet (VL)",5.4026,749,339,321,"1315","13","",0,735,34800,30400,120,30.4
"1315031","CSD","Shippagan (TV)",9.9577,2672,1274,1197,"1315","13","",35,2435,29600,28000,525,34.2
"1315032","CSD","Lamèque (TV)",12.4027,1301,606,577,"1315","13","",15,1180,31600,29000,190,31.6
"1315033","CSD","Sainte-Marie-Saint-Raphaël (VL)",15.8439,820,433,395,"1315","13","",10,805,25400,24800,65,25.2
"1315036","CSD","Bertrand (VL)",57.0099,1153,665,581,"1315","13","",10,1135,28200,26800,235,37.5
"1315037","CSD","Nigadoo (VL)",7.6459,997,450,436,"1315","13","13328",105,865,31800,28800,220,38.5
"1315038","CSD","Grande-Anse (VL)",24.2694,731,412,361,"1315","13","",25,690,32800,29200,100,31.7
"1315040","CSD","Maisonnette (VL)",12.9081,535,401,294,"1315","13","",15,510,26400,25400,65,32.8
"2401023","CSD","Les Îles-de-la-Madeleine (MÉ)",155.0558,12190,6413,5610,"2401","24","",215,11805,36400,32800,2665,34.8
"2401042","CSD","Grosse-Île (MÉ)",32.2762,464,252,220,"2401","24","",415,40,38000,33200,60,23.5
"2402005","CSD","Percé (V)",432.8098,3095,1862,1550,"2402","24","",655,2365,30600,28000,420,28.9
"2402010","CSD","Sainte-Thérèse-de-Gaspé (MÉ)",34.453,979,504,475,"2402","24","",5,965,33200,30800,180,30.6
"2402015","CSD","Grande-Rivière (V)",87.919,3384,1723,1643,"2402","24","",20,3340,30200,27800,635,33.2
"2402028","CSD","Chandler (V)",418.4546,7490,3794,3572,"2402","24","",180,7125,31400,29200,1580,36.3
"2402047","CSD","Port-Daniel--Gascons (MÉ)",300.2902,2271,1227,1079,"2402","24","",275,1975,29800,28000,365,32.9
"2403005","CSD","Gaspé (V)",1118.7734,15063,7352,6780,"2403","24","",1485,13155,37200,33200,3865,38.9
"2403010","CSD","Cloridorme (CT)",158.7396,607,382,315,"2403","24","",0,605,26800,26000,125,37.2
"2403020","CSD","Grande-Vallée (MÉ)",144.1581,1077,595,530,"2403","24","",0,1075,32800,30000,260,40.6
"2403025","CSD","Murdochville (V)",60.8385,643,476,327,"2403","24","",15,620,34000,31600,130,35.9
"2404005","CSD","Sainte-Madeleine-de-la-Rivière-Madeleine (MÉ)",262.3481,289,224,161,"2404","24","",10,285,24000,23800,45,30
"2404010","CSD","Saint-Maxime-du-Mont-Louis (MÉ)",232.6726,1047,585,501,"2404","24","",5,1035,27800,26800,175,33.4
"2404025","CSD","Marsoui (VL)",181.3976,289,179,149,"2404","24","",0,290,25200,25200,40,38
"2404037","CSD","Sainte-Anne-des-Monts (V)",263.5084,6121,3353,3030,"2404","24","",10,6050,29400,27800,1250,38.3
"2404047","CSD","Cap-Chat (V)",181.3051,2516,1405,1225,"2404","24","",10,2440,30200,28400,400,37.8
"2405010","CSD","Shigawake (MÉ)",76.8203,333,167,144,"2405","24","",195,125,26200,26200,55,34.4
"2405015","CSD","Saint-Godefroi (CT)",63.5712,350,200,177,"2405","24","",45,300,30600,29000,65,30.4
"2405020","CSD","Hope Town (MÉ)",51.2567,334,167,142,"2405","24","",200,130,25400,25200,70,35.6
"2405025","CSD","Hope (CT)",70.5462,584,320,289,"2405","24","",80,485,28400,27200,90,34.6
"2405032","CSD","Paspébiac (V)",94.9774,3033,1501,1409,"2405","24","",140,2860,29600,28000,565,35.6
"2405040","CSD","New Carlisle (MÉ)",67.9914,1336,668,603,"2405","24","",780,475,26400,25400,195,33.6
"2405045","CSD","Bonaventure (V)",104.5038,2733,1404,1318,"2405","24","",140,2540,34000,30600,620,38.1
"2405050","CSD","Saint-Elzéar (MÉ)",204.1624,464,227,204,"2405","24","",10,435,31000,29200,85,34.6
"2405055","CSD","Saint-Siméon (PE)",56.7076,1207,606,576,"2405","24","",10,1195,31000,29600,260,36.1
"2405060","CSD","Caplan (MÉ)",85.6864,1966,969,920,"2405","24","",45,1900,34000,31200,450,40.1
"2405065","CSD","Saint-Alphonse (MÉ)",112.0874,711,325,314,"2405","24","",0,705,33600,31600,125,37.5
"2405070","CSD","New Richmond (V)",172.4957,3683,1805,1715,"2405","24","",430,3145,30400,28600,860,39.7
"2405077","CSD","Cascapédia--Saint-Jules (MÉ)",164.2892,764,385,347,"2405","24","",415,325,39600,34000,135,34.2
"2406005","CSD","Maria (MÉ)",94.8758,2760,1229,1164,"2406","24","",50,2570,36000,32800,660,40.2
"2406013","CSD","Carleton-sur-Mer (V)",221.4834,4081,2222,2016,"2406","24","",20,4010,36000,32800,895,37.8
"2406020","CSD","Nouvelle (MÉ)",234.6624,1782,931,829,"2406","24","",50,1710,32800,29400,420,39
"2406025","CSD","Escuminac (MÉ)",108.6963,575,317,268,"2406","24","",140,425,26800,24800,100,40.4
"2406030","CSD","Pointe-à-la-Croix (MÉ)",390.7295,1344,697,642,"2406","24","330",195,1110,24800,24400,295,38
"2406045","CSD","Matapédia (MÉ)",71.5877,566,357,307,"2406","24","",110,420,28400,26000,85,36.4
"2406050","CSD","Saint-Alexis-de-Matapédia (MÉ)",84.9117,519,285,249,"2406","24","",10,485,31600,28200,105,36.4
"2406055","CSD","Saint-François-d'Assise (MÉ)",179.3403,679,367,323,"2406","24","",5,650,30000,27800,100,34
"2406802","CSD","Gesgapegiag (IRI)",2.1982,637,264,243,"2406","24","",540,25,31600,30800,160,37.3
"2407010","CSD","Sainte-Florence (MÉ)",103.4787,367,207,187,"2407","24","",0,370,24600,24600,70,40
"2407018","CSD","Causapscal (V)",161.61,2147,1140,1061,"2407","24","",5,2130,27800,27000,405,36.8
"2407030","CSD","Saint-Léon-le-Grand (PE)",128.2649,968,447,420,"2407","24","",10,945,29400,27600,200,42.5
"2407035","CSD","Saint-Zénon-du-Lac-Humqui (PE)",113.0942,370,283,194,"2407","24","",5,360,29200,27200,55,34.8
"2407040","CSD","Sainte-Irène (PE)",135.0913,369,246,174,"2407","24","",0,370,43600,36800,75,35.8
"2407047","CSD","Amqui (V)",121.0181,5999,3015,2846,"2407","24","",5,5770,29200,27400,1445,39.8
"2407057","CSD","Lac-au-Saumon (MÉ)",81.0495,1488,646,607,"2407","24","",0,1370,29600,28600,355,41.5
"2407065","CSD","Saint-Alexandre-des-Lacs (PE)",89.8182,298,143,129,"2407","24","",0,295,32000,29000,50,38.4
"2407070","CSD","Saint-Tharcisius (PE)",78.8394,411,199,185,"2407","24","",0,410,26600,25800,55,37.4
"2407075","CSD","Saint-Vianney (MÉ)",145.5992,446,245,212,"2407","24","",0,445,22400,22200,60,33.8
"2407080","CSD","Val-Brillant (MÉ)",77.9034,899,504,419,"2407","24","",0,895,36400,32800,185,38.2
"2407085","CSD","Sayabec (MÉ)",130.3101,1706,872,812,"2407","24","",5,1690,27200,26200,355,39.4
"2407090","CSD","Saint-Cléophas (PE)",97.2219,321,159,145,"2407","24","",5,315,34800,31400,65,36.8
"2407095","CSD","Saint-Moïse (PE)",109.8015,542,324,265,"2407","24","",0,535,29600,28600,120,40.2
"2407100","CSD","Saint-Noël (VL)",45.802,392,210,182,"2407","24","",0,390,24800,24000,125,44.6
"2407105","CSD","Saint-Damase (PE)",116.4201,382,178,165,"2407","24","",0,380,32400,29400,90,39.6
"2408005","CSD","Les Méchins (MÉ)",441.3879,995,671,519,"2408","24","",5,985,23800,23600,150,38.6
"2408015","CSD","Grosses-Roches (MÉ)",63.589,375,261,206,"2408","24","",0,375,25200,24600,40,30
"2408023","CSD","Sainte-Félicité (MÉ)",90.7315,1100,580,505,"2408","24","24403",0,1070,27600,26400,260,39.9
"2408030","CSD","Saint-Adelme (PE)",100.5849,484,291,223,"2408","24","24403",5,475,32800,30400,90,36.6
"2408035","CSD","Saint-René-de-Matane (MÉ)",253.8935,961,596,478,"2408","24","24403",0,960,37600,33600,170,37.8
"2408053","CSD","Matane (V)",195.4886,13987,7482,6996,"2408","24","24403",30,13760,29800,27800,3575,40.7
"2408065","CSD","Saint-Léandre (PE)",104.72,375,222,188,"2408","24","24403",0,375,31000,28600,90,38
"2408073","CSD","Saint-Ulric (MÉ)",120.4493,1567,912,781,"2408","24","24403",5,1545,38800,34000,370,39.8
"2408080","CSD","Baie-des-Sables (MÉ)",65.0716,613,336,281,"2408","24","",10,605,36400,32400,155,38.4
"2409005","CSD","La Rédemption (PE)",116.6312,384,227,174,"2409","24","",0,385,25200,25000,65,38.2
"2409015","CSD","Les Hauteurs (MÉ)",102.9209,485,263,217,"2409","24","",0,485,23400,23400,60,38.2
"2409025","CSD","Saint-Gabriel-de-Rimouski (MÉ)",126.9847,1177,581,524,"2409","24","",0,1170,26600,26000,270,42
"2409030","CSD","Saint-Donat (PE)",95.7958,835,478,400,"2409","24","",5,830,38000,34000,295,41.8
"2409035","CSD","Sainte-Angèle-de-Mérici (MÉ)",107.7753,989,519,455,"2409","24","",5,980,30000,28800,165,36.9
"2409040","CSD","Padoue (MÉ)",66.6573,250,123,111,"2409","24","",0,245,28400,27200,35,35.6
"2409048","CSD","Métis-sur-Mer (V)",48.2153,594,505,310,"2409","24","",60,515,31600,30000,105,36.2
"2409055","CSD","Saint-Octave-de-Métis (PE)",75.1648,493,221,207,"2409","24","",0,470,31400,29400,85,41
"2409065","CSD","Price (VL)",2.5103,1729,794,760,"2409","24","",10,1685,32800,30400,435,42.3
"2409070","CSD","Saint-Joseph-de-Lepage (PE)",30.9835,590,260,223,"2409","24","",5,585,40400,35600,105,41.4
"2409077","CSD","Mont-Joli (V)",24.2416,6384,3173,3034,"2409","24","",25,6045,27400,26400,1425,41.2
"2409085","CSD","Sainte-Flavie (PE)",38.2307,904,531,418,"2409","24","",5,870,39600,35200,260,41.4
"2409092","CSD","Sainte-Luce (MÉ)",72.5891,2845,1462,1292,"2409","24","",10,2790,38800,34000,735,40.3
"2410005","CSD","Esprit-Saint (MÉ)",168.9554,340,198,173,"2410","24","",0,340,23400,23400,50,35.4
"2410015","CSD","Saint-Narcisse-de-Rimouski (PE)",162.4028,1084,667,495,"2410","24","24404",0,1085,38400,33600,295,41.5
"2410025","CSD","Saint-Marcellin (PE)",117.186,397,324,213,"2410","24","",5,390,33600,30200,110,41
"2410030","CSD","Saint-Anaclet-de-Lessard (PE)",126.3718,3019,1324,1275,"2410","24","24404",5,3005,41600,36800,980,42
"2410043","CSD","Rimouski (V)",339.1271,48935,24849,23470,"2410","24","24404",230,47810,34800,31600,12400,41
"2410060","CSD","Saint-Valérien (PE)",145.0237,906,459,378,"2410","24","24404",0,900,32800,30600,230,39.3
"2410070","CSD","Saint-Fabien (PE)",119.9248,1834,1171,867,"2410","24","",0,1830,35200,31400,380,37.4
"2410075","CSD","Saint-Eugène-de-Ladrière (PE)",331.3631,413,190,183,"2410","24","",0,410,28600,28000,80,38.4
"2411005","CSD","Saint-Clément (MÉ)",86.7213,479,231,214,"2411","24","",0,475,30000,27600,120,41.6
"2411010","CSD","Saint-Jean-de-Dieu (MÉ)",152.0388,1651,742,699,"2411","24","",5,1625,27200,26600,320,41.3
"2411015","CSD","Sainte-Rita (MÉ)",129.5212,303,216,142,"2411","24","",0,300,29400,28200,20,32.8
"2411030","CSD","Sainte-Françoise (PE)",88.8307,383,209,192,"2411","24","",5,380,25800,25000,110,42
"2411035","CSD","Saint-Éloi (PE)",65.7684,310,151,136,"2411","24","",0,310,34800,30200,115,39.8
"2411040","CSD","Trois-Pistoles (V)",7.6338,3115,1727,1562,"2411","24","",10,2965,28400,27000,620,40
"2411045","CSD","Notre-Dame-des-Neiges (MÉ)",94.443,1194,815,575,"2411","24","",0,1185,36400,34000,295,37.5
"2411050","CSD","Saint-Mathieu-de-Rioux (MÉ)",107.2669,691,573,341,"2411","24","",5,680,43600,37600,175,41.5
"2411055","CSD","Saint-Simon-de-Rimouski (MÉ)",74.8393,455,333,230,"2411","24","",5,450,34000,31000,60,34.8
"2412005","CSD","Saint-Cyprien (MÉ)",138.4318,1078,502,448,"2412","24","",0,1005,31800,30200,265,41.5
"2412010","CSD","Saint-Hubert-de-Rivière-du-Loup (MÉ)",192.2024,1412,1019,646,"2412","24","",0,1385,37200,34800,315,39.8
"2412015","CSD","Saint-Antonin (MÉ)",175.9277,4338,1990,1889,"2412","24","24405",10,4325,41200,36000,1385,42.3
"2412020","CSD","Saint-Modeste (MÉ)",109.7237,1180,480,446,"2412","24","24405",5,1165,41200,36800,350,42.5
"2412030","CSD","Saint-Épiphane (MÉ)",82.8466,836,390,369,"2412","24","",0,835,33600,31000,185,40.9
"2412035","CSD","Saint-Paul-de-la-Croix (PE)",78.4185,313,182,156,"2412","24","",5,305,29800,29200,115,41.8
"2412043","CSD","L'Isle-Verte (MÉ)",119.1508,1356,697,643,"2412","24","",10,1320,31200,28400,390,43.4
"2412057","CSD","Cacouna (MÉ)",62.7547,1848,954,855,"2412","24","24405",5,1820,41600,36000,495,42
"2412065","CSD","Saint-Arsène (PE)",70.8104,1245,479,468,"2412","24","24405",0,1240,30800,28200,355,44.8
"2412072","CSD","Rivière-du-Loup (V)",83.7425,20118,10045,9482,"2412","24","24405",80,19360,34800,31600,5380,41.6
"2412080","CSD","Notre-Dame-du-Portage (MÉ)",40.0574,1296,748,597,"2412","24","24405",10,1285,37600,34400,375,41.6
"2413005","CSD","Dégelis (V)",556.784,2884,1518,1385,"2413","24","",15,2855,29000,27600,740,41.2
"2413015","CSD","Packington (PE)",118.7456,578,419,273,"2413","24","",5,565,28400,27800,135,39.8
"2413020","CSD","Saint-Marc-du-Lac-Long (PE)",148.6394,365,263,178,"2413","24","",5,355,27600,27400,105,38
"2413025","CSD","Rivière-Bleue (MÉ)",173.4242,1261,732,611,"2413","24","",0,1215,25600,25200,210,39.1
"2413030","CSD","Saint-Eusèbe (PE)",129.5622,587,276,244,"2413","24","",0,585,32000,29000,145,41.9
"2413040","CSD","Saint-Juste-du-Lac (MÉ)",166.9419,543,348,269,"2413","24","",5,530,29000,27600,100,36.2
"2413045","CSD","Auclair (MÉ)",105.7795,447,264,212,"2413","24","",5,440,27800,27200,105,36.6
"2413055","CSD","Biencourt (MÉ)",187.1184,433,283,235,"2413","24","",0,430,26600,26400,110,40.8
"2413060","CSD","Lac-des-Aigles (MÉ)",86.6288,495,289,240,"2413","24","",0,495,28000,28000,80,37.2
"2413065","CSD","Saint-Michel-du-Squatec (MÉ)",361.2274,1076,576,501,"2413","24","",10,1050,28200,26600,175,38.6
"2413073","CSD","Témiscouata-sur-le-Lac (V)",218.8146,5054,2699,2356,"2413","24","",5,4900,30400,28600,1270,41.2
"2413080","CSD","Saint-Louis-du-Ha! Ha! (PE)",112.233,1311,594,552,"2413","24","",5,1220,34000,30200,315,41.5
"2413085","CSD","Saint-Elzéar-de-Témiscouata (MÉ)",151.1425,311,154,138,"2413","24","",0,310,30200,28600,100,40.8
"2413090","CSD","Saint-Honoré-de-Témiscouata (MÉ)",262.969,763,356,327,"2413","24","",0,760,29000,27800,155,39.2
"2413095","CSD","Pohénégamook (V)",339.9873,2481,1393,1171,"2413","24","",10,2465,34400,31800,590,40.9
"2413100","CSD","Saint-Athanase (MÉ)",292.6301,303,171,136,"2413","24","",0,305,28800,27800,50,39.2
"2414005","CSD","Mont-Carmel (MÉ)",428.2563,1160,713,534,"2414","24","",0,1110,29000,28400,270,41
"2414010","CSD","Saint-Bruno-de-Kamouraska (MÉ)",188.44,515,270,238,"2414","24","",0,505,32400,29200,135,39.2
"2414018","CSD","Saint-Pascal (V)",59.6845,3530,1635,1559,"2414","24","",5,3435,30800,28800,880,41.8
"2414025","CSD","Sainte-Hélène-de-Kamouraska (MÉ)",60.4558,891,410,382,"2414","24","",0,890,36800,33200,260,44.1
"2414030","CSD","Saint-Joseph-de-Kamouraska (PE)",84.964,398,176,165,"2414","24","",0,395,34800,31600,120,43
"2414035","CSD","Saint-Alexandre-de-Kamouraska (MÉ)",111.3977,2255,927,868,"2414","24","",25,2030,39200,34000,615,41
"2414040","CSD","Saint-André-de-Kamouraska (MÉ)",71.0579,658,276,253,"2414","24","",0,635,33200,31000,165,43
"2414045","CSD","Saint-Germain (PE)",28.5282,294,163,140,"2414","24","",0,295,30800,29200,95,43.2
"2414050","CSD","Kamouraska (MÉ)",44.0696,607,393,284,"2414","24","",5,595,37200,32400,150,42.7
"2414055","CSD","Saint-Denis-De La Bouteillerie (MÉ)",33.8363,518,367,238,"2414","24","",0,515,34000,31200,180,41.4
"2414060","CSD","Saint-Philippe-de-Néri (PE)",32.6486,818,385,370,"2414","24","",0,805,27600,26800,170,39.5
"2414065","CSD","Rivière-Ouelle (MÉ)",57.4962,995,626,446,"2414","24","",0,960,47600,40400,205,40.5
"2414070","CSD","Saint-Pacôme (MÉ)",29.0613,1806,748,702,"2414","24","",15,1765,36000,32400,365,42.2
"2414075","CSD","Saint-Gabriel-Lalemant (MÉ)",77.9212,660,359,315,"2414","24","",5,655,33600,30800,200,43.3
"2414080","CSD","Saint-Onésime-d'Ixworth (MÉ)",102.7573,522,305,258,"2414","24","",0,525,31800,29600,145,43.6
"2414085","CSD","La Pocatière (V)",21.1828,4078,2201,1981,"2414","24","",10,3900,31600,29000,1105,42.3
"2414090","CSD","Sainte-Anne-de-la-Pocatière (PE)",54.7769,1597,717,681,"2414","24","",5,1580,40800,34800,435,41.2
"2415005","CSD","Saint-Irénée (PE)",59.9168,678,482,333,"2415","24","",0,670,41600,36000,130,39.2
"2415013","CSD","La Malbaie (V)",458.1945,8235,4563,3826,"2415","24","",45,8075,33600,30200,1755,38.5
"2415025","CSD","Notre-Dame-des-Monts (MÉ)",57.927,789,376,337,"2415","24","",0,785,39200,34000,160,40.9
"2415030","CSD","Saint-Aimé-des-Lacs (MÉ)",91.6076,1158,739,517,"2415","24","",10,1150,38400,34400,305,40.4
"2415035","CSD","Clermont (V)",51.5276,3065,1490,1429,"2415","24","",0,2980,33200,30200,740,40.1
"2415058","CSD","Saint-Siméon (MÉ)",281.1358,1139,713,518,"2415","24","",10,1080,31200,28400,190,36
"2416005","CSD","Petite-Rivière-Saint-François (MÉ)",133.8937,953,858,455,"2416","24","",5,940,40400,35200,245,38
"2416013","CSD","Baie-Saint-Paul (V)",545.8469,7371,3782,3427,"2416","24","",25,6905,34000,31000,1805,41.3
"2416023","CSD","L'Isle-aux-Coudres (MÉ)",29.4649,1116,760,583,"2416","24","",5,1095,33600,29600,235,37
"2416048","CSD","Les Éboulements (MÉ)",156.1862,1465,925,643,"2416","24","",0,1430,40400,34800,390,40.2
"2416050","CSD","Saint-Hilarion (PE)",100.2951,1146,533,492,"2416","24","",0,1145,33200,30600,320,40.8
"2416055","CSD","Saint-Urbain (PE)",330.5726,1320,657,585,"2416","24","",5,1305,34000,31000,320,40.8
"2417005","CSD","Saint-Omer (MÉ)",122.4356,294,203,144,"2417","24","",0,295,26400,26000,95,41.4
"2417010","CSD","Saint-Pamphile (V)",137.7795,2274,1188,1097,"2417","24","",5,2230,32000,29800,755,46.1
"2417015","CSD","Saint-Adalbert (MÉ)",216.1572,460,251,217,"2417","24","",5,455,31000,28200,120,41.8
"2417020","CSD","Saint-Marcel (MÉ)",178.8272,422,279,205,"2417","24","",0,420,36400,33600,125,44.8
"2417025","CSD","Sainte-Félicité (MÉ)",94.8919,350,189,173,"2417","24","",0,340,25400,24600,110,45
"2417030","CSD","Sainte-Perpétue (MÉ)",291.0444,1715,854,753,"2417","24","",0,1630,30200,28600,420,41.2
"2417035","CSD","Tourville (MÉ)",164.3582,576,337,281,"2417","24","",5,560,25200,24800,150,42.6
"2417040","CSD","Saint-Damase-de-L'Islet (MÉ)",247.6381,563,321,277,"2417","24","",0,565,31800,29400,170,41.2
"2417045","CSD","Saint-Cyrille-de-Lessard (PE)",230.5185,742,559,385,"2417","24","",10,730,31200,28800,200,40
"2417055","CSD","Saint-Aubert (MÉ)",98.4525,1441,806,651,"2417","24","",5,1420,39200,34800,420,42.2
"2417060","CSD","Sainte-Louise (PE)",76.5911,674,328,301,"2417","24","",0,665,32000,29400,180,37.5
"2417065","CSD","Saint-Roch-des-Aulnaies (MÉ)",49.1357,955,552,449,"2417","24","",5,930,36800,32400,295,43.2
"2417070","CSD","Saint-Jean-Port-Joli (MÉ)",69.3139,3329,1737,1538,"2417","24","",10,3230,35600,31600,865,41.8
"2417078","CSD","L'Islet (MÉ)",119.9467,3803,1871,1735,"2417","24","",10,3665,37600,33600,1010,42.1
"2418005","CSD","Saint-Just-de-Bretenières (MÉ)",132.5979,639,412,345,"2418","24","",0,635,28000,25600,130,42.4
"2418015","CSD","Saint-Fabien-de-Panet (PE)",187.011,945,611,462,"2418","24","",5,905,28000,27000,220,43.6
"2418020","CSD","Sainte-Lucie-de-Beauregard (MÉ)",82.1741,275,200,148,"2418","24","",0,270,34000,31400,50,35.6
"2418025","CSD","Sainte-Apolline-de-Patton (PE)",256.513,505,423,257,"2418","24","",0,500,27200,26400,75,35.8
"2418030","CSD","Saint-Paul-de-Montminy (MÉ)",162.7706,849,520,409,"2418","24","",15,830,28200,27400,225,42.6
"2418035","CSD","Sainte-Euphémie-sur-Rivière-du-Sud (MÉ)",92.4393,338,209,171,"2418","24","",0,335,28000,27600,70,40.6
"2418040","CSD","Notre-Dame-du-Rosaire (MÉ)",164.6337,371,242,200,"2418","24","",0,375,30200,27600,100,42.2
"2418045","CSD","Cap-Saint-Ignace (MÉ)",204.3157,3099,1521,1356,"2418","24","",5,3020,37600,33600,865,42.7
"2418050","CSD","Montmagny (V)",124.4449,10999,5801,5464,"2418","24","",40,10640,32800,30200,3050,42.8
"2418055","CSD","Saint-Pierre-de-la-Rivière-du-Sud (PE)",91.0525,840,430,370,"2418","24","",5,830,40000,34400,260,42
"2418060","CSD","Saint-François-de-la-Rivière-du-Sud (MÉ)",96.3522,1580,692,660,"2418","24","",10,1525,33600,30400,490,42.6
"2418065","CSD","Berthier-sur-Mer (MÉ)",26.8512,1744,939,789,"2418","24","",5,1730,41200,36800,425,42
"2419005","CSD","Saint-Philémon (PE)",146.5097,680,533,364,"2419","24","",0,675,31000,28600,160,44.8
"2419010","CSD","Notre-Dame-Auxiliatrice-de-Buckland (PE)",94.7147,767,519,381,"2419","24","",5,745,32400,30600,230,44.2
"2419015","CSD","Saint-Nazaire-de-Dorchester (PE)",51.5572,338,178,149,"2419","24","",0,335,28000,27800,95,42.4
"2419020","CSD","Saint-Léon-de-Standon (PE)",136.8753,1042,678,543,"2419","24","",5,1030,29000,27600,265,41.2
"2419025","CSD","Saint-Malachie (PE)",101.0699,1667,812,699,"2419","24","",30,1605,38800,34800,465,42.4
"2419030","CSD","Saint-Damien-de-Buckland (PE)",82.039,1893,949,828,"2419","24","",0,1780,30800,28600,445,40.8
"2419037","CSD","Armagh (MÉ)",167.9879,1439,785,686,"2419","24","",5,1420,31600,28800,320,44.2
"2419045","CSD","Saint-Nérée-de-Bellechasse (MÉ)",75.7625,744,451,355,"2419","24","",0,745,32000,30000,180,43.1
"2419050","CSD","Saint-Lazare-de-Bellechasse (MÉ)",85.9277,1332,571,540,"2419","24","",0,1260,40000,34800,455,43.6
"2419055","CSD","Sainte-Claire (MÉ)",88.1354,3526,1704,1583,"2419","24","",10,3475,40800,35600,1175,43.2
"2419062","CSD","Saint-Anselme (MÉ)",74.2202,4047,1772,1697,"2419","24","",30,3890,43600,37600,1245,43
"2419068","CSD","Saint-Henri (MÉ)",122.606,5813,2472,2358,"2419","24","24421",25,5730,43600,37600,1925,43.7
"2419070","CSD","Honfleur (MÉ)",50.6659,881,362,338,"2419","24","",10,865,38000,34000,285,43.8
"2419075","CSD","Saint-Gervais (MÉ)",89.3308,2138,896,861,"2419","24","",0,2100,41200,36000,670,42.8
"2419082","CSD","Saint-Raphaël (MÉ)",121.6883,2458,1237,1084,"2419","24","",10,2380,36400,31400,700,43
"2419090","CSD","La Durantaye (PE)",34.9894,782,374,339,"2419","24","",0,780,38000,32800,260,43.1
"2419097","CSD","Saint-Charles-de-Bellechasse (MÉ)",93.3012,2583,1121,1064,"2419","24","",10,2560,42000,36400,835,44
"2419105","CSD","Beaumont (MÉ)",44.5657,2968,1171,1120,"2419","24","24421",25,2880,48000,40400,915,42.8
"2419110","CSD","Saint-Michel-de-Bellechasse (MÉ)",43.0808,1871,896,783,"2419","24","",10,1815,40000,36000,515,43
"2419117","CSD","Saint-Vallier (MÉ)",44.8822,1031,519,457,"2419","24","",5,1020,39200,34000,330,45.2
"2420005","CSD","Saint-François-de-l'Île-d'Orléans (MÉ)",28.9623,536,359,253,"2420","24","24421",10,525,39200,33600,175,40.3
"2420010","CSD","Sainte-Famille-de-l'Île-d'Orléans (MÉ)",50.5446,850,371,343,"2420","24","24421",5,810,36000,33200,245,43.4
"2420015","CSD","Saint-Jean-de-l'Île-d'Orléans (MÉ)",43.4803,1026,639,493,"2420","24","24421",10,975,41200,36400,320,40.3
"2420020","CSD","Saint-Laurent-de-l'Île-d'Orléans (MÉ)",35.6412,1607,824,713,"2420","24","24421",15,1580,45600,38800,535,43.4
"2420025","CSD","Saint-Pierre-de-l'Île-d'Orléans (MÉ)",31.6369,1743,811,768,"2420","24","24421",5,1685,40400,37200,475,40.3
"2420030","CSD","Sainte-Pétronille (VL)",4.3171,1055,509,463,"2420","24","24421",15,1030,50000,41600,285,40.6
"2421005","CSD","Saint-Tite-des-Caps (MÉ)",129.2974,1504,887,720,"2421","24","",10,1485,32800,29600,385,41
"2421010","CSD","Saint-Ferréol-les-Neiges (MÉ)",83.1841,3806,2697,1806,"2421","24","",60,3695,47600,40400,1220,40.8
"2421020","CSD","Saint-Joachim (PE)",42.3307,1427,682,629,"2421","24","",10,1385,36800,33600,355,41.1
"2421025","CSD","Beaupré (V)",22.97,4117,2812,1859,"2421","24","",35,3780,42400,36800,1015,42.2
"2421030","CSD","Sainte-Anne-de-Beaupré (V)",62.3817,2888,1499,1412,"2421","24","",10,2825,32400,30000,690,41.5
"2421035","CSD","Château-Richer (V)",228.8439,4425,2064,1918,"2421","24","24421",15,4210,42800,37200,1330,43.4
"2421040","CSD","L'Ange-Gardien (MÉ)",53.6095,3842,1717,1632,"2421","24","24421",10,3805,44800,38800,1235,42.4
"2421045","CSD","Boischatel (MÉ)",20.3589,8231,3128,3050,"2421","24","24421",65,7875,50800,42800,2885,44.2
"2422005","CSD","Sainte-Catherine-de-la-Jacques-Cartier (V)",120.7017,8442,3407,3298,"2422","24","24421",160,8185,49600,42000,2950,44.8
"2422010","CSD","Fossambault-sur-le-Lac (V)",11.4864,2327,1282,994,"2422","24","24421",45,2245,54400,45600,725,42
"2422015","CSD","Lac-Saint-Joseph (V)",33.6507,304,334,167,"2422","24","24421",0,300,54000,44400,65,38.4
"2422020","CSD","Shannon (V)",63.5433,6432,2437,2332,"2422","24","24421",370,5875,60400,49600,2405,43.2
"2422025","CSD","Saint-Gabriel-de-Valcartier (MÉ)",432.6201,3223,1136,1067,"2422","24","24421",195,2965,54800,45600,990,44.2
"2422030","CSD","Lac-Delage (V)",1.5836,771,316,308,"2422","24","24421",15,740,58800,48000,275,43
"2422035","CSD","Stoneham-et-Tewkesbury (CU)",670.0266,9682,4421,3862,"2422","24","24421",140,9395,50000,42400,3360,43
"2422040","CSD","Lac-Beauport (MÉ)",61.7339,8164,3201,3070,"2422","24","24421",130,7935,57200,46800,2995,42.7
"2422045","CSD","Sainte-Brigitte-de-Laval (V)",108.4203,8468,3343,3203,"2422","24","24421",45,8340,49200,41600,2945,44.1
"2423027","CSD","Québec (V)",452.2999,549459,283219,265711,"2423","24","24421",6770,507295,40000,35200,164495,42.1
"2423057","CSD","L'Ancienne-Lorette (V)",7.7242,16970,7516,7314,"2423","24","24421",145,15785,43600,38000,5415,43.2
"2423072","CSD","Saint-Augustin-de-Desmaures (V)",85.7955,19907,8453,8143,"2423","24","24421",195,19030,52000,43600,6375,42.9
"2423802","CSD","Wendake (IRI)",1.7433,2200,1059,1019,"2423","24","24421",30,2080,32000,30400,660,40.4
"2425213","CSD","Lévis (V)",448.0654,149683,68205,65751,"2425","24","24421",1190,143595,44000,38400,49070,43.3
"2426005","CSD","Frampton (MÉ)",151.2749,1309,655,591,"2426","24","",15,1290,35600,32800,405,42.3
"2426010","CSD","Saints-Anges (PE)",68.6543,1239,522,487,"2426","24","",5,1230,36800,33200,400,42.9
"2426015","CSD","Vallée-Jonction (MÉ)",25.4478,1864,862,830,"2426","24","",5,1810,43600,38000,565,43.9
"2426022","CSD","Saint-Elzéar (MÉ)",87.0656,2623,1031,1001,"2426","24","",10,2590,44800,38000,935,43.7
"2426030","CSD","Sainte-Marie (V)",107.548,13134,5630,5500,"2426","24","24423",40,12565,40800,35600,4135,43.3
"2426035","CSD","Sainte-Marguerite (PE)",83.0508,1175,531,491,"2426","24","",5,1165,43200,37200,330,42.1
"2426040","CSD","Sainte-Hénédine (PE)",51.534,1440,564,544,"2426","24","",0,1395,37200,33600,380,42.9
"2426048","CSD","Scott (MÉ)",31.292,2566,1101,1035,"2426","24","",30,2510,40400,35600,885,43.6
"2426055","CSD","Saint-Bernard (MÉ)",90.0952,2535,1048,978,"2426","24","",10,2435,40800,36000,855,42.9
"2426063","CSD","Saint-Isidore (MÉ)",102.6052,3286,1406,1337,"2426","24","",10,3225,41200,36000,1130,44
"2426070","CSD","Saint-Lambert-de-Lauzon (MÉ)",106.7616,6817,2752,2671,"2426","24","24421",60,6720,44400,38400,2270,43.6
"2427008","CSD","Saint-Victor (MÉ)",120.4531,2313,1198,1025,"2427","24","",0,2300,35200,32000,715,42.5
"2427015","CSD","Saint-Alfred (MÉ)",43.4941,519,241,208,"2427","24","",0,520,40000,36800,185,42.3
"2427028","CSD","Beauceville (V)",164.5911,6185,2875,2723,"2427","24","",25,5980,41200,36000,1830,42.9
"2427035","CSD","Saint-Odilon-de-Cranbourne (PE)",130.6086,1407,604,565,"2427","24","",0,1365,34400,31200,405,43.3
"2427043","CSD","Saint-Joseph-de-Beauce (V)",114.7026,5014,2219,2130,"2427","24","",25,4730,38400,34000,1560,43.8
"2427050","CSD","Saint-Joseph-des-Érables (MÉ)",51.425,377,154,148,"2427","24","",0,370,35600,32800,125,46.2
"2427055","CSD","Saint-Jules (PE)",55.7312,547,215,204,"2427","24","",0,550,37600,31800,180,43
"2427060","CSD","Tring-Jonction (VL)",27.319,1526,687,657,"2427","24","",5,1510,38000,33600,465,42.6
"2427065","CSD","Saint-Frédéric (PE)",72.3515,1065,443,422,"2427","24","",0,1045,39600,35200,295,41.8
"2427070","CSD","Saint-Séverin (PE)",58.9195,300,191,143,"2427","24","",0,290,40400,35600,45,43.6
"2428005","CSD","Saint-Zacharie (MÉ)",186.5573,1684,825,760,"2428","24","",10,1665,33200,31000,490,43.6
"2428015","CSD","Sainte-Aurélie (MÉ)",78.2468,856,507,423,"2428","24","",5,845,41200,35200,205,40.5
"2428020","CSD","Saint-Prosper (MÉ)",133.7417,3596,1646,1561,"2428","24","",20,3530,37200,33200,1045,44
"2428025","CSD","Saint-Benjamin (MÉ)",111.5283,1090,493,461,"2428","24","",15,1065,34800,31800,265,42.7
"2428030","CSD","Sainte-Rose-de-Watford (MÉ)",115.1271,740,399,334,"2428","24","",5,735,36400,32800,235,42.8
"2428035","CSD","Saint-Louis-de-Gonzague (MÉ)",118.0058,390,221,183,"2428","24","",0,385,33600,30800,90,41.8
"2428040","CSD","Saint-Cyprien (PE)",93.4813,474,290,238,"2428","24","",0,470,29000,28400,80,40
"2428045","CSD","Sainte-Justine (MÉ)",126.28,1828,844,786,"2428","24","",10,1665,34000,31200,515,42.6
"2428053","CSD","Lac-Etchemin (MÉ)",157.216,4028,2075,1741,"2428","24","",20,3615,32800,30400,835,42.1
"2428060","CSD","Saint-Luc-de-Bellechasse (MÉ)",161.9883,449,325,231,"2428","24","",0,440,26600,26600,110,41
"2428065","CSD","Sainte-Sabine (PE)",66.8949,343,237,195,"2428","24","",5,330,31400,29200,75,40.2
"2428070","CSD","Saint-Camille-de-Lellis (PE)",251.9298,737,458,380,"2428","24","",10,720,27200,26600,195,43.1
"2428075","CSD","Saint-Magloire (MÉ)",208.6126,712,471,346,"2428","24","",5,670,27000,26000,115,40
"2429005","CSD","Saint-Théophile (MÉ)",427.7776,702,354,322,"2429","24","",5,700,36000,32400,195,40.9
"2429013","CSD","Saint-Gédéon-de-Beauce (MÉ)",197.3652,2093,956,911,"2429","24","",5,2040,38000,34400,545,43.4
"2429025","CSD","Saint-Évariste-de-Forsyth (MÉ)",110.8506,511,311,230,"2429","24","",0,495,37600,32400,170,45.4
"2429030","CSD","La Guadeloupe (VL)",32.8374,1805,860,814,"2429","24","",5,1660,29400,27600,500,42.4
"2429038","CSD","Saint-Honoré-de-Shenley (MÉ)",133.9563,1555,678,637,"2429","24","",5,1510,35600,32400,475,43.6
"2429045","CSD","Saint-Martin (PE)",117.997,2588,1226,1136,"2429","24","",10,2530,36400,32800,710,42.8
"2429050","CSD","Saint-René (PE)",61.5394,946,373,351,"2429","24","24428",0,930,34000,30800,285,44.7
"2429057","CSD","Saint-Côme--Linière (MÉ)",150.4518,3278,1537,1388,"2429","24","",10,3210,36000,32800,850,43.6
"2429065","CSD","Saint-Philibert (MÉ)",57.1622,379,160,148,"2429","24","24428",0,380,37200,33200,95,46.4
"2429073","CSD","Saint-Georges (V)",199.0768,32935,16058,15415,"2429","24","24428",170,31755,35600,32000,9270,43
"2429100","CSD","Saint-Benoît-Labre (MÉ)",85.65,1617,820,710,"2429","24","",5,1605,36400,33600,490,42.8
"2429112","CSD","Saint-Éphrem-de-Beauce (MÉ)",118.9016,2323,1054,987,"2429","24","",30,2225,38800,34400,745,43.7
"2429120","CSD","Notre-Dame-des-Pins (PE)",24.0854,1812,763,745,"2429","24","",10,1665,44400,38400,580,43.7
"2429125","CSD","Saint-Simon-les-Mines (MÉ)",47.4347,573,231,223,"2429","24","24428",15,555,50400,41600,190,42.8
"2430005","CSD","Saint-Augustin-de-Woburn (PE)",281.0685,667,354,309,"2430","24","",15,640,39200,34400,135,38.4
"2430010","CSD","Notre-Dame-des-Bois (MÉ)",192.5086,1028,817,470,"2430","24","",20,995,31600,29000,160,36.3
"2430020","CSD","Piopolis (MÉ)",103.381,398,315,208,"2430","24","",5,390,33200,28800,50,33.6
"2430025","CSD","Frontenac (MÉ)",223.5982,1811,922,769,"2430","24","",5,1785,39200,35200,500,42
"2430030","CSD","Lac-Mégantic (V)",21.9797,5747,3143,2938,"2430","24","",40,5525,30200,28600,1325,42
"2430035","CSD","Marston (CT)",71.8334,777,419,341,"2430","24","",5,765,37600,32800,185,40.8
"2430040","CSD","Milan (MÉ)",129.4449,318,212,156,"2430","24","",15,295,30200,27600,65,40.8
"2430045","CSD","Nantes (MÉ)",119.1649,1388,668,609,"2430","24","",15,1360,38800,34800,455,41.8
"2430050","CSD","Sainte-Cécile-de-Whitton (MÉ)",146.4621,853,491,359,"2430","24","",10,840,34400,30800,235,42.7
"2430055","CSD","Audet (MÉ)",134.9537,708,317,284,"2430","24","",0,705,39200,34400,180,40.8
"2430070","CSD","Saint-Robert-Bellarmin (MÉ)",236.331,529,237,224,"2430","24","",0,525,27600,27000,155,43.6
"2430072","CSD","Saint-Ludger (MÉ)",127.5791,1074,507,449,"2430","24","",10,1040,32800,30600,340,44.1
"2430080","CSD","Lac-Drolet (MÉ)",124.3035,1067,600,492,"2430","24","",5,1050,33600,30800,350,43
"2430085","CSD","Saint-Sébastien (MÉ)",91.9546,674,329,301,"2430","24","",0,665,32400,30200,135,39.8
"2430090","CSD","Courcelles (MÉ)",90.3385,814,430,391,"2430","24","",0,790,24200,24000,200,39.4
"2430095","CSD","Lambton (MÉ)",108.4528,1630,1143,755,"2430","24","",15,1545,36000,32800,440,42
"2430100","CSD","Saint-Romain (MÉ)",112.1214,711,425,328,"2430","24","",5,690,31800,30200,195,42.9
"2430105","CSD","Stornoway (MÉ)",180.1458,535,272,247,"2430","24","",10,520,34400,31600,130,39.6
"2430110","CSD","Stratford (CT)",119.8637,1036,946,533,"2430","24","",25,1005,36400,32800,230,39
"2431008","CSD","Beaulac-Garthby (MÉ)",75.9611,931,814,478,"2431","24","",5,910,34800,32000,200,43.1
"2431015","CSD","Disraeli (V)",6.7988,2360,1311,1226,"2431","24","",10,2270,27400,27000,510,40.9
"2431020","CSD","Disraeli (PE)",92.5343,1163,754,540,"2431","24","",0,1155,34400,31200,290,40.6
"2431030","CSD","Saint-Fortunat (MÉ)",76.0872,255,164,133,"2431","24","",5,255,27200,25600,95,46.6
"2431035","CSD","Saint-Julien (MÉ)",81.7019,378,203,172,"2431","24","",0,380,28600,26600,105,46
"2431040","CSD","Irlande (MÉ)",109.8482,897,435,383,"2431","24","",5,885,38800,34400,175,37.9
"2431045","CSD","Saint-Joseph-de-Coleraine (MÉ)",126.7627,1820,1124,866,"2431","24","24430",10,1775,31600,29400,415,42.1
"2431050","CSD","Sainte-Praxède (PE)",136.1767,351,290,157,"2431","24","",0,350,33600,32400,70,46
"2431056","CSD","Adstock (MÉ)",290.0276,2903,1767,1276,"2431","24","",25,2820,38000,33600,805,42.8
"2431060","CSD","Sainte-Clotilde-de-Beauce (MÉ)",60.5459,569,261,233,"2431","24","",0,550,28400,28000,200,44.8
"2431084","CSD","Thetford Mines (V)",225.9736,26072,13059,12216,"2431","24","24430",225,24860,33200,30200,5985,41.6
"2431095","CSD","Saint-Adrien-d'Irlande (MÉ)",53.1798,395,209,178,"2431","24","24430",0,390,26400,26000,105,39.2
"2431100","CSD","Saint-Jean-de-Brébeuf (MÉ)",79.1488,351,171,157,"2431","24","",10,330,30400,27600,100,44.4
"2431105","CSD","Kinnear's Mills (MÉ)",93.6645,397,194,168,"2431","24","",40,345,30000,28400,110,41.2
"2431122","CSD","East Broughton (MÉ)",8.8556,2248,1059,1014,"2431","24","",15,2170,28200,27000,585,40.7
"2431130","CSD","Sacré-Coeur-de-Jésus (PE)",104.7261,536,277,223,"2431","24","",5,530,32000,32000,130,45.4
"2431135","CSD","Saint-Pierre-de-Broughton (MÉ)",150.5574,889,453,396,"2431","24","",10,865,36800,33200,265,44
"2431140","CSD","Saint-Jacques-de-Leeds (MÉ)",80.5613,711,357,315,"2431","24","",15,690,28800,27800,190,41.7
"2432013","CSD","Saint-Ferdinand (MÉ)",137.1571,2007,1277,988,"2432","24","",20,1960,37600,33600,490,41.6
"2432023","CSD","Sainte-Sophie-d'Halifax (MÉ)",92.1266,595,258,241,"2432","24","",0,595,38800,34400,185,41.6
"2432033","CSD","Princeville (V)",195.0069,6218,2903,2781,"2432","24","",25,6035,36800,32800,1965,43.5
"2432040","CSD","Plessisville (V)",4.9178,6414,3456,3158,"2432","24","",30,6035,32800,30200,1750,42.5
"2432045","CSD","Plessisville (PE)",141.1908,2655,1091,1062,"2432","24","",5,2595,38400,34400,845,43.7
"2432050","CSD","Saint-Pierre-Baptiste (PE)",81.7669,560,318,237,"2432","24","",5,540,34400,31600,175,41.3
"2432058","CSD","Inverness (MÉ)",176.1079,910,559,422,"2432","24","",30,870,36800,33200,270,45.4
"2432065","CSD","Lyster (MÉ)",167.5546,1587,776,681,"2432","24","",0,1530,32800,30400,435,43.4
"2432072","CSD","Laurierville (MÉ)",107.9139,1313,605,580,"2432","24","",0,1290,36000,32000,405,43.8
"2432080","CSD","Notre-Dame-de-Lourdes (PE)",81.3904,787,361,332,"2432","24","",0,775,28400,27600,215,41.1
"2432085","CSD","Villeroy (MÉ)",101.8987,488,235,211,"2432","24","",0,475,36800,33200,135,38.2
"2433007","CSD","Saint-Sylvestre (MÉ)",147.1476,1019,488,436,"2433","24","",10,965,35600,32800,315,43.1
"2433017","CSD","Sainte-Agathe-de-Lotbinière (MÉ)",166.9891,1049,515,473,"2433","24","",15,980,33200,30600,330,43.5
"2433025","CSD","Saint-Patrice-de-Beaurivage (MÉ)",85.7254,1109,474,452,"2433","24","",5,1085,39200,36000,365,43.4
"2433030","CSD","Saint-Narcisse-de-Beaurivage (PE)",62.0658,1152,466,446,"2433","24","",0,1115,38000,33200,425,45.4
"2433035","CSD","Saint-Gilles (MÉ)",177.4275,2910,1264,1202,"2433","24","",5,2870,33600,30800,880,43.1
"2433040","CSD","Dosquet (MÉ)",65.0699,935,454,427,"2433","24","",5,925,38000,34000,270,43.3
"2433045","CSD","Saint-Agapit (MÉ)",65.4037,4526,1967,1914,"2433","24","",15,4470,42400,36800,1450,43.6
"2433052","CSD","Saint-Flavien (MÉ)",66.1639,1619,735,663,"2433","24","",5,1505,36000,32400,460,43.4
"2433060","CSD","Laurier-Station (VL)",12.1601,2570,1164,1126,"2433","24","",10,2510,37200,33200,720,42.8
"2433065","CSD","Saint-Janvier-de-Joly (MÉ)",109.88,1079,500,471,"2433","24","",0,1075,35600,31200,285,42.8
"2433070","CSD","Val-Alain (MÉ)",102.5414,986,468,437,"2433","24","",15,965,28600,26600,290,41.7
"2433080","CSD","Saint-Édouard-de-Lotbinière (PE)",98.4278,1240,557,520,"2433","24","",5,1190,38400,34800,390,43.7
"2433085","CSD","Notre-Dame-du-Sacré-Coeur-d'Issoudun (PE)",60.3168,867,370,351,"2433","24","",0,855,37200,34400,295,43
"2433090","CSD","Saint-Apollinaire (MÉ)",96.8279,7968,3449,3307,"2433","24","24421",35,7780,44400,38400,2630,44.1
"2433095","CSD","Saint-Antoine-de-Tilly (MÉ)",59.9474,1682,853,737,"2433","24","24421",10,1635,46400,39600,490,42.7
"2433102","CSD","Sainte-Croix (MÉ)",69.6348,2529,1287,1125,"2433","24","",20,2320,35200,31000,745,41.9
"2433115","CSD","Lotbinière (MÉ)",79.9123,855,562,424,"2433","24","",10,805,36800,32000,190,41.3
"2433123","CSD","Leclercville (MÉ)",136.6149,491,270,230,"2433","24","",5,485,29600,28200,115,41.8
"2434007","CSD","Neuville (V)",71.9237,4475,1967,1889,"2434","24","24421",30,4400,44800,39200,1475,43.2
"2434017","CSD","Pont-Rouge (V)",121.115,10121,4344,4178,"2434","24","",100,9720,44800,38800,3245,43.1
"2434025","CSD","Donnacona (V)",20.1957,7436,3410,3300,"2434","24","",65,6975,34800,31600,1940,42.5
"2434030","CSD","Cap-Santé (V)",54.4866,3594,1589,1509,"2434","24","",35,3510,45200,38400,1210,44.2
"2434038","CSD","Saint-Basile (V)",98.8394,2709,1327,1262,"2434","24","",25,2640,33200,30200,730,43.8
"2434048","CSD","Portneuf (V)",109.0974,3329,1696,1609,"2434","24","",35,3235,34400,31400,875,41.8
"2434058","CSD","Deschambault-Grondines (MÉ)",124.0221,2235,1169,1044,"2434","24","",10,2185,37600,34000,605,41.9
"2434060","CSD","Saint-Gilbert (PE)",37.4377,283,122,117,"2434","24","",0,280,36400,34800,70,39.6
"2434065","CSD","Saint-Marc-des-Carrières (V)",17.2923,2901,1393,1342,"2434","24","",15,2825,30600,28400,690,42.6
"2434078","CSD","Saint-Casimir (MÉ)",66.4999,1449,755,693,"2434","24","",5,1390,31000,29200,335,42.2
"2434085","CSD","Saint-Thuribe (PE)",51.0008,298,158,133,"2434","24","",5,290,27800,26000,65,39.6
"2434090","CSD","Saint-Ubalde (MÉ)",140.72,1456,1055,735,"2434","24","",15,1425,30600,29200,310,39.1
"2434097","CSD","Saint-Alban (MÉ)",148.4659,1196,776,582,"2434","24","",5,1185,31800,30400,325,41.6
"2434105","CSD","Sainte-Christine-d'Auvergne (MÉ)",143.5974,617,485,323,"2434","24","",5,605,38000,33600,155,41.2
"2434115","CSD","Saint-Léonard-de-Portneuf (MÉ)",141.8048,1140,659,523,"2434","24","",10,1125,35600,32800,310,42.5
"2434120","CSD","Lac-Sergent (V)",3.7245,541,432,263,"2434","24","",5,525,50800,42400,160,43.4
"2434128","CSD","Saint-Raymond (V)",666.2015,11108,5752,4972,"2434","24","",110,10860,38000,34400,3190,42.9
"2434135","CSD","Rivière-à-Pierre (MÉ)",515.6214,625,609,328,"2434","24","",0,625,40400,35200,130,41.4
"2435005","CSD","Notre-Dame-de-Montauban (MÉ)",162.4048,815,731,443,"2435","24","",0,805,26800,26800,110,40.2
"2435010","CSD","Lac-aux-Sables (PE)",269.6977,1380,1157,744,"2435","24","",0,1355,31600,28800,205,36.3
"2435015","CSD","Saint-Adelphe (PE)",137.0826,922,557,453,"2435","24","",15,885,33200,30800,270,43.8
"2435020","CSD","Saint-Séverin (PE)",61.645,812,396,365,"2435","24","",5,785,28800,27200,245,41.9
"2435027","CSD","Saint-Tite (V)",91.1012,3672,2271,1915,"2435","24","",15,3580,30000,28200,735,40.7
"2435035","CSD","Hérouxville (PE)",54.7212,1367,685,626,"2435","24","",10,1340,36800,33200,300,38
"2435040","CSD","Grandes-Piles (VL)",116.9679,493,324,258,"2435","24","",0,485,38000,34000,115,36.6
"2435045","CSD","Saint-Roch-de-Mékinac (PE)",144.5224,304,295,174,"2435","24","",5,300,33600,31000,115,38.8
"2435050","CSD","Sainte-Thècle (MÉ)",212.4784,2415,1421,1182,"2435","24","",5,2340,27800,26000,465,40.4
"2435055","CSD","Trois-Rives (MÉ)",597.7625,512,544,288,"2435","24","",5,505,34400,31800,85,37.8
"2436033","CSD","Shawinigan (V)",729.9827,49620,27444,25060,"2436","24","24444",455,47410,30000,28000,10785,41.2
"2437067","CSD","Trois-Rivières (V)",288.6548,139163,70411,66822,"2437","24","24442",1220,131030,33200,30200,34975,41.3
"2437205","CSD","Sainte-Anne-de-la-Pérade (MÉ)",109.284,2031,1109,978,"2437","24","",5,1955,31400,29200,470,42.1
"2437210","CSD","Batiscan (MÉ)",43.2466,958,545,476,"2437","24","",0,945,38000,34400,215,41.1
"2437215","CSD","Sainte-Geneviève-de-Batiscan (PE)",97.6493,1028,571,514,"2437","24","",5,1015,36800,32400,270,39.5
"2437220","CSD","Champlain (MÉ)",58.1732,1807,957,862,"2437","24","24442",15,1775,40800,35600,460,41.6
"2437225","CSD","Saint-Luc-de-Vincennes (MÉ)",53.7842,519,263,252,"2437","24","24442",0,510,30600,28200,145,40.6
"2437230","CSD","Saint-Maurice (PE)",91.3556,3432,1409,1360,"2437","24","24442",20,3355,34000,31600,980,42.1
"2437235","CSD","Notre-Dame-du-Mont-Carmel (PE)",128.2904,6121,2678,2558,"2437","24","",60,6010,40000,35600,1615,41.4
"2437240","CSD","Saint-Narcisse (PE)",106.7424,1801,916,851,"2437","24","",5,1730,31600,29800,420,40.9
"2437245","CSD","Saint-Stanislas (MÉ)",89.3762,1001,578,506,"2437","24","",10,975,32800,29200,285,42.1
"2437250","CSD","Saint-Prosper-de-Champlain (MÉ)",94.1111,482,264,244,"2437","24","",0,475,32800,30000,75,39.8
"2438005","CSD","Saint-Sylvère (MÉ)",86.2976,786,367,346,"2438","24","",0,765,27200,26200,215,41.4
"2438010","CSD","Bécancour (V)",439.5416,13561,6348,6034,"2438","24","24442",75,12965,39600,35200,4080,43.2
"2438015","CSD","Sainte-Marie-de-Blandford (MÉ)",69.3042,443,290,223,"2438","24","",0,440,39200,31800,70,39.2
"2438020","CSD","Lemieux (MÉ)",74.6008,292,132,126,"2438","24","",0,275,24000,24000,55,38.8
"2438028","CSD","Manseau (MÉ)",104.4786,807,422,385,"2438","24","",0,800,26400,25800,150,39.8
"2438035","CSD","Sainte-Françoise (MÉ)",87.0228,467,238,216,"2438","24","",0,460,38400,33600,190,44.8
"2438040","CSD","Sainte-Sophie-de-Lévrard (PE)",84.0513,704,415,357,"2438","24","",5,690,31000,28800,150,41.4
"2438047","CSD","Fortierville (MÉ)",44.5455,660,301,282,"2438","24","",10,570,25200,24800,130,42.2
"2438055","CSD","Parisville (PE)",35.5784,396,198,179,"2438","24","",0,380,32000,30800,95,43.2
"2438060","CSD","Sainte-Cécile-de-Lévrard (PE)",32.3173,349,163,153,"2438","24","",0,345,34800,31600,125,41.6
"2438065","CSD","Saint-Pierre-les-Becquets (MÉ)",48.141,1183,627,533,"2438","24","",10,1120,39600,35600,235,40.1
"2438070","CSD","Deschaillons-sur-Saint-Laurent (MÉ)",36.5098,906,541,460,"2438","24","",5,890,32800,30200,170,38.7
"2439005","CSD","Saints-Martyrs-Canadiens (PE)",111.402,277,269,148,"2439","24","",5,265,40800,34800,55,40.4
"2439010","CSD","Ham-Nord (CT)",103.983,857,446,393,"2439","24","",5,800,28800,27000,230,43.1
"2439015","CSD","Notre-Dame-de-Ham (MÉ)",31.0472,414,233,204,"2439","24","",0,405,31400,29400,110,39
"2439020","CSD","Saint-Rémi-de-Tingwick (MÉ)",72.9731,446,269,208,"2439","24","",5,440,36400,32000,120,43.8
"2439025","CSD","Tingwick (MÉ)",169.482,1484,759,650,"2439","24","",15,1445,34400,30600,485,42.7
"2439030","CSD","Chesterville (MÉ)",116.7155,877,422,363,"2439","24","24440",5,860,35600,32000,230,40.5
"2439035","CSD","Sainte-Hélène-de-Chester (MÉ)",83.7212,384,204,169,"2439","24","",5,375,32000,29800,140,44.6
"2439043","CSD","Saint-Norbert-d'Arthabaska (MÉ)",102.9763,1247,509,481,"2439","24","",5,1235,38000,32400,345,44.6
"2439060","CSD","Saint-Christophe-d'Arthabaska (PE)",68.9627,3111,1222,1178,"2439","24","24440",15,3045,39600,35200,975,43.7
"2439062","CSD","Victoriaville (V)",84.3255,47760,23106,21864,"2439","24","24440",235,45460,33200,30200,11930,41.9
"2439077","CSD","Warwick (V)",109.5959,4729,2136,2063,"2439","24","",40,4440,37200,33200,1300,42.1
"2439085","CSD","Saint-Albert (MÉ)",69.4311,1640,692,661,"2439","24","",5,1615,37200,33200,490,43
"2439090","CSD","Sainte-Élizabeth-de-Warwick (MÉ)",51.8672,383,151,145,"2439","24","",0,375,27000,24800,160,46.8
"2439097","CSD","Kingsey Falls (V)",69.3614,1986,837,800,"2439","24","",50,1905,46400,40000,775,44.1
"2439105","CSD","Sainte-Séraphine (PE)",75.861,441,224,176,"2439","24","",0,425,28400,27400,90,37.8
"2439117","CSD","Sainte-Clotilde-de-Horton (MÉ)",114.655,1563,820,684,"2439","24","",10,1530,37600,32400,415,42.7
"2439130","CSD","Saint-Samuel (MÉ)",43.2104,765,368,330,"2439","24","",10,755,37600,32800,185,38.2
"2439135","CSD","Saint-Valère (MÉ)",108.1005,1188,529,505,"2439","24","24440",5,1170,36400,32400,390,43.6
"2439145","CSD","Saint-Rosaire (PE)",109.5317,932,395,363,"2439","24","",0,915,36800,33600,225,41.3
"2439152","CSD","Daveluyville (V)",61.7056,2360,1154,1077,"2439","24","",25,2310,32000,29000,590,42.9
"2439165","CSD","Maddington Falls (MÉ)",23.8183,428,228,213,"2439","24","",0,425,29200,27800,95,41.6
"2439170","CSD","Saint-Louis-de-Blandford (MÉ)",104.3612,1076,583,491,"2439","24","",10,1040,40400,35200,345,42.1
"2440010","CSD","Saint-Adrien (MÉ)",98.5174,522,262,235,"2440","24","",5,510,23800,23800,120,41
"2440017","CSD","Wotton (MÉ)",143.1516,1402,680,601,"2440","24","",10,1360,32800,30600,385,43.2
"2440025","CSD","Saint-Camille (CT)",83.095,551,245,225,"2440","24","",5,535,32400,28800,125,41
"2440032","CSD","Saint-Georges-de-Windsor (MÉ)",127.4625,958,460,398,"2440","24","",5,935,37600,34000,300,44.5
"2440043","CSD","Val-des-Sources (V)",30.2513,7088,3691,3460,"2440","24","",140,6690,27400,26600,1415,41.1
"2440047","CSD","Danville (V)",151.7295,3888,1878,1778,"2440","24","",250,3565,31400,29000,1005,41.9
"2441012","CSD","Saint-Isidore-de-Clifton (MÉ)",176.9408,673,353,316,"2441","24","",55,610,29200,27200,230,42.7
"2441020","CSD","Chartierville (MÉ)",141.9367,319,231,167,"2441","24","",10,305,34800,30800,105,44.8
"2441027","CSD","La Patrie (MÉ)",204.6123,805,425,362,"2441","24","",20,775,30600,27800,145,40.7
"2441037","CSD","Newport (MÉ)",270.628,698,401,316,"2441","24","",210,475,30600,29000,160,40.1
"2441038","CSD","Cookshire-Eaton (V)",296.2498,5344,2283,2190,"2441","24","",1075,4160,35600,32000,1605,43.8
"2441055","CSD","Ascot Corner (MÉ)",81.6433,3368,1364,1310,"2441","24","24433",80,3240,37200,32800,1080,44
"2441060","CSD","East Angus (V)",7.8394,3840,1718,1653,"2441","24","",95,3575,32800,30200,1010,43
"2441065","CSD","Westbury (CT)",55.61,1097,440,424,"2441","24","",30,1055,42800,37200,280,43
"2441070","CSD","Bury (MÉ)",234.1266,1252,607,519,"2441","24","",325,865,29800,28000,345,43.5
"2441080","CSD","Scotstown (V)",11.4448,459,272,230,"2441","24","",40,415,23800,23800,125,41.2
"2441085","CSD","Lingwick (CT)",243.0124,456,334,222,"2441","24","",55,390,28400,27800,95,43.6
"2441098","CSD","Weedon (MÉ)",215.9455,2667,1633,1283,"2441","24","",25,2540,29400,28200,635,42
"2441117","CSD","Dudswell (MÉ)",218.0143,1755,1062,801,"2441","24","",95,1630,32400,29800,480,42.2
"2442005","CSD","Stoke (MÉ)",255.1217,3014,1283,1221,"2442","24","24433",15,2965,41600,37200,990,42.7
"2442020","CSD","Saint-François-Xavier-de-Brompton (MÉ)",97.712,2469,1058,1020,"2442","24","",50,2390,39200,34800,790,44.4
"2442025","CSD","Saint-Denis-de-Brompton (MÉ)",70.2866,4594,2095,1838,"2442","24","24433",75,4425,46000,39600,1395,42.7
"2442032","CSD","Racine (MÉ)",105.6335,1340,706,583,"2442","24","",30,1275,44000,39600,365,42.6
"2442040","CSD","Bonsecours (MÉ)",60.3623,650,326,293,"2442","24","",15,620,40000,35600,145,39.2
"2442045","CSD","Lawrenceville (VL)",16.7273,618,295,283,"2442","24","",10,600,41600,36800,140,38.8
"2442050","CSD","Sainte-Anne-de-la-Rochelle (MÉ)",61.8591,625,277,254,"2442","24","",20,595,34800,31800,185,42
"2442055","CSD","Valcourt (V)",5.4126,2139,1123,1052,"2442","24","",35,2005,34800,31600,580,42.1
"2442060","CSD","Valcourt (CT)",80.3932,1029,493,461,"2442","24","",15,1000,42000,35200,310,43.5
"2442065","CSD","Maricourt (MÉ)",61.1013,456,204,193,"2442","24","",15,435,27000,26800,110,41.8
"2442075","CSD","Melbourne (CT)",173.9327,1096,494,439,"2442","24","",300,750,46000,40400,280,38.4
"2442078","CSD","Ulverton (MÉ)",51.2733,433,214,183,"2442","24","",70,345,37200,35600,140,42.8
"2442088","CSD","Windsor (V)",14.5328,5294,2446,2362,"2442","24","",100,4885,34400,31000,1400,42.9
"2442095","CSD","Val-Joli (MÉ)",91.6864,1671,723,695,"2442","24","24433",40,1605,39200,34000,550,44.9
"2442098","CSD","Richmond (V)",6.9815,3259,1720,1609,"2442","24","",735,2350,30400,28400,860,43.6
"2442100","CSD","Saint-Claude (MÉ)",118.8463,1141,585,491,"2442","24","",15,1115,40400,33600,330,43.3
"2442110","CSD","Cleveland (CT)",123.5897,1581,696,588,"2442","24","",360,1010,39600,34000,415,43.1
"2443027","CSD","Sherbrooke (V)",353.3966,172950,86019,80476,"2443","24","24433",7010,151325,32400,29800,44750,41.2
"2444003","CSD","Saint-Malo (MÉ)",131.8306,514,265,202,"2444","24","",25,485,30800,29600,180,45.8
"2444010","CSD","East Hereford (MÉ)",72.1021,282,158,125,"2444","24","",15,255,36000,31600,75,45.6
"2444015","CSD","Saint-Herménégilde (MÉ)",166.1533,690,543,329,"2444","24","",55,635,29000,27200,225,42.8
"2444023","CSD","Dixville (MÉ)",76.5616,732,303,282,"2444","24","",55,660,36000,32400,215,40.8
"2444037","CSD","Coaticook (V)",219.4496,8867,4282,4023,"2444","24","",405,8205,32400,30000,2430,43
"2444045","CSD","Barnston-Ouest (MÉ)",99.356,546,259,214,"2444","24","",150,375,24000,23400,125,43.8
"2444050","CSD","Stanstead-Est (MÉ)",114.5358,642,314,264,"2444","24","",285,335,27600,26400,165,42.1
"2444055","CSD","Sainte-Edwidge-de-Clifton (CT)",101.8446,546,208,200,"2444","24","",5,535,37600,34400,205,42.6
"2444060","CSD","Martinville (MÉ)",47.6616,441,191,181,"2444","24","",5,415,31000,27800,150,42.4
"2444071","CSD","Compton (MÉ)",206.5839,3270,1379,1304,"2444","24","24433",340,2855,34000,30800,985,42.1
"2444080","CSD","Waterville (V)",44.0289,2307,950,909,"2444","24","24433",580,1620,35600,32800,580,41.8
"2445008","CSD","Stanstead (V)",21.9454,2824,1381,1274,"2445","24","",1660,990,27400,26400,655,40.7
"2445020","CSD","Ogden (MÉ)",74.6777,761,563,352,"2445","24","",410,305,37200,32400,125,38.4
"2445025","CSD","Stanstead (CT)",113.1965,1148,957,553,"2445","24","",385,715,34400,31400,255,39.4
"2445030","CSD","Potton (CT)",260.7693,2012,1965,1027,"2445","24","",875,1030,36000,33200,465,40
"2445035","CSD","Ayer's Cliff (VL)",5.5313,1180,643,531,"2445","24","",415,705,38400,35600,345,41.2
"2445043","CSD","Hatley (MÉ)",60.429,771,472,340,"2445","24","",270,475,46000,39200,200,42.6
"2445050","CSD","North Hatley (VL)",3.3501,675,450,319,"2445","24","24433",280,365,43200,37600,125,37.6
"2445055","CSD","Hatley (CT)",71.5975,2230,954,895,"2445","24","24433",490,1695,46800,40400,590,40.6
"2445060","CSD","Sainte-Catherine-de-Hatley (MÉ)",86.3434,2741,1429,1175,"2445","24","",195,2500,44000,38400,750,41.3
"2445072","CSD","Magog (V)",144.2618,28312,15009,13439,"2445","24","24433",1425,25790,33600,30800,6615,41.3
"2445085","CSD","Austin (MÉ)",73.578,1748,1410,868,"2445","24","",260,1435,49200,42400,470,41.4
"2445093","CSD","Eastman (MÉ)",73.5701,2279,1548,1095,"2445","24","",100,2130,46000,39600,580,39.8
"2445095","CSD","Bolton-Est (MÉ)",79.3934,1108,856,558,"2445","24","",275,795,42800,36800,255,39.8
"2445100","CSD","Saint-Étienne-de-Bolton (MÉ)",47.2668,816,572,414,"2445","24","",50,750,34400,31800,175,41.9
"2445105","CSD","Stukely-Sud (VL)",63.1914,1142,599,510,"2445","24","",150,960,36400,33200,310,40.5
"2445115","CSD","Orford (CT)",136.1392,5007,3099,2244,"2445","24","24433",200,4715,48800,41600,1455,40.9
"2446005","CSD","Abercorn (VL)",26.7192,341,240,180,"2446","24","",115,215,43600,36800,75,39.4
"2446010","CSD","Frelighsburg (MÉ)",123.3111,1123,622,515,"2446","24","",200,880,32800,30800,260,40
"2446017","CSD","Saint-Armand (MÉ)",83.1598,1228,682,590,"2446","24","",320,850,34000,31400,375,42.1
"2446025","CSD","Pike River (MÉ)",40.7667,503,249,216,"2446","24","",60,425,31600,30000,155,45.8
"2446030","CSD","Stanbridge Station (MÉ)",18.0687,291,129,119,"2446","24","",35,250,40400,35200,110,46.8
"2446035","CSD","Bedford (V)",4.2328,2558,1324,1233,"2446","24","",515,1905,29800,28400,620,42
"2446040","CSD","Bedford (CT)",31.9561,658,282,273,"2446","24","",165,440,37600,35200,225,44.4
"2446045","CSD","Stanbridge East (MÉ)",49.4129,834,394,364,"2446","24","",395,395,32000,29800,205,42.9
"2446050","CSD","Dunham (V)",193.8622,3599,1758,1529,"2446","24","",690,2725,41600,36800,970,41.9
"2446058","CSD","Sutton (V)",245.688,4548,3767,2388,"2446","24","",1275,3010,37200,33200,965,38.5
"2446065","CSD","Bolton-Ouest (MÉ)",100.9441,732,522,347,"2446","24","",360,335,35600,31400,175,37.9
"2446070","CSD","Brome (VL)",11.5612,341,169,151,"2446","24","",215,115,27600,27200,95,43.6
"2446075","CSD","Lac-Brome (V)",206.899,5923,3683,2828,"2446","24","",2640,2970,40000,34800,1360,39.8
"2446078","CSD","Bromont (V)",114.05,11357,6249,5062,"2446","24","24450",575,10320,50000,42800,3450,41.6
"2446080","CSD","Cowansville (V)",46.8747,15234,7247,6980,"2446","24","24437",2200,11605,33200,30400,3570,41.6
"2446085","CSD","East Farnham (MÉ)",5.0197,612,271,266,"2446","24","",120,485,44000,37200,235,43.5
"2446090","CSD","Brigham (MÉ)",86.917,2282,1027,958,"2446","24","",250,1985,37200,33200,690,43
"2446095","CSD","Saint-Ignace-de-Stanbridge (MÉ)",69.4183,677,285,265,"2446","24","",85,575,40400,35200,185,41.7
"2446100","CSD","Notre-Dame-de-Stanbridge (MÉ)",43.8894,691,294,281,"2446","24","",50,605,34000,31400,185,42.6
"2446105","CSD","Sainte-Sabine (MÉ)",55.3264,1105,440,423,"2446","24","",35,1055,40800,35600,365,44
"2446112","CSD","Farnham (V)",92.1181,10149,4697,4446,"2446","24","",325,9545,35200,32000,2735,42.4
"2447010","CSD","Saint-Alphonse-de-Granby (MÉ)",50.1231,3341,1289,1261,"2447","24","24450",90,3185,46400,40000,1085,43.5
"2447017","CSD","Granby (V)",152.6858,69025,32766,31850,"2447","24","24450",1150,63545,34800,31400,17930,41.6
"2447025","CSD","Waterloo (V)",12.2329,4920,2404,2242,"2447","24","",620,4080,29400,28000,1220,41.4
"2447030","CSD","Warden (VL)",5.4607,362,163,155,"2447","24","",55,300,28000,26600,95,41.6
"2447035","CSD","Shefford (CT)",117.9909,7253,3095,2909,"2447","24","",465,6625,42800,37200,2195,42.3
"2447040","CSD","Saint-Joachim-de-Shefford (MÉ)",126.913,1476,609,571,"2447","24","",70,1385,33600,31400,385,41.4
"2447047","CSD","Roxton Pond (MÉ)",97.6365,4224,1840,1743,"2447","24","24450",55,4110,38000,34000,1340,43.1
"2447055","CSD","Sainte-Cécile-de-Milton (MÉ)",72.9599,2195,864,832,"2447","24","",15,2165,37200,34000,700,42.8
"2448005","CSD","Béthanie (MÉ)",47.0121,350,155,142,"2448","24","",15,325,35200,33200,95,43.8
"2448010","CSD","Roxton Falls (VL)",4.9388,1322,641,615,"2448","24","",10,1305,27000,25800,280,39.4
"2448015","CSD","Roxton (CT)",148.9338,1115,483,445,"2448","24","",20,1080,29800,27400,370,45.6
"2448020","CSD","Sainte-Christine (PE)",92.1238,772,341,313,"2448","24","",0,750,36800,31000,180,39.7
"2448028","CSD","Acton Vale (V)",91.0058,7605,3628,3479,"2448","24","",60,7395,32000,29600,2135,43.2
"2448038","CSD","Upton (MÉ)",54.7702,2046,921,869,"2448","24","",10,1995,39200,35200,635,43.8
"2448045","CSD","Saint-Théodore-d'Acton (MÉ)",82.8186,1564,642,620,"2448","24","",15,1535,33200,31000,470,43.6
"2448050","CSD","Saint-Nazaire-d'Acton (PE)",58.0381,880,374,361,"2448","24","",5,855,41200,36800,300,45.6
"2449005","CSD","Saint-Félix-de-Kingsey (MÉ)",126.2769,1493,744,658,"2449","24","",115,1345,32800,29400,380,42.2
"2449015","CSD","Durham-Sud (MÉ)",92.6403,1051,455,428,"2449","24","",75,940,29800,27800,265,43.5
"2449020","CSD","Lefebvre (MÉ)",66.1808,925,388,360,"2449","24","24447",10,910,34800,31200,260,43.2
"2449025","CSD","L'Avenir (MÉ)",97.5854,1350,558,532,"2449","24","24447",25,1310,31600,29600,365,41
"2449030","CSD","Saint-Lucien (MÉ)",110.9862,1801,917,797,"2449","24","24447",10,1775,34800,31200,500,40.4
"2449040","CSD","Wickham (MÉ)",98.6289,2587,1074,1038,"2449","24","24447",20,2530,34800,31400,795,41.8
"2449048","CSD","Saint-Germain-de-Grantham (MÉ)",87.4676,4922,2062,2016,"2449","24","24447",45,4810,38000,33600,1595,43.1
"2449058","CSD","Drummondville (V)",247.1081,79258,37931,36727,"2449","24","24447",700,74585,33200,30200,21300,42
"2449070","CSD","Saint-Cyrille-de-Wendover (MÉ)",110.2041,4920,1937,1871,"2449","24","24447",15,4830,37200,33200,1505,42.9
"2449075","CSD","Notre-Dame-du-Bon-Conseil (VL)",4.2014,1708,730,711,"2449","24","24447",0,1615,37600,33200,465,41.6
"2449080","CSD","Notre-Dame-du-Bon-Conseil (PE)",87.4894,885,409,391,"2449","24","24447",5,875,36000,30400,270,43.8
"2449085","CSD","Sainte-Brigitte-des-Saults (PE)",70.7869,737,321,305,"2449","24","",0,690,31400,27600,240,44.4
"2449095","CSD","Saint-Majorique-de-Grantham (PE)",57.4973,1384,536,524,"2449","24","24447",5,1370,35600,31400,385,41.8
"2449100","CSD","Saint-Edmond-de-Grantham (PE)",48.2935,804,324,301,"2449","24","24447",5,795,44800,38400,250,45.2
"2449105","CSD","Saint-Eugène (MÉ)",75.8409,1139,536,488,"2449","24","",10,1115,31200,29400,285,39.7
"2449113","CSD","Saint-Guillaume (MÉ)",87.9129,1491,700,655,"2449","24","",5,1455,34000,30400,435,42.2
"2449125","CSD","Saint-Bonaventure (MÉ)",78.7206,1066,457,429,"2449","24","24447",0,1055,41600,36800,325,43.8
"2449130","CSD","Saint-Pie-de-Guire (PE)",51.2745,446,206,185,"2449","24","",0,445,38800,34000,140,41.4
"2450005","CSD","Sainte-Eulalie (MÉ)",86.3016,984,448,416,"2450","24","",10,955,32800,30200,285,40.5
"2450013","CSD","Aston-Jonction (MÉ)",26.2005,441,180,170,"2450","24","",0,440,36000,32800,130,43.2
"2450023","CSD","Saint-Wenceslas (MÉ)",79.5667,1167,551,499,"2450","24","",10,1150,39200,34400,310,40.6
"2450030","CSD","Saint-Célestin (VL)",1.4128,892,403,382,"2450","24","",10,815,32000,29400,255,44.7
"2450035","CSD","Saint-Célestin (MÉ)",76.9924,594,260,245,"2450","24","",0,585,36800,32000,205,45.4
"2450042","CSD","Saint-Léonard-d'Aston (MÉ)",82.546,2530,1163,1102,"2450","24","",15,2460,37600,33600,645,40.5
"2450050","CSD","Sainte-Perpétue (PE)",71.5103,916,407,384,"2450","24","",5,900,30200,27200,295,42.7
"2450057","CSD","Sainte-Monique (MÉ)",58.1023,519,232,218,"2450","24","",0,520,34000,30600,145,42.2
"2450065","CSD","Grand-Saint-Esprit (MÉ)",27.2189,488,214,204,"2450","24","",0,480,31400,28800,170,43
"2450072","CSD","Nicolet (V)",96.1132,8620,3923,3752,"2450","24","",35,7975,35600,32000,2145,42.6
"2450085","CSD","La Visitation-de-Yamaska (MÉ)",42.6468,295,149,139,"2450","24","",0,290,43200,36400,80,42.2
"2450090","CSD","Saint-Zéphirin-de-Courval (PE)",71.9423,707,310,291,"2450","24","",0,685,31600,30000,250,43.1
"2450095","CSD","Saint-Elphège (PE)",40.5339,251,110,102,"2450","24","",0,245,38400,35200,55,36.8
"2450100","CSD","Baie-du-Febvre (MÉ)",96.7761,961,517,447,"2450","24","",0,945,34000,30400,285,44.5
"2450113","CSD","Pierreville (MÉ)",77.7065,2104,1196,1051,"2450","24","",10,2090,28400,27400,550,42.8
"2450128","CSD","Saint-François-du-Lac (MÉ)",63.8007,1898,1065,924,"2450","24","",5,1880,30400,29000,505,43.3
"2450802","CSD","Odanak (IRI)",5.6083,481,243,226,"2450","24","",25,440,30600,29400,130,39.4
"2451008","CSD","Maskinongé (MÉ)",73.3118,2323,1145,1087,"2451","24","",10,2280,30400,28600,600,42.9
"2451015","CSD","Louiseville (V)",62.589,7340,3857,3659,"2451","24","",35,6855,27200,26200,1595,41.9
"2451020","CSD","Yamachiche (MÉ)",106.3923,2813,1273,1208,"2451","24","24442",10,2760,36400,32400,810,42.1
"2451025","CSD","Saint-Barnabé (PE)",58.9367,1186,562,535,"2451","24","",20,1160,36800,32800,265,41.2
"2451030","CSD","Saint-Sévère (PE)",31.8506,337,155,144,"2451","24","",0,330,48800,43600,90,38.8
"2451035","CSD","Saint-Léon-le-Grand (PE)",75.973,863,393,369,"2451","24","",0,845,32000,28800,240,42.1
"2451040","CSD","Sainte-Ursule (MÉ)",67.8295,1355,722,650,"2451","24","",10,1330,31600,29200,310,40.2
"2451045","CSD","Saint-Justin (MÉ)",78.9563,961,511,460,"2451","24","",5,940,28800,27400,195,39.4
"2451050","CSD","Saint-Édouard-de-Maskinongé (MÉ)",52.824,798,402,359,"2451","24","",0,780,25800,24800,175,40.5
"2451055","CSD","Sainte-Angèle-de-Prémont (MÉ)",37.7345,631,349,310,"2451","24","",0,605,29000,27600,100,39.6
"2451060","CSD","Saint-Paulin (MÉ)",95.4055,1541,794,717,"2451","24","",5,1520,26800,25400,415,42.9
"2451065","CSD","Saint-Alexis-des-Monts (PE)",1035.7369,2999,2136,1593,"2451","24","",10,2965,28600,26800,520,38.5
"2451070","CSD","Saint-Mathieu-du-Parc (MÉ)",218.8453,1482,1164,766,"2451","24","",20,1445,42400,36400,365,38.6
"2451075","CSD","Saint-Élie-de-Caxton (MÉ)",116.8406,1934,1248,927,"2451","24","",10,1915,32800,30200,415,39.1
"2451080","CSD","Charette (MÉ)",41.9038,1034,519,485,"2451","24","",5,1025,30000,27800,240,40.7
"2451085","CSD","Saint-Boniface (MÉ)",107.415,5156,2205,2098,"2451","24","",20,5105,40400,35600,1400,41.3
"2451090","CSD","Saint-Étienne-des-Grès (PE)",104.5372,4539,1945,1874,"2451","24","",25,4460,37200,33600,1250,42.7
"2452007","CSD","Lavaltrie (V)",68.22,14425,5973,5838,"2452","24","24462",140,13985,39200,34800,3875,41.6
"2452017","CSD","Lanoraie (MÉ)",102.7361,5134,2199,2123,"2452","24","",80,4855,38800,34000,1300,41.4
"2452030","CSD","Sainte-Élisabeth (MÉ)",82.9957,1390,628,605,"2452","24","",5,1365,36400,32800,445,42.6
"2452035","CSD","Berthierville (V)",6.7711,4386,2225,2166,"2452","24","",30,4065,29400,27600,1080,41.6
"2452040","CSD","Sainte-Geneviève-de-Berthier (MÉ)",67.0273,2253,977,947,"2452","24","",10,2210,38400,33200,670,42.6
"2452045","CSD","Saint-Ignace-de-Loyola (MÉ)",31.9011,2048,997,941,"2452","24","",10,2030,36400,32000,565,42.4
"2452050","CSD","La Visitation-de-l'Île-Dupas (MÉ)",28.146,684,338,308,"2452","24","",0,680,36000,32800,170,42.2
"2452055","CSD","Saint-Barthélemy (PE)",105.3601,2087,1072,951,"2452","24","",10,2045,31800,29000,620,42.4
"2452062","CSD","Saint-Cuthbert (MÉ)",131.7194,1821,917,843,"2452","24","",10,1800,34800,31400,450,41.9
"2452070","CSD","Saint-Norbert (PE)",74.6025,1060,487,459,"2452","24","",5,1045,40400,34800,245,41.5
"2452080","CSD","Saint-Gabriel (V)",2.8068,2803,1502,1366,"2452","24","",45,2620,24000,23800,475,39.9
"2452085","CSD","Saint-Gabriel-de-Brandon (MÉ)",99.2277,2684,1585,1304,"2452","24","",15,2625,32400,29400,630,40.8
"2452090","CSD","Saint-Didace (PE)",99.5995,688,523,357,"2452","24","",5,675,32400,29800,145,41
"2452095","CSD","Mandeville (MÉ)",318.2133,2363,1860,1242,"2452","24","",55,2300,31400,28400,535,39.1
"2453005","CSD","Saint-David (MÉ)",92.9735,872,398,379,"2453","24","",10,840,29000,27200,255,42.4
"2453010","CSD","Massueville (VL)",1.5496,547,261,249,"2453","24","",5,540,36400,32000,150,40.6
"2453015","CSD","Saint-Aimé (MÉ)",60.5343,405,184,177,"2453","24","",0,400,34000,31800,150,43.2
"2453020","CSD","Saint-Robert (MÉ)",64.9665,1813,802,786,"2453","24","",5,1785,33600,31000,530,42.4
"2453025","CSD","Sainte-Victoire-de-Sorel (MÉ)",75.2632,2457,1157,1112,"2453","24","24454",5,2435,40400,35600,795,44
"2453032","CSD","Saint-Ours (V)",59.2299,1723,858,797,"2453","24","",20,1660,40400,34800,445,40.1
"2453040","CSD","Saint-Roch-de-Richelieu (MÉ)",34.439,2573,1172,1125,"2453","24","",15,2510,43200,37200,820,41.1
"2453050","CSD","Saint-Joseph-de-Sorel (V)",1.3577,1581,917,861,"2453","24","24454",20,1535,27800,25800,295,39.5
"2453052","CSD","Sorel-Tracy (V)",57.2759,35165,17749,17069,"2453","24","24454",300,33650,32800,29800,8420,42.1
"2453065","CSD","Sainte-Anne-de-Sorel (MÉ)",36.4103,2731,1350,1267,"2453","24","24454",10,2710,47200,40800,800,42
"2453072","CSD","Yamaska (MÉ)",72.8169,1736,932,799,"2453","24","",10,1695,32400,30200,520,43
"2454008","CSD","Saint-Pie (V)",107.4232,5847,2511,2413,"2454","24","",40,5710,40400,35600,1805,42.1
"2454017","CSD","Saint-Damase (MÉ)",79.6519,2447,1056,1022,"2454","24","",15,2410,39600,34800,875,41.9
"2454025","CSD","Sainte-Madeleine (VL)",5.363,2268,983,957,"2454","24","",5,2230,39600,34800,775,41.9
"2454030","CSD","Sainte-Marie-Madeleine (PE)",50.0366,2876,1190,1169,"2454","24","",15,2835,44400,39200,935,41.8
"2454035","CSD","La Présentation (MÉ)",94.3939,2638,1096,1066,"2454","24","",10,2600,44400,38800,940,44.1
"2454048","CSD","Saint-Hyacinthe (V)",188.8511,57239,28096,26870,"2454","24","24452",400,52390,34400,31200,15685,42.2
"2454060","CSD","Saint-Dominique (MÉ)",70.5252,2741,1119,1090,"2454","24","24452",10,2680,38000,34000,890,43.2
"2454065","CSD","Saint-Valérien-de-Milton (MÉ)",106.9223,1767,751,702,"2454","24","",10,1755,36800,34000,620,44.1
"2454072","CSD","Saint-Liboire (MÉ)",73.8236,3036,1178,1150,"2454","24","",5,2990,42400,37600,1105,43.6
"2454090","CSD","Saint-Simon (MÉ)",69.0489,1386,550,539,"2454","24","",5,1355,44800,37200,410,42.8
"2454095","CSD","Sainte-Hélène-de-Bagot (MÉ)",72.4097,1696,741,716,"2454","24","",10,1655,38800,34000,600,44.2
"2454100","CSD","Saint-Hugues (MÉ)",84.641,1340,571,540,"2454","24","",5,1320,40000,35600,415,42.8
"2454105","CSD","Saint-Barnabé-Sud (MÉ)",57.1977,962,389,373,"2454","24","",5,935,38400,35200,315,41.8
"2454110","CSD","Saint-Jude (MÉ)",77.3341,1326,542,523,"2454","24","",10,1305,40400,36400,405,43.4
"2454115","CSD","Saint-Bernard-de-Michaudville (MÉ)",66.0502,616,275,261,"2454","24","",0,600,37600,32000,160,41.2
"2454120","CSD","Saint-Louis (MÉ)",47.2102,740,352,330,"2454","24","",10,715,38800,34400,195,41
"2454125","CSD","Saint-Marcel-de-Richelieu (MÉ)",51.2721,507,225,210,"2454","24","",10,495,38400,35200,115,42.8
"2455008","CSD","Ange-Gardien (MÉ)",90.213,2889,1143,1114,"2455","24","",35,2755,42000,36800,1030,44.7
"2455015","CSD","Saint-Paul-d'Abbotsford (MÉ)",79.6045,2886,1216,1181,"2455","24","24450",45,2760,37200,34000,825,41.9
"2455023","CSD","Saint-Césaire (V)",83.062,5972,2641,2548,"2455","24","",55,5770,38000,34000,1930,43.6
"2455030","CSD","Sainte-Angèle-de-Monnoir (MÉ)",44.7964,1828,746,729,"2455","24","",35,1765,40000,34400,550,42.1
"2455037","CSD","Rougemont (MÉ)",43.9103,2696,1149,1117,"2455","24","",70,2565,39200,34400,820,41.5
"2455048","CSD","Marieville (V)",63.2313,11332,4776,4678,"2455","24","",190,10745,40000,35200,3440,43
"2455057","CSD","Richelieu (V)",30.9643,5742,2506,2414,"2455","24","24462",155,5315,39200,35200,1705,43.5
"2455065","CSD","Saint-Mathias-sur-Richelieu (MÉ)",47.0229,4544,2022,1974,"2455","24","24462",85,4365,40800,36400,1385,41.4
"2456005","CSD","Venise-en-Québec (MÉ)",13.1275,1899,1173,940,"2456","24","",120,1730,36800,33200,440,41.4
"2456010","CSD","Saint-Georges-de-Clarenceville (MÉ)",63.0581,1154,732,538,"2456","24","",300,805,36000,32400,280,41.4
"2456015","CSD","Noyan (MÉ)",44.278,1418,823,645,"2456","24","",265,1100,31000,29800,360,40.9
"2456023","CSD","Lacolle (MÉ)",49.411,2708,1278,1188,"2456","24","",245,2355,34000,30800,735,41.8
"2456030","CSD","Saint-Valentin (MÉ)",39.2719,418,181,164,"2456","24","",15,390,34000,30200,115,40.8
"2456035","CSD","Saint-Paul-de-l'Île-aux-Noix (MÉ)",29.8486,2141,1112,964,"2456","24","",120,1980,35600,32800,550,41.7
"2456042","CSD","Henryville (MÉ)",64.824,1497,702,612,"2456","24","",55,1385,36400,32800,370,41.3
"2456050","CSD","Saint-Sébastien (MÉ)",63.2938,692,284,268,"2456","24","",20,625,46400,38000,250,41.8
"2456055","CSD","Saint-Alexandre (MÉ)",76.2689,2678,1028,1003,"2456","24","",40,2595,41200,35600,840,42.4
"2456060","CSD","Sainte-Anne-de-Sabrevois (PE)",44.6529,2143,932,881,"2456","24","",30,2090,42800,37200,645,42.1
"2456065","CSD","Saint-Blaise-sur-Richelieu (MÉ)",69.5351,2092,905,854,"2456","24","",65,1985,46400,40400,625,41.8
"2456083","CSD","Saint-Jean-sur-Richelieu (V)",226.9333,97873,44255,42913,"2456","24","24462",2370,91440,37600,33600,28325,42.5
"2456097","CSD","Mont-Saint-Grégoire (MÉ)",79.8295,3136,1226,1187,"2456","24","",70,3010,36800,33200,975,41.7
"2456105","CSD","Sainte-Brigide-d'Iberville (MÉ)",70.515,1428,577,566,"2456","24","",25,1370,36400,33200,450,42
"2457005","CSD","Chambly (V)",25.0809,31444,12609,12405,"2457","24","24462",1485,27790,47600,40800,10590,43.5
"2457010","CSD","Carignan (V)",62.0694,11740,4375,4274,"2457","24","24462",785,10030,48400,41200,4175,43.6
"2457020","CSD","Saint-Basile-le-Grand (V)",35.8423,17053,6635,6561,"2457","24","24462",545,15655,50000,42400,5755,42.8
"2457025","CSD","McMasterville (MÉ)",3.1176,5936,2459,2408,"2457","24","24462",195,5535,45600,39200,1760,43.1
"2457030","CSD","Otterburn Park (V)",5.3726,8479,3381,3335,"2457","24","24462",500,7730,50000,42400,2750,42.3
"2457033","CSD","Saint-Jean-Baptiste (MÉ)",72.3625,3179,1386,1346,"2457","24","",35,3100,34800,32000,1030,42.4
"2457035","CSD","Mont-Saint-Hilaire (V)",44.0831,18859,7917,7766,"2457","24","24462",610,17295,45600,39600,5700,42.2
"2457040","CSD","Beloeil (V)",24.3772,24104,10338,10140,"2457","24","24462",520,22555,44400,38400,7395,42.7
"2457045","CSD","Saint-Mathieu-de-Beloeil (MÉ)",39.3941,2952,1197,1169,"2457","24","24462",60,2855,50800,43200,980,43.8
"2457050","CSD","Saint-Marc-sur-Richelieu (MÉ)",60.9211,2245,908,880,"2457","24","",25,2180,47600,40800,720,42
"2457057","CSD","Saint-Charles-sur-Richelieu (MÉ)",64.9136,1735,794,761,"2457","24","",35,1680,44000,39200,555,42
"2457068","CSD","Saint-Denis-sur-Richelieu (MÉ)",84.64,2339,1045,1011,"2457","24","",15,2280,39600,34800,755,41
"2457075","CSD","Saint-Antoine-sur-Richelieu (MÉ)",65.6656,1738,752,729,"2457","24","",20,1685,43200,37200,550,43.8
"2458007","CSD","Brossard (V)",45.1915,91525,37275,35885,"2458","24","24462",16280,39285,45600,39200,23990,40.3
"2458012","CSD","Saint-Lambert (V)",7.5623,22761,11058,10552,"2458","24","24462",3310,16125,46400,40000,6440,41
"2458033","CSD","Boucherville (V)",71.0215,41743,17733,17291,"2458","24","24462",1265,37395,51200,43200,12905,42.2
"2458037","CSD","Saint-Bruno-de-Montarville (V)",42.848,26273,10629,10446,"2458","24","24462",2515,21705,50000,42400,8100,42.2
"2458227","CSD","Longueuil (V)",115.7677,254483,117006,113086,"2458","24","24462",18875,193210,38800,34400,71450,41.2
"2459010","CSD","Sainte-Julie (V)",48.4919,30045,11761,11609,"2459","24","24462",535,27765,48800,42000,10000,42.9
"2459015","CSD","Saint-Amable (V)",36.7712,13322,5190,5105,"2459","24","24462",175,12665,45600,39200,4550,43.5
"2459020","CSD","Varennes (V)",94.7985,21198,8538,8412,"2459","24","24462",305,20260,48400,41200,7315,43.3
"2459025","CSD","Verchères (MÉ)",72.6326,5759,2453,2394,"2459","24","24462",60,5625,42800,38000,1840,42.7
"2459030","CSD","Calixa-Lavallée (MÉ)",32.2045,509,220,212,"2459","24","",5,505,49200,42800,120,42.8
"2459035","CSD","Contrecoeur (V)",62.1981,9480,4252,4116,"2459","24","",90,9115,44000,38000,2745,42.3
"2460005","CSD","Charlemagne (V)",2.1685,6302,3217,3149,"2460","24","24462",130,5880,40000,35200,1740,41.5
"2460013","CSD","Repentigny (V)",61.517,86100,34710,34174,"2460","24","24462",1665,77850,42800,37600,24745,42.2
"2460020","CSD","Saint-Sulpice (PE)",36.172,3360,1517,1466,"2460","24","24462",20,3275,47600,40800,1035,41.3
"2460028","CSD","L'Assomption (V)",98.7365,23442,9369,9206,"2460","24","24462",180,22480,40000,35600,6870,42.6
"2460037","CSD","L'Épiphanie (V)",56.5656,8883,3695,3583,"2460","24","24462",50,8685,37600,33600,2545,42.3
"2461005","CSD","Saint-Paul (MÉ)",49.1138,6566,2755,2701,"2461","24","24456",35,6425,44800,38400,2050,42.3
"2461013","CSD","Crabtree (MÉ)",25.0615,4155,1826,1757,"2461","24","",20,4015,41200,35600,1180,42.5
"2461020","CSD","Saint-Pierre (VL)",9.68,286,132,129,"2461","24","",0,270,37200,34800,80,45.2
"2461025","CSD","Joliette (V)",22.9646,21384,11153,10568,"2461","24","24456",195,19915,30600,28400,4745,40.5
"2461027","CSD","Saint-Thomas (MÉ)",94.5704,3496,1521,1475,"2461","24","",15,3440,38800,35200,990,42.1
"2461030","CSD","Notre-Dame-des-Prairies (V)",18.103,9471,4547,4446,"2461","24","24456",50,9225,38800,34400,2475,41.6
"2461035","CSD","Saint-Charles-Borromée (V)",18.4831,15285,7259,6850,"2461","24","24456",115,14690,34800,32000,3305,41.9
"2461040","CSD","Saint-Ambroise-de-Kildare (MÉ)",67.732,4090,1749,1694,"2461","24","",20,3995,38000,33600,1155,43.4
"2461045","CSD","Notre-Dame-de-Lourdes (MÉ)",35.5944,3141,1352,1298,"2461","24","",10,3010,33200,30600,795,41.9
"2461050","CSD","Sainte-Mélanie (MÉ)",76.1029,3250,1518,1394,"2461","24","",30,3175,36800,32800,915,41.1
"2462007","CSD","Saint-Félix-de-Valois (MÉ)",88.3995,6975,3190,3057,"2462","24","",35,6860,34400,31400,1865,42.3
"2462015","CSD","Saint-Jean-de-Matha (MÉ)",109.4905,4838,2851,2259,"2462","24","",45,4580,34400,31200,1065,40.4
"2462020","CSD","Sainte-Béatrix (MÉ)",82.9647,2170,1300,1041,"2462","24","",50,2090,31600,29600,440,38.3
"2462025","CSD","Saint-Alphonse-Rodriguez (MÉ)",97.5401,3339,2350,1718,"2462","24","",65,3215,35600,31600,740,40.5
"2462030","CSD","Sainte-Marcelline-de-Kildare (MÉ)",34.5245,1795,1019,829,"2462","24","",45,1715,39200,34400,430,40.5
"2462037","CSD","Rawdon (MÉ)",185.3816,11719,6109,5447,"2462","24","",1095,10105,33200,30400,2460,39.8
"2462047","CSD","Chertsey (MÉ)",286.0549,5295,4255,2720,"2462","24","",165,4995,34400,30800,1080,38.4
"2462053","CSD","Entrelacs (MÉ)",48.7107,1054,1131,587,"2462","24","",40,990,33200,29800,245,40.5
"2462055","CSD","Notre-Dame-de-la-Merci (MÉ)",248.5758,1097,1206,619,"2462","24","",30,1035,38000,34400,210,38.4
"2462060","CSD","Saint-Donat (MÉ)",350.1659,4561,4527,2434,"2462","24","",135,4310,37200,33200,875,37.3
"2462065","CSD","Saint-Côme (MÉ)",164.8876,2583,2365,1319,"2462","24","",25,2520,33200,30200,465,37.4
"2462070","CSD","Sainte-Émélie-de-l'Énergie (MÉ)",150.0817,1741,1142,841,"2462","24","",15,1700,32400,29600,305,37.8
"2462075","CSD","Saint-Damien (PE)",252.275,2393,1891,1220,"2462","24","",50,2320,34400,31200,555,40.1
"2462080","CSD","Saint-Zénon (MÉ)",460.405,1317,1347,721,"2462","24","",30,1275,28800,27400,260,35.6
"2462085","CSD","Saint-Michel-des-Saints (MÉ)",493.9209,2496,2020,1268,"2462","24","",25,2410,34000,30400,575,39.6
"2462802","CSD","Communauté Atikamekw de Manawan (IRI)",8.0262,2000,402,353,"2462","24","",0,190,30400,30400,395,41.2
"2463005","CSD","Sainte-Marie-Salomé (MÉ)",33.7936,1221,542,516,"2463","24","",0,1200,36400,32000,310,41.7
"2463013","CSD","Saint-Jacques (MÉ)",67.1696,4302,1939,1892,"2463","24","",15,4175,35200,31600,1215,41.3
"2463023","CSD","Saint-Alexis (MÉ)",43.0085,1370,581,554,"2463","24","",5,1335,36000,32000,360,40.6
"2463030","CSD","Saint-Esprit (MÉ)",54.1881,2011,933,900,"2463","24","",10,1975,35600,31800,600,40.8
"2463035","CSD","Saint-Roch-de-l'Achigan (MÉ)",80.0608,5453,2226,2165,"2463","24","24462",45,5280,35200,31400,1545,41.3
"2463048","CSD","Saint-Lin--Laurentides (V)",118.2861,24030,9615,9289,"2463","24","24462",290,23060,36800,32800,6575,41.7
"2463055","CSD","Saint-Calixte (MÉ)",142.626,6792,3791,3149,"2463","24","",155,6475,31600,28800,1455,39.4
"2463060","CSD","Sainte-Julienne (MÉ)",99.4201,11173,4930,4573,"2463","24","",175,10790,35600,31800,2895,40.8
"2463065","CSD","Saint-Liguori (MÉ)",50.8811,2066,901,856,"2463","24","",15,1990,36800,32000,630,43.5
"2464008","CSD","Terrebonne (V)",153.7581,119944,46056,45247,"2464","24","24462",4055,105115,43200,37600,36625,42.6
"2464015","CSD","Mascouche (V)",106.8932,51183,20290,19981,"2464","24","24462",1320,46880,46800,40000,15995,42.6
"2465005","CSD","Laval (V)",246.1349,438366,176115,169785,"2465","24","24462",63505,254430,40400,35600,122025,40.8
"2466007","CSD","Montréal-Est (V)",12.1514,4394,2124,2018,"2466","24","24462",215,3685,38000,33600,1230,40
"2466023","CSD","Montréal (V)",364.7362,1762949,878542,816338,"2466","24","24462",347110,908455,34000,30800,464805,39.7
"2466032","CSD","Westmount (V)",4.0441,19658,9423,8591,"2466","24","24462",12500,3380,50400,43200,4965,40.6
"2466047","CSD","Montréal-Ouest (V)",1.3684,5115,2031,1943,"2466","24","24462",3660,720,43200,38000,1595,41.7
"2466058","CSD","Côte-Saint-Luc (V)",7.0363,34504,15548,14603,"2466","24","24462",18815,5445,36800,33600,7230,39.1
"2466062","CSD","Hampstead (V)",1.7942,7037,2622,2493,"2466","24","24462",4815,1025,42800,38000,2005,39.8
"2466072","CSD","Mont-Royal (V)",7.5459,20953,8192,7732,"2466","24","24462",5720,8930,48800,42000,5450,39.4
"2466087","CSD","Dorval (V)",20.9131,19302,9058,8716,"2466","24","24462",10390,4740,41600,36400,5920,41.2
"2466097","CSD","Pointe-Claire (V)",18.91,33488,13823,13313,"2466","24","24462",20705,5485,44000,38400,9125,40.8
"2466102","CSD","Kirkland (V)",9.6485,19413,6790,6666,"2466","24","24462",11535,2630,50400,42800,5615,40.9
"2466107","CSD","Beaconsfield (V)",11.0309,19277,6915,6753,"2466","24","24462",12420,3180,53200,44400,5430,41.2
"2466112","CSD","Baie-D'Urfé (V)",6.0333,3764,1375,1325,"2466","24","24462",2625,560,63200,51600,995,40.3
"2466117","CSD","Sainte-Anne-de-Bellevue (V)",10.4558,5027,2304,2108,"2466","24","24462",2805,1125,33200,31000,1525,40.8
"2466127","CSD","Senneville (VL)",7.4457,951,377,352,"2466","24","24462",575,245,60000,46400,245,38.4
"2466142","CSD","Dollard-Des Ormeaux (V)",14.9843,48403,17763,17383,"2466","24","24462",25925,6520,38800,34800,13265,40.5
"2467005","CSD","Saint-Mathieu (MÉ)",31.4115,2339,951,937,"2467","24","24462",90,2160,40400,36000,765,42.6
"2467010","CSD","Saint-Philippe (V)",61.9572,7597,2921,2856,"2467","24","24462",315,6820,49600,42000,2685,42.6
"2467015","CSD","La Prairie (V)",43.4704,26406,11309,11049,"2467","24","24462",1745,20340,44800,38800,8645,42.5
"2467020","CSD","Candiac (V)",17.2739,22997,8960,8731,"2467","24","24462",2805,16095,53200,44400,7365,42.5
"2467025","CSD","Delson (V)",7.6433,8328,3561,3479,"2467","24","24462",540,7010,42800,37600,2775,42.9
"2467030","CSD","Sainte-Catherine (V)",9.3696,17347,7016,6909,"2467","24","24462",870,14480,43600,38000,5575,42.7
"2467035","CSD","Saint-Constant (V)",57.0617,29954,11502,11313,"2467","24","24462",2210,24015,46400,40000,10025,43
"2467040","CSD","Saint-Isidore (PE)",52.2871,2769,1094,1072,"2467","24","24462",95,2605,45200,38000,825,42.8
"2467045","CSD","Mercier (V)",45.9629,14626,5472,5398,"2467","24","24462",1210,12330,44000,38000,4655,42.8
"2467050","CSD","Châteauguay (V)",34.3061,50815,20412,19917,"2467","24","24462",14840,28075,36800,32800,13790,41.4
"2467055","CSD","Léry (V)",10.3619,2390,1034,989,"2467","24","24462",355,1925,45600,38800,735,42.9
"2468005","CSD","Saint-Bernard-de-Lacolle (MÉ)",113.3562,1542,674,618,"2468","24","",150,1320,34400,31200,415,40.3
"2468010","CSD","Hemmingford (VL)",1.0689,829,403,379,"2468","24","",370,420,33600,31000,225,42
"2468015","CSD","Hemmingford (CT)",157.2238,1995,899,821,"2468","24","",700,1190,36800,32800,540,43.1
"2468020","CSD","Sainte-Clotilde (MÉ)",78.2055,2646,829,783,"2468","24","",90,2475,36400,32800,585,41.8
"2468025","CSD","Saint-Patrice-de-Sherrington (MÉ)",92.5509,1963,805,769,"2468","24","",60,1830,32000,30400,570,42
"2468030","CSD","Napierville (MÉ)",4.5001,4020,1740,1638,"2468","24","",95,3875,39200,35200,1215,42.6
"2468035","CSD","Saint-Cyprien-de-Napierville (MÉ)",97.7526,1735,717,681,"2468","24","",60,1635,38800,35200,570,42.7
"2468040","CSD","Saint-Jacques-le-Mineur (MÉ)",67.1845,1766,739,714,"2468","24","",65,1640,46000,40000,655,43.8
"2468045","CSD","Saint-Édouard (MÉ)",52.6816,1365,548,515,"2468","24","",25,1320,34800,32800,425,42
"2468050","CSD","Saint-Michel (MÉ)",59.8226,3521,1296,1259,"2468","24","",50,3395,38800,34400,1075,42.1
"2468055","CSD","Saint-Rémi (V)",78.1759,8957,3796,3682,"2468","24","",210,8285,34000,31200,2685,43.3
"2469005","CSD","Havelock (CT)",88.6954,756,407,352,"2469","24","",205,515,34400,31600,195,39.4
"2469010","CSD","Franklin (MÉ)",112.3273,1635,800,717,"2469","24","",400,1170,30400,29400,460,43.1
"2469017","CSD","Saint-Chrysostome (MÉ)",100.198,2582,1184,1105,"2469","24","",200,2285,31800,29000,715,42.8
"2469025","CSD","Howick (MÉ)",0.9604,850,366,347,"2469","24","",260,560,39200,34400,245,41.3
"2469030","CSD","Très-Saint-Sacrement (PE)",97.1638,1189,506,473,"2469","24","",515,605,35200,31800,425,44.6
"2469037","CSD","Ormstown (MÉ)",142.2364,3917,1788,1706,"2469","24","",1295,2355,32800,30800,1080,42.9
"2469045","CSD","Hinchinbrooke (MÉ)",148.359,2187,1177,1026,"2469","24","",1210,885,33600,30600,635,42.9
"2469050","CSD","Elgin (MÉ)",69.3508,389,206,175,"2469","24","",230,125,32800,30800,115,39.2
"2469055","CSD","Huntingdon (V)",2.7657,2556,1273,1202,"2469","24","",1045,1300,26600,26200,540,40.6
"2469060","CSD","Godmanchester (CT)",138.6553,1403,621,582,"2469","24","",610,730,33200,30800,395,41.8
"2469065","CSD","Sainte-Barbe (MÉ)",40.137,1609,895,733,"2469","24","",75,1485,40800,36000,430,40.6
"2469070","CSD","Saint-Anicet (MÉ)",135.0312,2754,1913,1309,"2469","24","",450,2205,34400,31200,665,41.9
"2469075","CSD","Dundee (CT)",68.4072,386,310,168,"2469","24","",120,245,27000,25600,80,40.8
"2470005","CSD","Saint-Urbain-Premier (MÉ)",53.2803,1332,538,504,"2470","24","",70,1225,35600,31600,405,42.4
"2470012","CSD","Sainte-Martine (MÉ)",63.0572,5664,2469,2407,"2470","24","",225,5290,40000,36000,1870,43.8
"2470022","CSD","Beauharnois (V)",68.2196,13638,6451,6293,"2470","24","24462",605,12570,36800,33200,3955,41.9
"2470030","CSD","Saint-Étienne-de-Beauharnois (MÉ)",40.6276,1099,431,423,"2470","24","",30,1055,45600,38800,325,40.5
"2470035","CSD","Saint-Louis-de-Gonzague (PE)",77.0425,1950,777,757,"2470","24","",55,1875,40400,36800,600,44.3
"2470040","CSD","Saint-Stanislas-de-Kostka (MÉ)",57.6943,1852,896,788,"2470","24","",55,1775,43600,36800,615,41.4
"2470052","CSD","Salaberry-de-Valleyfield (V)",108.5597,42787,20962,20073,"2470","24","24465",1540,39490,33200,30400,10990,41.9
"2471005","CSD","Rivière-Beaudette (MÉ)",18.4812,2489,1069,996,"2471","24","",200,2200,39600,34000,775,43
"2471015","CSD","Saint-Télesphore (MÉ)",60.095,754,352,325,"2471","24","",85,650,34000,30200,165,42
"2471020","CSD","Saint-Polycarpe (MÉ)",69.8793,2372,1030,1007,"2471","24","",155,2100,39200,34800,745,43.4
"2471025","CSD","Saint-Zotique (MÉ)",25.0446,9618,4164,3990,"2471","24","24462",635,8615,42800,37200,3105,43.4
"2471033","CSD","Les Coteaux (MÉ)",11.636,5643,2453,2411,"2471","24","24462",380,5070,44800,38800,1885,42.5
"2471040","CSD","Coteau-du-Lac (V)",46.8741,7473,3025,2928,"2471","24","24462",445,6600,43200,38000,2255,42.4
"2471045","CSD","Saint-Clet (MÉ)",39.3178,1700,728,706,"2471","24","",160,1495,41200,35600,520,41.8
"2471050","CSD","Les Cèdres (MÉ)",77.6283,7184,2810,2754,"2471","24","24462",770,5950,44400,39200,2385,43.7
"2471055","CSD","Pointe-des-Cascades (VL)",2.7441,1775,762,743,"2471","24","24462",290,1345,46800,40400,625,44.3
"2471060","CSD","L'Île-Perrot (V)",5.4637,11638,5150,4997,"2471","24","24462",3605,5840,42400,37200,3610,41.9
"2471065","CSD","Notre-Dame-de-l'Île-Perrot (V)",28.0579,11427,4156,4070,"2471","24","24462",3555,6200,52000,44800,3885,42.5
"2471070","CSD","Pincourt (V)",7.0985,14751,5786,5640,"2471","24","24462",6475,5945,44000,38800,4645,42.5
"2471075","CSD","Terrasse-Vaudreuil (MÉ)",1.0587,1887,829,809,"2471","24","24462",645,1000,44000,38000,580,42.8
"2471083","CSD","Vaudreuil-Dorion (V)",72.654,43268,17260,16713,"2471","24","24462",13170,20590,44800,38800,13395,42.3
"2471090","CSD","Vaudreuil-sur-le-Lac (VL)",1.3845,1361,494,484,"2471","24","24462",365,815,52000,42000,390,40.1
"2471100","CSD","Hudson (V)",21.7864,5411,2447,2338,"2471","24","24462",4055,1030,46000,39200,1385,39.9
"2471105","CSD","Saint-Lazare (V)",66.8615,22354,7848,7749,"2471","24","24462",10395,9790,49600,41600,7275,41.8
"2471110","CSD","Sainte-Marthe (MÉ)",79.5995,1014,448,430,"2471","24","",170,815,40400,34800,360,42.1
"2471115","CSD","Sainte-Justine-de-Newton (MÉ)",84.5866,947,443,407,"2471","24","",80,830,33600,30600,285,42.8
"2471125","CSD","Très-Saint-Rédempteur (MÉ)",26.0566,978,389,381,"2471","24","",165,775,38000,34800,300,41.7
"2471133","CSD","Rigaud (V)",99.2028,7854,3496,3311,"2471","24","",1885,5440,36800,33200,2240,42
"2471140","CSD","Pointe-Fortune (VL)",8.0908,582,283,258,"2471","24","",95,475,37200,31800,155,42.2
"2472005","CSD","Saint-Eustache (V)",70.514,45276,19396,18958,"2472","24","24462",2265,39205,38800,34400,12880,42.2
"2472010","CSD","Deux-Montagnes (V)",6.0774,17915,7463,7266,"2472","24","24462",2570,13585,40800,36000,5445,41.9
"2472015","CSD","Sainte-Marthe-sur-le-Lac (V)",8.7312,19797,7642,7503,"2472","24","24462",1115,17020,47600,40800,6530,43.3
"2472020","CSD","Pointe-Calumet (MÉ)",4.5923,6281,2673,2590,"2472","24","24462",200,5865,37200,33600,1925,41.6
"2472025","CSD","Saint-Joseph-du-Lac (MÉ)",41.2187,7031,2819,2743,"2472","24","24462",240,6600,40800,35600,2240,41.6
"2472032","CSD","Oka (MÉ)",56.9904,3968,1683,1616,"2472","24","24462",235,3575,36800,33600,1085,41
"2472043","CSD","Saint-Placide (MÉ)",42.8875,1784,876,778,"2472","24","24462",55,1670,36000,32800,455,41
"2473005","CSD","Boisbriand (V)",27.6736,28308,11769,11425,"2473","24","24462",1845,21560,43600,38000,8075,41.5
"2473010","CSD","Sainte-Thérèse (V)",9.4799,26533,13202,12686,"2473","24","24462",1020,23025,39200,34800,7075,41.4
"2473015","CSD","Blainville (V)",54.9693,59819,22859,22424,"2473","24","24462",3350,50730,46400,40000,18860,41.9
"2473020","CSD","Rosemère (V)",10.6844,14090,5340,5249,"2473","24","24462",2485,10320,46800,40400,4025,41.3
"2473025","CSD","Lorraine (V)",5.9024,9502,3437,3393,"2473","24","24462",1060,7715,57200,46400,2850,41.4
"2473030","CSD","Bois-des-Filion (V)",4.3643,10159,4370,4258,"2473","24","24462",520,8715,45600,39200,3105,42.5
"2473035","CSD","Sainte-Anne-des-Plaines (V)",93.4449,15221,6005,5882,"2473","24","24462",300,13870,39200,34800,4265,42.1
"2474005","CSD","Mirabel (V)",484.0947,61108,25514,24795,"2474","24","24462",1605,56855,44000,38400,19485,42.4
"2475005","CSD","Saint-Colomban (V)",92.705,17740,6807,6632,"2475","24","24462",485,16760,43200,37600,5460,42
"2475017","CSD","Saint-Jérôme (V)",90.18,80213,38776,37371,"2475","24","24462",1195,74690,34400,31000,19910,41
"2475028","CSD","Sainte-Sophie (MÉ)",111.2001,18080,7490,7211,"2475","24","",265,17465,42400,36800,5440,42.2
"2475040","CSD","Prévost (V)",34.291,13692,5722,5532,"2475","24","",315,13055,44400,38800,3955,42.1
"2475045","CSD","Saint-Hippolyte (MÉ)",119.5023,10669,5597,4683,"2475","24","",385,10025,42800,37200,3070,41.4
"2476008","CSD","Saint-André-d'Argenteuil (MÉ)",97.6893,3053,1490,1330,"2476","24","",270,2685,34400,31400,815,40.4
"2476020","CSD","Lachute (V)",108.6579,14100,6862,6531,"2476","24","24468",1375,12010,29600,27800,3345,41.9
"2476025","CSD","Gore (CT)",90.0416,2283,1615,1124,"2476","24","24462",455,1745,40000,35200,640,43
"2476030","CSD","Mille-Isles (MÉ)",58.7292,1721,950,756,"2476","24","",310,1355,44000,39200,445,40.3
"2476035","CSD","Wentworth (CT)",85.0305,682,802,378,"2476","24","",350,315,47600,40400,175,43.8
"2476043","CSD","Brownsburg-Chatham (V)",244.4638,7247,3783,3282,"2476","24","",1140,5890,33600,30400,1860,41
"2476052","CSD","Grenville-sur-la-Rouge (MÉ)",313.6059,2883,1808,1376,"2476","24","",835,1940,33600,31000,700,39.4
"2476055","CSD","Grenville (VL)",2.8172,1816,951,903,"2476","24","502",225,1495,32000,29800,470,41.8
"2476065","CSD","Harrington (CT)",233.6532,967,1339,543,"2476","24","",565,345,29600,28000,140,38.6
"2477011","CSD","Estérel (V)",12.6235,262,377,153,"2477","24","",50,210,58400,48000,55,40.4
"2477012","CSD","Sainte-Marguerite-du-Lac-Masson (V)",91.5561,3367,2365,1689,"2477","24","",165,3120,37600,32800,840,40.7
"2477022","CSD","Sainte-Adèle (V)",119.6712,14010,8002,6896,"2477","24","",785,12670,36800,32800,3315,39.8
"2477030","CSD","Piedmont (MÉ)",24.3614,3476,2385,1822,"2477","24","",255,3115,46000,39600,880,39.8
"2477035","CSD","Sainte-Anne-des-Lacs (PE)",24.6456,3862,2232,1792,"2477","24","",370,3385,48000,40800,950,40.7
"2477043","CSD","Saint-Sauveur (V)",47.6174,11580,7267,5936,"2477","24","",960,10175,40400,36000,2480,39.3
"2477050","CSD","Morin-Heights (MÉ)",55.9556,4678,2762,2211,"2477","24","",945,3500,40400,36000,1035,39.4
"2477060","CSD","Wentworth-Nord (MÉ)",152.8684,1672,1968,896,"2477","24","",265,1335,34400,31400,380,40
"2477065","CSD","Saint-Adolphe-d'Howard (MÉ)",135.7993,3824,3730,2039,"2477","24","",335,3405,37200,32400,825,38.5
"2478005","CSD","Val-Morin (MÉ)",39.1986,3123,2077,1487,"2478","24","24467",175,2815,34800,32400,680,37.9
"2478010","CSD","Val-David (VL)",42.6648,5558,3227,2668,"2478","24","24467",265,5085,33200,30000,1090,37.8
"2478015","CSD","Lantier (MÉ)",48.1853,891,819,442,"2478","24","",105,770,29800,27000,195,39.3
"2478020","CSD","Sainte-Lucie-des-Laurentides (MÉ)",108.9764,1445,953,688,"2478","24","",40,1360,32800,29600,290,40.5
"2478032","CSD","Sainte-Agathe-des-Monts (V)",129.1008,11211,6767,5514,"2478","24","24467",550,10285,31000,28800,2520,40.3
"2478042","CSD","Ivry-sur-le-Lac (MÉ)",29.3002,391,398,200,"2478","24","",100,280,37600,34000,100,40.6
"2478047","CSD","Saint-Faustin--Lac-Carré (MÉ)",120.2147,3780,2520,1791,"2478","24","",135,3565,36000,32000,890,38.8
"2478055","CSD","Montcalm (MÉ)",117.7123,632,627,330,"2478","24","",135,460,36800,33600,80,36.4
"2478060","CSD","Arundel (CT)",63.4481,578,402,290,"2478","24","",225,320,36000,32000,100,34.6
"2478065","CSD","Huberdeau (MÉ)",56.7235,863,527,430,"2478","24","",35,820,33200,29800,155,36.6
"2478070","CSD","Amherst (CT)",227.8618,1728,1613,876,"2478","24","",85,1610,31200,28600,355,37.2
"2478075","CSD","Brébeuf (PE)",35.7827,1009,620,495,"2478","24","",25,970,39200,35600,265,39.4
"2478095","CSD","Lac-Supérieur (MÉ)",365.9786,1972,1718,996,"2478","24","",115,1795,37600,32800,510,39.3
"2478100","CSD","Val-des-Lacs (MÉ)",126.6983,750,822,391,"2478","24","",35,710,36800,33600,150,36.1
"2478102","CSD","Mont-Tremblant (V)",233.7483,10992,8783,5408,"2478","24","",885,9665,37200,32800,2465,38.5
"2478115","CSD","La Conception (MÉ)",127.3686,1527,1229,743,"2478","24","",85,1400,41200,35200,400,38.8
"2478120","CSD","Labelle (MÉ)",196.6871,2765,2017,1362,"2478","24","",70,2585,31600,29000,640,40.2
"2478130","CSD","La Minerve (MÉ)",274.9229,1421,1638,767,"2478","24","",80,1310,36800,34000,235,37.1
"2479005","CSD","Notre-Dame-du-Laus (MÉ)",849.1017,1730,1924,932,"2479","24","",60,1625,32800,30400,335,38.4
"2479010","CSD","Notre-Dame-de-Pontmain (MÉ)",259.895,790,746,411,"2479","24","",20,760,28400,27000,160,41
"2479015","CSD","Lac-du-Cerf (MÉ)",71.7292,445,458,245,"2479","24","",10,430,31600,29800,55,36.4
"2479022","CSD","Saint-Aimé-du-Lac-des-Îles (MÉ)",161.6065,815,481,375,"2479","24","",10,800,36800,32800,215,40.3
"2479025","CSD","Kiamika (MÉ)",337.5294,790,508,391,"2479","24","",15,770,33200,30400,150,37.7
"2479030","CSD","Nominingue (MÉ)",303.8917,2255,1937,1176,"2479","24","",50,2150,34000,30800,325,35.8
"2479037","CSD","Rivière-Rouge (V)",451.4285,4631,3082,2328,"2479","24","",65,4360,29000,27600,905,40.4
"2479047","CSD","La Macaza (MÉ)",161.4206,1094,997,509,"2479","24","",50,825,38000,34000,165,36.4
"2479050","CSD","L'Ascension (MÉ)",334.8214,899,880,488,"2479","24","",15,875,30000,28200,155,35.8
"2479060","CSD","Lac-Saguay (VL)",171.8838,526,447,280,"2479","24","",5,515,32400,29800,120,46.4
"2479065","CSD","Chute-Saint-Philippe (MÉ)",298.6398,1039,876,513,"2479","24","",20,1010,31400,29200,195,38
"2479078","CSD","Lac-des-Écorces (MÉ)",144.3036,2885,1669,1363,"2479","24","",15,2840,35200,31400,605,38.9
"2479088","CSD","Mont-Laurier (V)",587.4203,14180,7223,6698,"2479","24","",55,13810,31000,28600,3480,40.5
"2479097","CSD","Ferme-Neuve (MÉ)",786.1937,2716,1453,1276,"2479","24","",10,2675,27000,26200,590,38.3
"2479105","CSD","Lac-Saint-Paul (MÉ)",170.7236,525,423,275,"2479","24","",0,520,24400,24000,115,40.6
"2479110","CSD","Mont-Saint-Michel (MÉ)",138.1579,581,382,280,"2479","24","",5,560,29800,28600,120,40.2
"2479115","CSD","Sainte-Anne-du-Lac (MÉ)",320.7324,556,422,299,"2479","24","",20,525,26000,25200,65,35.8
"2480005","CSD","Fassett (MÉ)",12.5223,453,280,237,"2480","24","",10,425,29800,28000,90,37.4
"2480010","CSD","Montebello (MÉ)",8.5961,934,517,459,"2480","24","",65,850,35200,31400,215,37.3
"2480015","CSD","Notre-Dame-de-Bonsecours (MÉ)",258.3557,285,166,134,"2480","24","",10,265,34800,32400,95,46
"2480020","CSD","Notre-Dame-de-la-Paix (MÉ)",105.9594,675,407,301,"2480","24","",20,620,29000,28000,120,40.8
"2480027","CSD","Saint-André-Avellin (MÉ)",137.3352,3562,1862,1616,"2480","24","",70,3335,30200,28400,845,40.5
"2480037","CSD","Papineauville (MÉ)",61.1298,2153,1101,1019,"2480","24","",60,2040,32400,29600,545,43
"2480045","CSD","Plaisance (MÉ)",36.2063,1129,553,502,"2480","24","",35,1085,36800,32800,310,39.7
"2480050","CSD","Thurso (V)",6.65,3084,1510,1421,"2480","24","505",95,2925,36000,32400,865,42
"2480055","CSD","Lochaber (CT)",62.1417,446,194,176,"2480","24","505",35,400,33200,29800,105,41.6
"2480060","CSD","Lochaber-Partie-Ouest (CT)",57.392,926,358,336,"2480","24","505",60,840,45200,39600,300,42.1
"2480065","CSD","Mayo (MÉ)",72.5092,704,395,297,"2480","24","505",190,490,34000,31000,205,42.2
"2480070","CSD","Saint-Sixte (MÉ)",84.3352,490,219,202,"2480","24","",20,460,31600,29600,85,37.2
"2480078","CSD","Ripon (MÉ)",129.9314,1735,1009,791,"2480","24","",35,1685,38400,34400,405,39.4
"2480085","CSD","Mulgrave-et-Derry (MÉ)",289.5161,461,476,229,"2480","24","505",155,290,33600,32400,125,41.4
"2480090","CSD","Montpellier (MÉ)",246.1244,1112,954,589,"2480","24","",50,1045,33200,30200,150,37.3
"2480095","CSD","Lac-Simon (MÉ)",95.6519,1057,1304,554,"2480","24","",40,1000,47200,40400,250,41.6
"2480103","CSD","Chénéville (MÉ)",65.8274,848,500,412,"2480","24","",15,810,24400,23800,195,41.5
"2480110","CSD","Namur (MÉ)",56.1683,633,381,295,"2480","24","",50,550,24000,23800,115,41
"2480115","CSD","Boileau (MÉ)",134.0822,405,406,199,"2480","24","",60,325,32000,31000,50,37
"2480125","CSD","Saint-Émile-de-Suffolk (MÉ)",55.6753,512,416,243,"2480","24","",35,450,27400,26600,125,41.4
"2480130","CSD","Lac-des-Plages (MÉ)",150.9456,548,696,317,"2480","24","",25,495,34400,31600,50,37
"2480135","CSD","Duhamel (MÉ)",427.3178,569,972,345,"2480","24","",40,520,42400,38400,120,41.2
"2480140","CSD","Val-des-Bois (MÉ)",222.674,920,837,495,"2480","24","505",60,840,35600,32800,170,36.8
"2480145","CSD","Bowman (MÉ)",126.3993,667,546,335,"2480","24","505",105,550,30400,29000,105,38.4
"2481017","CSD","Gatineau (V)",341.8414,291041,133225,126476,"2481","24","505",45390,207215,44000,38000,90535,42.4
"2482005","CSD","L'Ange-Gardien (MÉ)",216.0507,6102,2288,2176,"2482","24","505",555,5430,47600,40000,2115,43.8
"2482010","CSD","Notre-Dame-de-la-Salette (MÉ)",113.3346,841,478,381,"2482","24","505",50,770,35200,31000,185,38.3
"2482015","CSD","Val-des-Monts (MÉ)",434.7658,13328,7002,5350,"2482","24","505",1785,11120,46000,40000,4620,43.2
"2482020","CSD","Cantley (MÉ)",126.1214,11449,4289,4109,"2482","24","505",1625,9235,54000,45200,4235,44
"2482025","CSD","Chelsea (MÉ)",112.6505,8000,3376,3041,"2482","24","505",4085,3415,57200,47600,2720,41.9
"2482030","CSD","Pontiac (MÉ)",445.2693,6142,2710,2377,"2482","24","505",2870,2990,42000,36000,1965,43.4
"2482035","CSD","La Pêche (MÉ)",577.183,8636,4962,3669,"2482","24","505",3685,4585,38800,34400,2675,42.1
"2483005","CSD","Denholm (MÉ)",177.3312,546,561,274,"2483","24","505",170,355,40400,34400,155,45.8
"2483010","CSD","Low (CT)",257.7819,1020,864,495,"2483","24","",615,365,39200,34400,240,36.7
"2483015","CSD","Kazabazua (MÉ)",172.9119,1037,832,484,"2483","24","",510,475,28400,28000,165,35.3
"2483020","CSD","Lac-Sainte-Marie (MÉ)",205.7083,677,930,374,"2483","24","",150,510,36400,32000,175,41.7
"2483032","CSD","Gracefield (V)",380.9417,2376,1880,1131,"2483","24","",240,2060,29000,27400,585,41.1
"2483040","CSD","Cayamant (MÉ)",382.4877,895,1036,460,"2483","24","",40,850,32400,30000,115,37
"2483045","CSD","Blue Sea (MÉ)",72.9707,696,639,358,"2483","24","",35,635,28400,28200,105,36.6
"2483050","CSD","Bouchette (MÉ)",122.0948,695,629,347,"2483","24","",50,635,34800,32000,155,41.3
"2483055","CSD","Sainte-Thérèse-de-la-Gatineau (MÉ)",60.6814,588,534,288,"2483","24","",50,515,33200,30800,165,43.2
"2483060","CSD","Messines (MÉ)",110.1053,1655,1047,787,"2483","24","",90,1535,37600,33200,420,41.8
"2483065","CSD","Maniwaki (V)",5.6683,3757,2110,1881,"2483","24","",225,3240,28000,26600,855,40.7
"2483070","CSD","Déléage (MÉ)",248.2622,1916,1021,872,"2483","24","",60,1805,32400,30000,440,39.7
"2483075","CSD","Egan-Sud (MÉ)",49.8217,508,258,235,"2483","24","",15,475,33600,31200,160,45.2
"2483085","CSD","Bois-Franc (MÉ)",71.5604,411,215,192,"2483","24","",5,395,37200,34400,95,41.2
"2483088","CSD","Montcerf-Lytton (MÉ)",354.6412,653,387,306,"2483","24","",5,635,28600,26400,160,41.1
"2483090","CSD","Aumond (CT)",212.8173,754,623,355,"2483","24","",55,675,37600,32800,160,39
"2483095","CSD","Grand-Remous (MÉ)",351.6287,1159,778,563,"2483","24","",25,1120,32400,29200,250,40.2
"2483802","CSD","Kitigan Zibi (IRI)",195.0643,1204,633,581,"2483","24","",965,140,30200,30000,205,36.2
"2484005","CSD","Bristol (MÉ)",206.1901,1199,1020,547,"2484","24","",985,180,35600,32000,280,42.1
"2484010","CSD","Shawville (MÉ)",5.3781,1668,807,750,"2484","24","",1395,115,30200,29200,340,41.2
"2484015","CSD","Clarendon (MÉ)",330.4569,1392,968,615,"2484","24","",1250,120,31200,29400,390,42.2
"2484025","CSD","Bryson (MÉ)",3.5815,646,302,284,"2484","24","",420,190,28800,27400,120,43.2
"2484030","CSD","Campbell's Bay (MÉ)",3.4218,705,354,314,"2484","24","",530,155,25000,24600,160,42.4
"2484035","CSD","L'Île-du-Grand-Calumet (MÉ)",130.5496,648,437,321,"2484","24","",255,370,32400,29800,160,39
"2484040","CSD","Litchfield (MÉ)",198.5684,500,417,229,"2484","24","",375,100,38800,34800,145,40
"2484045","CSD","Thorne (MÉ)",173.0864,528,659,277,"2484","24","",440,80,28400,25600,80,35.4
"2484055","CSD","Otter Lake (MÉ)",454.7042,1041,1134,520,"2484","24","",750,260,24000,23600,135,36.2
"2484060","CSD","Fort-Coulonge (VL)",2.9558,1312,605,574,"2484","24","",245,1005,26800,26200,265,38.7
"2484065","CSD","Mansfield-et-Pontefract (MÉ)",466.6144,2250,1074,883,"2484","24","",480,1625,28400,27200,635,43.8
"2484070","CSD","Waltham (MÉ)",360.1923,387,232,175,"2484","24","",365,20,29800,29400,95,40
"2484082","CSD","L'Isle-aux-Allumettes (MÉ)",185.9366,1382,1124,621,"2484","24","",1200,140,35600,32800,370,44.1
"2484090","CSD","Chichester (CT)",218.7397,350,247,165,"2484","24","",330,10,24800,24800,90,43.2
"2485005","CSD","Témiscaming (V)",710.8368,2368,1407,1114,"2485","24","",1020,1200,34400,31600,580,41.4
"2485010","CSD","Kipawa (MÉ)",35.5823,446,325,214,"2485","24","",240,200,34400,31000,120,41
"2485015","CSD","Saint-Édouard-de-Fabre (PE)",190.2907,671,320,287,"2485","24","",10,660,28800,27600,150,41.6
"2485020","CSD","Béarn (MÉ)",496.2812,708,386,350,"2485","24","",15,675,41200,34400,205,41.7
"2485025","CSD","Ville-Marie (V)",5.8332,2464,1264,1185,"2485","24","",25,2310,34400,31800,570,41.2
"2485030","CSD","Duhamel-Ouest (MÉ)",91.4888,945,470,394,"2485","24","",10,915,44800,39600,245,41.9
"2485037","CSD","Lorrainville (MÉ)",87.9109,1286,602,570,"2485","24","",0,1280,37600,33600,390,41.2
"2485045","CSD","Saint-Bruno-de-Guigues (MÉ)",125.7672,1185,604,497,"2485","24","",15,1140,41200,34800,315,40
"2485052","CSD","Laverlochère-Angliers (MÉ)",400.8341,947,525,443,"2485","24","",25,895,44800,40000,280,41.1
"2485055","CSD","Fugèreville (MÉ)",157.115,326,213,148,"2485","24","",10,300,30600,29600,110,38
"2485060","CSD","Latulipe-et-Gaboury (CU)",270.1134,320,225,159,"2485","24","",10,310,29200,27000,50,40.8
"2485065","CSD","Belleterre (V)",544.4921,285,181,136,"2485","24","",25,250,30400,27400,25,37.6
"2485070","CSD","Laforce (MÉ)",436.7838,320,124,109,"2485","24","",215,95,27800,26800,65,40.8
"2485085","CSD","Saint-Eugène-de-Guigues (MÉ)",109.5249,458,254,198,"2485","24","",5,450,38400,35200,160,41.8
"2485090","CSD","Notre-Dame-du-Nord (MÉ)",74.3402,1090,569,511,"2485","24","",165,810,36800,32800,250,40.5
"2485095","CSD","Guérin (CT)",188.5192,333,210,134,"2485","24","",5,320,36800,33600,85,39.8
"2485100","CSD","Nédélec (CT)",371.4929,340,168,152,"2485","24","",35,305,25200,25200,145,39.8
"2485105","CSD","Rémigny (MÉ)",894.0519,287,148,135,"2485","24","",15,270,27200,25800,35,34.4
"2485802","CSD","Kebaowek (IRI)",0.5696,326,152,149,"2485","24","",310,10,29600,29200,90,39.8
"2485806","CSD","Timiskaming (IRI)",18.3922,541,208,204,"2485","24","",465,50,22000,22000,110,37.8
"2486042","CSD","Rouyn-Noranda (V)",5963.5671,42313,20874,19282,"2486","24","24485",485,40720,39200,34400,11995,41.7
"2487005","CSD","Duparquet (V)",121.1731,716,389,342,"2487","24","",5,700,32000,30400,115,36.4
"2487010","CSD","Rapide-Danseur (MÉ)",173.7323,380,209,161,"2487","24","",0,380,40400,34000,100,42.2
"2487015","CSD","Roquemaure (MÉ)",120.0202,409,215,185,"2487","24","",10,390,40400,36000,105,40
"2487020","CSD","Gallichan (MÉ)",73.6053,488,304,229,"2487","24","",0,480,37200,34000,150,42.6
"2487025","CSD","Palmarolle (MÉ)",117.8652,1386,649,595,"2487","24","",0,1380,38400,36000,420,42.8
"2487030","CSD","Sainte-Germaine-Boulé (MÉ)",110.0363,941,398,384,"2487","24","",0,935,42400,38800,265,43.2
"2487035","CSD","Poularies (MÉ)",168.1932,662,285,274,"2487","24","",0,655,32000,30800,145,40
"2487042","CSD","Taschereau (MÉ)",246.9699,898,460,425,"2487","24","",0,885,30600,28800,140,35.8
"2487050","CSD","Authier (MÉ)",142.2199,290,134,129,"2487","24","",0,285,38400,34800,35,36.8
"2487058","CSD","Macamic (V)",202.0454,2744,1188,1142,"2487","24","",5,2670,33200,30400,670,40.8
"2487070","CSD","Sainte-Hélène-de-Mancebourg (PE)",68.1498,410,185,159,"2487","24","",0,410,40400,36800,110,42
"2487075","CSD","Clerval (MÉ)",99.174,373,291,180,"2487","24","",0,365,31000,29000,75,42.8
"2487080","CSD","La Reine (MÉ)",97.6277,307,164,142,"2487","24","",0,305,31000,29000,65,42
"2487085","CSD","Dupuy (MÉ)",122.4316,940,414,395,"2487","24","",0,935,33600,31200,230,40.7
"2487090","CSD","La Sarre (V)",148.3591,7358,3698,3493,"2487","24","",50,7215,31800,29200,1870,41.4
"2487095","CSD","Chazel (MÉ)",133.5506,254,131,118,"2487","24","",5,245,41600,36800,70,44
"2487100","CSD","Authier-Nord (MÉ)",278.0526,288,159,128,"2487","24","",0,290,32400,30600,90,44.4
"2487110","CSD","Clermont (CT)",156.6644,484,218,200,"2487","24","",5,475,53200,45600,140,42
"2487115","CSD","Normétal (MÉ)",55.2524,778,378,361,"2487","24","",5,755,24000,24000,165,38.1
"2488022","CSD","Barraute (MÉ)",493.0389,1986,1012,930,"2488","24","",10,1940,32800,30000,535,41
"2488030","CSD","La Corne (MÉ)",308.1339,778,382,322,"2488","24","",5,770,45600,38400,300,44.9
"2488035","CSD","Landrienne (CT)",275.9254,897,410,398,"2488","24","",0,895,48000,41200,280,43.8
"2488040","CSD","Saint-Marc-de-Figuery (PE)",80.7915,868,386,352,"2488","24","24481",5,860,47600,42800,260,41.1
"2488045","CSD","La Motte (MÉ)",175.4838,478,264,222,"2488","24","",0,475,45600,39600,125,43.4
"2488050","CSD","Saint-Mathieu-d'Harricana (MÉ)",105.8617,770,349,318,"2488","24","24481",10,760,47600,40000,240,42.6
"2488055","CSD","Amos (V)",429.0405,12675,6051,5760,"2488","24","24481",90,12165,38400,34400,3610,41.9
"2488060","CSD","Saint-Félix-de-Dalquier (MÉ)",113.1466,1026,414,405,"2488","24","24481",10,1015,52000,42800,355,43.9
"2488065","CSD","Saint-Dominique-du-Rosaire (MÉ)",479.8911,434,205,193,"2488","24","24481",0,430,43200,39600,85,38.2
"2488070","CSD","Berry (MÉ)",575.0654,535,283,232,"2488","24","24481",0,535,36800,34800,110,41
"2488075","CSD","Trécesson (CT)",196.8942,1232,584,519,"2488","24","24481",0,1230,49600,41600,335,39
"2488085","CSD","Sainte-Gertrude-Manneville (MÉ)",316.4598,793,325,311,"2488","24","24481",0,785,49200,42000,225,41.7
"2488090","CSD","Preissac (MÉ)",422.1343,914,527,430,"2488","24","",5,905,47600,41600,275,43
"2488802","CSD","Pikogan (IRI)",1.0048,540,165,158,"2488","24","24481",110,340,31000,28200,135,40.2
"2489008","CSD","Val-d'Or (V)",3536.8359,32752,15884,15033,"2489","24","24480",780,30960,39200,34800,9690,41.8
"2489010","CSD","Rivière-Héva (MÉ)",423.2653,1495,729,649,"2489","24","",10,1470,48000,40800,415,40.7
"2489015","CSD","Malartic (V)",147.4486,3355,1635,1481,"2489","24","",80,3090,36000,32000,910,41.8
"2489040","CSD","Senneterre (V)",14718.5104,2782,1534,1390,"2489","24","",45,2685,30600,28200,680,41.2
"2489045","CSD","Senneterre (PE)",567.0471,1202,606,559,"2489","24","",10,1185,41600,38800,320,39.4
"2489802","CSD","Kitcisakik (S-É)",1.5103,257,93,80,"2489","24","",0,205,25200,25200,55,37.6
"2489804","CSD","Lac Simon (IRI)",3.1405,1285,343,342,"2489","24","24480",50,965,30200,30000,135,38.2
"2490012","CSD","La Tuque (V)",24809.4025,11129,6930,5543,"2490","24","",115,10535,34000,31000,2795,42.5
"2490017","CSD","La Bostonnais (MÉ)",284.3227,556,374,268,"2490","24","",5,545,39200,34400,135,39.8
"2490802","CSD","Communauté de Wemotaci (IRI)",31.5451,1142,359,289,"2490","24","",0,280,17000,17000,270,42
"2490804","CSD","Obedjiwan 28 (IRI)",8.2577,1991,433,425,"2490","24","",0,115,23000,23000,360,45.2
"2491005","CSD","Lac-Bouchette (MÉ)",904.2558,1183,956,641,"2491","24","",0,1180,31400,28600,200,35.8
"2491010","CSD","Saint-André-du-Lac-Saint-Jean (VL)",145.4272,453,231,208,"2491","24","",0,455,31600,29800,105,41.8
"2491015","CSD","Saint-François-de-Sales (MÉ)",197.2001,643,423,295,"2491","24","",0,620,25800,25600,110,36.2
"2491020","CSD","Chambord (MÉ)",120.8483,1748,1186,849,"2491","24","",0,1745,40800,35200,470,42.1
"2491025","CSD","Roberval (V)",151.3636,9840,4838,4520,"2491","24","",10,9355,33600,30600,2500,42.5
"2491030","CSD","Sainte-Hedwidge (MÉ)",461.6708,870,494,390,"2491","24","",0,870,35600,33200,210,40.8
"2491035","CSD","Saint-Prime (MÉ)",147.1575,2760,1304,1178,"2491","24","",10,2720,38400,34800,800,40.6
"2491042","CSD","Saint-Félicien (V)",361.2717,10089,5169,4686,"2491","24","",20,9940,35600,31800,2730,41.4
"2491050","CSD","La Doré (PE)",288.5455,1359,654,610,"2491","24","",0,1355,33600,31400,320,39.5
"2491802","CSD","Mashteuiatsh (IRI)",14.4293,2010,1095,808,"2491","24","",15,1935,33600,33200,560,40.4
"2492005","CSD","Saint-Augustin (PE)",104.2496,334,161,148,"2492","24","",0,335,28000,25600,65,37.2
"2492010","CSD","Péribonka (MÉ)",110.2968,489,304,234,"2492","24","",0,485,32000,29000,150,39.2
"2492015","CSD","Sainte-Jeanne-d'Arc (VL)",267.2762,1101,552,493,"2492","24","24411",10,1095,37200,33200,290,41.1
"2492022","CSD","Dolbeau-Mistassini (V)",293.4261,13718,6866,6263,"2492","24","24411",35,13385,32800,29600,3250,40.5
"2492030","CSD","Albanel (MÉ)",197.4474,2181,987,935,"2492","24","",0,2170,42000,36400,595,41.4
"2492040","CSD","Normandin (V)",211.7931,2991,1382,1315,"2492","24","",0,2930,34800,31000,765,41.4
"2492045","CSD","Saint-Thomas-Didyme (MÉ)",333.2527,703,518,364,"2492","24","",0,695,32000,30200,120,42.2
"2492050","CSD","Saint-Edmond-les-Plaines (MÉ)",84.3906,355,173,164,"2492","24","",0,350,23800,23800,100,42.2
"2492055","CSD","Girardville (MÉ)",124.1066,1018,511,470,"2492","24","",0,1010,42800,37600,215,37.9
"2492065","CSD","Saint-Eugène-d'Argentenay (MÉ)",87.0522,487,221,206,"2492","24","24411",0,480,35200,31800,135,43
"2492070","CSD","Saint-Stanislas (MÉ)",153.5833,376,223,163,"2492","24","",0,375,29600,27400,100,38.6
"2493005","CSD","Desbiens (V)",10.3923,995,523,475,"2493","24","",0,980,36000,31800,225,38.8
"2493012","CSD","Métabetchouan--Lac-à-la-Croix (V)",187.4935,4121,2075,1806,"2493","24","",10,3975,35600,32000,965,41.1
"2493020","CSD","Hébertville (MÉ)",260.7435,2500,1245,1078,"2493","24","",5,2455,38800,33200,765,42.7
"2493025","CSD","Hébertville-Station (VL)",31.4984,1229,558,546,"2493","24","",0,1225,34800,31200,365,42
"2493030","CSD","Saint-Bruno (MÉ)",77.8648,2902,1269,1226,"2493","24","",5,2870,39200,34800,925,42.5
"2493035","CSD","Saint-Gédéon (MÉ)",63.382,2177,1219,968,"2493","24","",15,2160,46000,39200,635,42.5
"2493042","CSD","Alma (V)",194.9231,30331,14493,13815,"2493","24","24410",65,29760,34800,31200,7980,41.9
"2493045","CSD","Saint-Nazaire (MÉ)",144.7631,2029,869,835,"2493","24","",0,2015,38400,34000,535,42
"2493055","CSD","Labrecque (MÉ)",152.6698,1328,766,575,"2493","24","",5,1325,41600,36000,275,40.3
"2493060","CSD","Lamarche (MÉ)",81.4454,476,396,255,"2493","24","",0,470,27400,26000,80,34.8
"2493065","CSD","L'Ascension-de-Notre-Seigneur (PE)",130.8444,2079,985,855,"2493","24","",5,2065,35200,31800,480,40.7
"2493070","CSD","Saint-Henri-de-Taillon (MÉ)",61.7373,803,504,362,"2493","24","",0,800,44000,35600,135,36.9
"2493075","CSD","Sainte-Monique (MÉ)",152.5308,858,443,379,"2493","24","",0,855,33600,31000,235,41.6
"2493080","CSD","Saint-Ludger-de-Milot (MÉ)",107.4603,637,401,318,"2493","24","",0,640,29400,28000,135,40.1
"2494068","CSD","Saguenay (V)",1124.6324,144723,71017,67522,"2494","24","24408",955,140965,35600,31800,39370,42.2
"2494205","CSD","Petit-Saguenay (MÉ)",329.6279,600,384,305,"2494","24","",0,590,24400,24200,115,34.4
"2494210","CSD","L'Anse-Saint-Jean (MÉ)",501.7947,1301,961,621,"2494","24","",10,1285,34800,31200,200,38.8
"2494215","CSD","Rivière-Éternité (MÉ)",473.1741,414,239,199,"2494","24","",0,415,31400,29200,125,44.4
"2494220","CSD","Ferland-et-Boilleau (MÉ)",383.0936,632,319,263,"2494","24","24408",0,620,43200,38000,125,36.8
"2494225","CSD","Saint-Félix-d'Otis (MÉ)",233.1554,1109,819,548,"2494","24","24408",5,1095,45200,39200,280,40.1
"2494230","CSD","Sainte-Rose-du-Nord (PE)",116.6111,434,261,217,"2494","24","24408",0,430,35200,32000,70,37.8
"2494235","CSD","Saint-Fulgence (MÉ)",351.9125,2061,998,921,"2494","24","24408",5,2050,36800,33200,560,41.8
"2494240","CSD","Saint-Honoré (V)",189.3768,6376,2609,2535,"2494","24","24408",20,6325,42400,36800,1880,43.2
"2494245","CSD","Saint-David-de-Falardeau (MÉ)",398.2471,2996,2250,1381,"2494","24","24408",15,2965,46800,39600,680,39
"2494250","CSD","Bégin (MÉ)",189.6725,851,491,384,"2494","24","24408",5,835,28400,27400,190,41.1
"2494255","CSD","Saint-Ambroise (MÉ)",149.3728,3883,1833,1697,"2494","24","",10,3840,38000,32800,995,41
"2494260","CSD","Saint-Charles-de-Bourget (MÉ)",62.1254,784,383,344,"2494","24","24408",0,775,39600,35200,200,40.4
"2494265","CSD","Larouche (MÉ)",84.7054,1601,829,694,"2494","24","24408",10,1585,42800,36800,450,41.9
"2495005","CSD","Tadoussac (VL)",52.7314,814,514,397,"2495","24","",5,800,34000,31200,180,32.9
"2495010","CSD","Sacré-Coeur (MÉ)",303.1542,1684,877,744,"2495","24","",0,1680,36400,32400,470,38.6
"2495018","CSD","Les Bergeronnes (MÉ)",268.7734,619,319,289,"2495","24","",0,600,34400,30000,155,41.2
"2495025","CSD","Les Escoumins (MÉ)",265.8942,1794,983,856,"2495","24","",0,1740,36000,32800,445,40.4
"2495032","CSD","Longue-Rive (MÉ)",308.0574,918,562,488,"2495","24","",5,910,25000,24600,140,37
"2495040","CSD","Portneuf-sur-Mer (MÉ)",181.9024,612,357,321,"2495","24","",0,615,24000,24000,95,39.2
"2495045","CSD","Forestville (V)",192.6094,2892,1577,1476,"2495","24","",0,2850,30800,28400,720,41.4
"2495050","CSD","Colombier (MÉ)",361.2299,635,363,324,"2495","24","",0,630,28000,27400,105,38
"2495802","CSD","Essipit (IRI)",1.1295,310,134,128,"2495","24","",0,305,33200,30000,80,36.8
"2496005","CSD","Baie-Trinité (VL)",417.4809,438,341,231,"2496","24","",5,415,31200,29400,40,33.2
"2496010","CSD","Godbout (VL)",159.1776,272,241,157,"2496","24","",0,270,28000,27800,25,28.4
"2496015","CSD","Franquelin (MÉ)",436.5545,285,194,157,"2496","24","",5,280,45600,38400,95,41.6
"2496020","CSD","Baie-Comeau (V)",334.8274,20687,10163,9554,"2496","24","24406",95,20200,39600,34800,5990,42.2
"2496025","CSD","Pointe-Lebel (VL)",85.536,1817,935,857,"2496","24","24406",5,1805,50400,42400,575,43.1
"2496030","CSD","Pointe-aux-Outardes (VL)",75.1938,1434,710,641,"2496","24","24406",5,1420,41200,35600,450,43
"2496035","CSD","Chute-aux-Outardes (VL)",7.5052,1391,731,693,"2496","24","24406",0,1380,37200,33200,335,40.8
"2496040","CSD","Ragueneau (PE)",179.8314,1314,713,613,"2496","24","24406",10,1300,36000,32400,270,38.8
"2496802","CSD","Pessamit (IRI)",245.1908,2428,841,822,"2496","24","",5,445,25200,25200,480,40.4
"2497007","CSD","Sept-Îles (V)",1742.883,24569,12814,11272,"2497","24","24412",635,22805,41600,36400,7740,42.5
"2497022","CSD","Port-Cartier (V)",1092.7534,6516,3307,2918,"2497","24","",65,6190,40800,35600,1760,42.4
"2497035","CSD","Fermont (V)",451.1208,2256,1538,976,"2497","24","",30,2165,127000,93000,970,44.5
"2497802","CSD","Uashat 27 (IRI)",2.3584,1550,522,493,"2497","24","24412",20,810,22200,22200,240,36.9
"2497804","CSD","Maliotenam (IRI)",5.1979,1610,542,528,"2497","24","24412",0,625,34000,33600,310,38
"2497806","CSD","Kawawachikamach (TK)",32.5086,641,203,194,"2497","24","",125,0,35600,34800,140,38.8
"2497808","CSD","Matimekosh (IRI)",0.6864,661,227,203,"2497","24","",20,55,36800,36800,135,39.2
"2498005","CSD","Blanc-Sablon (MÉ)",234.9791,1122,503,464,"2498","24","",895,155,40800,36000,265,33
"2498010","CSD","Bonne-Espérance (MÉ)",622.9853,692,318,282,"2498","24","",690,0,34400,31800,60,26.1
"2498012","CSD","Saint-Augustin (MÉ)",1137.6768,425,228,198,"2498","24","",425,0,33600,30400,100,39
"2498014","CSD","Gros-Mécatina (MÉ)",742.1537,356,243,182,"2498","24","",350,0,36000,32000,95,33
"2498015","CSD","Côte-Nord-du-Golfe-du-Saint-Laurent (MÉ)",2597.0548,787,430,361,"2498","24","",540,215,40000,35600,140,33.6
"2498025","CSD","Natashquan (MÉ)",667.9133,262,156,121,"2498","24","",5,245,42800,37600,85,35.2
"2498040","CSD","Havre-Saint-Pierre (MÉ)",2570.09,3337,1655,1448,"2498","24","",10,3180,48000,41200,940,40.3
"2498045","CSD","Longue-Pointe-de-Mingan (MÉ)",370.034,408,257,204,"2498","24","",0,405,42400,38000,110,38.6
"2498055","CSD","Rivière-au-Tonnerre (MÉ)",605.142,281,326,157,"2498","24","",0,280,33200,31200,25,29.4
"2498806","CSD","Nutashkuan (IRI)",1.3486,915,234,228,"2498","24","",0,15,36400,36000,185,32.5
"2498808","CSD","Mingan (IRI)",17.2359,552,165,160,"2498","24","",5,60,29600,29400,125,38.2
"2499005","CSD","Lebel-sur-Quévillon (V)",44.4095,2091,1161,942,"2499","24","",10,2045,46000,40000,700,42.2
"2499015","CSD","Matagami (V)",75.1235,1402,736,617,"2499","24","",30,1345,54000,44000,390,40.3
"2499020","CSD","Chapais (V)",62.3066,1468,711,648,"2499","24","",80,1325,41600,37200,395,42
"2499025","CSD","Chibougamau (V)",694.8743,7233,3557,3190,"2499","24","",245,6785,41600,37600,2355,42
"2499060","CSD","Eeyou Istchee Baie-James (GR)",283123.4216,2638,1331,906,"2499","24","",415,1265,48400,42400,745,43.6
"2499075","CSD","Kuujjuarapik (VN)",7.4501,792,267,249,"2499","24","",345,20,26600,25200,200,42.3
"2499080","CSD","Umiujaq (VN)",28.3798,541,178,168,"2499","24","",20,0,27400,25400,140,44
"2499085","CSD","Inukjuak (VN)",54.9231,1821,588,481,"2499","24","",70,5,27400,26600,390,43.4
"2499090","CSD","Kangiqsualujjuaq (VN)",34.3255,956,270,247,"2499","24","",35,15,44400,41200,295,46.8
"2499095","CSD","Kuujjuaq (VN)",289.968,2668,1253,973,"2499","24","",610,375,80000,62800,1070,46.9
"2499110","CSD","Kangirsuk (VN)",57.1522,561,197,170,"2499","24","",15,5,34400,31800,160,43.8
"2499115","CSD","Quaqtaq (VN)",25.8177,453,173,144,"2499","24","",10,5,36400,34800,115,42.2
"2499120","CSD","Puvirnituq (VN)",81.6121,2129,697,547,"2499","24","",70,30,48000,42400,505,45.3
"2499125","CSD","Akulivik (VN)",75.0223,642,204,181,"2499","24","",5,0,27200,25800,125,44
"2499130","CSD","Kangiqsujuaq (VN)",12.4055,837,321,297,"2499","24","",25,35,42400,38000,255,42.7
"2499135","CSD","Salluit (VN)",15.0771,1580,473,426,"2499","24","",50,25,39200,37600,325,42.5
"2499140","CSD","Ivujivik (VN)",35.1519,412,136,123,"2499","24","",10,0,28200,26600,95,40.6
"2499802","CSD","Waswanipi (TC)",385.8272,459,160,127,"2499","24","",130,0,46400,46000,140,46.2
"2499804","CSD","Mistissini (TC)",807.7495,3731,1210,1019,"2499","24","",840,130,58400,56800,1055,42.4
"2499806","CSD","Waskaganish (TC)",496.9923,2536,626,563,"2499","24","",300,25,61200,61200,565,38.9
"2499808","CSD","Nemaska (TC)",98.4196,832,291,221,"2499","24","",150,15,79500,66500,255,41.4
"2499810","CSD","Eastmain (TC)",148.9941,924,280,223,"2499","24","",195,10,66000,66000,285,41.2
"2499812","CSD","Wemindji (TC)",387.3661,1562,493,397,"2499","24","",570,10,48800,48800,385,40.6
"2499814","CSD","Chisasibi (TC)",825.1127,4985,1281,1056,"2499","24","",575,125,62800,60000,1260,42.3
"2499818","CSD","Oujé-Bougoumou (TC)",96.2223,797,277,218,"2499","24","",380,20,48400,48000,235,45.2
"3501005","CSD","South Glengarry (TP)",605.0159,13330,5848,5431,"3501","35","",10605,1945,42000,37600,4090,42.7
"3501011","CSD","South Stormont (TP)",447.7113,13570,5583,5412,"3501","35","35501",12490,680,42800,38400,4070,42.6
"3501012","CSD","Cornwall (CY)",61.5044,47845,22214,21386,"3501","35","35501",39730,3625,31400,29800,10850,41
"3501020","CSD","South Dundas (MU)",521.5418,11044,4821,4651,"3501","35","",10765,115,35600,32800,2995,43.1
"3501030","CSD","North Dundas (TP)",502.4055,11304,4673,4537,"3501","35","",10600,400,42800,38400,3780,44.1
"3501042","CSD","North Stormont (TP)",515.464,7400,2949,2853,"3501","35","",5795,1240,41200,38000,2550,43.5
"3501050","CSD","North Glengarry (TP)",643.4009,10144,4714,4422,"3501","35","",6780,2695,32800,31000,2745,43
"3502001","CSD","East Hawkesbury (TP)",235.0642,3418,1507,1425,"3502","35","",1350,1875,34000,31600,1060,42.9
"3502008","CSD","Hawkesbury (T)",10.0965,10194,5308,5080,"3502","35","502",2395,6950,30000,28800,1995,40.4
"3502010","CSD","Champlain (TP)",207.0178,8665,3964,3750,"3502","35","",3565,4655,37200,34000,2350,41.9
"3502023","CSD","Alfred and Plantagenet (TP)",391.7865,9949,4297,4080,"3502","35","",2795,6570,38800,35200,3085,43.2
"3502025","CSD","The Nation / La Nation (M)",658.9268,13350,5259,5104,"3502","35","",5160,7285,46000,40800,5150,44.7
"3502036","CSD","Clarence-Rockland (C)",297.4659,26505,10316,10095,"3502","35","505",11510,12870,47200,42000,8735,43.4
"3502044","CSD","Casselman (VL)",5.128,3960,1630,1578,"3502","35","",1110,2540,47200,41200,1355,44.6
"3502048","CSD","Russell (TP)",198.7812,19598,7335,7226,"3502","35","505",12560,5935,54000,46400,7305,44.3
"3506008","CSD","Ottawa (CV)",2788.1967,1017449,427113,407252,"3506","35","505",734735,82795,46400,41600,321175,42.2
"3507004","CSD","Edwardsburgh/Cardinal (TP)",309.914,7505,3285,3138,"3507","35","",7330,85,36400,33600,2235,43.4
"3507006","CSD","Augusta (TP)",313.7729,7386,3046,2952,"3507","35","",7240,55,43200,39200,2310,42.5
"3507008","CSD","Prescott (T)",4.937,4078,1993,1889,"3507","35","",3945,25,35600,32800,930,42.3
"3507014","CSD","Elizabethtown-Kitley (TP)",555.9599,9545,4029,3791,"3507","35","35512",9245,70,42400,38000,2915,42.1
"3507015","CSD","Brockville (CY)",20.9072,22116,11088,10647,"3507","35","35512",20890,170,34800,32000,4870,40.9
"3507017","CSD","Front of Yonge (TP)",125.2542,2595,1208,1073,"3507","35","",2540,15,36800,32800,685,42.4
"3507021","CSD","Leeds and the Thousand Islands (TP)",608.0873,9804,5040,3994,"3507","35","",9505,80,42000,37600,2730,41.4
"3507024","CSD","Gananoque (T)",7.0051,5383,2767,2562,"3507","35","",5110,35,37200,34400,1330,40.2
"3507033","CSD","Westport (VL)",2.1936,634,359,334,"3507","35","",615,0,36800,34000,160,39.6
"3507040","CSD","Rideau Lakes (TP)",711.808,10883,6781,4696,"3507","35","",10710,50,39200,35600,2750,42
"3507042","CSD","Athens (TP)",129.5379,3042,1325,1214,"3507","35","",2965,10,38000,33600,905,42.5
"3507052","CSD","Merrickville-Wolford (VL)",214.3308,3135,1392,1290,"3507","35","",2900,60,41200,37600,940,42.9
"3507065","CSD","North Grenville (MU)",351.8995,17964,7244,7038,"3507","35","505",17205,255,48000,42800,5790,43.5
"3509001","CSD","Montague (TP)",278.4703,3914,1551,1503,"3509","35","",3785,45,43600,38800,1150,42.4
"3509004","CSD","Smiths Falls (T)",9.659,9254,4523,4311,"3509","35","",8875,50,34000,32000,2155,41.8
"3509010","CSD","Drummond/North Elmsley (TP)",365.6714,8183,3708,3287,"3509","35","",7985,75,46000,41600,2480,42.2
"3509015","CSD","Tay Valley (TP)",528.6749,5925,3750,2419,"3509","35","",5580,35,43200,39200,1555,42.2
"3509021","CSD","Perth (T)",12.2102,6469,3395,3271,"3509","35","",6250,20,38400,34800,1280,40.6
"3509024","CSD","Beckwith (TP)",239.3122,9021,3523,3371,"3509","35","505",8750,130,50800,45200,3190,43.3
"3509028","CSD","Carleton Place (T)",9.9385,12517,5341,5210,"3509","35","505",11815,190,45200,40000,3870,43.5
"3509030","CSD","Mississippi Mills (T)",511.2485,14740,6241,6043,"3509","35","505",14180,160,45600,40400,4275,42.2
"3509039","CSD","Lanark Highlands (TP)",1031.5228,5737,3409,2494,"3509","35","",5630,55,36800,33600,1585,42.8
"3510005","CSD","Frontenac Islands (TP)",176.8162,1930,1212,903,"3510","35","35521",1905,15,46400,40400,485,40.9
"3510010","CSD","Kingston (CY)",451.5833,132485,63095,57836,"3510","35","35521",118335,1800,35600,32800,35335,40.9
"3510020","CSD","South Frontenac (TP)",948.0507,20188,9503,7937,"3510","35","35521",19885,125,46400,41200,6325,42.7
"3510035","CSD","Central Frontenac (TP)",991.4067,4892,3618,2177,"3510","35","",4815,5,33200,30600,1070,40.3
"3510045","CSD","North Frontenac (TP)",1157.9656,2285,2798,1131,"3510","35","",2240,15,35600,32800,395,38.2
"3511005","CSD","Loyalist (TP)",342.7183,17943,7145,6830,"3511","35","35521",16455,195,45200,40400,4985,42.4
"3511015","CSD","Greater Napanee (T)",462.3029,16879,7461,6868,"3511","35","",15810,35,33600,31800,3940,42
"3511030","CSD","Stone Mills (TP)",693.7087,7826,3436,3071,"3511","35","",7745,20,39200,36000,2495,42.5
"3511035","CSD","Addington Highlands (TP)",1293.9905,2534,2052,1122,"3511","35","",2460,5,27600,26600,430,40.2
"3512001","CSD","Tyendinaga (TP)",312.422,4538,1730,1650,"3512","35","35522",4470,30,38400,35200,1385,41.8
"3512002","CSD","Deseronto (T)",2.5191,1747,803,723,"3512","35","",1730,0,31200,29600,440,42.8
"3512004","CSD","Tyendinaga Mohawk Territory (IRI)",72.0182,2535,1170,1031,"3512","35","",2510,0,23800,23200,550,42.2
"3512005","CSD","Belleville (CY)",247.1474,55071,24582,23536,"3512","35","35522",51340,280,34800,32400,13635,41.7
"3512015","CSD","Quinte West (CY)",495.4493,46560,19888,19056,"3512","35","35522",44245,935,39600,36000,12645,42.2
"3512020","CSD","Stirling-Rawdon (TP)",282.4797,5015,2074,1971,"3512","35","35522",4790,20,34800,32400,1370,41.2
"3512026","CSD","Centre Hastings (MU)",222.791,4801,2180,1939,"3512","35","",4625,10,32000,30600,1235,42.8
"3512030","CSD","Tweed (MU)",918.6062,6067,3042,2591,"3512","35","",5865,15,34000,31800,1450,41.8
"3512036","CSD","Madoc (TP)",274.5829,2233,934,868,"3512","35","",2165,0,34400,31600,580,42.2
"3512046","CSD","Marmora and Lake (MU)",538.2434,4267,2578,1887,"3512","35","",4130,10,30200,29000,755,40.5
"3512048","CSD","Tudor and Cashel (TP)",433.3073,740,758,352,"3512","35","",730,0,33600,30800,130,38.6
"3512051","CSD","Limerick (TP)",201.0358,436,533,206,"3512","35","",430,0,28000,27800,40,32.8
"3512054","CSD","Wollaston (TP)",215.8709,721,757,352,"3512","35","",705,0,32400,31000,135,38.6
"3512058","CSD","Faraday (TP)",217.4359,1612,1290,755,"3512","35","",1575,15,36000,32800,275,40.3
"3512061","CSD","Bancroft (T)",227.5367,4065,2007,1801,"3512","35","",3795,15,27600,27200,705,39.8
"3512065","CSD","Carlow/Mayo (TP)",385.3241,953,663,416,"3512","35","",935,5,32800,31400,235,43.1
"3512076","CSD","Hastings Highlands (MU)",966.5818,4385,3529,2007,"3512","35","",4325,10,35200,32800,885,40
"3513020","CSD","Prince Edward County (CY)",1052.6069,25704,13557,11332,"3513","35","",24985,85,38800,35200,6065,41.5
"3514004","CSD","Brighton (MU)",223.2437,12108,5392,5014,"3514","35","",11290,80,40400,36800,2550,40.9
"3514014","CSD","Cramahe (TP)",202.2244,6509,2772,2603,"3514","35","",6435,15,37200,34400,1800,42.2
"3514019","CSD","Hamilton (TP)",256.0285,11059,4685,4281,"3514","35","",10915,20,45200,40800,3280,41.9
"3514020","CSD","Port Hope (MU)",278.8006,17294,7607,7318,"3514","35","35528",16620,45,41600,37600,4550,41.8
"3514021","CSD","Cobourg (T)",22.4082,20519,9520,9134,"3514","35","35527",19465,45,40000,36400,4585,40.8
"3514024","CSD","Alnwick/Haldimand (TP)",398.25,7473,3323,2823,"3514","35","",7320,25,42400,38400,2070,41.4
"3514027","CSD","Alderville First Nation (IRI)",12.5932,542,282,252,"3514","35","",535,0,27200,26800,105,36.8
"3514045","CSD","Trent Hills (MU)",513.8469,13861,7057,5903,"3514","35","",13545,30,32400,30600,3245,41.7
"3515003","CSD","Asphodel-Norwood (TP)",161.6153,4658,1985,1821,"3515","35","",4560,0,40000,36400,1235,42.2
"3515005","CSD","Otonabee-South Monaghan (TP)",346.1528,7087,3050,2732,"3515","35","35529",6975,10,41200,36800,2015,42.7
"3515008","CSD","Hiawatha First Nation (IRI)",8.9288,341,210,157,"3515","35","35529",340,0,25000,25000,90,42
"3515013","CSD","Cavan Monaghan (TP)",306.3893,10016,3704,3553,"3515","35","35529",9555,35,43200,38800,2950,42.5
"3515014","CSD","Peterborough (CY)",64.7565,83651,38006,35977,"3515","35","35529",78520,225,32000,30200,19055,40.6
"3515015","CSD","Selwyn (TP)",316.117,18653,8540,7483,"3515","35","35529",18275,30,42000,38000,4895,41.9
"3515019","CSD","Curve Lake First Nation 35 (IRI)",6.6369,1244,650,543,"3515","35","35529",1230,0,26400,26400,230,39.4
"3515023","CSD","Douro-Dummer (TP)",459.4605,7632,3601,2925,"3515","35","35529",7550,10,42800,38000,2100,41.8
"3515030","CSD","Havelock-Belmont-Methuen (TP)",529.3526,5083,3856,2234,"3515","35","",5010,5,36400,33600,1120,42
"3515037","CSD","North Kawartha (TP)",746.3451,2877,3693,1364,"3515","35","",2830,5,36400,34000,610,39.4
"3515044","CSD","Trent Lakes (MU)",833.7181,6439,5750,2952,"3515","35","",6340,5,41200,37200,1430,40.1
"3516010","CSD","Kawartha Lakes (CY)",3033.6565,79247,38947,32708,"3516","35","35530",76230,160,36800,34000,19260,41.3
"3518001","CSD","Pickering (CY)",231.1049,99186,34327,33425,"3518","35","35535",80970,370,48800,43200,30100,41.4
"3518005","CSD","Ajax (T)",66.6437,126666,40275,39488,"3518","35","35535",96590,720,45600,40800,37865,41.3
"3518009","CSD","Whitby (T)",146.6948,138501,47389,46460,"3518","35","35532",117430,695,46400,41600,42410,41.8
"3518013","CSD","Oshawa (CY)",145.7163,175383,69324,66634,"3518","35","35532",153120,1170,37200,34400,44780,40.7
"3518017","CSD","Clarington (MU)",610.8417,101427,36852,35953,"3518","35","35532",94610,505,50000,44000,31095,42.3
"3518020","CSD","Scugog (TP)",474.3769,21581,8734,8243,"3518","35","",20940,40,44800,39600,6240,41.9
"3518029","CSD","Uxbridge (TP)",420.5191,21556,8310,8008,"3518","35","35535",20635,25,43200,39200,6585,41.4
"3518039","CSD","Brock (TP)",422.6386,12567,5297,4788,"3518","35","",12000,20,38800,35600,3545,42.4
"3519028","CSD","Vaughan (CY)",272.4441,323103,107159,103914,"3519","35","35535",212155,670,41600,38000,97575,40.9
"3519036","CSD","Markham (CY)",210.9319,338503,114908,110867,"3519","35","35535",163020,625,36800,33600,89545,39.7
"3519038","CSD","Richmond Hill (T)",100.7897,202022,72017,69314,"3519","35","35535",103550,430,38000,34800,56015,40
"3519044","CSD","Whitchurch-Stouffville (T)",206.4178,49864,17154,16707,"3519","35","35535",37440,95,50000,43600,15155,41.7
"3519046","CSD","Aurora (T)",50.0009,62057,22253,21506,"3519","35","35535",45040,240,47200,42000,19065,40.9
"3519048","CSD","Newmarket (T)",38.501,87942,31239,30301,"3519","35","35535",66655,275,41200,37200,26415,41.1
"3519049","CSD","King (TP)",332.1164,27333,9346,8969,"3519","35","35535",23465,50,45200,39600,8235,41.1
"3519054","CSD","East Gwillimbury (T)",244.9061,34637,11869,11449,"3519","35","35535",27210,105,47200,41600,10655,41
"3519070","CSD","Georgina (T)",287.69,47642,19368,17895,"3519","35","35535",43410,105,40000,36400,14315,41.7
"3520005","CSD","Toronto (C)",631.0983,2794356,1253238,1160892,"3520","35","35535",1839730,16070,39200,35600,791335,40.2
"3521005","CSD","Mississauga (CY)",292.7442,717961,254089,244575,"3521","35","35535",442265,2840,39600,36000,206735,40.4
"3521010","CSD","Brampton (CY)",265.8874,656480,189086,182472,"3521","35","35535",357675,2125,30600,29200,176705,40.1
"3521024","CSD","Caledon (T)",688.8179,76581,24795,23699,"3521","35","35535",60485,155,43600,39200,24190,41.5
"3522001","CSD","East Garafraxa (TP)",166.5014,2794,944,903,"3522","35","",2660,0,44000,39200,935,43
"3522008","CSD","Amaranth (TP)",265.015,4327,1428,1372,"3522","35","",4070,10,40000,37600,1305,41.9
"3522010","CSD","Grand Valley (T)",158.5956,3851,1445,1397,"3522","35","",3660,10,42800,38400,1325,43.4
"3522012","CSD","Mono (T)",278.3715,9421,3327,3131,"3522","35","35535",8640,25,50400,44400,2875,42
"3522014","CSD","Orangeville (T)",15.1629,30167,11308,11059,"3522","35","35535",28205,95,42800,38400,9415,41.9
"3522016","CSD","Mulmur (TP)",286.1696,3571,1682,1388,"3522","35","",3440,5,50000,43200,1115,41
"3522019","CSD","Melancthon (TP)",310.3935,3132,1104,1035,"3522","35","",2835,0,41600,37200,965,42
"3522021","CSD","Shelburne (T)",6.5613,8994,3150,3025,"3522","35","",8195,30,37600,34800,2605,42.1
"3523001","CSD","Puslinch (TP)",214.8178,7944,2946,2857,"3523","35","35550",7335,10,48000,42400,2485,41.4
"3523008","CSD","Guelph (CY)",87.4266,143740,59746,56480,"3523","35","35550",120600,475,39200,35600,44135,41.7
"3523009","CSD","Guelph/Eramosa (TP)",292.8398,13904,4993,4838,"3523","35","35550",13160,20,49200,43200,4510,42.1
"3523017","CSD","Erin (T)",298.8125,11981,4396,4220,"3523","35","",11385,30,43200,38400,4145,42.9
"3523025","CSD","Centre Wellington (TP)",409.4126,31093,12701,11972,"3523","35","35531",29740,55,44800,40000,9820,43.2
"3523033","CSD","Mapleton (TP)",535.5585,10839,3633,3245,"3523","35","",8965,0,44800,40400,3720,45.5
"3523043","CSD","Minto (T)",300.1856,9094,3885,3417,"3523","35","",8185,10,37600,34000,2885,43.9
"3523050","CSD","Wellington North (TP)",526.3075,12431,4987,4793,"3523","35","",11060,5,36000,33200,3620,44.1
"3524001","CSD","Oakville (T)",138.9434,213759,76179,73558,"3524","35","35535",156750,1235,48800,43200,63085,41.1
"3524002","CSD","Burlington (CY)",186.1219,186948,74891,73180,"3524","35","35537",161335,765,51200,44800,58325,41.9
"3524009","CSD","Milton (T)",363.8308,132979,41000,40038,"3524","35","35535",92340,680,52400,46000,40875,41.7
"3524015","CSD","Halton Hills (T)",276.8103,62951,22252,21825,"3524","35","35535",57150,300,45200,40400,21240,42.3
"3525005","CSD","Hamilton (C)",1118.3101,569353,233564,222807,"3525","35","35537",469285,2170,37200,34000,155525,41.3
"3526003","CSD","Fort Erie (T)",166.2419,32901,15875,14081,"3526","35","35539",31150,110,36800,34000,7675,40.3
"3526011","CSD","Port Colborne (CY)",121.9886,20033,10219,8710,"3526","35","35539",19035,110,36000,33200,4670,40.8
"3526014","CSD","Wainfleet (TP)",217.5264,6887,3116,2615,"3526","35","35539",6765,25,41200,37600,2160,43
"3526021","CSD","West Lincoln (TP)",387.0155,15454,5422,5295,"3526","35","",14955,20,43200,38800,4550,42.8
"3526028","CSD","Pelham (T)",126.345,18192,7123,6959,"3526","35","35539",17205,80,46800,41600,4875,41.4
"3526032","CSD","Welland (CY)",81.1574,55750,24530,23656,"3526","35","35539",51180,1095,34400,32000,13070,40.5
"3526037","CSD","Thorold (CY)",83.2949,23816,9856,9095,"3526","35","35539",21165,95,32800,30800,5960,40.2
"3526043","CSD","Niagara Falls (CY)",210.2536,94415,39778,37793,"3526","35","35539",79855,395,33600,31400,19815,37.2
"3526047","CSD","Niagara-on-the-Lake (T)",131.3489,19088,8578,7857,"3526","35","35539",17150,75,40800,37200,3910,39
"3526053","CSD","St. Catharines (CY)",96.1956,136803,61977,58903,"3526","35","35539",120470,730,35200,32800,32485,39.8
"3526057","CSD","Lincoln (T)",162.7382,25719,9826,9555,"3526","35","35539",24110,105,43600,39600,7315,41.6
"3526065","CSD","Grimsby (T)",68.71,28883,11626,11395,"3526","35","35537",27120,40,49200,43200,8810,41.9
"3528018","CSD","Haldimand County (CY)",1250.4518,49216,20710,18719,"3528","35","",47600,80,40400,36800,14050,42.8
"3528052","CSD","Norfolk County (CY)",1597.6839,67490,30085,27594,"3528","35","35547",63470,100,38400,34800,17185,41.6
"3529005","CSD","Brant (CY)",817.6558,39474,14778,14330,"3529","35","35543",37455,45,43200,38400,12275,42.7
"3529006","CSD","Brantford (CY)",98.6476,104688,43269,41673,"3529","35","35543",94355,235,36400,33600,28120,41.4
"3529021","CSD","New Credit (Part) 40A (IRI)",20.1015,609,203,199,"3529","35","",610,0,34000,31800,110,41
"3530004","CSD","North Dumfries (TP)",188.0908,10619,3768,3689,"3530","35","35541",10145,15,50800,44400,3570,43.3
"3530010","CSD","Cambridge (CY)",112.994,138479,53013,51269,"3530","35","35541",116240,415,39600,36000,41175,41.9
"3530013","CSD","Kitchener (CY)",136.8149,256885,103388,99812,"3530","35","35541",196405,810,40000,36400,76635,41.8
"3530016","CSD","Waterloo (CY)",64.056,121436,52049,47040,"3530","35","35541",92950,325,32000,30400,34455,40.5
"3530020","CSD","Wilmot (TP)",263.8128,21429,8035,7891,"3530","35","35541",20520,35,45200,40000,7005,43.5
"3530027","CSD","Wellesley (TP)",277.7402,11318,3444,3366,"3530","35","",8110,5,44800,40000,4040,45.4
"3530035","CSD","Woolwich (TP)",326.5574,26999,9556,9359,"3530","35","35541",23090,30,46400,41600,9190,43.8
"3531011","CSD","Stratford (CY)",30.021,33232,15388,14743,"3531","35","35553",31345,40,40400,36000,8960,40.8
"3531013","CSD","Perth South (TP)",391.876,3776,1454,1396,"3531","35","",3715,5,46800,41200,1295,44.1
"3531016","CSD","St. Marys (T)",12.4384,7386,3216,3128,"3531","35","",7065,15,42000,38000,2280,42.8
"3531025","CSD","West Perth (MU)",578.8821,9038,3567,3434,"3531","35","",8700,0,41600,37200,2995,43.8
"3531030","CSD","Perth East (TP)",711.9316,12595,4266,4112,"3531","35","",10625,15,42800,38400,4275,45
"3531040","CSD","North Perth (MU)",493.0943,15538,6171,5959,"3531","35","",13985,15,40000,36400,5035,44.6
"3532002","CSD","Norwich (TP)",424.0077,11151,3892,3761,"3532","35","",10360,5,42000,38000,3535,43.1
"3532004","CSD","Tillsonburg (T)",22.1989,18615,8494,8229,"3532","35","35546",17770,20,36400,34000,4435,41.8
"3532012","CSD","South-West Oxford (TP)",369.6061,7583,2708,2616,"3532","35","",7150,15,44400,39600,2370,43.8
"3532018","CSD","Ingersoll (T)",12.7336,13693,5627,5467,"3532","35","35533",13160,30,43200,38400,4145,42.4
"3532027","CSD","Zorra (TP)",529.1875,8628,3284,3162,"3532","35","",8395,10,46400,41600,2980,44
"3532038","CSD","East Zorra-Tavistock (TP)",241.9577,7841,3055,2976,"3532","35","",7505,5,40400,37600,2670,43.7
"3532042","CSD","Woodstock (CY)",56.4608,46705,19528,18886,"3532","35","35544",42130,135,41600,37600,12595,41.8
"3532045","CSD","Blandford-Blenheim (TP)",382.0288,7565,2857,2779,"3532","35","",7425,10,44800,39600,2615,43.4
"3534005","CSD","Bayham (MU)",244.6009,7096,2435,2264,"3534","35","",5795,10,32400,30600,1640,41.7
"3534010","CSD","Malahide (TP)",394.2655,9308,3178,3013,"3534","35","",7850,5,40800,37200,2695,42.2
"3534011","CSD","Aylmer (T)",6.37,7699,3177,3067,"3534","35","",6775,5,34000,31800,1825,41.7
"3534020","CSD","Central Elgin (MU)",279.8739,13746,5845,5460,"3534","35","35555",13340,25,49200,43200,4215,42.6
"3534021","CSD","St. Thomas (CY)",35.6062,42840,18596,18062,"3534","35","35555",40815,85,36400,33600,11160,41.8
"3534024","CSD","Southwold (TP)",301.3777,4851,1760,1713,"3534","35","35555",4685,10,49200,42800,1380,41.7
"3534030","CSD","Dutton/Dunwich (MU)",294.3827,4152,1677,1596,"3534","35","",4000,10,37600,34400,1260,42.1
"3534042","CSD","West Elgin (MU)",322.0882,5060,2221,2103,"3534","35","",4840,5,35600,32800,1330,40.6
"3536020","CSD","Chatham-Kent (MU)",2451.9038,103988,46752,44028,"3536","35","35556",97700,425,35200,32800,25425,41.4
"3536029","CSD","Moravian 47 (IRI)",12.6213,328,169,150,"3536","35","35556",320,5,22600,22600,60,41.2
"3537003","CSD","Leamington (MU)",261.2438,29680,11219,10547,"3537","35","35559",22605,65,37600,34800,7075,41.8
"3537013","CSD","Kingsville (T)",246.0773,22119,8635,8285,"3537","35","35559",20260,45,42400,38000,5725,41.6
"3537016","CSD","Essex (T)",277.5327,21216,8880,8391,"3537","35","35559",20420,55,40800,36800,5700,41.9
"3537028","CSD","Amherstburg (T)",183.7604,23524,9548,9193,"3537","35","35559",22625,80,44800,40400,6490,41.8
"3537034","CSD","LaSalle (T)",64.9553,32721,11922,11644,"3537","35","35559",28815,115,53200,46400,9345,41.9
"3537039","CSD","Windsor (CY)",146.0197,229660,99803,94273,"3537","35","35559",175030,1460,34800,32400,47480,39.3
"3537048","CSD","Tecumseh (T)",94.5916,23300,9111,8946,"3537","35","35559",20965,175,53200,46400,6290,41.7
"3537064","CSD","Lakeshore (T)",528.9961,40410,14954,14386,"3537","35","35559",36630,510,47200,42000,11660,42.1
"3538003","CSD","St. Clair (TP)",618.5651,14659,6528,6021,"3538","35","35562",14510,35,49600,43600,3850,41.3
"3538007","CSD","Dawn-Euphemia (TP)",445.1361,1968,824,766,"3538","35","",1860,0,43200,37600,560,42.7
"3538015","CSD","Brooke-Alvinston (MU)",311.4146,2359,983,918,"3538","35","",2325,0,35600,34400,705,42.8
"3538016","CSD","Enniskillen (TP)",338.0538,2825,1087,1041,"3538","35","",2670,0,42400,37600,810,43.2
"3538018","CSD","Oil Springs (VL)",8.1432,647,283,267,"3538","35","",635,0,38400,36000,170,41.7
"3538019","CSD","Petrolia (T)",12.4587,6013,2524,2460,"3538","35","",5775,10,40400,36000,1505,41.9
"3538025","CSD","Sarnia 45 (IRI)",12.5788,648,278,262,"3538","35","35562",640,0,22600,22600,110,38
"3538030","CSD","Sarnia (CY)",163.8953,72047,33902,32188,"3538","35","35562",67455,360,38000,34800,16170,40.5
"3538031","CSD","Point Edward (VL)",3.2994,1930,989,938,"3538","35","35562",1905,0,48400,42800,475,40.8
"3538035","CSD","Plympton-Wyoming (T)",318.8578,8308,3513,3172,"3538","35","35562",8170,15,50800,44400,2155,41.2
"3538040","CSD","Lambton Shores (MU)",330.5658,11876,7211,5303,"3538","35","",11590,5,38400,34800,2770,40.6
"3538043","CSD","Warwick (TP)",290.2073,3641,1425,1357,"3538","35","",3500,0,42400,37600,1145,43.8
"3538056","CSD","Kettle Point 44 (IRI)",9.322,1233,775,512,"3538","35","",1200,0,29000,29000,145,36.3
"3539002","CSD","Newbury (VL)",1.7701,440,195,187,"3539","35","",425,0,31600,29200,115,42
"3539005","CSD","Southwest Middlesex (MU)",427.8151,5893,2503,2407,"3539","35","",5790,5,38800,35200,1570,41.8
"3539015","CSD","Strathroy-Caradoc (MU)",270.8591,23871,9695,9453,"3539","35","35555",22570,25,39200,35600,7090,42.7
"3539027","CSD","Thames Centre (MU)",433.9936,13980,5316,5186,"3539","35","35555",13415,30,46400,41600,4665,44
"3539033","CSD","Middlesex Centre (MU)",588.158,18928,6845,6695,"3539","35","35555",17985,45,48800,43200,5930,42.5
"3539036","CSD","London (CY)",420.4995,422324,186409,174657,"3539","35","35555",341435,1595,35600,33200,109400,40.8
"3539041","CSD","North Middlesex (MU)",598.6485,6307,2481,2391,"3539","35","",6075,0,38000,34800,1920,42.6
"3539047","CSD","Adelaide-Metcalfe (TP)",331.1133,3011,1056,1013,"3539","35","35555",2945,5,46400,42400,820,43.4
"3539060","CSD","Lucan Biddulph (TP)",169.0773,5680,2172,2115,"3539","35","",5540,5,45200,41200,1880,42.9
"3540005","CSD","South Huron (MU)",425.1176,10063,4722,4339,"3540","35","",9685,5,39600,35600,2785,43.5
"3540010","CSD","Bluewater (MU)",416.704,7540,4882,3302,"3540","35","",7365,0,43600,38800,2190,42.6
"3540025","CSD","Central Huron (MU)",449.4347,7799,3917,3267,"3540","35","",7670,5,40800,36800,2165,43.2
"3540028","CSD","Goderich (T)",8.5371,7881,3899,3667,"3540","35","",7655,5,37200,34000,1845,41.3
"3540040","CSD","Huron East (MU)",669.1529,9512,3912,3707,"3540","35","",8935,5,36800,33600,2945,43.8
"3540046","CSD","Howick (TP)",286.5534,4045,1414,1343,"3540","35","",3235,0,40000,35600,1300,45.1
"3540050","CSD","Morris-Turnberry (MU)",376.8892,3590,1283,1195,"3540","35","",3040,0,44800,40000,1120,44.3
"3540055","CSD","North Huron (TP)",179.0142,5052,2277,2157,"3540","35","",4815,0,36800,33600,1405,43.3
"3540063","CSD","Ashfield-Colborne-Wawanosh (TP)",586.877,5884,3149,2357,"3540","35","",5100,10,40400,36800,1610,43.5
"3541004","CSD","South Bruce (MU)",486.8643,5880,2419,2280,"3541","35","",5705,0,37200,34400,1815,43.4
"3541015","CSD","Huron-Kinloss (TP)",440.729,7723,4107,3026,"3541","35","",6805,10,41600,37200,2080,43.5
"3541024","CSD","Kincardine (MU)",537.795,12268,6142,5160,"3541","35","",11435,35,51200,44800,3150,41.5
"3541032","CSD","Brockton (MU)",564.6422,9784,4406,4032,"3541","35","",9465,10,39600,35600,2870,43.2
"3541043","CSD","Arran-Elderslie (MU)",458.7569,6913,2998,2782,"3541","35","",6345,5,38400,35200,2065,43
"3541045","CSD","Saugeen Shores (T)",170.1938,15908,8548,6905,"3541","35","",15060,35,48800,43200,4135,41.1
"3541055","CSD","South Bruce Peninsula (T)",530.6122,9137,7093,4148,"3541","35","",8925,5,37600,34400,1945,40.1
"3541057","CSD","Saugeen 29 (IRI)",41.4158,784,1389,318,"3541","35","",775,0,22600,22600,165,40.6
"3541060","CSD","Neyaashiinigmiing 27 (IRI)",63.7573,580,296,248,"3541","35","",570,0,22000,22000,95,38.6
"3541069","CSD","Northern Bruce Peninsula (MU)",775.696,4404,5101,2206,"3541","35","",4280,10,39200,35200,875,39.8
"3542004","CSD","West Grey (MU)",875.2086,13131,5808,5284,"3542","35","",12665,15,32000,30200,3515,42.5
"3542005","CSD","Southgate (TP)",643.0785,8716,3257,3017,"3542","35","",7120,40,37600,34400,2720,44.2
"3542015","CSD","Grey Highlands (MU)",879.0298,10424,5337,4091,"3542","35","",9360,20,37200,34000,2875,41.7
"3542029","CSD","Hanover (T)",9.7802,7967,3788,3445,"3542","35","",7560,0,34000,32000,1855,41.6
"3542037","CSD","Chatsworth (TP)",594.4351,7080,3094,2699,"3542","35","",6420,0,35200,32400,1865,41.3
"3542045","CSD","The Blue Mountains (T)",284.6528,9390,7396,4348,"3542","35","",9090,25,48400,42400,2315,39.3
"3542047","CSD","Meaford (MU)",587.5653,11485,5828,5035,"3542","35","",11215,25,35200,32800,2815,41.3
"3542053","CSD","Georgian Bluffs (TP)",599.9631,11100,5269,4495,"3542","35","35566",10900,20,40800,37200,3080,42.2
"3542059","CSD","Owen Sound (CY)",24.2137,21612,10406,9895,"3542","35","35566",20605,30,33200,31000,4745,40.5
"3543003","CSD","Adjala-Tosorontio (TP)",371.5321,10989,3995,3836,"3543","35","",10480,30,42800,38800,3635,42.9
"3543005","CSD","Clearview (TP)",556.3745,14814,6296,5570,"3543","35","",14310,45,40800,36400,4505,42.2
"3543007","CSD","New Tecumseth (T)",273.8681,43948,16249,15854,"3543","35","35535",39480,80,46000,40800,13365,42.4
"3543009","CSD","Springwater (TP)",535.8534,21701,7845,7516,"3543","35","35568",20670,115,42800,38000,6680,41.6
"3543014","CSD","Bradford West Gwillimbury (T)",200.6757,42880,13907,13415,"3543","35","35535",32435,105,43200,38400,12555,41.4
"3543015","CSD","Severn (TP)",523.0626,14576,7073,5804,"3543","35","",14355,30,40800,36400,3930,41.1
"3543017","CSD","Innisfil (T)",262.3924,43326,17528,15708,"3543","35","35568",38950,110,43200,38800,12675,41.4
"3543019","CSD","Ramara (TP)",414.9354,10377,6166,4408,"3543","35","",10065,15,42000,37600,2530,39.7
"3543021","CSD","Essa (TP)",279.9158,22970,8232,7949,"3543","35","35563",21255,565,48800,42800,7485,42.6
"3543023","CSD","Oro-Medonte (TP)",585.4177,23017,9510,8636,"3543","35","",22400,60,43200,39200,6930,41.5
"3543031","CSD","Collingwood (T)",33.1545,24811,13216,11174,"3543","35","35567",23570,50,40800,36800,5750,39.6
"3543042","CSD","Barrie (CY)",99.0088,147829,57276,55316,"3543","35","35568",131565,800,38800,35600,42325,41.2
"3543050","CSD","Chippewas of Rama First Nation (IRI)",11.1544,998,408,377,"3543","35","",980,0,27000,26600,235,35.8
"3543052","CSD","Orillia (CY)",28.5294,33411,15428,14422,"3543","35","35569",31400,55,35200,32400,7465,39.4
"3543064","CSD","Wasaga Beach (T)",57.4219,24862,13768,10811,"3543","35","35565",23420,125,38000,34800,5225,40.1
"3543068","CSD","Tiny (TP)",335.0513,12966,9699,5434,"3543","35","",11825,350,42400,38000,3230,41
"3543069","CSD","Christian Island 30 (IRI)",51.9051,679,524,221,"3543","35","",665,0,22400,22400,160,40.4
"3543071","CSD","Tay (TP)",137.8564,11091,5301,4535,"3543","35","",10865,35,38000,34800,2855,41.2
"3543072","CSD","Penetanguishene (T)",25.4227,10077,4357,3976,"3543","35","35571",8880,120,35200,32400,2090,40.7
"3543074","CSD","Midland (T)",35.329,17817,8295,7849,"3543","35","35571",16955,95,32800,30800,4135,40.3
"3544002","CSD","Gravenhurst (T)",489.1123,13157,8271,5496,"3544","35","",12040,15,36400,33600,2890,40.4
"3544018","CSD","Bracebridge (T)",615.1973,17305,9053,7233,"3544","35","",16595,20,41200,37200,4535,40.4
"3544027","CSD","Lake of Bays (TP)",667.4319,3759,4324,1760,"3544","35","",3725,10,47200,42000,995,40.9
"3544042","CSD","Huntsville (T)",705.1844,21147,11214,8817,"3544","35","",20625,25,38000,34800,5375,40.4
"3544053","CSD","Muskoka Lakes (TP)",774.4616,7652,9443,3529,"3544","35","",7560,10,46000,40800,1995,40.4
"3544065","CSD","Georgian Bay (TP)",525.2865,3441,5175,1660,"3544","35","",3370,0,43200,39600,700,40.9
"3546005","CSD","Highlands East (MU)",688.1824,3830,4430,1875,"3546","35","",3780,0,34400,31400,640,39.3
"3546015","CSD","Minden Hills (TP)",847.3722,6971,6019,3229,"3546","35","",6790,10,37600,34400,1470,40.3
"3546018","CSD","Algonquin Highlands (TP)",999.6942,2588,3325,1269,"3546","35","",2555,0,42000,38000,545,39.4
"3546024","CSD","Dysart et al (MU)",1474.2204,7182,7298,3341,"3546","35","",6980,10,37600,34400,1565,40
"3547002","CSD","Arnprior (T)",13.0382,9629,4458,4308,"3547","35","505",9210,80,37600,34400,2485,42.1
"3547003","CSD","McNab/Braeside (TP)",255.2754,7591,3235,3036,"3547","35","505",7485,50,44000,39600,2355,42.3
"3547008","CSD","Greater Madawaska (TP)",1018.1487,2864,2251,1343,"3547","35","",2800,30,40800,36800,625,41
"3547020","CSD","Brudenell, Lyndoch and Raglan (TP)",701.2927,1552,998,694,"3547","35","",1530,0,28000,26800,205,37.2
"3547030","CSD","Madawaska Valley (TP)",665.8288,3927,2541,1713,"3547","35","",3695,10,29200,28400,860,41.5
"3547033","CSD","Killaloe, Hagarty and Richards (TP)",391.6037,2410,1559,1097,"3547","35","",2355,5,29200,27800,475,40
"3547035","CSD","Bonnechere Valley (TP)",588.3577,3898,2320,1739,"3547","35","",3830,20,32400,30600,815,40.6
"3547037","CSD","Pikwakanagan (Golden Lake 39) (IRI)",7.3822,490,191,184,"3547","35","",490,0,23200,23200,90,38.4
"3547043","CSD","Admaston/Bromley (TP)",519.5858,2995,1305,1136,"3547","35","",2885,5,36400,34000,960,42.8
"3547046","CSD","Horton (TP)",158.0226,3182,1486,1290,"3547","35","",3145,20,34800,32000,965,43.2
"3547048","CSD","Renfrew (T)",12.8111,8190,4117,3954,"3547","35","",7810,30,31200,29400,1755,41.8
"3547056","CSD","Whitewater Region (TP)",535.4753,7225,3470,2909,"3547","35","",6840,85,40000,35600,2025,42.8
"3547064","CSD","Pembroke (CY)",14.3232,14364,6888,6542,"3547","35","35515",13340,270,33200,31400,3215,41
"3547070","CSD","North Algona Wilberforce (TP)",369.2335,3111,1757,1297,"3547","35","",3065,20,39200,36000,755,41.3
"3547075","CSD","Laurentian Valley (TP)",539.0791,9450,3877,3715,"3547","35","35515",9110,190,44800,40400,2880,43.3
"3547076","CSD","Petawawa (T)",164.6987,18160,7174,6762,"3547","35","35516",16555,1060,61600,52800,6215,43.9
"3547090","CSD","Laurentian Hills (T)",634.3101,2885,1393,1251,"3547","35","",2770,75,53600,46800,835,42.5
"3547096","CSD","Deep River (T)",50.2714,4175,1981,1866,"3547","35","",3765,75,55200,48000,1120,42.3
"3547098","CSD","Head, Clara and Maria (TP)",719.1993,267,133,116,"3547","35","",260,10,28400,27600,20,35.5
"3548001","CSD","South Algonquin (TP)",867.733,1055,894,527,"3548","35","",1030,0,34000,32000,155,35.7
"3548013","CSD","Papineau-Cameron (TP)",564.2333,982,495,407,"3548","35","",870,90,34400,31800,315,42.2
"3548021","CSD","Mattawa (T)",3.6659,1881,929,857,"3548","35","",1595,165,26400,26400,305,39.9
"3548022","CSD","Calvin (MU)",140.1323,557,263,227,"3548","35","",525,20,26200,25400,140,40.8
"3548027","CSD","Bonfield (TP)",206.2199,2146,1080,889,"3548","35","35575",1935,180,41200,36800,580,42.4
"3548031","CSD","Chisholm (TP)",205.7694,1312,614,508,"3548","35","35575",1165,40,34800,31600,335,40.6
"3548034","CSD","East Ferris (MU)",151.944,4946,2172,1890,"3548","35","35575",4260,455,42400,39200,1495,42.1
"3548044","CSD","North Bay (CY)",315.529,52662,25077,23467,"3548","35","35575",48300,1790,34000,31600,13625,41.3
"3548055","CSD","West Nipissing / Nipissing Ouest (M)",1956.2716,14583,7252,6413,"3548","35","",7180,6560,31400,29600,3135,41.2
"3548069","CSD","Temagami (MU)",1878.1232,862,928,432,"3548","35","",820,35,39600,36000,130,36.2
"3548073","CSD","Nipissing 10 (IRI)",60.8709,1640,773,705,"3548","35","",1490,75,30600,29200,375,39.9
"3548094","CSD","Nipissing, Unorganized, North Part (NO)",3721.1959,1591,955,729,"3548","35","35575",1465,110,36800,33600,420,42.9
"3549003","CSD","Seguin (TP)",586.9928,5280,4827,2136,"3549","35","",5190,5,41600,38400,1235,41.5
"3549005","CSD","The Archipelago (TP)",592.1393,979,2863,497,"3549","35","",975,0,41200,36400,235,39.6
"3549012","CSD","McMurrich/Monteith (TP)",275.2585,907,735,410,"3549","35","",890,0,32000,29600,135,36.2
"3549014","CSD","Perry (TP)",186.339,2650,1710,1144,"3549","35","",2625,10,34400,32000,685,41.4
"3549018","CSD","Kearney (T)",528.2109,974,1195,460,"3549","35","",955,0,33200,31400,165,40.4
"3549019","CSD","Armour (TP)",163.5236,1459,1087,667,"3549","35","",1435,0,33600,32000,285,39.2
"3549022","CSD","Burk's Falls (VL)",3.0871,957,523,465,"3549","35","",950,0,29600,27800,235,39.8
"3549024","CSD","Ryerson (TP)",185.9324,745,555,344,"3549","35","",735,5,38400,35600,155,41.3
"3549028","CSD","McKellar (TP)",176.0717,1419,1515,695,"3549","35","",1395,0,46000,40400,300,40.9
"3549031","CSD","McDougall (MU)",264.0218,2744,1673,1154,"3549","35","",2720,0,44000,40000,755,40.8
"3549032","CSD","Parry Sound (T)",13.1049,6879,3518,3197,"3549","35","",6435,25,34000,32000,1545,40
"3549036","CSD","Carling (TP)",244.3243,1491,1761,697,"3549","35","",1440,0,47200,42400,425,42.1
"3549039","CSD","Whitestone (MU)",923.6973,1075,1427,549,"3549","35","",1055,5,38400,34000,210,38.9
"3549043","CSD","Magnetawan (MU)",526.3069,1753,1717,825,"3549","35","",1705,10,37200,33200,295,40.2
"3549046","CSD","Strong (TP)",158.8803,1566,953,660,"3549","35","",1560,0,33200,31400,285,35.2
"3549048","CSD","Sundridge (VL)",2.2455,938,458,436,"3549","35","",920,0,30800,29200,175,41.1
"3549051","CSD","Joly (TP)",193.9518,293,155,127,"3549","35","",295,0,40000,36400,45,41.6
"3549054","CSD","Machar (TP)",182.6485,969,875,459,"3549","35","",955,0,34000,30800,180,41.3
"3549056","CSD","South River (VL)",4.1076,1101,510,482,"3549","35","",1075,0,26400,25800,220,41.2
"3549060","CSD","Powassan (MU)",223.2601,3346,1381,1317,"3549","35","35575",3130,20,34800,32400,945,44.2
"3549066","CSD","Callander (MU)",102.9822,3964,1758,1636,"3549","35","35575",3790,130,40400,36400,1180,42.5
"3549071","CSD","Nipissing (TP)",387.9514,1769,1012,746,"3549","35","35575",1745,0,45200,40400,440,41.9
"3549073","CSD","Parry Island First Nation (IRI)",71.3055,367,310,135,"3549","35","",345,0,22400,22000,60,39.2
"3549096","CSD","Parry Sound, Unorganized, Centre Part (NO)",2587.288,2495,2703,1263,"3549","35","",2450,15,32400,30200,395,36.2
"3551001","CSD","Tehkummah (TP)",131.7029,450,368,224,"3551","35","",435,0,42000,39200,115,41.8
"3551006","CSD","Central Manitoulin (MU)",427.6145,2235,1603,1050,"3551","35","",2170,15,33600,31000,480,41.4
"3551011","CSD","Assiginack (TP)",224.886,1008,710,447,"3551","35","",975,10,37200,34800,270,44.1
"3551017","CSD","Northeastern Manitoulin and the Islands (MU)",489.1931,2641,1903,1205,"3551","35","",2580,30,38800,35600,655,41.2
"3551021","CSD","Billings (TP)",208.8094,753,675,343,"3551","35","",740,15,46400,42000,140,41
"3551026","CSD","Gore Bay (T)",5.1404,808,421,382,"3551","35","",755,0,34000,32400,255,43.1
"3551027","CSD","Gordon/Barrie Island (MU)",263.4434,613,621,294,"3551","35","",590,10,35200,32800,90,36.6
"3551028","CSD","Burpee and Mills (TP)",217.3349,382,292,167,"3551","35","",370,5,34400,31400,90,42.6
"3551040","CSD","Whitefish River 4 (IRI)",39.7322,457,270,180,"3551","35","",410,5,30000,28600,115,40
"3551041","CSD","Sucker Creek 23 (IRI)",6.4667,373,159,147,"3551","35","",365,0,25600,25600,70,36.8
"3551043","CSD","Wikwemikong Unceded (IRI)",409.0412,2728,1130,1038,"3551","35","",2345,0,23400,23400,570,41.8
"3551045","CSD","M'Chigeeng 22 (IRI)",32.9924,926,543,404,"3551","35","",815,10,24000,23400,175,41.4
"3552001","CSD","French River / Rivière des Français (M)",717.9088,2828,2098,1367,"3552","35","",1945,775,36400,33600,605,39.4
"3552004","CSD","St.-Charles (MU)",314.4614,1357,788,621,"3552","35","35580",935,370,34800,34000,295,40.7
"3552013","CSD","Markstay-Warren (MU)",505.924,2708,1199,1109,"3552","35","35580",2185,430,31000,29400,725,41.6
"3552023","CSD","Sables-Spanish Rivers (TP)",801.0359,3237,1718,1386,"3552","35","",2990,85,33600,31200,740,41.9
"3552026","CSD","Espanola (T)",81.0034,5185,2450,2304,"3552","35","",4865,120,36000,33600,1280,42.3
"3552028","CSD","Baldwin (TP)",82.4898,579,326,238,"3552","35","",555,15,44400,39200,145,44
"3552031","CSD","Nairn and Hyman (TP)",159.1769,373,215,162,"3552","35","",355,5,43600,39600,140,41.4
"3552036","CSD","Killarney (MU)",1469.3967,397,443,193,"3552","35","",395,5,36400,32800,75,42
"3552051","CSD","Whitefish Lake 6 (IRI)",170.1611,412,202,132,"3552","35","35580",400,0,29200,29200,115,40.2
"3552092","CSD","Chapleau (TP)",13.1977,1942,973,867,"3552","35","",1505,340,38800,35200,530,41.2
"3552093","CSD","Sudbury, Unorganized, North Part (NO)",35377.1733,2902,2837,1367,"3552","35","",2395,375,41200,36800,700,41.2
"3553005","CSD","Greater Sudbury / Grand Sudbury (CV)",3186.2598,166004,75967,71476,"3553","35","35580",137475,17465,38800,35600,47140,42
"3554001","CSD","Coleman (TP)",177.9517,517,295,236,"3554","35","",450,65,36400,33200,155,41.6
"3554006","CSD","Latchford (T)",152.255,355,206,169,"3554","35","",330,15,37200,34800,65,38.8
"3554008","CSD","Cobalt (T)",2.0667,989,542,454,"3554","35","",925,50,23800,23800,175,38.6
"3554014","CSD","Harris (TP)",49.812,530,217,205,"3554","35","",410,105,39600,36400,165,44.2
"3554020","CSD","Temiskaming Shores (CY)",176.6664,9634,4539,4263,"3554","35","",7490,1665,32400,30400,2360,41.8
"3554021","CSD","Hudson (TP)",90.2845,530,325,213,"3554","35","",440,55,48400,44800,165,42.2
"3554024","CSD","Kerns (TP)",90.6561,330,129,121,"3554","35","",310,10,27800,27600,145,44
"3554026","CSD","Harley (TP)",92.3393,524,200,187,"3554","35","",400,95,28800,27800,140,44.6
"3554029","CSD","Casey (TP)",80.8019,341,140,127,"3554","35","",220,110,53600,46400,115,50
"3554036","CSD","Armstrong (TP)",90.163,1199,523,502,"3554","35","",635,490,33200,31200,300,42.9
"3554042","CSD","James (TP)",85.3967,348,224,181,"3554","35","",305,40,33200,30600,120,45.8
"3554044","CSD","Charlton and Dack (MU)",92.7354,686,280,261,"3554","35","",600,10,37600,33600,225,41
"3554049","CSD","Evanturel (TP)",89.2084,502,203,193,"3554","35","",470,15,36000,33200,135,42.6
"3554052","CSD","Englehart (T)",2.9177,1442,720,684,"3554","35","",1355,20,30800,29000,295,40.1
"3554054","CSD","Chamberlain (TP)",110.8065,311,145,132,"3554","35","",300,5,37200,34000,65,42.8
"3554056","CSD","Matachewan (TP)",539.5577,268,202,134,"3554","35","",245,15,42000,39600,85,44.8
"3554058","CSD","McGarry (TP)",85.621,579,333,289,"3554","35","",380,170,29600,28200,115,42.4
"3554062","CSD","Larder Lake (TP)",227.6201,745,440,352,"3554","35","",650,85,30800,28600,150,39.8
"3554068","CSD","Kirkland Lake (T)",261.2877,7750,4353,3775,"3554","35","",7000,305,32000,30200,1825,40.8
"3554094","CSD","Timiskaming, Unorganized, West Part (NO)",10199.8049,3210,1934,1380,"3554","35","",2895,185,34400,32400,880,40
"3556014","CSD","Black River-Matheson (TP)",1161.8871,2572,1403,1078,"3556","35","",1880,330,31200,29600,650,41.2
"3556027","CSD","Timmins (CY)",2955.3264,41145,19390,17886,"3556","35","35586",31635,6380,36800,34000,11720,41.7
"3556031","CSD","Iroquois Falls (T)",599.0313,4418,2153,1977,"3556","35","",3285,735,36800,33600,870,38.8
"3556042","CSD","Cochrane (T)",537.9017,5390,2540,2316,"3556","35","",3960,1155,34800,32400,1320,41.3
"3556048","CSD","Smooth Rock Falls (T)",199.7263,1200,650,582,"3556","35","",560,540,38400,35600,220,38.5
"3556052","CSD","Fauquier-Strickland (TP)",1010.4496,467,278,227,"3556","35","",170,290,28000,27600,85,39.4
"3556056","CSD","Moonbeam (TP)",234.4636,1157,759,524,"3556","35","",370,750,46800,41600,285,40.9
"3556066","CSD","Kapuskasing (T)",83.9818,8057,4134,3790,"3556","35","",3170,4350,34000,31800,1900,41.4
"3556070","CSD","Val Rita-Harty (TP)",378.8892,757,382,326,"3556","35","",230,485,42400,39200,175,39.6
"3556076","CSD","Hearst (T)",98.0598,4794,2373,2254,"3556","35","",640,3920,34400,32400,1365,42.3
"3556077","CSD","Mattice-Val Côté (TP)",412.8052,542,260,241,"3556","35","",65,450,31200,29200,90,41
"3556092","CSD","Cochrane, Unorganized, North Part (NO)",130291.6337,2546,1494,1035,"3556","35","",1355,1100,48000,42800,630,39.7
"3556093","CSD","Fort Albany (Part) 67 (IRI)",3.5187,775,237,200,"3556","35","",475,0,40400,40400,215,45.8
"3556094","CSD","Factory Island 1 (IRI)",3.2477,1376,462,398,"3556","35","",1285,0,28200,28200,300,40.7
"3556095","CSD","Constance Lake 92 (IRI)",25.6923,741,242,228,"3556","35","",675,0,34800,34800,180,44
"3556106","CSD","Moosonee (TV)",547.826,1512,629,487,"3556","35","",1380,5,42800,39600,390,44.2
"3557001","CSD","Jocelyn (TP)",130.4344,314,360,175,"3557","35","",310,0,40000,36000,40,37.2
"3557004","CSD","Hilton (TP)",114.7674,382,335,162,"3557","35","",380,0,39600,35600,70,42
"3557008","CSD","St. Joseph (TP)",127.6514,1426,909,612,"3557","35","",1405,5,36400,34800,280,39.2
"3557011","CSD","Laird (TP)",103.2549,1121,560,470,"3557","35","35590",1110,0,43600,40800,370,42.2
"3557014","CSD","Tarbutt and Tarbutt Additional (TP)",52.7917,573,398,239,"3557","35","",540,0,54400,47200,215,44.5
"3557016","CSD","Johnson (TP)",119.4744,749,422,272,"3557","35","",585,0,34000,31800,220,41.7
"3557019","CSD","Plummer Additional (TP)",219.2418,757,519,328,"3557","35","",670,5,35600,32800,205,42.4
"3557021","CSD","Bruce Mines (T)",6.0867,582,293,263,"3557","35","",550,0,32800,29800,95,39.2
"3557028","CSD","Thessalon (T)",4.3829,1260,600,559,"3557","35","",1155,0,28400,27800,245,40.2
"3557035","CSD","Huron Shores (MU)",451.8745,1860,1171,834,"3557","35","",1760,15,31200,29800,405,41.8
"3557038","CSD","Blind River (T)",513.98,3422,2207,1600,"3557","35","",3200,150,31400,30000,770,39.9
"3557039","CSD","Spanish (T)",106.8961,670,392,322,"3557","35","",620,30,24000,24000,60,35
"3557040","CSD","The North Shore (TP)",230.1653,531,365,249,"3557","35","",485,40,36400,34000,130,46
"3557041","CSD","Elliot Lake (CY)",696.0558,11372,6275,5839,"3557","35","35582",10515,530,28200,27600,1665,38.5
"3557051","CSD","Macdonald, Meredith and Aberdeen Additional (TP)",163.2557,1513,803,603,"3557","35","35590",1500,10,44400,39200,415,41.2
"3557061","CSD","Sault Ste. Marie (CY)",221.9912,72051,34818,32530,"3557","35","35590",68080,420,35200,32800,17790,41.3
"3557066","CSD","Prince (TP)",84.9786,975,462,394,"3557","35","35590",960,5,52000,45200,325,43.5
"3557071","CSD","Sagamok (IRI)",96.8279,1110,408,385,"3557","35","",980,0,24600,24600,195,40.4
"3557072","CSD","Serpent River 7 (IRI)",76.1413,351,151,145,"3557","35","",345,0,23400,23400,75,42.8
"3557073","CSD","Mississagi River 8 (IRI)",18.2616,414,176,173,"3557","35","",405,0,30400,30200,115,43.8
"3557074","CSD","Garden River 14 (IRI)",213.7053,1071,458,419,"3557","35","35590",1055,0,23800,23800,235,41.2
"3557076","CSD","Wawa (MU)",411.8873,2705,1377,1213,"3557","35","",2410,205,36800,34400,740,40.6
"3557079","CSD","Dubreuilville (TP)",87.5281,576,284,248,"3557","35","",130,435,34400,32800,140,39
"3557091","CSD","White River (TP)",95.5535,557,333,270,"3557","35","",530,20,40400,37200,180,41.9
"3557095","CSD","Algoma, Unorganized, North Part (NO)",43618.9493,6050,5019,2773,"3557","35","",5930,40,41200,37200,1465,39.4
"3557096","CSD","Hornepayne (TP)",203.0363,968,515,439,"3557","35","",905,45,63200,54000,265,41.8
"3558001","CSD","Neebing (MU)",873.7821,2241,1205,942,"3558","35","35595",2205,10,52400,46400,620,42.5
"3558003","CSD","Fort William 52 (IRI)",58.4978,964,391,361,"3558","35","35595",950,0,25600,25200,165,41.4
"3558004","CSD","Thunder Bay (CY)",327.7716,108843,50995,48405,"3558","35","35595",100885,580,37200,34400,27920,41
"3558011","CSD","Oliver Paipoonge (MU)",350.51,6035,2390,2323,"3558","35","35595",5925,45,48800,42400,1695,42.2
"3558012","CSD","Gillies (TP)",92.6764,441,208,186,"3558","35","35595",435,0,42400,38400,110,40.6
"3558016","CSD","O'Connor (TP)",108.5557,689,283,274,"3558","35","35595",680,0,52000,45600,215,43.9
"3558019","CSD","Conmee (TP)",167.6493,798,317,296,"3558","35","35595",795,0,46800,41200,255,42
"3558028","CSD","Shuniah (MU)",571.3443,3247,2088,1425,"3558","35","35595",3170,40,61600,52000,860,40.6
"3558034","CSD","Dorion (TP)",211.2519,375,176,160,"3558","35","",375,0,45600,42000,105,39.4
"3558041","CSD","Red Rock (TP)",62.102,895,455,407,"3558","35","",880,5,38400,36800,230,40.4
"3558044","CSD","Nipigon (TP)",107.9386,1473,747,663,"3558","35","",1405,10,38400,34400,320,39.4
"3558051","CSD","Schreiber (TP)",35.8058,1039,612,516,"3558","35","",995,10,44400,39600,235,41.5
"3558054","CSD","Terrace Bay (TP)",151.4953,1528,793,713,"3558","35","",1395,15,51600,45600,400,41.6
"3558059","CSD","Marathon (T)",167.0282,3138,1602,1412,"3558","35","",2970,85,44800,40000,725,39.4
"3558062","CSD","Pic River 50 (IRI)",4.0299,372,164,141,"3558","35","",370,0,28800,28800,85,36.8
"3558066","CSD","Manitouwadge (TP)",352.1733,1974,1059,920,"3558","35","",1830,75,32400,30400,385,37.1
"3558068","CSD","Long Lake 58 (IRI)",2.7521,410,127,123,"3558","35","",410,0,22600,22600,40,36
"3558075","CSD","Greenstone (MU)",2727.0352,4309,2449,1920,"3558","35","",3730,430,38000,34800,1095,40.1
"3558090","CSD","Thunder Bay, Unorganized (NO)",96255.9194,6221,5671,2784,"3558","35","",6065,50,43600,38800,1500,39.9
"3558097","CSD","Whitesand (IRI)",2.5556,297,103,90,"3558","35","",285,0,23400,23400,40,34.8
"3559001","CSD","Atikokan (T)",313.6416,2642,1464,1259,"3559","35","",2575,10,34800,32400,615,40.5
"3559011","CSD","Alberton (TP)",116.5966,954,355,340,"3559","35","",940,0,56000,46800,300,42.9
"3559012","CSD","Fort Frances (T)",25.5508,7466,3779,3451,"3559","35","",7180,20,42800,38400,1990,41.1
"3559016","CSD","La Vallee (TP)",237.1225,788,379,319,"3559","35","",785,5,46800,41200,255,40
"3559019","CSD","Emo (TP)",202.2797,1204,521,472,"3559","35","",1180,0,36800,34000,330,40.5
"3559024","CSD","Chapple (TP)",558.1508,763,332,265,"3559","35","",745,0,35600,31600,325,44.3
"3559026","CSD","Manitou Rapids 11 (IRI)",22.7254,300,107,102,"3559","35","",300,0,27800,27800,60,44
"3559031","CSD","Morley (TP)",388.3841,493,235,186,"3559","35","",470,0,44400,39600,105,41.6
"3559040","CSD","Dawson (TP)",343.4159,399,274,190,"3559","35","",400,0,38000,34400,105,39.8
"3559042","CSD","Rainy River (T)",3.1154,752,398,366,"3559","35","",725,0,36000,34000,145,37.2
"3559047","CSD","Lake of the Woods (TP)",746.2423,308,454,140,"3559","35","",300,0,50800,46800,40,34.8
"3559051","CSD","Big Grassy River 35G (IRI)",33.7279,251,88,82,"3559","35","",240,0,20600,20600,55,40.8
"3559063","CSD","Couchiching 16A (IRI)",65.4663,633,252,236,"3559","35","",635,0,29000,28800,155,39.2
"3559066","CSD","Seine River 23A (IRI)",15.7154,270,90,85,"3559","35","",250,0,26400,26400,35,37
"3559090","CSD","Rainy River, Unorganized (NO)",12163.3271,1423,1662,572,"3559","35","",1415,0,49600,44000,335,38.8
"3560001","CSD","Ignace (TP)",72.1277,1206,664,551,"3560","35","",1155,30,36800,33200,235,39.4
"3560004","CSD","Whitefish Bay 32A (IRI)",18.3598,610,211,186,"3560","35","",525,0,23000,22800,145,43.4
"3560008","CSD","Sioux Narrows-Nestor Falls (TP)",1215.8036,727,1061,330,"3560","35","",705,0,43200,36800,60,35.6
"3560010","CSD","Kenora (CY)",211.6539,14967,7637,6510,"3560","35","35598",14380,35,43200,38800,4500,42.8
"3560021","CSD","Machin (MU)",290.142,1012,632,457,"3560","35","",1005,0,38800,36000,225,38.6
"3560024","CSD","Eagle Lake 27 (IRI)",32.3787,257,110,101,"3560","35","",240,0,35600,33600,45,37.2
"3560027","CSD","Dryden (CY)",65.5818,7388,3574,3314,"3560","35","",7135,25,40000,36000,2185,42.6
"3560032","CSD","Ear Falls (TP)",336.6868,924,506,402,"3560","35","",905,5,46000,43200,270,38.3
"3560034","CSD","Sioux Lookout (MU)",378.0192,5839,2647,2340,"3560","35","",5485,5,51600,46400,2210,44
"3560042","CSD","Red Lake (MU)",602.9295,4094,1899,1703,"3560","35","",3925,45,52800,46400,1265,40.8
"3560049","CSD","Pickle Lake (TP)",247.2086,398,221,155,"3560","35","",345,5,49600,44400,100,39
"3560051","CSD","Attawapiskat 91A (IRI)",1.7524,1586,404,359,"3560","35","",1090,0,17200,17200,165,43.4
"3560053","CSD","Fort Hope 64 (IRI)",239.2883,977,349,258,"3560","35","",890,0,20800,20800,200,45
"3560056","CSD","Lac Seul 28 (IRI)",243.7303,1022,364,321,"3560","35","",985,0,21800,21800,235,43
"3560058","CSD","English River 21 (IRI)",39.3005,584,230,182,"3560","35","",555,0,6080,6080,110,41.6
"3560059","CSD","Weagamow Lake 87 (IRI)",89.8424,921,240,232,"3560","35","",810,0,22200,22200,225,43.3
"3560061","CSD","Wabaseemoong (IRI)",76.0795,815,238,224,"3560","35","",755,0,26400,26400,155,44.6
"3560063","CSD","Sabaskong Bay 35D (IRI)",5.0073,383,137,116,"3560","35","",365,0,21600,21600,100,39.4
"3560066","CSD","Kenora 38B (IRI)",19.445,402,145,133,"3560","35","",380,0,25800,25800,115,47.6
"3560068","CSD","Shoal Lake 39A (IRI)",32.5522,445,168,158,"3560","35","",420,0,16200,16200,95,42.8
"3560070","CSD","Deer Lake (IRI)",13.6526,1087,330,262,"3560","35","",1020,5,25200,25200,255,42.8
"3560071","CSD","Sandy Lake 88 (IRI)",44.3142,2100,568,493,"3560","35","",2020,5,16800,16800,375,42.8
"3560075","CSD","Kitchenuhmaykoosib Aaki 84 (IRI)",277.0135,1029,289,276,"3560","35","",845,0,21800,21800,195,46.8
"3560076","CSD","Sachigo Lake 1 (IRI)",30.0728,608,175,163,"3560","35","",490,0,21800,21800,165,44.4
"3560079","CSD","Webequie (IRI)",320.3531,723,171,166,"3560","35","",390,0,19400,19400,130,41.8
"3560088","CSD","Wapekeka 2 (IRI)",27.1955,456,135,117,"3560","35","",365,0,15500,15500,120,48
"3560090","CSD","Kenora, Unorganized (NO)",388982.1976,7475,7310,3272,"3560","35","",7295,50,45200,40400,1945,40.6
"3560095","CSD","Bearskin Lake (IRI)",144.9326,447,152,126,"3560","35","",350,0,10600,10600,140,44.6
"3560096","CSD","Kasabonika Lake (IRI)",101.7303,1060,252,228,"3560","35","",475,0,30000,30000,205,42
"4601035","CSD","Stuartburn (RM)",1161.4454,1731,776,619,"4601","46","",1455,10,30000,26600,470,41.4
"4601039","CSD","Piney (RM)",2430.3215,1843,1172,804,"4601","46","",1600,50,28000,26600,380,40.8
"4601043","CSD","Reynolds (RM)",3559.6533,1344,910,582,"4601","46","",1280,10,31200,28800,345,39.8
"4601046","CSD","Whitemouth (RM)",697.3511,1630,780,631,"4601","46","",1445,0,38400,35200,435,43.6
"4601051","CSD","Pinawa (LGD)",126.5058,1558,797,708,"4601","46","",1455,15,57200,46400,310,39.9
"4601057","CSD","Lac du Bonnet (RM)",1097.6107,3563,2757,1459,"4601","46","",2990,30,48000,41200,760,40.7
"4601060","CSD","Lac du Bonnet (T)",2.2604,1064,549,496,"4601","46","",1025,0,36800,33200,300,40.9
"4601071","CSD","Alexander (RM)",1560.0487,3854,4347,1845,"4601","46","",3655,100,42800,36800,745,38.7
"4601075","CSD","Powerview-Pine Falls (T)",4.8215,1239,566,511,"4601","46","",1145,15,36800,32800,240,38.7
"4601078","CSD","Victoria Beach (RM)",20.7094,689,1854,358,"4601","46","",680,0,47600,39200,80,33.6
"4601094","CSD","Division No.  1, Unorganized (NO)",4103.2798,1380,3062,644,"4601","46","",1315,10,53600,44800,235,41
"4602024","CSD","Emerson-Franklin (MU)",970.1896,2437,1134,917,"4602","46","",2170,30,32800,31000,620,42.6
"4602027","CSD","Roseau River 2 (IRI)",22.184,564,169,161,"4602","46","",560,0,24200,23200,40,32
"4602032","CSD","De Salaberry (RM)",667.5677,3918,1295,1191,"4602","46","",2365,680,42000,36800,1140,44.3
"4602037","CSD","St-Pierre-Jolys (VL)",2.6076,1305,518,508,"4602","46","",840,365,33600,31000,310,42.4
"4602041","CSD","Hanover (RM)",730.4439,17216,5305,5141,"4602","46","",13820,115,36800,32800,4990,43.7
"4602044","CSD","Steinbach (CY)",37.5552,17806,7092,6836,"4602","46","46605",14720,75,32400,30200,5030,42.6
"4602046","CSD","Niverville (T)",8.6987,5947,2010,1971,"4602","46","46602",5525,75,44000,38400,1910,43.1
"4602053","CSD","La Broquerie (RM)",578.9661,6725,2177,2044,"4602","46","",4560,510,38000,33200,1850,43
"4602057","CSD","Ste. Anne (RM)",476.8094,5584,2092,1981,"4602","46","",4585,400,42000,36800,1535,42.9
"4602061","CSD","Ste. Anne (T)",4.1361,2891,1204,1151,"4602","46","",2305,315,35600,32400,705,40.8
"4602069","CSD","Taché (RM)",580.6431,11916,4117,3999,"4602","46","46602",10470,610,50000,43200,4095,43.9
"4602075","CSD","Ritchot (RM)",332.2342,7469,2769,2712,"4602","46","46602",6390,670,50800,43200,2525,42.8
"4603030","CSD","Montcalm (RM)",468.2505,1278,524,490,"4603","46","",900,230,38000,33600,395,44.7
"4603040","CSD","Altona (T)",9.352,4267,1760,1700,"4603","46","",3465,5,38000,34000,1220,42.8
"4603041","CSD","Rhineland (MU)",958.4775,5819,1748,1641,"4603","46","",4510,5,41600,36000,1575,42.9
"4603047","CSD","Stanley (RM)",835.176,8981,2354,2279,"4603","46","46603",6355,5,41600,36400,2430,42.6
"4603050","CSD","Winkler (CY)",20.7293,13745,5239,5089,"4603","46","46603",10510,25,34000,30600,3815,43
"4603053","CSD","Morden (CY)",16.287,9929,4162,3995,"4603","46","46603",8260,5,37200,33600,2715,42.1
"4603058","CSD","Thompson (RM)",531.2423,1518,471,434,"4603","46","",1165,0,32400,28800,325,42.3
"4603062","CSD","Roland (RM)",484.4713,1145,424,393,"4603","46","",1040,0,36000,32800,370,46.2
"4603065","CSD","Morris (RM)",1035.3182,3049,992,923,"4603","46","",2505,55,43600,38400,810,43.5
"4603067","CSD","Morris (T)",5.9119,1975,868,826,"4603","46","",1805,25,33200,29800,525,40.8
"4603072","CSD","Dufferin (RM)",916.1148,2543,806,761,"4603","46","",2170,20,41600,37600,715,42.5
"4603074","CSD","Carman (T)",4.316,3114,1466,1402,"4603","46","",2900,10,38400,34000,720,40.8
"4604034","CSD","Pembina (MU)",1130.5734,2406,1002,929,"4604","46","",2155,10,35200,31600,660,42
"4604040","CSD","Louise (MU)",934.8059,2025,884,754,"4604","46","",1775,0,36800,32800,440,41.2
"4604052","CSD","Cartwright-Roblin (MU)",705.2656,1336,489,396,"4604","46","",955,0,30600,28600,270,45.2
"4604057","CSD","Argyle (RM)",768.6261,994,515,398,"4604","46","",920,5,32000,31000,335,44.7
"4604064","CSD","Lorne (MU)",923.0255,2904,1199,1103,"4604","46","",2005,420,36800,32400,890,42.2
"4605025","CSD","Killarney - Turtle Mountain (RM)",930.015,3520,1689,1446,"4605","46","",3105,5,33600,30800,900,41.5
"4605032","CSD","Boissevain-Morton (MU)",1102.3841,2309,1141,982,"4605","46","",2200,0,40000,35200,620,42.4
"4605038","CSD","Deloraine-Winchester (MU)",728.1278,1478,929,673,"4605","46","",1435,0,33200,30000,425,43.1
"4605044","CSD","Brenda-Waskada (MU)",775.6397,650,332,277,"4605","46","",640,0,34800,31200,200,42.7
"4605052","CSD","Melita (T)",3.1898,1041,548,465,"4605","46","",1000,0,38000,34800,270,40.9
"4605056","CSD","Two Borders (MU)",2321.7326,1120,588,484,"4605","46","",1120,0,43600,37600,405,44.3
"4605062","CSD","Grassland (MU)",1350.3361,1583,617,552,"4605","46","",1290,0,38000,34000,430,40.6
"4605071","CSD","Prairie Lakes (RM)",1070.9535,1625,1183,674,"4605","46","",1415,5,36400,31400,425,42
"4606016","CSD","Sifton (RM)",839.4957,1239,771,502,"4606","46","",1225,0,40800,34400,410,43.3
"4606023","CSD","Pipestone (RM)",1149.8599,1422,677,593,"4606","46","",1365,0,34000,31000,395,42.2
"4606029","CSD","Canupawakpa Dakota First Nation (Oak Lake 59) (IRI)",10.4611,322,118,108,"4606","46","",295,0,19000,18800,25,35.5
"4606031","CSD","Wallace-Woodworth (RM)",1977.4286,2748,1144,1036,"4606","46","",2510,0,35600,32000,910,43.4
"4606034","CSD","Virden (T)",8.9638,3118,1508,1401,"4606","46","",2885,5,36800,32800,765,40.8
"4606040","CSD","Sioux Valley Dakota Nation (IRI)",37.939,1057,345,325,"4606","46","",925,0,20200,20200,145,38.2
"4607039","CSD","Glenboro-South Cypress (MU)",1071.6442,1123,484,440,"4607","46","",965,10,37600,34400,285,41.1
"4607046","CSD","Oakland-Wawanesa (MU)",578.8235,1758,670,625,"4607","46","",1565,10,43600,37200,500,42.4
"4607052","CSD","Souris-Glenwood (MU)",579.6888,2547,1128,1028,"4607","46","",2395,0,36400,32800,615,39.6
"4607057","CSD","Whitehead (RM)",577.5959,1679,645,612,"4607","46","46610",1620,0,46000,39600,570,42.6
"4607060","CSD","Cornwallis (RM)",500.513,4568,1850,1704,"4607","46","",4215,115,60000,50000,1640,44.3
"4607062","CSD","Brandon (CY)",79.0393,51313,22526,21203,"4607","46","46610",42455,95,37200,33200,14425,41.4
"4607066","CSD","North Cypress-Langford (MU)",1762.2986,3011,963,902,"4607","46","",2360,0,42000,37600,765,41.4
"4607068","CSD","Carberry (T)",4.7959,1818,847,794,"4607","46","",1700,5,39200,34800,500,41.4
"4607071","CSD","Elton (RM)",576.1412,1276,503,468,"4607","46","46610",1230,0,50800,43600,450,44.2
"4607076","CSD","Riverdale (MU)",576.016,1803,788,714,"4607","46","",1695,5,38000,34400,540,43.1
"4608032","CSD","Norfolk-Treherne (MU)",737.8962,1770,685,645,"4608","46","",1395,95,37200,33600,455,41.3
"4608042","CSD","Victoria (RM)",703.544,1188,518,464,"4608","46","",1030,10,29600,27600,325,43.2
"4608046","CSD","North Norfolk (MU)",1158.2644,3915,1433,1352,"4608","46","",3385,0,32800,30000,970,42.5
"4608055","CSD","Glenella-Lansdowne (MU)",1274.7434,1133,419,375,"4608","46","",915,0,25000,24000,235,39.8
"4608060","CSD","WestLake-Gladstone (MU)",1909.824,3273,1216,1091,"4608","46","",2330,0,32400,29800,790,42.3
"4608069","CSD","Sandy Bay 5 (IRI)",59.6013,2598,556,526,"4608","46","",2290,0,20600,20600,225,38.2
"4609018","CSD","Grey (RM)",968.8984,2517,1034,959,"4609","46","",2185,150,36400,32400,780,44.6
"4609024","CSD","Portage la Prairie (RM)",1973.4508,6888,2456,2167,"4609","46","",5490,35,47600,40400,1790,42.8
"4609025","CSD","Long Plain 6 (IRI)",35.0861,1335,399,381,"4609","46","",1310,0,21000,21000,120,34.6
"4609029","CSD","Portage la Prairie (CY)",24.7199,13270,6109,5644,"4609","46","46607",11780,30,38000,33600,3585,42.3
"4610035","CSD","Macdonald (RM)",1156.1124,8120,2815,2743,"4610","46","46602",7545,95,56000,46800,2835,43.1
"4610043","CSD","Cartier (RM)",552.937,3344,850,811,"4610","46","",2075,65,43600,38400,740,42.5
"4610052","CSD","St. François Xavier (RM)",205.143,1449,514,494,"4610","46","46602",1350,10,44800,37600,530,45.4
"4611040","CSD","Winnipeg (CY)",461.7807,749607,315465,300431,"4611","46","46602",571855,8355,37200,33600,218230,41.7
"4611042","CSD","Headingley (RM)",107.5274,4331,1342,1307,"4611","46","46602",3570,5,53600,43600,1235,43.5
"4612047","CSD","Springfield (RM)",1096.1687,16142,5992,5795,"4612","46","46602",15245,70,46800,40400,5280,43.3
"4612054","CSD","Brokenhead (RM)",749.6858,5414,2213,2053,"4612","46","",5265,10,44000,38800,1725,42.1
"4612056","CSD","Beausejour (T)",5.4247,3307,1572,1483,"4612","46","",3125,10,36800,33600,940,42.6
"4613032","CSD","East St. Paul (RM)",41.7906,9725,3504,3464,"4613","46","46602",9290,10,56400,46800,3020,41.9
"4613037","CSD","West St. Paul (RM)",87.4933,6682,2270,2228,"4613","46","46602",5700,10,52800,44800,2305,43.3
"4613043","CSD","St. Andrews (RM)",739.6127,11723,4736,4404,"4613","46","",11215,15,47600,40400,3945,42.8
"4613047","CSD","Selkirk (CY)",24.4677,10504,4643,4417,"4613","46","",9490,20,35200,31800,2490,41.6
"4613049","CSD","Dunnottar (VL)",2.7955,989,1206,496,"4613","46","",975,5,43200,36800,170,38
"4613056","CSD","St. Clements (RM)",711.1733,11586,5720,4604,"4613","46","46602",11065,30,46000,39200,3615,42.6
"4613062","CSD","Brokenhead 4 (IRI)",54.945,434,178,154,"4613","46","46602",420,0,23000,21800,95,41.8
"4614015","CSD","Rosser (RM)",441.74,1270,448,424,"4614","46","46602",1035,0,46800,40000,355,41.8
"4614031","CSD","Woodlands (RM)",1197.5854,3797,1483,1376,"4614","46","",3410,10,42800,36000,1200,42.5
"4614036","CSD","Rockwood (RM)",1184.8888,8440,2927,2747,"4614","46","",7130,10,46800,39600,2435,43.2
"4614039","CSD","Stonewall (T)",5.962,5046,2127,2051,"4614","46","",4925,10,40800,36000,1495,42.6
"4614042","CSD","Teulon (T)",3.2297,1196,588,544,"4614","46","",1125,0,33600,30000,330,41.2
"4615020","CSD","Neepawa (T)",17.0859,5685,1946,1866,"4615","46","",3465,0,38000,34000,1945,43.5
"4615032","CSD","Oakview (RM)",1141.9846,1928,828,781,"4615","46","",1860,0,35200,32800,580,42
"4615037","CSD","Hamiota (MU)",577.6839,1234,610,539,"4615","46","",1150,0,34000,30000,370,41.8
"4615042","CSD","Birdtail Creek 57 (IRI)",27.8828,452,129,126,"4615","46","",445,0,14700,14700,40,42
"4615047","CSD","Ellice-Archie (RM)",1153.136,831,392,351,"4615","46","",760,40,44800,37600,320,43.6
"4615056","CSD","Prairie View (MU)",1694.6854,2161,970,832,"4615","46","",1965,5,37600,33600,625,44
"4615063","CSD","Yellowhead (RM)",1093.169,1841,1227,871,"4615","46","",1740,5,30200,28000,535,41.4
"4615067","CSD","Keeseekoowenin 61 (IRI)",21.4233,472,175,162,"4615","46","",465,0,21600,21000,90,43.6
"4615070","CSD","Harrison Park (MU)",964.5513,1852,1769,910,"4615","46","",1770,5,36800,33200,490,42.8
"4615071","CSD","Rolling River 67 (IRI)",63.0702,379,139,125,"4615","46","",360,0,21400,21400,90,39.2
"4615074","CSD","Minto-Odanah (MU)",746.3053,1121,454,412,"4615","46","",1005,0,38800,34400,310,39.6
"4615075","CSD","Minnedosa (T)",14.9468,2741,1398,1210,"4615","46","",2525,5,36400,32800,680,42
"4615078","CSD","Rosedale (RM)",864.6839,1524,587,507,"4615","46","",1315,0,33600,30600,330,40.4
"4615092","CSD","Clanwilliam-Erickson (MU)",358.051,1012,834,487,"4615","46","",975,0,29200,27400,230,40.4
"4616005","CSD","Rossburn (MU)",672.2921,973,619,453,"4616","46","",915,5,29600,28400,325,46.1
"4616017","CSD","Waywayseecappo First Nation (IRI)",96.635,1409,452,427,"4616","46","",1375,0,19200,18800,155,35.9
"4616020","CSD","Riding Mountain West (RM)",1624.9861,1442,987,663,"4616","46","",1410,0,37600,34000,530,42.6
"4616030","CSD","Russell-Binscarth (MU)",569.703,2596,1243,1121,"4616","46","",2400,5,39200,35200,765,41.9
"4616046","CSD","Valley River 63A (IRI)",46.2016,360,119,117,"4616","46","",350,0,20600,20600,50,43
"4616048","CSD","Hillsburg-Roblin-Shell River (MU)",1694.9542,3089,1638,1406,"4616","46","",2970,0,30000,28800,875,43.3
"4617026","CSD","Alonsa (RM)",3006.1652,1210,659,492,"4617","46","",1190,5,27200,25600,265,38.2
"4617029","CSD","Ebb and Flow 52 (IRI)",45.6918,1608,446,435,"4617","46","",1525,0,21400,21400,215,42.9
"4617035","CSD","McCreary (MU)",527.7696,748,396,345,"4617","46","",710,5,28000,27000,220,41.9
"4617041","CSD","Ste. Rose (MU)",630.0386,1591,764,700,"4617","46","",1430,60,30400,28600,370,41.8
"4617048","CSD","Dauphin (RM)",1512.7871,2136,1023,896,"4617","46","",2090,0,41200,35600,705,43.7
"4617050","CSD","Dauphin (CY)",12.6696,8368,4048,3779,"4617","46","",7770,25,32800,30200,2045,41.8
"4617054","CSD","Gilbert Plains (MU)",1050.1481,1420,741,634,"4617","46","",1355,0,27400,26200,365,43
"4617058","CSD","Grandview (MU)",1147.9945,1419,750,657,"4617","46","",1360,0,33200,30000,315,41.4
"4617064","CSD","Ethelbert (MU)",1134.5905,648,366,290,"4617","46","",575,0,24600,23600,165,41.8
"4617072","CSD","Mossey River (RM)",1119.9554,1450,730,612,"4617","46","",1375,0,27800,26800,310,43.2
"4617075","CSD","Lakeshore (RM)",1295.6392,1186,861,531,"4617","46","",1160,0,32400,29600,345,40.4
"4618031","CSD","Gimli (RM)",318.0998,6569,4793,3141,"4618","46","",6355,5,39200,34800,1420,39.9
"4618034","CSD","Winnipeg Beach (T)",3.9137,1439,1661,757,"4618","46","",1410,5,38000,34000,325,38.6
"4618037","CSD","Armstrong (RM)",1868.24,1967,1056,831,"4618","46","",1860,0,31400,29400,495,41.1
"4618040","CSD","St. Laurent (RM)",480.1532,1542,1260,667,"4618","46","",1380,95,37200,32000,310,38.9
"4618044","CSD","Coldwell (RM)",891.8543,1313,734,552,"4618","46","",1255,5,31000,28400,370,43.2
"4618055","CSD","Dog Creek 46 (IRI)",54.4762,899,256,246,"4618","46","",870,0,21200,21200,135,42.2
"4618056","CSD","West Interlake (MU)",1643.7156,2228,1314,989,"4618","46","",2060,5,28600,26800,605,42.3
"4618060","CSD","Grahamdale (RM)",2365.9434,1278,886,579,"4618","46","",1260,0,28200,27000,365,44.5
"4618061","CSD","Obushkudayang (IRI)",4.5813,957,312,281,"4618","46","",905,0,21000,21000,80,35.6
"4618063","CSD","Little Saskatchewan 48 (IRI)",29.1179,627,195,179,"4618","46","",610,0,23000,21400,85,43.2
"4618067","CSD","Fairford 50 (IRI)",77.0792,1144,354,323,"4618","46","",1110,0,21000,21000,175,41.6
"4618068","CSD","Fisher (RM)",1486.1704,1845,799,660,"4618","46","",1545,15,29800,28000,450,41.8
"4618074","CSD","Arborg (T)",2.218,1279,531,499,"4618","46","",1055,0,38000,34400,310,41.7
"4618076","CSD","Bifrost-Riverton (MU)",1643.1434,3320,1598,1200,"4618","46","",2860,0,33600,30400,755,39.8
"4619045","CSD","Division No. 19, Unorganized (NO)",59723.0359,2839,3554,1168,"4619","46","",2760,0,29000,27000,380,35.9
"4619050","CSD","Fort Alexander 3 (IRI)",87.953,2127,698,582,"4619","46","",1995,5,21200,21200,315,39.2
"4619052","CSD","Bloodvein 12 (IRI)",15.7277,640,202,193,"4619","46","",560,0,21600,21200,65,41.6
"4619053","CSD","Hole or Hollow Water 10 (IRI)",16.3893,530,210,170,"4619","46","",495,0,24000,24000,60,38.8
"4619054","CSD","Black River 9 (IRI)",9.2344,498,191,146,"4619","46","",490,0,15900,15900,45,40
"4619056","CSD","Fisher River 44 (IRI)",55.1681,1449,518,495,"4619","46","",1410,0,28200,26600,260,40.3
"4619059","CSD","Peguis 1B (IRI)",310.3103,3053,909,863,"4619","46","",3005,0,22200,22200,490,39.1
"4619061","CSD","Jackhead 43 (IRI)",12.1054,267,102,87,"4619","46","",230,0,26800,26000,65,40.8
"4619068","CSD","Crane River 51 (IRI)",35.9656,438,130,123,"4619","46","",395,0,24800,24800,40,45
"4619069","CSD","Waterhen 45 (IRI)",19.5358,476,175,172,"4619","46","",465,0,21800,21000,65,44.8
"4619070","CSD","Pine Creek 66A (IRI)",77.9002,700,238,209,"4619","46","",665,5,21400,21400,105,40.8
"4619072","CSD","Shoal River Indian Reserve 65A (IRI)",3.7463,759,221,215,"4619","46","",725,0,22600,22600,90,44.8
"4619077","CSD","Berens River 13 (IRI)",26.1494,1161,321,263,"4619","46","",1075,0,27600,25800,160,37.4
"4620032","CSD","Mountain (South) (RM)",1615.4212,443,250,187,"4620","46","",440,0,24800,24400,120,42
"4620042","CSD","Swan Valley West (MU)",1716.8372,2759,1232,1116,"4620","46","",2690,5,36000,32000,860,41.8
"4620048","CSD","Swan River (T)",6.8056,4049,2020,1825,"4620","46","",3725,5,32000,29600,945,41.9
"4620051","CSD","Minitonas-Bowsman (MU)",1199.1731,1587,758,691,"4620","46","",1575,0,35200,31400,480,41.9
"4620055","CSD","Mountain (North) (RM)",988.0113,537,297,257,"4620","46","",530,0,29600,28000,110,41.6
"4621027","CSD","Grand Rapids 33 (IRI)",18.9132,947,284,241,"4621","46","",895,0,27400,26400,95,37.8
"4621029","CSD","Chemawawin 2 (IRI)",2.5108,1264,375,269,"4621","46","",1020,5,26000,25400,175,40.8
"4621043","CSD","Opaskwayak Cree Nation 21E (IRI)",24.7256,2210,570,557,"4621","46","",2095,0,24800,24600,415,41.8
"4621045","CSD","The Pas (T)",44.6901,5639,2365,2150,"4621","46","",5035,15,44800,40000,1515,41.3
"4621052","CSD","Kelsey (RM)",850.4093,2181,1041,857,"4621","46","",2115,5,44800,39600,680,41.2
"4621058","CSD","Moose Lake 31A (IRI)",3.8654,837,172,170,"4621","46","",640,10,18800,18800,70,37.6
"4621064","CSD","Flin Flon (Part) (CY)",13.1359,4940,2533,2280,"4621","46","",4735,10,43200,37600,1320,42.2
"4621071","CSD","Snow Lake (T)",1166.639,1088,604,473,"4621","46","",1075,0,62000,49200,365,42.7
"4621078","CSD","Division No. 21, Unorganized (NO)",40578.9735,1712,1239,714,"4621","46","",1640,5,57600,48400,370,39.6
"4622026","CSD","Thompson (CY)",16.6199,13035,5442,4676,"4622","46","46640",11325,75,48000,41600,3710,41.6
"4622046","CSD","Division No. 22, Unorganized (NO)",85723.9613,2162,1139,748,"4622","46","",1915,5,44800,40000,500,41.2
"4622048","CSD","Garden Hill First Nation (IRI)",83.0539,3054,665,590,"4622","46","",1475,0,14500,14500,420,41.5
"4622049","CSD","God's Lake 23 (IRI)",36.658,1520,376,328,"4622","46","",1250,0,17000,17000,240,38.9
"4622051","CSD","Cross Lake 19 (IRI)",23.1821,1865,430,381,"4622","46","",1180,0,21000,21000,340,43.4
"4622052","CSD","Cross Lake 19A (IRI)",6.048,2045,421,376,"4622","46","",1275,0,21400,21400,315,41
"4622056","CSD","Red Sucker Lake 1976 (IRI)",2.3445,725,181,163,"4622","46","",455,0,23000,23000,135,45
"4622058","CSD","Norway House 17 (IRI)",82.1219,5390,1298,1193,"4622","46","",4715,0,26400,26200,980,42.8
"4622059","CSD","Nelson House 170 (IRI)",17.251,2397,511,485,"4622","46","",1900,0,21200,21200,430,41.8
"4622063","CSD","Split Lake 171 (IRI)",130.2326,2232,421,410,"4622","46","",1980,10,21000,21000,405,42.4
"4622065","CSD","York Landing (IRI)",13.321,455,143,131,"4622","46","",420,0,21000,21000,110,39.4
"4622067","CSD","Cross Lake 19E (IRI)",7.323,763,161,145,"4622","46","",530,0,28200,28000,135,44.8
"4622800","CSD","Wasagamack (IRI)",77.8959,2088,417,417,"4622","46","",1340,0,9600,9600,340,46.9
"4622801","CSD","St. Theresa Point (IRI)",147.9252,3417,636,616,"4622","46","",1835,0,13200,13100,680,44.6
"4623022","CSD","Gillam (T)",1994.4411,1007,588,352,"4623","46","",960,0,82000,71000,330,43.8
"4623034","CSD","Leaf Rapids (T)",1237.6615,351,266,118,"4623","46","",345,0,27400,27200,30,34.5
"4623047","CSD","Lynn Lake (T)",867.5324,579,293,186,"4623","46","",520,0,32800,30600,95,41.8
"4623056","CSD","Churchill (T)",50.8288,870,540,389,"4623","46","",830,5,43200,38800,245,38.9
"4623067","CSD","Lac Brochet 197A (IRI)",4.4872,641,194,162,"4623","46","",75,0,26600,26600,160,43.8
"4701001","CSD","Argyle No. 1 (RM)",567.0497,331,142,125,"4701","47","",330,0,46400,38800,100,45
"4701006","CSD","Mount Pleasant No. 2 (RM)",772.7091,419,182,152,"4701","47","",415,0,30600,28000,135,43.4
"4701008","CSD","Carnduff (T)",2.6076,1150,527,430,"4701","47","",980,5,45200,41200,235,39.5
"4701011","CSD","Enniskillen No. 3 (RM)",820.0372,422,193,167,"4701","47","",420,0,50000,39200,175,46.6
"4701014","CSD","Oxbow (T)",3.3262,1286,574,494,"4701","47","",1170,5,45600,40000,345,41.5
"4701016","CSD","Coalfields No. 4 (RM)",818.1598,330,157,133,"4701","47","",330,0,44400,44000,75,38.8
"4701021","CSD","Bienfait (T)",3.0542,668,355,284,"4701","47","47750",655,0,49200,42800,180,37.6
"4701022","CSD","Estevan No. 5 (RM)",772.0007,1279,527,474,"4701","47","47750",1265,0,56400,48800,365,43.4
"4701024","CSD","Estevan (CY)",18.3006,10851,5368,4584,"4701","47","47750",9850,10,45600,40400,3385,42
"4701027","CSD","Benson No. 35 (RM)",808.5256,450,212,171,"4701","47","",445,0,64500,52800,130,41.6
"4701031","CSD","Browning No. 34 (RM)",797.0014,355,172,146,"4701","47","",345,0,55200,46400,120,40.6
"4701032","CSD","Lampman (T)",2.1253,673,327,271,"4701","47","",640,0,50000,44800,155,41.4
"4701036","CSD","Moose Creek No. 33 (RM)",828.737,306,136,116,"4701","47","",295,5,34400,31400,150,46.8
"4701037","CSD","Alameda (T)",2.5252,345,187,162,"4701","47","",345,0,42800,38400,70,39
"4701039","CSD","Reciprocity No. 32 (RM)",707.9452,351,163,141,"4701","47","",335,0,53600,45200,165,45.8
"4701047","CSD","Antler No. 61 (RM)",804.2849,451,199,179,"4701","47","",445,0,36000,33200,190,45.8
"4701049","CSD","Redvers (T)",2.8951,1008,514,443,"4701","47","",910,25,40800,36800,210,41.3
"4701053","CSD","Moose Mountain No. 63 (RM)",718.2291,489,224,198,"4701","47","",470,0,38400,32000,120,41.8
"4701054","CSD","Manor (VL)",2.578,305,165,138,"4701","47","",305,0,40800,36800,75,37.8
"4701056","CSD","Carlyle (T)",5.4058,1524,686,620,"4701","47","",1395,5,47600,42000,410,41.3
"4701058","CSD","Brock No. 64 (RM)",784.6362,252,121,109,"4701","47","",250,0,62400,54400,100,44
"4701059","CSD","Arcola (T)",3.4596,636,320,269,"4701","47","",610,0,50400,43200,225,43.2
"4701063","CSD","Tecumseh No. 65 (RM)",798.9218,255,130,105,"4701","47","",255,0,42000,39200,125,48.8
"4701066","CSD","Stoughton (T)",3.45,652,378,314,"4701","47","",605,0,40000,36800,180,43.8
"4701069","CSD","Golden West No. 95 (RM)",781.5926,289,129,114,"4701","47","",290,0,42800,36000,115,38
"4701076","CSD","Wawken No. 93 (RM)",743.5035,614,554,287,"4701","47","",615,0,36000,33600,210,43.2
"4701078","CSD","Wawota (T)",1.2755,555,287,245,"4701","47","",515,0,37600,34400,115,36.8
"4701091","CSD","Walpole No. 92 (RM)",832.3629,292,135,116,"4701","47","",295,0,52000,43600,135,46.4
"4701094","CSD","Maryfield No. 91 (RM)",748.6689,258,108,100,"4701","47","",250,0,31200,31000,80,40.4
"4701096","CSD","Maryfield (VL)",2.5665,311,157,130,"4701","47","",300,0,33200,30800,65,40
"4701808","CSD","White Bear 70 (IRI)",92.4513,722,968,270,"4701","47","",715,0,29400,27800,105,37.4
"4702001","CSD","Cambria No. 6 (RM)",813.307,277,117,106,"4702","47","",265,0,53600,46400,135,47.4
"4702011","CSD","Lake Alma No. 8 (RM)",785.5027,269,142,114,"4702","47","",270,0,47600,42400,95,43.6
"4702023","CSD","Bengough (T)",1.1227,332,207,175,"4702","47","",335,0,28600,27200,90,42.4
"4702024","CSD","Bengough No. 40 (RM)",1008.6413,305,133,116,"4702","47","",290,0,42400,36800,105,46.8
"4702031","CSD","Radville (T)",2.9503,778,392,331,"4702","47","",715,5,41600,37200,190,39
"4702033","CSD","Lomond No. 37 (RM)",825.6022,275,121,111,"4702","47","",275,0,56000,48400,90,43.2
"4702037","CSD","Cymri No. 36 (RM)",816.3772,568,281,231,"4702","47","",570,0,61200,52000,175,41.8
"4702039","CSD","Midale (T)",1.6177,510,259,210,"4702","47","",495,0,39200,37200,135,41.2
"4702041","CSD","Macoun (VL)",1.6958,272,118,109,"4702","47","",270,0,46800,40000,65,42
"4702042","CSD","Griffin No. 66 (RM)",801.2655,430,189,156,"4702","47","",420,0,45600,40000,115,42.2
"4702044","CSD","Weyburn No. 67 (RM)",808.4987,1103,427,392,"4702","47","47755",1100,0,50800,43200,335,41.8
"4702047","CSD","Weyburn (CY)",19.029,11019,5142,4655,"4702","47","47755",9845,15,40800,36800,3015,41
"4702051","CSD","Brokenshell No. 68 (RM)",845.9748,307,127,117,"4702","47","",300,0,53600,42800,105,43.4
"4702058","CSD","Ogema (T)",1.3332,383,192,155,"4702","47","",295,0,38800,34800,100,37.2
"4702062","CSD","Avonlea (VL)",1.3036,411,193,174,"4702","47","",385,0,48800,43600,130,41.4
"4702067","CSD","Milestone (T)",2.1198,682,291,264,"4702","47","",670,0,49200,43600,200,40.5
"4702072","CSD","Yellow Grass (T)",2.667,483,205,191,"4702","47","",460,0,40800,35600,110,40.2
"4702073","CSD","Wellington No. 97 (RM)",831.1552,274,139,119,"4702","47","",270,0,42400,36800,110,45
"4702078","CSD","Fillmore (VL)",1.3249,282,149,123,"4702","47","",255,0,40400,36800,100,45.6
"4703001","CSD","Hart Butte No. 11 (RM)",839.2164,263,110,100,"4703","47","",260,0,42000,37600,110,44.4
"4703004","CSD","Coronach (T)",2.3387,612,351,272,"4703","47","",590,0,42800,38400,160,39.8
"4703009","CSD","Rockglen (T)",2.65,399,237,199,"4703","47","",380,0,41600,37200,100,41.2
"4703011","CSD","Old Post No. 43 (RM)",1757.4955,352,157,128,"4703","47","",315,0,27000,27000,120,43.4
"4703018","CSD","Mankota No. 45 (RM)",1693.1732,289,158,129,"4703","47","",270,10,34000,32400,95,41.8
"4703022","CSD","Waverley No. 44 (RM)",1425.7781,295,143,127,"4703","47","",290,0,43200,38400,165,48
"4703026","CSD","Willow Bunch No. 42 (RM)",1037.0367,285,163,139,"4703","47","",280,0,39200,35200,125,45.8
"4703028","CSD","Willow Bunch (T)",0.9062,299,186,156,"4703","47","",290,5,27400,25400,75,40.4
"4703029","CSD","Excel No. 71 (RM)",1093.3138,411,169,129,"4703","47","",325,0,28800,25400,90,42.4
"4703036","CSD","Assiniboia (T)",3.6819,2333,1236,1070,"4703","47","",2105,15,37600,34400,615,40.9
"4703038","CSD","Stonehenge No. 73 (RM)",956.4251,385,173,156,"4703","47","",380,0,36000,33200,120,44.2
"4703042","CSD","Wood River No. 74 (RM)",824.836,466,281,199,"4703","47","",455,0,28600,28600,110,42.6
"4703044","CSD","Lafleche (T)",1.4266,373,201,184,"4703","47","",345,0,26600,26600,95,39
"4703048","CSD","Pinto Creek No. 75 (RM)",838.8216,251,104,85,"4703","47","",235,0,43600,38800,110,48.8
"4703054","CSD","Auvergne No. 76 (RM)",846.8646,381,132,105,"4703","47","",210,0,31600,31400,90,43
"4703058","CSD","Ponteix (T)",1.1891,577,276,242,"4703","47","",385,35,34800,32800,105,39.2
"4703059","CSD","Whiska Creek No. 106 (RM)",845.6502,512,151,123,"4703","47","",315,5,40000,33600,95,40.8
"4703068","CSD","Gravelbourg No. 104 (RM)",824.4497,317,154,125,"4703","47","",310,0,37600,36000,75,42.8
"4703071","CSD","Gravelbourg (T)",3.2106,986,482,438,"4703","47","",775,70,41200,36400,250,42.1
"4703092","CSD","Mossbank (T)",1.5559,368,191,170,"4703","47","",350,0,34000,31200,105,41.8
"4704012","CSD","Frontier (VL)",1.0519,364,180,152,"4704","47","",305,0,39600,35600,105,39.6
"4704019","CSD","Reno No. 51 (RM)",3424.7328,343,175,144,"4704","47","",335,0,34400,30000,160,46.8
"4704024","CSD","White Valley No. 49 (RM)",2001.5632,352,182,146,"4704","47","",345,10,41600,37600,185,47.8
"4704026","CSD","Eastend (T)",2.6104,607,335,267,"4704","47","",455,0,34000,31600,120,40.6
"4704034","CSD","Grassy Creek No. 78 (RM)",831.4543,341,139,130,"4704","47","",340,0,55200,45600,115,43.2
"4704036","CSD","Shaunavon (T)",4.7995,1784,929,799,"4704","47","",1615,5,35200,31600,490,41.2
"4704045","CSD","Maple Creek No. 111 (RM)",3180.0962,1167,571,341,"4704","47","",760,0,38400,36800,300,42.6
"4704048","CSD","Maple Creek (T)",4.3522,2176,1083,988,"4704","47","",2020,0,35200,32000,575,41.6
"4704050","CSD","Piapot No. 110 (RM)",1942.8667,280,145,129,"4704","47","",275,0,27200,26800,125,48.8
"4704058","CSD","Bone Creek No. 108 (RM)",834.8075,362,150,107,"4704","47","",250,0,36400,33600,135,45.2
"4704061","CSD","Lac Pelletier No. 107 (RM)",841.3664,563,466,223,"4704","47","",475,5,50400,42800,160,45
"4705001","CSD","Moosomin No. 121 (RM)",545.7805,541,257,221,"4705","47","",530,5,46000,42000,255,42.1
"4705004","CSD","Moosomin (T)",7.153,2657,1207,1102,"4705","47","",2385,0,41600,37600,750,41.8
"4705009","CSD","Wapella (T)",2.6273,278,143,117,"4705","47","",275,0,54800,50800,95,42.2
"4705011","CSD","Silverwood No. 123 (RM)",827.9627,355,152,132,"4705","47","",340,0,32800,31000,100,43.6
"4705014","CSD","Kingsley No. 124 (RM)",828.7672,396,198,163,"4705","47","",380,0,42800,39200,150,46.4
"4705016","CSD","Kipling (T)",2.5503,1076,523,464,"4705","47","",945,0,30200,29000,245,38.5
"4705018","CSD","Chester No. 125 (RM)",817.6617,333,142,127,"4705","47","",315,0,37200,34000,130,42.6
"4705024","CSD","Wolseley (T)",5.8358,852,392,360,"4705","47","",750,0,36000,34000,200,39.3
"4705027","CSD","Wolseley No. 155 (RM)",758.4632,366,166,143,"4705","47","",355,0,39600,34800,115,40.8
"4705028","CSD","Elcapo No. 154 (RM)",824.2956,392,174,153,"4705","47","",385,0,53200,44000,150,46.8
"4705029","CSD","Grenfell (T)",3.1406,1059,550,483,"4705","47","",995,0,31400,30000,265,42.7
"4705031","CSD","Broadview (T)",2.8245,541,298,256,"4705","47","",500,0,34400,30400,90,39.4
"4705034","CSD","Whitewood (T)",3.9254,944,479,411,"4705","47","",890,0,39600,36400,270,43.3
"4705037","CSD","Rocanville No. 151 (RM)",748.0356,544,227,202,"4705","47","",525,5,49600,44400,220,44.2
"4705038","CSD","Rocanville (T)",2.3633,889,471,398,"4705","47","",855,0,49200,41200,305,42.9
"4705041","CSD","Spy Hill No. 152 (RM)",646.542,383,191,155,"4705","47","",385,0,49600,42000,120,43.2
"4705047","CSD","Langenburg No. 181 (RM)",656.415,561,233,211,"4705","47","",555,0,45600,39600,220,43.9
"4705048","CSD","Langenburg (T)",3.3849,1228,567,510,"4705","47","",1100,0,36000,33600,340,42.6
"4705051","CSD","Fertile Belt No. 183 (RM)",1001.9312,727,345,309,"4705","47","",715,0,42800,40000,225,41.5
"4705052","CSD","Esterhazy (T)",5.5618,2345,1358,1068,"4705","47","",2145,5,44800,39600,625,41.2
"4705056","CSD","Stockholm (VL)",1.6263,329,173,144,"4705","47","",320,0,40000,38000,75,46
"4705057","CSD","Grayson No. 184 (RM)",862.8032,547,351,232,"4705","47","",535,0,42800,38000,190,42.6
"4705063","CSD","McLeod No. 185 (RM)",872.5232,401,199,170,"4705","47","",390,0,37600,35200,115,43
"4705064","CSD","Neudorf (VL)",1.942,272,161,132,"4705","47","",270,0,26800,26600,50,34.4
"4705066","CSD","Lemberg (T)",2.6717,266,153,130,"4705","47","",260,0,29800,28600,85,41.6
"4705067","CSD","Stanley No. 215 (RM)",824.9497,508,225,196,"4705","47","",500,0,33200,33200,180,44
"4705073","CSD","Cana No. 214 (RM)",813.4247,904,381,343,"4705","47","",865,0,44800,39600,285,42.9
"4705074","CSD","Melville (CY)",14.7807,4493,2296,2078,"4705","47","",4175,0,37200,34400,1285,43.6
"4705077","CSD","Saltcoats No. 213 (RM)",824.8484,743,300,278,"4705","47","",735,0,37200,32800,220,42.3
"4705078","CSD","Saltcoats (T)",1.3515,473,227,205,"4705","47","",420,0,38800,36800,90,38.4
"4705079","CSD","Bredenbury (T)",4.6109,386,177,157,"4705","47","",340,0,40400,38400,95,44
"4705093","CSD","Churchbridge No. 211 (RM)",899.1345,584,273,235,"4705","47","",575,0,53200,46400,240,40.9
"4705094","CSD","Churchbridge (T)",2.5704,866,427,392,"4705","47","",830,0,42800,39200,310,43.5
"4705803","CSD","Cowessess 73 (IRI)",116.4779,645,219,214,"4705","47","",645,0,23600,23600,135,39.8
"4705804","CSD","Kahkewistahaw 72 (IRI)",79.9465,627,197,181,"4705","47","",630,0,21400,21400,105,41.8
"4705805","CSD","Sakimay 74 (IRI)",83.7729,250,174,80,"4705","47","",250,0,32800,32800,55,40
"4705806","CSD","Ochapowace 71 (IRI)",151.3681,501,162,150,"4705","47","",505,0,22400,21400,80,35.6
"4706001","CSD","Montmartre No. 126 (RM)",817.7509,350,156,137,"4706","47","",350,0,36400,33600,175,49
"4706002","CSD","Montmartre (VL)",1.6911,450,242,210,"4706","47","",425,0,33600,31400,100,41.2
"4706004","CSD","Francis No. 127 (RM)",1077.3574,701,272,253,"4706","47","",695,0,40000,35600,235,45.8
"4706007","CSD","Vibank (VL)",0.7109,386,181,170,"4706","47","",385,0,34400,32800,145,43.4
"4706008","CSD","Sedley (VL)",1.3375,367,137,126,"4706","47","",365,0,55200,47600,85,45.6
"4706011","CSD","Lajord No. 128 (RM)",945.1044,985,391,345,"4706","47","47705",870,5,52800,45200,305,43.6
"4706013","CSD","Bratt's Lake No. 129 (RM)",844.7142,328,147,130,"4706","47","",305,0,52400,46400,105,44.4
"4706017","CSD","Rouleau (T)",1.5391,505,221,206,"4706","47","",495,0,42800,36800,180,41.2
"4706021","CSD","Pense No. 160 (RM)",840.177,441,157,144,"4706","47","47705",355,0,49200,43200,125,46.4
"4706023","CSD","Pense (T)",1.3234,603,228,210,"4706","47","47705",595,0,48000,41600,225,44.9
"4706026","CSD","Sherwood No. 159 (RM)",656.6601,1219,302,274,"4706","47","47705",650,0,49200,43200,240,42.2
"4706027","CSD","Regina (CY)",178.81,226404,99134,92129,"4706","47","47705",187440,950,42800,38000,68355,42.1
"4706028","CSD","Grand Coulee (T)",1.7409,606,209,202,"4706","47","47705",580,0,68000,58400,190,41.6
"4706029","CSD","Edenwold No. 158 (RM)",848.8417,4466,1576,1515,"4706","47","47705",4255,10,50000,43200,1535,42.2
"4706030","CSD","White City (T)",7.5596,3702,1200,1176,"4706","47","47705",3600,5,77500,64000,1340,42.7
"4706031","CSD","Pilot Butte (T)",5.7058,2638,999,966,"4706","47","47705",2595,0,60800,52000,985,43.9
"4706032","CSD","Balgonie (T)",4.7567,1756,628,621,"4706","47","47705",1745,0,51200,45200,715,46
"4706034","CSD","South Qu'Appelle No. 157 (RM)",877.7467,1231,515,475,"4706","47","",1215,0,41200,35600,410,41.3
"4706036","CSD","Qu'Appelle (T)",3.8832,625,317,285,"4706","47","",615,0,35200,32800,175,40
"4706037","CSD","McLean (VL)",1.3246,392,156,148,"4706","47","",390,0,47600,42000,125,46.8
"4706038","CSD","Indian Head No. 156 (RM)",745.3768,362,153,145,"4706","47","",355,0,31600,28800,120,45.4
"4706039","CSD","Indian Head (T)",3.0792,1902,911,842,"4706","47","",1790,0,40800,36800,650,42.5
"4706042","CSD","Abernethy No. 186 (RM)",763.1122,337,165,144,"4706","47","",330,0,49600,42400,135,44.6
"4706047","CSD","Balcarres (T)",1.6155,616,271,257,"4706","47","",555,0,32000,30800,170,42.2
"4706048","CSD","North Qu'Appelle No. 187 (RM)",489.5251,918,781,430,"4706","47","",915,0,44800,40800,290,44.6
"4706050","CSD","Katepwa (RV)",4.4873,539,761,270,"4706","47","",535,0,59600,52000,115,40
"4706051","CSD","Fort Qu'Appelle (T)",5.0929,1972,936,850,"4706","47","",1810,5,34800,32800,480,42.9
"4706053","CSD","Lumsden No. 189 (RM)",816.169,1968,826,742,"4706","47","47705",1935,10,60400,49600,670,43.3
"4706055","CSD","Buena Vista (VL)",3.6349,646,424,279,"4706","47","47705",635,0,51200,44000,210,42.7
"4706056","CSD","Lumsden (T)",4.9174,1800,732,700,"4706","47","47705",1755,5,46000,40000,560,41.9
"4706058","CSD","Regina Beach (T)",3.8828,1292,957,623,"4706","47","47705",1290,0,55200,45600,350,40.5
"4706059","CSD","Dufferin No. 190 (RM)",949.8771,454,328,209,"4706","47","",450,0,57600,47600,175,45.8
"4706061","CSD","Bethune (VL)",2.3759,560,189,180,"4706","47","",555,0,48800,42800,130,41.2
"4706063","CSD","Sarnia No. 221 (RM)",863.8868,326,244,135,"4706","47","",325,0,60000,57600,95,43.2
"4706070","CSD","Longlaketon No. 219 (RM)",1022.451,1096,495,433,"4706","47","",1080,0,50000,43600,390,44.6
"4706071","CSD","McKillop No. 220 (RM)",663.9044,897,730,418,"4706","47","",895,0,49600,43200,335,42.4
"4706072","CSD","Saskatchewan Beach (RV)",1.5692,322,330,145,"4706","47","",315,0,63200,53600,120,39.6
"4706074","CSD","Strasbourg (T)",5.8142,788,395,362,"4706","47","",695,0,35600,34000,120,40.6
"4706078","CSD","Craven (VL)",1.2213,266,118,111,"4706","47","47705",260,0,38400,35200,80,42.8
"4706091","CSD","Cupar No. 218 (RM)",905.525,516,234,202,"4706","47","",520,0,38000,36000,205,45.3
"4706092","CSD","Southey (T)",1.5614,832,356,339,"4706","47","",820,0,35600,32000,280,40.8
"4706094","CSD","Cupar (T)",0.8616,598,274,246,"4706","47","",560,0,36400,32400,160,45.2
"4706096","CSD","Lipton No. 217 (RM)",805.346,388,191,168,"4706","47","",385,0,25800,25600,155,46
"4706098","CSD","Lipton (VL)",0.7003,284,154,137,"4706","47","",285,0,38400,35200,60,42
"4706809","CSD","Piapot 75 (IRI)",112.1228,677,217,204,"4706","47","",675,0,23200,23200,80,37.2
"4706810","CSD","Assiniboine 76 (IRI)",158.1089,703,224,212,"4706","47","",680,0,24200,23600,95,40.4
"4706811","CSD","Standing Buffalo 78 (IRI)",22.8865,586,194,191,"4706","47","",565,0,23200,23200,105,40.2
"4706812","CSD","Pasqua 79 (IRI)",89.5431,638,216,195,"4706","47","",635,0,21600,20800,100,38.8
"4706813","CSD","Muscowpetung 80 (IRI)",77.5492,277,106,96,"4706","47","",280,0,25600,25600,60,42
"4706816","CSD","Peepeekisis 81 (IRI)",100.8305,510,158,145,"4706","47","",505,0,24000,24000,60,37.2
"4707001","CSD","Baildon No. 131 (RM)",829.5567,583,208,182,"4707","47","",570,0,40000,36400,210,44.4
"4707014","CSD","Lawtonia No. 135 (RM)",843.2367,356,120,98,"4707","47","",240,0,36800,33600,110,45.2
"4707018","CSD","Coulee No. 136 (RM)",840.5421,669,206,182,"4707","47","",470,0,49200,42000,140,40.4
"4707021","CSD","Excelsior No. 166 (RM)",1196.4795,808,247,221,"4707","47","",585,0,44000,39200,215,44.5
"4707022","CSD","Waldeck (VL)",1.993,294,119,114,"4707","47","",290,0,40800,36000,90,41.2
"4707024","CSD","Morse No. 165 (RM)",1232.6474,396,151,128,"4707","47","",320,0,30600,29800,140,46.2
"4707026","CSD","Herbert (T)",3.6905,770,338,313,"4707","47","",705,0,33600,31400,170,39
"4707034","CSD","Mortlach (VL)",2.8675,274,127,111,"4707","47","",265,0,33600,31600,70,43.6
"4707036","CSD","Caron No. 162 (RM)",566.7421,603,233,220,"4707","47","",595,0,48000,40800,185,41
"4707037","CSD","Caronport (VL)",1.8241,1033,386,334,"4707","47","",1015,0,34800,32400,235,38.9
"4707038","CSD","Moose Jaw No. 161 (RM)",777.6213,1207,557,496,"4707","47","47715",1170,25,64500,53200,415,43.1
"4707039","CSD","Moose Jaw (CY)",65.8125,33665,16143,14719,"4707","47","47715",30930,95,36800,34000,8745,41.6
"4707042","CSD","Marquis No. 191 (RM)",781.4794,303,204,132,"4707","47","",300,0,43200,38400,150,44
"4707053","CSD","Enfield No. 194 (RM)",1003.926,268,116,106,"4707","47","",255,0,40800,35600,115,45.8
"4707054","CSD","Central Butte (T)",2.1038,416,216,190,"4707","47","",370,0,32000,30600,85,38.8
"4707059","CSD","Lucky Lake (VL)",0.8167,270,145,127,"4707","47","",245,0,46400,40400,70,44.4
"4707063","CSD","Victory No. 226 (RM)",1360.618,434,233,143,"4707","47","",345,0,44800,40000,165,46.6
"4707067","CSD","Coteau No. 255 (RM)",895.7172,401,381,183,"4707","47","",395,0,43600,39200,105,41.2
"4707091","CSD","Craik No. 222 (RM)",868.4834,272,169,124,"4707","47","",270,0,34000,30600,125,43.4
"4707092","CSD","Craik (T)",3.0777,405,221,187,"4707","47","",395,0,32000,30200,110,43.2
"4708001","CSD","Swift Current No. 137 (RM)",1100.4747,1995,778,735,"4708","47","47720",1915,0,42800,37200,555,41.6
"4708004","CSD","Swift Current (CY)",29.3012,16750,7891,7214,"4708","47","47720",15005,15,39600,35600,4845,42.3
"4708006","CSD","Webb No. 138 (RM)",1101.9222,567,254,131,"4708","47","",370,0,63200,53200,135,46.2
"4708011","CSD","Gull Lake (T)",2.3987,908,494,407,"4708","47","",855,0,40000,36400,255,43.1
"4708026","CSD","Fox Valley (VL)",0.7006,259,134,114,"4708","47","",250,0,41200,37200,90,42.4
"4708031","CSD","Riverside No. 168 (RM)",1307.4622,436,192,161,"4708","47","",375,5,43200,37200,105,46
"4708032","CSD","Cabri (T)",1.3599,413,246,203,"4708","47","",385,0,39600,35600,115,41.8
"4708038","CSD","Saskatchewan Landing No. 167 (RM)",792.7278,434,163,142,"4708","47","",345,0,42000,38000,145,43.6
"4708042","CSD","Lacadena No. 228 (RM)",1896.9167,787,613,290,"4708","47","",685,0,39600,36800,250,42.2
"4708044","CSD","Kyle (T)",1.1596,413,241,216,"4708","47","",400,0,36800,34400,110,44.2
"4708056","CSD","Happyland No. 231 (RM)",1269.1778,285,140,110,"4708","47","",280,0,45600,43200,75,44.4
"4708058","CSD","Leader (T)",1.6778,881,426,372,"4708","47","",765,0,42800,38000,285,41.6
"4708062","CSD","Burstall (T)",1.0897,302,173,140,"4708","47","",295,0,38400,38000,70,35.6
"4708065","CSD","Chesterfield No. 261 (RM)",1962.2062,419,171,142,"4708","47","",325,0,43200,39600,130,41.2
"4708068","CSD","Eatonia (T)",1.5982,498,253,205,"4708","47","",475,0,41600,37600,110,37.4
"4708071","CSD","Newcombe No. 260 (RM)",1094.6415,356,133,110,"4708","47","",345,0,51600,46000,85,41.4
"4708074","CSD","Snipe Lake No. 259 (RM)",1615.9074,410,290,177,"4708","47","",400,0,56000,46000,130,45.4
"4708076","CSD","Eston (T)",2.6542,972,492,426,"4708","47","",900,0,48400,42800,290,43.1
"4708092","CSD","Monet No. 257 (RM)",1587.9938,432,162,139,"4708","47","",325,0,50000,45200,165,46.8
"4708094","CSD","Elrose (T)",2.8862,470,248,207,"4708","47","",420,0,41200,38000,115,40.2
"4709001","CSD","Calder No. 241 (RM)",790.9306,344,209,164,"4709","47","",335,0,34400,31600,90,42.2
"4709006","CSD","Wallace No. 243 (RM)",814.6873,881,387,350,"4709","47","47710",880,0,39600,35600,305,42.2
"4709011","CSD","Orkney No. 244 (RM)",770.0514,1883,810,756,"4709","47","47710",1835,0,42000,36000,595,42
"4709012","CSD","Yorkton (CY)",36.1941,16280,7529,6974,"4709","47","47710",14640,5,36800,34000,4585,41.9
"4709016","CSD","Springside (T)",0.7037,478,227,202,"4709","47","47710",470,0,48000,41200,160,43.4
"4709019","CSD","Garry No. 245 (RM)",790.2023,370,175,152,"4709","47","",365,0,30200,27400,135,43.6
"4709023","CSD","Insinger No. 275 (RM)",808.5493,305,158,133,"4709","47","",290,0,31000,29800,150,47
"4709028","CSD","Theodore (VL)",1.5114,315,173,151,"4709","47","",290,0,33600,31200,75,42.8
"4709029","CSD","Good Lake No. 274 (RM)",773.5351,930,924,423,"4709","47","",930,0,40000,36400,250,39.8
"4709032","CSD","Canora (T)",7.3482,2092,1123,981,"4709","47","",1945,5,31000,29200,435,39.5
"4709033","CSD","Sliding Hills No. 273 (RM)",820.6999,438,264,194,"4709","47","",430,0,41200,37600,135,41.2
"4709037","CSD","Cote No. 271 (RM)",871.0206,616,493,288,"4709","47","",575,0,44400,38800,165,44
"4709039","CSD","Kamsack (T)",5.6749,1779,903,792,"4709","47","",1595,0,30200,28400,400,40.8
"4709044","CSD","Pelly (VL)",0.9579,255,166,131,"4709","47","",250,0,24200,23800,35,32.8
"4709046","CSD","Keys No. 303 (RM)",656.4879,548,379,199,"4709","47","",545,0,36000,33200,90,32.8
"4709049","CSD","Buchanan No. 304 (RM)",708.2748,330,192,150,"4709","47","",305,0,38800,35600,120,45.2
"4709054","CSD","Invermay No. 305 (RM)",694.1441,269,133,110,"4709","47","",265,0,24600,24600,95,47.6
"4709060","CSD","Hazel Dell No. 335 (RM)",1358.4511,511,275,229,"4709","47","",480,0,26200,25400,155,43
"4709062","CSD","Preeceville No. 334 (RM)",1368.9188,966,489,379,"4709","47","",830,0,32000,30400,290,42.3
"4709064","CSD","Preeceville (T)",2.856,1062,570,492,"4709","47","",980,0,28000,27600,255,42.8
"4709066","CSD","Sturgis (T)",3.1491,646,333,300,"4709","47","",600,0,28200,28000,100,34.2
"4709067","CSD","Clayton No. 333 (RM)",1380.6779,631,307,253,"4709","47","",630,0,31200,29800,225,44.4
"4709072","CSD","Norquay (T)",1.6242,420,227,187,"4709","47","",415,0,27800,27600,110,47
"4709075","CSD","Livingston No. 331 (RM)",1326.237,281,158,131,"4709","47","",280,0,35600,31600,125,40.6
"4709819","CSD","Cote 64 (IRI)",83.9197,799,288,253,"4709","47","",785,0,22200,22000,85,43.2
"4709820","CSD","Keeseekoose 66 (IRI)",41.1325,599,163,157,"4709","47","",595,0,21400,21400,85,45.2
"4710003","CSD","Ituna Bon Accord No. 246 (RM)",788.7336,327,148,138,"4710","47","",310,0,24800,24800,90,41.2
"4710004","CSD","Ituna (T)",1.4652,726,401,350,"4710","47","",660,0,27000,26600,120,40.2
"4710008","CSD","Kellross No. 247 (RM)",809.2163,396,217,181,"4710","47","",380,0,23200,23200,175,45.4
"4710014","CSD","Touchwood No. 248 (RM)",684.5733,373,158,135,"4710","47","",370,0,22400,22400,110,44.8
"4710024","CSD","Mount Hope No. 279 (RM)",1624.5704,531,242,209,"4710","47","",480,0,29600,28400,210,45.9
"4710027","CSD","Raymore (T)",2.7377,507,248,233,"4710","47","",495,0,46000,42000,165,42.6
"4710031","CSD","Emerald No. 277 (RM)",807.182,370,210,178,"4710","47","",370,0,35200,32000,160,43.2
"4710036","CSD","Foam Lake No. 276 (RM)",1284.4113,532,308,229,"4710","47","",520,0,31000,29000,205,43.2
"4710038","CSD","Foam Lake (T)",6.0371,1183,584,543,"4710","47","",1080,0,30200,28800,245,40.5
"4710041","CSD","Elfros No. 307 (RM)",687.5626,373,197,163,"4710","47","",365,0,42800,36800,130,47.6
"4710046","CSD","Big Quill No. 308 (RM)",730.3406,520,246,218,"4710","47","",520,0,43200,37600,100,37.2
"4710047","CSD","Wynyard (T)",5.323,1724,911,808,"4710","47","",1570,0,34400,32000,475,41.8
"4710056","CSD","Leroy No. 339 (RM)",831.5391,457,202,183,"4710","47","",440,0,40800,38400,140,43
"4710058","CSD","Leroy (T)",2.1123,510,238,196,"4710","47","",420,0,23600,23600,165,44
"4710061","CSD","Lakeside No. 338 (RM)",653.881,396,129,120,"4710","47","",310,0,47600,43200,85,43
"4710062","CSD","Watson (T)",2.9575,707,356,319,"4710","47","",630,0,38400,34800,205,40.5
"4710064","CSD","Quill Lake (VL)",1.3195,377,213,188,"4710","47","",365,0,27000,27000,90,44.8
"4710066","CSD","Lakeview No. 337 (RM)",709.0986,366,167,148,"4710","47","",360,0,32000,29600,75,44.4
"4710068","CSD","Wadena (T)",2.9945,1269,677,606,"4710","47","",1175,0,30800,29400,350,44.5
"4710071","CSD","Sasman No. 336 (RM)",984.2602,813,607,362,"4710","47","",800,0,38800,33600,260,41.8
"4710822","CSD","Muskowekwan 85 (IRI)",63.7953,494,172,160,"4710","47","",490,0,23000,23000,45,35.2
"4710823","CSD","Gordon 86 (IRI)",125.0065,763,244,236,"4710","47","",760,0,21000,21000,100,38
"4710825","CSD","Poorman 88 (IRI)",96.5108,676,190,171,"4710","47","",645,0,22800,22800,80,38.8
"4710826","CSD","Fishing Lake 89 (IRI)",33.1652,506,158,154,"4710","47","",480,0,22200,22200,70,38.4
"4711003","CSD","Last Mountain Valley No. 250 (RM)",858.9559,339,306,154,"4711","47","",340,0,26200,24800,140,45.6
"4711008","CSD","Imperial (T)",1.2049,372,183,166,"4711","47","",330,5,28800,28400,75,39
"4711011","CSD","Arm River No. 252 (RM)",721.5772,258,117,100,"4711","47","",255,0,40800,35200,90,44.4
"4711014","CSD","Davidson (T)",4.0517,1044,524,466,"4711","47","",945,0,35200,32800,290,39.9
"4711018","CSD","Loreburn No. 254 (RM)",958.4202,380,151,140,"4711","47","",375,0,50400,44800,100,43.6
"4711019","CSD","Elbow (VL)",3.9595,341,246,165,"4711","47","",325,0,40400,37600,110,39.4
"4711026","CSD","Rudy No. 284 (RM)",807.3139,475,178,159,"4711","47","",460,0,29200,28800,105,40
"4711027","CSD","Outlook (T)",8.3442,2336,1055,1001,"4711","47","",2150,0,36000,33600,630,41.4
"4711031","CSD","Rosedale No. 283 (RM)",923.8707,542,158,146,"4711","47","",430,0,34400,31600,115,43
"4711032","CSD","Hanley (T)",2.6626,540,248,228,"4711","47","",495,0,39600,34800,150,43.2
"4711034","CSD","McCraney No. 282 (RM)",944.4672,280,136,114,"4711","47","",275,0,36800,35600,110,40
"4711036","CSD","Kenaston (VL)",1.1364,292,153,130,"4711","47","",290,0,29800,28800,85,39.2
"4711044","CSD","Nokomis (T)",2.5454,414,217,179,"4711","47","",395,0,31600,30800,90,41
"4711046","CSD","Usborne No. 310 (RM)",806.1109,511,236,205,"4711","47","",510,0,37200,34000,120,42.8
"4711049","CSD","Lanigan (T)",8.1375,1433,651,578,"4711","47","",1285,0,38000,35600,375,41.6
"4711052","CSD","Morris No. 312 (RM)",842.6206,263,131,109,"4711","47","",260,0,34400,31800,115,45.6
"4711053","CSD","Watrous (T)",11.2908,1842,908,851,"4711","47","",1695,0,34800,33200,525,42.8
"4711054","CSD","Manitou Beach (RV)",2.2769,364,388,200,"4711","47","",355,0,37600,33600,55,32.4
"4711056","CSD","Young (VL)",2.5383,253,142,126,"4711","47","",250,0,38400,34800,60,41.6
"4711061","CSD","Dundurn No. 314 (RM)",799.971,2101,657,626,"4711","47","47725",1840,5,67500,55600,685,44.1
"4711063","CSD","Dundurn (T)",1.4779,675,269,257,"4711","47","47725",655,0,46000,38800,250,39.6
"4711064","CSD","Shields (RV)",0.7464,351,204,150,"4711","47","47725",345,0,62400,54000,100,40
"4711065","CSD","Corman Park No. 344 (RM)",1893.2432,8909,3280,3096,"4711","47","47725",8325,20,46800,38800,2805,42.8
"4711066","CSD","Saskatoon (CY)",226.5642,266141,115619,107052,"4711","47","47725",219995,840,39600,36000,74845,41.2
"4711067","CSD","Langham (T)",4.2748,1518,589,554,"4711","47","47725",1455,5,52800,44800,410,43
"4711068","CSD","Warman (CY)",13.0956,12419,4313,4162,"4711","47","47725",11720,20,49200,43200,4040,43.6
"4711069","CSD","Blucher No. 343 (RM)",789.3981,1984,795,748,"4711","47","47725",1955,10,42400,39200,685,42.3
"4711070","CSD","Martensville (CY)",13.56,10549,3799,3639,"4711","47","47725",10165,10,54000,45200,3780,43.6
"4711072","CSD","Allan (T)",1.797,625,279,266,"4711","47","47725",615,0,35600,34800,180,39.8
"4711073","CSD","Dalmeny (T)",3.284,1766,627,615,"4711","47","47725",1705,5,46800,40000,535,42.4
"4711075","CSD","Osler (T)",1.621,1251,429,420,"4711","47","47725",1195,0,34400,32400,360,43.5
"4711076","CSD","Colonsay No. 342 (RM)",548.4594,260,112,101,"4711","47","47725",255,0,44400,41200,85,36
"4711077","CSD","Clavet (VL)",0.8598,450,150,147,"4711","47","47725",440,0,45600,36800,145,40.6
"4711079","CSD","Colonsay (T)",2.3987,446,199,181,"4711","47","47725",435,0,31200,28400,105,39.2
"4711091","CSD","Viscount No. 341 (RM)",828.5488,320,145,135,"4711","47","",315,0,65500,52800,95,45.4
"4711092","CSD","Viscount (VL)",1.4854,282,149,128,"4711","47","",275,0,44000,40000,40,34
"4711096","CSD","Wolverine No. 340 (RM)",828.0592,511,222,195,"4711","47","",510,0,58400,52400,240,46.9
"4711828","CSD","Whitecap (IRI)",19.2877,511,167,158,"4711","47","47725",510,0,33600,33600,90,35.8
"4712004","CSD","St. Andrews No. 287 (RM)",807.8186,461,181,148,"4712","47","",370,0,38800,36400,130,45.4
"4712006","CSD","Rosetown (T)",11.5888,2507,1224,1112,"4712","47","",2175,5,40400,37200,815,43.2
"4712016","CSD","Dinsmore (VL)",2.5535,267,166,125,"4712","47","",240,0,44400,38800,45,36
"4712020","CSD","Fertile Valley No. 285 (RM)",1010.191,604,181,169,"4712","47","",525,0,43200,40800,220,44.9
"4712026","CSD","Montrose No. 315 (RM)",897.569,647,283,249,"4712","47","",645,0,51600,44400,255,43
"4712038","CSD","Mountain View No. 318 (RM)",847.024,358,128,109,"4712","47","",275,0,57200,50400,70,42.4
"4712042","CSD","Biggar No. 347 (RM)",1576.0931,805,307,264,"4712","47","",640,0,40400,36400,215,44
"4712046","CSD","Biggar (T)",15.3669,2133,1027,941,"4712","47","",1885,0,34800,32000,560,42.7
"4712050","CSD","Perdue No. 346 (RM)",818.4933,471,153,126,"4712","47","",340,0,31200,28800,120,41.2
"4712051","CSD","Perdue (VL)",1.0301,313,177,155,"4712","47","",310,0,41200,35200,110,42.6
"4712054","CSD","Vanscoy No. 345 (RM)",861.0954,2799,1259,1120,"4712","47","47725",2730,15,45200,40800,905,41.5
"4712056","CSD","Delisle (T)",3.3297,1024,462,427,"4712","47","47725",1020,0,42800,36000,320,43.8
"4712058","CSD","Vanscoy (VL)",2.468,477,206,193,"4712","47","47725",470,0,49200,40800,125,38.6
"4712059","CSD","Asquith (T)",1.3684,624,277,254,"4712","47","47725",600,0,34400,32800,160,37.8
"4712064","CSD","Eagle Creek No. 376 (RM)",822.287,643,216,161,"4712","47","",400,0,24200,23800,130,40.2
"4712078","CSD","Battle River No. 438 (RM)",1056.7653,1029,449,409,"4712","47","47735",1010,10,39600,35600,315,43.2
"4712079","CSD","Battleford (T)",23.2589,4400,1877,1758,"4712","47","47735",4080,10,42000,38800,1320,40.7
"4712829","CSD","Red Pheasant 108 (IRI)",94.5866,442,181,166,"4712","47","",400,10,27600,27600,40,46
"4712833","CSD","Sweet Grass 113 (IRI)",158.6372,623,200,185,"4712","47","",570,0,24200,24200,60,36
"4713006","CSD","Kindersley No. 290 (RM)",2164.5336,1003,412,348,"4713","47","",875,0,40800,38800,245,44
"4713008","CSD","Kindersley (T)",12.9135,4567,2081,1832,"4713","47","",4120,0,44400,40000,1300,42.5
"4713026","CSD","Coleville (VL)",1.6589,280,155,129,"4713","47","",270,0,60000,52000,70,41.2
"4713028","CSD","Winslow No. 319 (RM)",814.3509,344,140,118,"4713","47","",340,0,52400,43600,125,43.2
"4713041","CSD","Progress No. 351 (RM)",788.4468,265,119,102,"4713","47","",260,0,46000,40400,75,43.6
"4713042","CSD","Kerrobert (T)",8.4686,970,494,410,"4713","47","",910,0,46400,40000,255,38.6
"4713044","CSD","Luseland (T)",1.5911,559,311,274,"4713","47","",550,0,40400,36400,180,45.8
"4713049","CSD","Eye Hill No. 382 (RM)",775.8514,552,261,211,"4713","47","",545,0,39600,36000,245,44
"4713051","CSD","Macklin (T)",3.0475,1247,551,498,"4713","47","",1185,0,51600,44000,310,41.7
"4713056","CSD","Grass Lake No. 381 (RM)",772.9039,389,183,160,"4713","47","",385,0,46800,40000,120,46.2
"4713068","CSD","Buffalo No. 409 (RM)",1204.9677,420,188,173,"4713","47","",420,0,42000,36800,175,42.6
"4713069","CSD","Wilkie (T)",9.2249,1195,569,509,"4713","47","",1120,0,40400,36400,350,42.9
"4713072","CSD","Round Valley No. 410 (RM)",795.7195,384,159,144,"4713","47","",385,0,32000,30400,130,47
"4713074","CSD","Unity (T)",9.7023,2496,1148,1042,"4713","47","",2345,0,42400,38400,540,39.1
"4713079","CSD","Manitou Lake No. 442 (RM)",839.2885,505,250,199,"4713","47","",490,0,44000,40400,170,42.2
"4713091","CSD","Marsden (VL)",0.7934,281,121,111,"4713","47","",265,0,41200,36400,75,42.8
"4713092","CSD","Hillsdale No. 440 (RM)",1014.7666,528,181,158,"4713","47","",430,0,33600,33600,100,44.4
"4713094","CSD","Neilburg (VL)",1.2398,371,192,160,"4713","47","",325,0,38000,34400,65,38.8
"4713096","CSD","Cut Knife No. 439 (RM)",651.3255,415,364,179,"4713","47","",400,0,52800,42400,90,39.2
"4713098","CSD","Cut Knife (T)",1.8823,547,259,222,"4713","47","",465,0,40400,35600,155,41.8
"4713835","CSD","Poundmaker 114 (IRI)",81.1384,471,218,186,"4713","47","",360,0,21400,20600,50,41.2
"4713836","CSD","Little Pine 116 (IRI)",65.8062,622,220,199,"4713","47","",525,0,19000,19000,45,33.6
"4714001","CSD","Hudson Bay No. 394 (RM)",12399.1233,1145,849,494,"4714","47","",1125,0,42400,36800,265,41.4
"4714004","CSD","Hudson Bay (T)",17.3758,1403,782,693,"4714","47","",1345,0,35600,33600,300,39.3
"4714006","CSD","Porcupine No. 395 (RM)",2316.3772,736,463,328,"4714","47","",725,0,29000,29000,250,42.3
"4714007","CSD","Porcupine Plain (T)",2.1244,817,400,357,"4714","47","",700,0,28200,28000,205,42
"4714021","CSD","Kelvington No. 366 (RM)",853.1323,366,220,168,"4714","47","",365,0,25400,25400,130,38.8
"4714022","CSD","Kelvington (T)",3.8686,827,469,406,"4714","47","",735,0,32800,31000,165,42.6
"4714023","CSD","Ponass Lake No. 367 (RM)",795.5569,416,227,192,"4714","47","",405,0,26400,25200,150,45
"4714026","CSD","Spalding No. 368 (RM)",811.1498,420,197,172,"4714","47","",420,0,46800,41200,140,45.6
"4714032","CSD","Naicam (T)",1.5564,651,342,311,"4714","47","",635,0,31800,29800,145,37.2
"4714034","CSD","Barrier Valley No. 397 (RM)",817.9251,485,375,216,"4714","47","",475,0,33600,31800,130,42.4
"4714035","CSD","Pleasantdale No. 398 (RM)",755.6008,599,301,258,"4714","47","",575,0,40800,36400,195,41
"4714038","CSD","Bjorkdale No. 426 (RM)",1438.6622,906,1009,437,"4714","47","",890,0,30400,28800,160,37
"4714043","CSD","Tisdale No. 427 (RM)",843.018,885,374,352,"4714","47","",870,0,56000,48800,300,41
"4714044","CSD","Tisdale (T)",6.5551,2962,1613,1379,"4714","47","",2745,10,33600,31000,795,42.5
"4714047","CSD","Star City No. 428 (RM)",822.811,811,314,302,"4714","47","",705,0,47200,41200,250,43.3
"4714049","CSD","Star City (T)",0.7013,374,206,182,"4714","47","",375,0,29400,27000,70,44
"4714051","CSD","Melfort (CY)",14.7326,5955,2788,2575,"4714","47","",5415,0,34400,32000,1785,42.7
"4714053","CSD","Willow Creek No. 458 (RM)",838.8594,683,340,295,"4714","47","",680,0,39200,35600,230,40.7
"4714056","CSD","Connaught No. 457 (RM)",848.8153,491,221,196,"4714","47","",465,20,46400,42000,195,43.8
"4714059","CSD","Arborfield No. 456 (RM)",1403.7719,338,163,143,"4714","47","",330,5,46400,39600,105,42.4
"4714067","CSD","Moose Range No. 486 (RM)",2423.9847,942,391,348,"4714","47","",920,0,45200,40400,310,44.3
"4714069","CSD","Carrot River (T)",1.7473,946,463,426,"4714","47","",905,0,34400,32000,250,39.1
"4714072","CSD","Nipawin No. 487 (RM)",879.6314,958,467,391,"4714","47","",955,5,39200,34800,310,42.1
"4714076","CSD","Nipawin (T)",8.9265,4570,2091,1921,"4714","47","",4070,0,32400,29800,1155,41.5
"4714077","CSD","Torch River No. 488 (RM)",5145.7456,1219,663,543,"4714","47","",1210,0,40000,36000,385,40.2
"4714079","CSD","White Fox (VL)",0.9945,343,175,154,"4714","47","",335,0,34800,32000,55,42
"4714092","CSD","Choiceland (T)",1.056,342,204,174,"4714","47","",340,0,30400,28600,100,40
"4714841","CSD","Yellowquill 90 (IRI)",58.5672,475,144,132,"4714","47","",465,0,21000,21000,50,39.5
"4714842","CSD","Kinistin 91 (IRI)",35.3798,304,105,96,"4714","47","",290,0,18200,18200,45,44
"4715001","CSD","St. Peter No. 369 (RM)",827.3865,723,299,278,"4715","47","",710,0,38400,34400,230,42.3
"4715002","CSD","Englefeld (VL)",0.6565,259,114,105,"4715","47","",230,0,48400,40400,80,39
"4715004","CSD","Muenster (VL)",1.364,403,186,173,"4715","47","",400,0,38000,35200,95,40.8
"4715006","CSD","Lake Lenore (VL)",0.9663,289,135,116,"4715","47","",285,0,60800,50800,85,44.4
"4715007","CSD","Humboldt No. 370 (RM)",780.2783,961,422,370,"4715","47","",960,0,53600,46400,300,44.4
"4715008","CSD","Humboldt (CY)",13.3031,6033,2707,2494,"4715","47","",5490,0,37200,34400,1620,42.2
"4715011","CSD","Bayne No. 371 (RM)",788.9485,461,202,180,"4715","47","",455,0,32800,32800,190,43.4
"4715012","CSD","Bruno (T)",0.9394,604,299,274,"4715","47","",575,10,37600,33200,125,40.4
"4715014","CSD","Grant No. 372 (RM)",659.686,525,215,190,"4715","47","",475,20,41600,38400,185,43.8
"4715017","CSD","Vonda (T)",2.7473,384,160,147,"4715","47","",340,20,36000,34000,110,40.8
"4715018","CSD","Aberdeen No. 373 (RM)",671.8183,1461,528,487,"4715","47","47725",1415,10,35200,31200,440,42.2
"4715019","CSD","Aberdeen (T)",1.964,716,264,255,"4715","47","47725",700,5,41200,36400,195,42.6
"4715026","CSD","Laird No. 404 (RM)",725.4193,1304,428,396,"4715","47","",1215,0,40800,37600,390,42.5
"4715027","CSD","Hepburn (T)",1.1372,784,276,268,"4715","47","",760,0,36400,33200,205,40.6
"4715028","CSD","Waldheim (T)",1.9694,1237,451,430,"4715","47","",1140,0,33200,30800,345,43.7
"4715029","CSD","Laird (VL)",1.229,265,121,115,"4715","47","",255,0,42400,37600,85,44.8
"4715031","CSD","Rosthern No. 403 (RM)",944.2756,2473,797,744,"4715","47","",2185,0,42400,39200,690,43.6
"4715032","CSD","Rosthern (T)",4.1405,1602,694,642,"4715","47","",1490,0,37200,34400,380,41
"4715034","CSD","Hague (T)",1.2659,889,355,339,"4715","47","",830,0,39200,34800,260,39.8
"4715036","CSD","Fish Creek No. 402 (RM)",583.9538,364,176,137,"4715","47","",340,0,38800,35600,80,40.4
"4715039","CSD","Hoodoo No. 401 (RM)",786.6902,802,824,367,"4715","47","",800,0,34800,31200,190,38.6
"4715041","CSD","Cudworth (T)",2.1165,772,364,331,"4715","47","",690,0,36400,33600,125,38.2
"4715042","CSD","Wakaw (T)",3.0886,978,496,421,"4715","47","",865,5,28600,27400,150,41.8
"4715044","CSD","Three Lakes No. 400 (RM)",770.7571,725,376,228,"4715","47","",580,0,33200,32400,160,39.6
"4715048","CSD","Lake Lenore No. 399 (RM)",714.1705,506,279,179,"4715","47","",485,0,44400,37200,195,44.8
"4715049","CSD","St. Brieux (T)",2.5555,638,268,250,"4715","47","",470,0,55200,46000,285,45.6
"4715051","CSD","Flett's Springs No. 429 (RM)",838.98,656,256,240,"4715","47","",655,0,40400,37200,265,44.4
"4715054","CSD","Invergordon No. 430 (RM)",844.7147,563,385,266,"4715","47","",565,0,28400,27400,135,42
"4715057","CSD","St. Louis No. 431 (RM)",777.5107,1029,472,402,"4715","47","",920,70,30200,27800,275,41.2
"4715059","CSD","St. Louis (VL)",0.9701,432,154,152,"4715","47","",420,10,36800,34000,95,35.4
"4715061","CSD","Duck Lake No. 463 (RM)",1034.521,1010,450,384,"4715","47","",945,10,43600,38000,340,46.3
"4715062","CSD","Duck Lake (T)",2.3799,579,232,202,"4715","47","",530,0,29400,27000,120,40.2
"4715064","CSD","Prince Albert No. 461 (RM)",1010.1008,3438,1111,1055,"4715","47","47745",2620,20,38400,35200,890,41.7
"4715066","CSD","Prince Albert (CY)",67.1735,37756,15490,14308,"4715","47","47745",32850,120,36800,33600,8820,40.7
"4715067","CSD","Birch Hills No. 460 (RM)",547.0832,658,272,247,"4715","47","",650,0,44400,38400,200,41.6
"4715068","CSD","Birch Hills (T)",2.3871,1066,475,450,"4715","47","",1025,0,38400,34800,250,41
"4715070","CSD","Candle Lake (RV)",62.9282,1160,1698,589,"4715","47","",1155,5,55600,50400,240,39.3
"4715071","CSD","Kinistino No. 459 (RM)",921.6944,604,255,220,"4715","47","",585,0,32800,30600,135,38.9
"4715074","CSD","Kinistino (T)",1.575,671,305,265,"4715","47","",610,0,36000,34400,150,41.6
"4715075","CSD","Lakeland No. 521 (RM)",488.6465,1300,1859,604,"4715","47","",1280,5,54800,47200,275,38.9
"4715076","CSD","Christopher Lake (VL)",4.5889,302,147,117,"4715","47","",300,0,24800,24800,60,40.4
"4715079","CSD","Garden River No. 490 (RM)",656.6042,647,295,259,"4715","47","47745",625,20,45600,40400,200,43.4
"4715094","CSD","Buckland No. 491 (RM)",787.3477,3277,1317,1237,"4715","47","47745",3205,15,47200,41600,1045,42.4
"4715099","CSD","Paddockwood No. 520 (RM)",2450.9365,1071,623,455,"4715","47","",1025,5,36800,33600,275,40.9
"4715844","CSD","One Arrow 95 (IRI)",54.0911,671,164,156,"4715","47","",655,0,20000,20000,35,35.5
"4715845","CSD","Beardy's 97 and Okemasis 96 (IRI)",108.8755,1249,315,304,"4715","47","",1145,0,27200,26400,150,41
"4715847","CSD","Muskoday First Nation (IRI)",96.2819,700,233,227,"4715","47","",695,0,23800,23800,105,39
"4715848","CSD","Wahpaton 94A (IRI)",14.7946,310,75,74,"4715","47","47745",300,0,22400,22400,45,42
"4715849","CSD","James Smith 100 (IRI)",70.0648,850,192,192,"4715","47","",835,5,23800,23800,85,39.2
"4715850","CSD","Cumberland 100A (IRI)",83.5278,266,80,80,"4715","47","",255,0,22000,20400,40,42
"4715851","CSD","Little Red River 106C (IRI)",125.7675,367,99,89,"4715","47","",365,0,22000,22000,35,34.8
"4715853","CSD","Montreal Lake 106B (IRI)",23.4445,423,115,107,"4715","47","",405,0,20800,20800,55,39.6
"4716005","CSD","Mayfield No. 406 (RM)",780.5406,391,172,158,"4716","47","",390,0,28200,26000,140,43.2
"4716008","CSD","Great Bend No. 405 (RM)",825.904,381,181,147,"4716","47","",370,5,41600,35600,90,42.8
"4716009","CSD","Radisson (T)",2.0658,466,256,231,"4716","47","",440,0,29000,28000,115,42.2
"4716011","CSD","Borden (VL)",0.7305,281,131,120,"4716","47","",280,0,38800,34800,65,39.2
"4716013","CSD","Blaine Lake No. 434 (RM)",771.8584,301,142,130,"4716","47","",295,0,46400,40800,130,44.8
"4716016","CSD","Blaine Lake (T)",1.8649,509,296,250,"4716","47","",490,0,28600,27200,90,36
"4716018","CSD","Redberry No. 435 (RM)",1003.0945,372,184,154,"4716","47","",355,0,26000,25800,125,49.8
"4716022","CSD","Hafford (T)",1.1325,414,221,190,"4716","47","",385,0,28400,27400,75,37.2
"4716023","CSD","Douglas No. 436 (RM)",814.3675,342,173,130,"4716","47","",330,0,40800,37600,110,41.8
"4716028","CSD","North Battleford No. 437 (RM)",792.1817,687,288,262,"4716","47","",675,0,47200,42000,210,40.3
"4716029","CSD","North Battleford (CY)",33.55,13836,6346,5696,"4716","47","47735",11910,30,35600,33600,3525,41.2
"4716033","CSD","Round Hill No. 467 (RM)",809.5076,394,188,167,"4716","47","",395,0,26200,26200,125,43
"4716038","CSD","Meeting Lake No. 466 (RM)",1043.3427,335,223,152,"4716","47","",335,0,22800,22400,130,46
"4716041","CSD","Leask No. 464 (RM)",1195.5418,857,764,333,"4716","47","",755,0,32400,29800,185,41.3
"4716042","CSD","Leask (VL)",0.7336,379,197,170,"4716","47","",340,0,28600,28200,80,40
"4716046","CSD","Shellbrook No. 493 (RM)",1213.9639,1581,767,613,"4716","47","",1560,0,32400,30800,390,40.3
"4716047","CSD","Shellbrook (T)",3.9306,1510,710,674,"4716","47","",1405,5,39200,35600,400,40.8
"4716051","CSD","Canwood No. 494 (RM)",1919.3899,1351,808,576,"4716","47","",1320,20,32000,30200,410,43
"4716052","CSD","Canwood (VL)",2.4198,314,168,154,"4716","47","",280,0,29400,28800,30,35.6
"4716053","CSD","Prince Albert National Park (NO)",3482.2179,325,820,163,"4716","47","",325,0,43600,39600,35,42
"4716054","CSD","Debden (VL)",1.3447,327,151,132,"4716","47","",300,20,28600,27000,70,42.8
"4716056","CSD","Spiritwood No. 496 (RM)",2371.0369,1245,810,528,"4716","47","",1235,0,30400,29000,415,44
"4716058","CSD","Spiritwood (T)",2.9052,966,422,395,"4716","47","",840,5,35600,32000,285,44.5
"4716061","CSD","Leoville (VL)",1.138,364,163,151,"4716","47","",325,5,27800,26400,85,38.4
"4716062","CSD","Medstead No. 497 (RM)",1195.1441,489,219,201,"4716","47","",485,0,28800,28400,180,41.5
"4716072","CSD","Big River (T)",2.6846,666,340,296,"4716","47","",635,0,34000,32000,235,39.2
"4716075","CSD","Big River No. 555 (RM)",2484.1283,994,802,429,"4716","47","",995,0,42800,38800,235,40.8
"4716077","CSD","Chitek Lake (RV)",2.5663,300,318,130,"4716","47","",290,0,41200,40000,15,32.5
"4716854","CSD","Muskeg Lake Cree Nation 102 (IRI)",60.1312,271,118,96,"4716","47","",235,0,31600,31600,20,40
"4716855","CSD","Mistawasis 103 (IRI)",118.0279,741,206,196,"4716","47","",720,0,21000,21000,105,39.6
"4716856","CSD","Sturgeon Lake 101 (IRI)",81.5039,1224,294,284,"4716","47","",1175,0,18800,18800,105,37.2
"4716858","CSD","Big River 118 (IRI)",103.7586,1535,355,340,"4716","47","",1335,0,18600,18600,195,40.9
"4716860","CSD","Ahtahkakoop 104 (IRI)",173.7541,1402,435,402,"4716","47","",1340,0,22000,22000,145,39.6
"4716863","CSD","Chitek Lake 191 (IRI)",34.8252,705,250,149,"4716","47","",585,0,27400,26800,95,38.4
"4717001","CSD","Meota No. 468 (RM)",642.1085,1110,930,465,"4717","47","",1105,0,55600,48800,315,39.5
"4717006","CSD","Meota (VL)",1.6064,325,213,156,"4717","47","",320,0,44800,40400,60,40
"4717008","CSD","Turtle River No. 469 (RM)",655.7158,307,133,117,"4717","47","",305,0,35600,31000,100,44.8
"4717011","CSD","Edam (VL)",1.1385,476,234,199,"4717","47","",450,0,36400,33600,130,42.8
"4717017","CSD","Eldon No. 471 (RM)",991.1468,700,303,277,"4717","47","",695,0,49200,42400,200,42.5
"4717018","CSD","Maidstone (T)",4.3947,1209,515,462,"4717","47","",1080,0,40000,36800,230,39.2
"4717022","CSD","Wilton No. 472 (RM)",1022.8988,1473,595,539,"4717","47","840",1470,0,43600,40000,425,38.4
"4717024","CSD","Lashburn (T)",3.0519,870,360,327,"4717","47","840",865,0,49600,43600,215,38.9
"4717026","CSD","Marshall (T)",1.1498,522,210,198,"4717","47","840",515,0,52800,44800,120,38.8
"4717028","CSD","Britannia No. 502 (RM)",915.1055,2061,848,744,"4717","47","840",2045,5,48400,42000,585,39.2
"4717029","CSD","Lloydminster (Part) (CY)",18.0578,11843,5002,4443,"4717","47","840",10090,15,46000,40000,3225,40.1
"4717032","CSD","Frenchman Butte No. 501 (RM)",1902.1474,1250,503,406,"4717","47","",1060,0,30000,28800,365,41.8
"4717034","CSD","Paradise Hill (VL)",2.276,471,231,197,"4717","47","",440,0,30800,28400,115,39.6
"4717036","CSD","St. Walburg (T)",2.0185,591,331,276,"4717","47","",570,0,31600,29800,150,37.3
"4717041","CSD","Turtleford (T)",1.6644,503,228,213,"4717","47","",495,0,44000,41200,135,40.4
"4717045","CSD","Mervin No. 499 (RM)",1581.6585,1711,1631,781,"4717","47","",1675,0,34000,32800,485,40.4
"4717047","CSD","Parkdale No. 498 (RM)",1375.6219,725,734,311,"4717","47","",725,0,31800,28200,200,39.9
"4717048","CSD","Glaslyn (VL)",1.9064,353,180,161,"4717","47","",345,0,33200,32000,55,38.4
"4717052","CSD","Meadow Lake (CY)",12.3705,5322,2125,1930,"4717","47","",4930,5,40000,35600,1510,41.9
"4717054","CSD","Meadow Lake No. 588 (RM)",6231.267,2553,1215,988,"4717","47","",2530,0,37200,34400,895,42.6
"4717056","CSD","Loon Lake No. 561 (RM)",3148.0641,836,697,350,"4717","47","",835,0,36000,31800,200,41.5
"4717058","CSD","Loon Lake (VL)",0.738,281,166,126,"4717","47","",260,0,31400,29200,30,29
"4717062","CSD","Beaver River No. 622 (RM)",2356.3238,1277,894,496,"4717","47","",1265,0,42400,35200,320,39
"4717066","CSD","Goodsoil (VL)",1.7799,301,143,128,"4717","47","",285,0,34000,31800,30,38.8
"4717067","CSD","Pierceland (VL)",2.7404,605,285,251,"4717","47","",580,5,48400,42000,125,35.4
"4717801","CSD","Seekaskootch 119 (IRI)",144.0571,2191,633,564,"4717","47","",1865,5,21200,21200,225,40.5
"4717802","CSD","Makaoo (Part) 120 (IRI)",19.6114,593,156,152,"4717","47","",555,0,23200,23200,80,42.4
"4717803","CSD","Thunderchild First Nation 115B (IRI)",58.3276,706,211,191,"4717","47","",600,0,21000,21000,70,38
"4717805","CSD","Flying Dust First Nation 105 (IRI)",36.0892,679,228,207,"4717","47","",655,0,25400,25200,155,40.6
"4717806","CSD","Waterhen 130 (IRI)",78.1114,728,244,217,"4717","47","",655,0,23200,23000,110,37.4
"4717807","CSD","Makwa Lake 129B (IRI)",36.7455,1109,483,265,"4717","47","",935,0,21600,21600,125,38.2
"4717811","CSD","Big Island Lake Cree Territory (IRI)",47.2348,759,179,156,"4717","47","",505,0,12800,12800,60,39.6
"4717812","CSD","Moosomin 112B (IRI)",69.3642,715,209,196,"4717","47","",675,0,21400,21400,85,44.8
"4717813","CSD","Saulteaux 159 (IRI)",38.95,312,135,130,"4717","47","",265,0,24800,23800,30,42
"4718005","CSD","Cumberland House (NV)",16.111,540,241,192,"4718","47","",435,0,29000,29000,85,40
"4718021","CSD","Green Lake (NV)",121.1765,411,220,168,"4718","47","",365,0,29800,29200,75,42.2
"4718033","CSD","Beauval (NV)",14.7167,685,279,232,"4718","47","",600,0,38000,35600,270,43.5
"4718041","CSD","La Ronge (T)",16.709,2521,1034,915,"4718","47","",2285,10,45200,41200,810,42.6
"4718042","CSD","Air Ronge (NV)",5.9989,1365,465,434,"4718","47","",1270,5,49200,43200,420,43.4
"4718049","CSD","Denare Beach (NV)",6.4023,699,411,294,"4718","47","",675,0,55200,47600,210,40.4
"4718051","CSD","Creighton (T)",12.9249,1203,610,552,"4718","47","",1195,0,40000,37200,320,40.6
"4718058","CSD","Sandy Bay (NV)",11.4247,671,214,161,"4718","47","",620,0,45200,41200,95,43.6
"4718065","CSD","Pinehouse (NV)",6.7711,1013,302,266,"4718","47","",885,0,25800,25200,90,33.6
"4718067","CSD","Île-à-la-Crosse (NV)",23.2958,1425,496,445,"4718","47","",1325,0,34800,33600,185,34.5
"4718070","CSD","Buffalo Narrows (NV)",68.0425,1014,449,373,"4718","47","",975,0,37600,35600,215,40.3
"4718074","CSD","La Loche (NV)",15.4718,2514,814,724,"4718","47","",910,5,33200,33200,325,40.5
"4718090","CSD","Division No. 18, Unorganized (NO)",260794.9829,1871,1676,721,"4718","47","",1545,5,36800,35600,360,41.6
"4718801","CSD","Cumberland House Cree Nation 20 (IRI)",15.3514,748,239,218,"4718","47","",610,0,17400,17400,70,34.8
"4718802","CSD","Montreal Lake 106 (IRI)",57.8074,1015,283,255,"4718","47","",945,5,22600,22200,95,39.4
"4718803","CSD","Stanley 157 (IRI)",2.4063,1883,517,489,"4718","47","",1435,0,23400,23400,220,35.5
"4718806","CSD","Wapaskokimaw 202 (IRI)",0.6507,481,96,83,"4718","47","",460,0,25000,25000,25,33.5
"4718808","CSD","Morin Lake 217 (IRI)",97.9803,575,142,131,"4718","47","",495,5,22800,22800,45,33.6
"4718809","CSD","Lac La Ronge 156 (IRI)",5.8545,1349,336,312,"4718","47","",1210,0,21600,21600,165,37.1
"4718811","CSD","Sucker River 156C (Nemebien River 156C) (IRI)",0.5811,384,128,108,"4718","47","",310,0,22200,22200,55,38
"4718812","CSD","Kitsakie 156B (IRI)",0.9936,531,137,129,"4718","47","",430,0,23000,23000,60,40.4
"4718814","CSD","Wapachewunak 192D (IRI)",19.6944,572,189,178,"4718","47","",450,0,23800,23800,75,37.2
"4718817","CSD","Canoe Lake 165 (IRI)",24.3487,950,290,260,"4718","47","",865,0,23600,23600,130,39.6
"4718818","CSD","Buffalo River Dene Nation (IRI)",83.6275,842,297,271,"4718","47","",550,0,29600,28400,115,38
"4718819","CSD","Turnor Lake 193B (IRI)",3.1315,428,152,127,"4718","47","",385,0,22000,22000,70,36
"4718820","CSD","Pelican Narrows 184B (IRI)",5.2651,1837,366,343,"4718","47","",1185,5,18400,18400,145,39.6
"4718822","CSD","Southend 200 (IRI)",40.2497,913,218,204,"4718","47","",785,5,26400,25400,140,36.2
"4718824","CSD","Fond du Lac 227 (IRI)",125.4498,926,260,238,"4718","47","",435,0,16400,16400,130,39.4
"4718832","CSD","Lac La Hache 220 (IRI)",106.977,1279,281,244,"4718","47","",220,0,10100,10100,130,41.8
"4718839","CSD","Clearwater River Dene 222 (IRI)",28.8712,831,230,212,"4718","47","",325,0,23200,23200,95,39.2
"4718852","CSD","Kimosom Pwatinahk 203 (IRI)",9.0973,875,175,168,"4718","47","",545,0,21600,21000,70,36
"4801003","CSD","Cypress County (MD)",12977.9903,7524,3149,2658,"4801","48","48805",6970,30,43200,39200,2150,42.5
"4801006","CSD","Medicine Hat (CY)",111.9659,63271,28732,27216,"4801","48","48805",58995,100,37600,34400,15200,40.2
"4801008","CSD","Forty Mile County No. 8 (MD)",7163.6085,3471,994,861,"4801","48","",2090,0,47200,42000,675,43
"4801009","CSD","Foremost (VL)",2.1261,630,222,212,"4801","48","",510,5,48800,42800,160,41.8
"4801014","CSD","Bow Island (T)",5.6793,2036,724,674,"4801","48","",1325,0,36800,32800,510,42.1
"4801018","CSD","Redcliff (T)",16.1533,5581,2276,2186,"4801","48","48805",4930,5,37600,34000,1455,40.6
"4802001","CSD","Warner County No. 5 (MD)",4462.1983,4290,1032,907,"4802","48","",2635,0,34000,31600,715,43.3
"4802004","CSD","Milk River (T)",2.4169,824,436,383,"4802","48","",750,5,39200,36400,200,42.1
"4802006","CSD","Warner (VL)",1.1602,364,201,172,"4802","48","",340,0,32000,30200,35,31.8
"4802008","CSD","Raymond (T)",7.6312,4199,1383,1330,"4802","48","",4080,5,38800,35600,800,38.8
"4802009","CSD","Stirling (VL)",2.6955,1164,379,360,"4802","48","",1110,0,41600,36800,270,39.9
"4802011","CSD","Lethbridge County (MD)",2815.6567,10120,3136,2890,"4802","48","48810",8205,5,42000,37200,2685,43.4
"4802012","CSD","Lethbridge (CY)",121.1211,98406,42862,40225,"4802","48","48810",88445,245,36800,34000,26670,41.4
"4802013","CSD","Coalhurst (T)",3.0808,2869,1055,1025,"4802","48","48810",2785,10,40000,36400,815,40.6
"4802014","CSD","Nobleford (T)",1.6945,1438,462,446,"4802","48","48810",1060,0,48000,41600,390,44
"4802016","CSD","Barons (VL)",0.8071,313,148,127,"4802","48","48810",240,0,30600,29800,50,39.2
"4802018","CSD","Picture Butte (T)",3.0169,1930,729,689,"4802","48","48810",1480,0,38800,35200,505,44.4
"4802019","CSD","Coaldale (T)",13.5786,8771,3343,3245,"4802","48","48810",8210,15,42400,38000,2455,42
"4802021","CSD","Taber (MD)",4160.4691,7447,2119,1971,"4802","48","",4470,0,42400,37600,1575,40.4
"4802022","CSD","Taber (T)",19.3226,8862,3481,3347,"4802","48","",7500,5,41600,37200,2320,42
"4802023","CSD","Barnwell (VL)",1.5014,978,264,257,"4802","48","",715,0,34000,33600,185,41.1
"4802029","CSD","Vauxhall (T)",2.7089,1286,457,436,"4802","48","",700,0,36800,34000,325,40.2
"4802031","CSD","Newell County (MD)",5810.1457,7465,2642,2404,"4802","48","",6155,10,40800,37200,1975,41.7
"4802034","CSD","Brooks (CY)",18.2051,14924,5489,5140,"4802","48","48806",10280,140,46400,41200,4180,41.6
"4802036","CSD","Duchess (VL)",1.9289,1053,404,378,"4802","48","",1000,0,42000,37200,285,43.1
"4802038","CSD","Rosemary (VL)",0.587,370,167,139,"4802","48","",355,0,44400,38800,105,43.4
"4802039","CSD","Bassano (T)",5.231,1216,595,540,"4802","48","",1125,5,32000,30600,300,39.3
"4803001","CSD","Cardston County (MD)",3358.3898,4856,1387,1143,"4803","48","",3410,20,35200,34000,875,41.5
"4803002","CSD","Magrath (T)",5.8788,2481,830,803,"4803","48","",2415,0,34400,33200,470,39.5
"4803004","CSD","Cardston (T)",8.5778,3724,1335,1261,"4803","48","",3520,5,33200,32000,760,40.6
"4803006","CSD","Glenwood (VL)",1.3747,272,124,104,"4803","48","",270,0,28400,28000,50,32.8
"4803011","CSD","Pincher Creek No. 9 (MD)",3455.7538,3240,1801,1288,"4803","48","",3020,15,42400,37600,815,40.6
"4803014","CSD","Pincher Creek (T)",9.8664,3622,1661,1521,"4803","48","",3510,5,38000,35600,840,41.5
"4803018","CSD","Willow Creek No. 26 (MD)",4485.0488,6081,2115,1882,"4803","48","",4740,0,36400,33600,1555,43.3
"4803019","CSD","Fort Macleod (T)",22.5441,3297,1440,1342,"4803","48","",3010,5,36000,33200,815,42.4
"4803022","CSD","Claresholm (T)",10.5059,3804,1826,1709,"4803","48","",3565,0,34000,31800,865,41
"4803024","CSD","Stavely (T)",1.7819,544,287,269,"4803","48","",535,0,33200,31600,150,39.4
"4803026","CSD","Nanton (T)",5.1115,2167,1004,953,"4803","48","",2045,5,36000,32800,515,40.7
"4803801","CSD","Piikani 147 (IRI)",424.0907,1550,583,478,"4803","48","",1450,0,24200,23800,210,41.6
"4803802","CSD","Blood 148 (IRI)",1403.3523,4572,1421,1170,"4803","48","",3485,0,22200,22200,590,41.1
"4804001","CSD","Acadia No. 34 (MD)",1070.9245,494,196,159,"4804","48","",410,0,40400,36800,80,38.6
"4804004","CSD","Special Area No. 2 (SA)",9195.057,1860,783,644,"4804","48","",1645,5,40400,37200,570,43.2
"4804011","CSD","Hanna (T)",8.3973,2394,1257,1100,"4804","48","",2225,0,39600,36000,625,39.6
"4804012","CSD","Special Area No. 3 (SA)",6469.3299,1142,527,439,"4804","48","",1125,0,41600,37600,385,43.7
"4804014","CSD","Oyen (T)",5.1478,917,404,352,"4804","48","",855,0,36400,33600,185,42.8
"4804020","CSD","Special Area No. 4 (SA)",4299.8002,1236,489,421,"4804","48","",1080,0,40400,37600,425,44.5
"4804022","CSD","Consort (VL)",3.023,644,300,262,"4804","48","",605,0,50400,44000,175,40.1
"4805001","CSD","Vulcan County (MD)",5356.6487,4237,1640,1206,"4805","48","",2900,0,40400,36400,985,43.7
"4805002","CSD","Carmangay (VL)",1.798,269,147,127,"4805","48","",225,0,28400,28400,30,36.8
"4805004","CSD","Champion (VL)",0.876,351,192,164,"4805","48","",340,0,29400,27800,60,35.6
"4805006","CSD","Vulcan (T)",6.2779,1769,876,806,"4805","48","",1625,5,37600,35600,305,39.5
"4805012","CSD","Wheatland County (MD)",4505.0479,8738,3108,2842,"4805","48","",7275,25,42400,38000,2305,41.8
"4805018","CSD","Strathmore (T)",26.976,14339,5754,5517,"4805","48","48826",13530,35,41200,37600,4075,41.3
"4805021","CSD","Standard (VL)",2.3389,353,160,151,"4805","48","",335,0,35600,34000,90,39.8
"4805022","CSD","Rockyford (VL)",1.0376,395,154,144,"4805","48","",310,0,39200,37600,70,39.4
"4805026","CSD","Drumheller (T)",107.5599,7909,3557,3198,"4805","48","",6675,10,39200,35200,1945,40.5
"4805031","CSD","Starland County (MD)",2540.8509,1821,679,588,"4805","48","",1355,5,36400,34400,375,40.5
"4805041","CSD","Kneehill County (MD)",3373.3994,4992,1912,1746,"4805","48","",4350,0,40000,35600,1355,42
"4805042","CSD","Carbon (VL)",1.9937,492,240,222,"4805","48","",480,0,35200,32000,110,42.4
"4805044","CSD","Acme (VL)",2.4864,606,294,272,"4805","48","",575,0,35600,32400,170,41.2
"4805046","CSD","Linden (VL)",2.5517,704,317,282,"4805","48","",630,0,38000,35600,165,40.4
"4805048","CSD","Three Hills (T)",6.7424,3042,1242,1168,"4805","48","",2795,0,33600,31200,690,40.3
"4805049","CSD","Trochu (T)",2.7763,998,469,428,"4805","48","",875,0,36400,33600,245,40
"4805802","CSD","Siksika 146 (IRI)",703.6991,3576,1210,1051,"4805","48","",1835,0,22600,22600,650,43.8
"4806001","CSD","Foothills County (MD)",3604.7597,23199,9075,8450,"4806","48","",21930,105,47200,41200,6510,41.4
"4806006","CSD","High River (T)",22.1945,14324,5950,5787,"4806","48","48821",12755,30,40400,36800,3550,40.5
"4806008","CSD","Longview (VL)",1.1015,297,147,135,"4806","48","",295,0,37200,33600,50,37.2
"4806009","CSD","Turner Valley (T)",5.7546,2611,1133,1073,"4806","48","",2560,10,40000,37200,645,41.2
"4806011","CSD","Black Diamond (T)",6.8179,2730,1233,1178,"4806","48","",2630,10,34800,32400,650,40.2
"4806012","CSD","Okotoks (T)",38.5484,30405,10750,10476,"4806","48","48820",28675,130,48400,42800,8350,40.9
"4806014","CSD","Rocky View County (MD)",3828.8454,41028,14714,13905,"4806","48","48825",37285,125,51200,44400,11595,41.1
"4806016","CSD","Calgary (CY)",820.6174,1306784,531062,502301,"4806","48","48825",977675,5820,44000,39600,370495,40.6
"4806017","CSD","Chestermere (CY)",32.8336,22163,6925,6733,"4806","48","48825",17045,30,56000,48000,6540,41.3
"4806019","CSD","Cochrane (T)",31.5816,32199,12578,12096,"4806","48","48825",29870,295,52000,45200,8845,41.4
"4806021","CSD","Airdrie (CY)",84.3868,74100,27037,26298,"4806","48","48825",66610,595,51600,45200,22045,41.5
"4806022","CSD","Irricana (T)",3.2335,1179,483,467,"4806","48","48825",1150,5,46000,40400,315,38.2
"4806024","CSD","Beiseker (VL)",2.8532,754,333,314,"4806","48","48825",745,0,48800,41600,240,43.2
"4806026","CSD","Crossfield (T)",11.8904,3599,1381,1326,"4806","48","48825",3495,10,50400,43200,1120,42
"4806028","CSD","Mountain View County (MD)",3763.4163,12981,5743,5014,"4806","48","",12540,25,41200,37600,3775,41.9
"4806029","CSD","Carstairs (T)",11.7679,4898,1883,1837,"4806","48","",4785,20,48400,42400,1215,40.5
"4806031","CSD","Cremona (VL)",1.9342,437,210,194,"4806","48","",430,0,38000,34000,100,37.4
"4806032","CSD","Didsbury (T)",16.1185,5070,2157,2047,"4806","48","",4885,0,39600,36800,1205,41.3
"4806034","CSD","Olds (T)",14.9182,9209,4096,3810,"4806","48","",8545,15,38400,35200,2395,40.6
"4806036","CSD","Sundre (T)",10.844,2672,1270,1187,"4806","48","",2570,0,35600,32800,570,40.6
"4807001","CSD","Provost No. 52 (MD)",3571.1246,2071,969,851,"4807","48","",2055,5,42000,37200,615,41.8
"4807002","CSD","Provost (T)",4.7483,1900,862,764,"4807","48","",1730,0,43200,38800,455,40.2
"4807011","CSD","Paintearth County No. 18 (MD)",3239.5814,1990,720,648,"4807","48","",1715,5,42000,40000,595,42.6
"4807012","CSD","Coronation (T)",3.571,868,485,399,"4807","48","",815,0,38400,35200,170,38
"4807014","CSD","Castor (T)",2.6082,803,426,383,"4807","48","",765,0,35600,33200,170,41
"4807019","CSD","Stettler County No. 6 (MD)",3969.6481,5666,2310,1945,"4807","48","",4990,5,36400,34000,1600,42.9
"4807021","CSD","Big Valley (VL)",1.8646,331,186,159,"4807","48","",320,0,26000,26000,40,34.4
"4807026","CSD","Stettler (T)",13.1856,5695,2574,2384,"4807","48","",5360,10,38800,36000,1350,40.2
"4807031","CSD","Flagstaff County (MD)",3959.7805,3694,1558,1378,"4807","48","",3360,0,44800,40400,1050,42.5
"4807036","CSD","Forestburg (VL)",4.0367,807,417,373,"4807","48","",780,0,37200,34400,140,39.4
"4807039","CSD","Daysland (T)",1.7722,789,356,333,"4807","48","",775,0,38400,34800,145,40.7
"4807042","CSD","Killam (T)",6.3959,918,442,398,"4807","48","",860,0,49600,44000,300,42.7
"4807044","CSD","Sedgewick (T)",2.7107,761,421,357,"4807","48","",745,0,48400,42800,165,39.9
"4807048","CSD","Hardisty (T)",4.5017,548,382,247,"4807","48","",500,0,44000,41600,105,36.9
"4807049","CSD","Wainwright No. 61 (MD)",4095.2876,4276,1852,1490,"4807","48","",3870,75,51600,45600,1320,42.9
"4807051","CSD","Chauvin (VL)",2.2201,304,162,143,"4807","48","",295,5,43600,38000,70,45.6
"4807052","CSD","Edgerton (VL)",2.0128,385,197,173,"4807","48","",380,0,39600,36400,90,42.2
"4807054","CSD","Wainwright (T)",12.1656,6606,2914,2664,"4807","48","",5845,75,45200,40000,2040,42.4
"4807056","CSD","Irma (VL)",1.3186,477,240,207,"4807","48","",455,0,46800,40400,135,38.4
"4808001","CSD","Red Deer County (MD)",3919.2534,19933,8674,7430,"4808","48","",18320,20,40400,36800,5250,40.8
"4808002","CSD","Elnora (VL)",1.5049,288,156,147,"4808","48","",285,0,33200,32800,95,43.6
"4808004","CSD","Delburne (VL)",3.7851,919,453,400,"4808","48","",910,0,33600,31200,225,41.1
"4808006","CSD","Bowden (T)",3.4575,1280,622,584,"4808","48","",1265,0,39200,34800,315,40.7
"4808008","CSD","Innisfail (T)",19.3937,7985,3670,3352,"4808","48","",7510,10,36400,33200,1795,39.4
"4808009","CSD","Penhold (T)",11.201,3484,1396,1325,"4808","48","",3385,10,50400,44000,1050,40.4
"4808011","CSD","Red Deer (CY)",104.344,100844,43404,40512,"4808","48","48830",86995,320,40400,36400,25310,40.2
"4808012","CSD","Sylvan Lake (T)",23.0865,15995,7141,6396,"4808","48","48831",15510,55,46800,41200,3875,38.9
"4808013","CSD","Norglenwold (SV)",0.6235,306,204,132,"4808","48","48831",300,0,56000,46000,40,33.6
"4808022","CSD","Lacombe County (MD)",2759.123,10283,4616,3973,"4808","48","",9785,15,39600,36000,2720,41
"4808024","CSD","Eckville (T)",1.6109,1014,472,425,"4808","48","",970,0,36000,32800,220,40.5
"4808026","CSD","Bentley (T)",2.2438,1042,471,451,"4808","48","",1005,0,32000,30800,225,39.2
"4808029","CSD","Blackfalds (T)",16.5819,10470,3952,3780,"4808","48","",10125,35,53200,45600,2830,40.8
"4808031","CSD","Lacombe (CY)",20.5853,13396,5552,5194,"4808","48","48832",12285,30,42800,38800,3165,40.3
"4808032","CSD","Clive (VL)",2.1695,775,321,307,"4808","48","",760,0,38000,34800,270,41.1
"4808034","CSD","Alix (VL)",3.1099,774,385,343,"4808","48","",765,0,38400,35200,170,36.6
"4808038","CSD","Ponoka County (MD)",2807.9857,9998,4255,3689,"4808","48","",9625,10,44400,40400,2845,42
"4808039","CSD","Ponoka (T)",17.2186,7331,3340,3086,"4808","48","",6750,20,37200,34400,1700,41
"4808044","CSD","Rimbey (T)",11.3764,2470,1180,1084,"4808","48","",2335,5,31400,29800,420,39.7
"4808811","CSD","Samson 137 (IRI)",128.4932,3252,868,777,"4808","48","",2665,0,22800,22800,420,43.7
"4808813","CSD","Montana 139 (IRI)",27.828,598,158,145,"4808","48","",550,0,22200,22200,65,41.2
"4809002","CSD","Clearwater County (MD)",18605.7062,11865,5605,4817,"4809","48","",11730,15,36000,33200,2945,39.3
"4809010","CSD","Caroline (VL)",2.0444,470,246,219,"4809","48","",460,0,27200,25600,35,32.8
"4809015","CSD","Rocky Mountain House (T)",13.0534,6765,3075,2693,"4809","48","",6260,10,39200,36000,1535,39.6
"4809806","CSD","O'Chiese 203 (IRI)",138.8322,804,248,226,"4809","48","",760,0,26200,26200,105,37
"4809809","CSD","Sunchild 202 (IRI)",52.5039,644,186,173,"4809","48","",610,0,23200,23200,130,39.6
"4810001","CSD","Camrose County (MD)",3291.7518,8504,3688,3223,"4810","48","",7940,10,41200,37600,2350,41.6
"4810002","CSD","Bashaw (T)",2.7189,848,415,381,"4810","48","",820,5,28200,27200,135,39.4
"4810009","CSD","Bawlf (VL)",0.89,412,176,164,"4810","48","",415,0,42400,36000,125,41.4
"4810011","CSD","Camrose (CY)",41.668,18772,8747,8136,"4810","48","48833",17400,35,36800,34000,4230,40.3
"4810014","CSD","Hay Lakes (VL)",0.591,456,185,176,"4810","48","",450,5,36400,32400,110,40
"4810016","CSD","Beaver County (MD)",3219.7358,5868,2434,2180,"4810","48","",5535,15,42000,38800,1540,41.2
"4810018","CSD","Tofield (T)",8.2065,2045,871,807,"4810","48","",1880,0,36800,34400,460,40.3
"4810019","CSD","Ryley (VL)",2.5265,484,250,225,"4810","48","",465,0,29000,28000,115,42.6
"4810021","CSD","Holden (VL)",1.5525,338,205,171,"4810","48","",325,0,32400,29800,45,42.4
"4810022","CSD","Viking (T)",3.4484,986,490,432,"4810","48","",850,0,36000,33600,315,44.9
"4810026","CSD","Minburn County No. 27 (MD)",2850.3717,3014,1337,1138,"4810","48","",2595,5,38400,35200,790,42.5
"4810028","CSD","Vegreville (T)",14.0813,5689,2735,2463,"4810","48","",5180,10,34000,31800,1395,42.1
"4810034","CSD","Mannville (VL)",1.6407,765,397,339,"4810","48","",725,0,29600,28600,205,43.8
"4810036","CSD","Vermilion River County (MD)",5420.1268,7994,3320,2996,"4810","48","",7790,20,46400,40400,2510,42.4
"4810039","CSD","Lloydminster (Part) (CY)",23.9806,19739,8530,7636,"4810","48","840",18085,30,42800,38400,5175,40.2
"4810041","CSD","Kitscoty (VL)",1.5099,852,335,304,"4810","48","",845,0,68500,55600,220,40.7
"4810042","CSD","Vermilion (T)",12.7195,3948,1976,1678,"4810","48","",3565,10,40000,36800,930,40.3
"4810044","CSD","Marwayne (VL)",1.6002,543,263,231,"4810","48","",540,0,36800,34000,150,42.2
"4810048","CSD","Two Hills County No. 21 (MD)",2600.1532,3412,1590,1148,"4810","48","",2220,5,30200,29200,890,42.8
"4810052","CSD","Two Hills (T)",3.1138,1416,527,445,"4810","48","",620,0,41600,37200,255,42.3
"4810058","CSD","Lamont County (MD)",2385.5782,3754,1829,1538,"4810","48","",3625,5,37600,34800,1035,41.1
"4810059","CSD","Andrew (VL)",1.1802,366,238,192,"4810","48","",355,0,30000,28000,90,42.4
"4810061","CSD","Mundare (T)",4.1178,689,352,301,"4810","48","",645,0,34000,31000,140,41.8
"4810064","CSD","Lamont (T)",9.1356,1744,743,684,"4810","48","",1550,15,41200,36800,360,40.8
"4810066","CSD","Bruderheim (T)",9.2781,1329,552,515,"4810","48","48835",1300,0,40800,37600,270,37.6
"4811001","CSD","Wetaskiwin County No. 10 (MD)",3121.9765,11212,5675,4490,"4811","48","",10760,30,40400,36800,2990,40.2
"4811002","CSD","Wetaskiwin (CY)",18.7528,12594,5643,5186,"4811","48","48865",11280,15,35600,32800,2955,40.7
"4811011","CSD","Millet (T)",6.6243,1890,839,800,"4811","48","",1840,10,40800,36400,420,40.3
"4811012","CSD","Leduc County (MD)",2502.5902,14416,5990,5295,"4811","48","48835",13720,65,40800,36800,4365,42
"4811013","CSD","Beaumont (CY)",24.7019,20888,7168,6950,"4811","48","48835",18845,300,56800,48800,6075,41
"4811016","CSD","Leduc (CY)",42.2532,34094,13507,12964,"4811","48","48835",31605,165,48400,42800,9195,40.6
"4811018","CSD","Devon (T)",14.2554,6545,2588,2496,"4811","48","48835",6360,20,47200,41600,1760,41.5
"4811019","CSD","Calmar (T)",4.6686,2183,937,893,"4811","48","48835",2095,0,44800,38800,570,39.1
"4811021","CSD","Thorsby (T)",3.798,967,442,405,"4811","48","48835",940,0,34400,32800,210,39.3
"4811024","CSD","Warburg (VL)",2.5559,676,325,283,"4811","48","48835",665,0,34800,32000,120,37.6
"4811026","CSD","Breton (VL)",1.7187,567,296,259,"4811","48","",530,0,28000,27800,85,41.4
"4811031","CSD","Drayton Valley (T)",30.8965,7291,3250,2897,"4811","48","",6815,15,41200,37200,1775,40.5
"4811032","CSD","Brazeau County (MD)",3000.1399,7179,3167,2860,"4811","48","",7080,10,41200,37600,1755,39.6
"4811034","CSD","Parkland County (MD)",2375.6664,32205,13544,11914,"4811","48","48835",31350,95,44400,40000,9055,41
"4811046","CSD","Spring Lake (VL)",2.2769,711,308,286,"4811","48","48835",695,0,57600,53200,230,42.7
"4811048","CSD","Stony Plain (T)",35.4464,17993,7475,7134,"4811","48","48835",16985,65,43200,39200,4320,41
"4811049","CSD","Spruce Grove (CY)",37.52,37645,14752,14273,"4811","48","48835",35625,180,50400,44000,10920,41.7
"4811052","CSD","Strathcona County (SM)",1170.6506,99225,38203,37128,"4811","48","48835",93070,455,55600,48000,29550,41.8
"4811056","CSD","Fort Saskatchewan (CY)",56.4993,27088,10896,10420,"4811","48","48835",25530,180,53200,46000,7725,41.3
"4811059","CSD","Sturgeon County (MD)",2084.2409,20061,7599,7021,"4811","48","48835",19225,200,54800,48000,6095,41.8
"4811061","CSD","Edmonton (CY)",765.6076,1010899,428857,396404,"4811","48","48835",746435,7055,42800,38400,274975,40.5
"4811062","CSD","St. Albert (CY)",47.8355,68232,27019,25938,"4811","48","48835",63535,520,53200,46400,19840,41.5
"4811064","CSD","Gibbons (T)",9.462,3218,1291,1199,"4811","48","48835",3160,30,49200,43200,865,42.1
"4811065","CSD","Redwater (T)",19.929,2115,1000,910,"4811","48","48835",2080,0,35600,33200,410,37.7
"4811066","CSD","Bon Accord (T)",3.9876,1461,590,555,"4811","48","48835",1380,30,54400,47600,430,41.1
"4811068","CSD","Morinville (T)",11.1548,10385,3981,3768,"4811","48","48835",9880,140,53200,46000,2910,41.7
"4811069","CSD","Legal (T)",3.1764,1232,489,455,"4811","48","48835",1170,40,42800,37600,305,40.1
"4811801","CSD","Ermineskin 138 (IRI)",104.3159,2256,515,489,"4811","48","",2135,0,27600,24800,370,44.7
"4811802","CSD","Pigeon Lake 138A (IRI)",19.8092,285,98,85,"4811","48","",250,0,20800,20800,15,32.5
"4811803","CSD","Louis Bull 138B (IRI)",31.6782,1321,259,244,"4811","48","",1165,0,22800,22400,150,41.8
"4811804","CSD","Enoch Cree Nation (IRI)",51.5338,1825,610,578,"4811","48","48835",1760,0,32400,32400,325,39.1
"4811805","CSD","Alexander 134 (IRI)",68.3867,1077,297,286,"4811","48","48835",1015,0,23800,23800,160,39.4
"4811806","CSD","Wabamun 133A (IRI)",62.3341,981,213,207,"4811","48","48835",945,0,22000,22000,120,35.2
"4812002","CSD","Cold Lake (CY)",66.6054,15661,6767,6114,"4812","48","",14330,375,58800,50800,5025,42.6
"4812004","CSD","Bonnyville No. 87 (MD)",6005.3036,12897,5487,4759,"4812","48","",12470,145,49600,44000,3610,41.3
"4812009","CSD","Bonnyville (T)",14.1653,6404,2986,2537,"4812","48","",5835,75,42000,37200,1670,40.4
"4812012","CSD","Glendon (VL)",1.9937,338,168,136,"4812","48","",330,0,42800,38400,60,38.8
"4812014","CSD","St. Paul County No. 19 (MD)",3280.3952,6306,3764,2491,"4812","48","",5945,140,38000,34800,1660,40.5
"4812016","CSD","Elk Point (T)",4.9131,1399,683,591,"4812","48","",1275,0,41200,37200,330,39.1
"4812018","CSD","St. Paul (T)",8.6389,5863,2466,2284,"4812","48","",5025,120,37600,34400,1525,41.8
"4812022","CSD","Smoky Lake County (MD)",3396.2917,3874,1913,1500,"4812","48","",3710,0,30400,29000,885,41
"4812029","CSD","Smoky Lake (T)",4.2626,1127,518,442,"4812","48","",945,0,30200,29200,155,38.2
"4812037","CSD","Lac la Biche County (SM)",12528.2525,7673,3777,2949,"4812","48","",6925,85,44400,40000,2120,40.8
"4812802","CSD","Unipouheos 121 (IRI)",88.5513,875,250,238,"4812","48","",805,0,24200,24200,115,39.8
"4812808","CSD","White Fish Lake 128 (IRI)",52.1145,1093,327,280,"4812","48","",1020,0,23200,22800,250,43.5
"4812810","CSD","Cold Lake 149 (IRI)",139.8347,671,238,227,"4812","48","",650,0,31600,31600,115,42.6
"4812811","CSD","Kehewin 123 (IRI)",79.6426,1038,272,257,"4812","48","",945,0,27200,27200,150,41.6
"4812828","CSD","Beaver Lake 131 (IRI)",55.8757,401,121,109,"4812","48","",335,0,25600,25400,75,42.8
"4813001","CSD","Lac Ste. Anne County (MD)",2845.8357,10832,5566,4373,"4813","48","",10645,40,35600,33200,2895,40.8
"4813002","CSD","Mayerthorpe (T)",4.3926,1259,572,511,"4813","48","",1140,5,36400,33200,305,41.8
"4813011","CSD","Sunset Point (SV)",1.1683,257,336,110,"4813","48","",250,0,30200,30200,35,32
"4813012","CSD","Alberta Beach (VL)",2.02,864,743,417,"4813","48","",860,0,42400,38000,260,39.3
"4813014","CSD","Onoway (T)",3.3069,966,388,360,"4813","48","",945,0,44800,39200,220,39.9
"4813016","CSD","Sandy Beach (SV)",2.4094,278,258,139,"4813","48","",270,0,52400,44800,30,39.6
"4813018","CSD","Barrhead County No. 11 (MD)",2385.2823,5877,2677,2199,"4813","48","",5740,0,36800,33200,1620,42.7
"4813019","CSD","Barrhead (T)",8.1965,4320,1983,1833,"4813","48","",3930,10,33200,31800,945,40.5
"4813028","CSD","Westlock County (MD)",3169.6612,7186,3134,2680,"4813","48","",6660,40,36400,34000,1930,41.3
"4813029","CSD","Woodlands County (MD)",7599.5193,4558,1991,1739,"4813","48","",4470,20,47200,41200,1270,41.4
"4813030","CSD","Whitecourt (T)",29.5125,9927,4341,3876,"4813","48","",9235,45,48800,42800,2660,40
"4813031","CSD","Westlock (T)",13.3714,4921,2385,2151,"4813","48","",4460,10,31600,29600,995,39.4
"4813032","CSD","Clyde (VL)",1.2775,415,197,178,"4813","48","",410,0,35600,33200,90,40.8
"4813036","CSD","Thorhild County (MD)",1997.1679,3042,1852,1339,"4813","48","",2945,10,35600,32800,865,42.3
"4813044","CSD","Athabasca County (MD)",6111.2968,6959,3746,2832,"4813","48","",6675,30,39200,36000,2045,41.4
"4813046","CSD","Boyle (VL)",7.1171,825,433,368,"4813","48","",760,0,31600,30000,235,42.9
"4813048","CSD","Athabasca (T)",17.7852,2759,1325,1155,"4813","48","",2415,5,39600,36800,670,40.3
"4813811","CSD","Alexis 133 (IRI)",56.6033,770,214,195,"4813","48","",675,0,21200,21200,80,42.4
"4814003","CSD","Yellowhead County (MD)",22238.5585,10426,4859,4160,"4814","48","",10100,25,37200,34400,2585,40.1
"4814019","CSD","Hinton (T)",33.3221,9817,4405,4006,"4814","48","",9035,65,50000,44000,2810,39.9
"4814024","CSD","Edson (T)",29.4338,8374,3768,3386,"4814","48","",7610,25,46000,40800,2295,40.5
"4815007","CSD","Crowsnest Pass (SM)",370.1465,5695,3403,2759,"4815","48","",5520,5,40400,36800,1310,40.4
"4815015","CSD","Bighorn No. 8 (MD)",2678.8018,1598,875,640,"4815","48","",1505,50,50800,44800,490,42
"4815023","CSD","Canmore (T)",68.4695,15990,9173,6804,"4815","48","48828",14025,440,46000,40800,4500,39.4
"4815033","CSD","Jasper (SM)",921.8991,4738,1910,1674,"4815","48","",3980,140,42400,37600,1095,39.6
"4815035","CSD","Banff (T)",4.0834,8305,3287,2930,"4815","48","",6995,145,36800,33200,1850,37.3
"4816037","CSD","Wood Buffalo (SM)",60843.8778,72326,30451,25934,"4816","48","48860",61195,590,87000,71000,22995,40.7
"4816810","CSD","Fort Mckay 174 (IRI)",30.0095,621,268,216,"4816","48","48860",575,0,33600,33600,170,45.6
"4816817","CSD","Janvier 194 (IRI)",26.0493,360,148,122,"4816","48","48860",265,0,21800,21800,55,43
"4817021","CSD","High Prairie (T)",7.0102,2380,1119,941,"4817","48","",2110,10,43600,38800,775,42
"4817024","CSD","Swan Hills (T)",25.8741,1201,728,512,"4817","48","",1160,0,54800,45600,310,40.7
"4817026","CSD","Northern Sunrise County (MD)",20915.1751,1711,765,658,"4817","48","",1450,165,48400,44000,555,41.8
"4817027","CSD","Big Lakes County (MD)",13827.5809,4986,2632,2007,"4817","48","",4725,30,35200,33200,1185,39.9
"4817029","CSD","Slave Lake (T)",14.3102,6836,2681,2405,"4817","48","",6080,20,54000,47600,2050,42.1
"4817031","CSD","Opportunity No. 17 (MD)",28857.8781,3382,1524,1079,"4817","48","",2680,10,41200,38400,730,40
"4817033","CSD","Lesser Slave River No. 124 (MD)",10041.7946,2861,1500,1169,"4817","48","",2810,0,39200,37200,910,41.7
"4817039","CSD","Nampa (VL)",1.6874,367,189,168,"4817","48","",345,0,39600,38800,135,42.8
"4817062","CSD","Clear Hills (MD)",15025.5401,3006,1107,930,"4817","48","",1860,0,33200,31600,675,39.6
"4817064","CSD","Hines Creek (VL)",4.8794,335,184,149,"4817","48","",305,0,38000,35200,95,40.2
"4817076","CSD","Northern Lights County (MD)",20627.0183,4152,1864,1559,"4817","48","",3750,5,38400,36400,1020,40.5
"4817078","CSD","Manning (T)",3.7148,1126,540,471,"4817","48","",1000,5,41200,37200,335,42.2
"4817093","CSD","High Level (T)",28.6996,3922,1467,1313,"4817","48","",3130,0,59200,50400,1225,42.9
"4817095","CSD","Mackenzie County (SM)",79629.2632,12804,3756,3516,"4817","48","",5410,0,46000,42000,2750,41.5
"4817097","CSD","Rainbow Lake (T)",10.7606,495,352,204,"4817","48","",475,0,84000,68500,180,37.8
"4817819","CSD","Wabasca 166A (IRI)",6.6434,559,240,183,"4817","48","",440,0,75500,75500,135,42
"4817823","CSD","Wabasca 166D (IRI)",58.1541,640,310,233,"4817","48","",610,0,21000,21000,90,36.2
"4817824","CSD","Utikoomak Lake 155 (IRI)",64.6677,734,246,194,"4817","48","",575,0,24400,24400,75,40.4
"4817828","CSD","Drift Pile River 150 (IRI)",64.9472,775,311,277,"4817","48","",655,0,21600,21600,125,39
"4817829","CSD","Sucker Creek 150A (IRI)",60.6979,703,271,250,"4817","48","",675,0,26400,25800,145,38.8
"4817831","CSD","Swan River 150E (IRI)",39.4687,400,131,117,"4817","48","",385,0,22600,22600,65,43.6
"4817835","CSD","Fox Lake 162 (IRI)",98.0276,2488,419,367,"4817","48","",390,0,30200,30200,250,43.6
"4817837","CSD","John D'Or Prairie 215 (IRI)",140.0418,702,273,249,"4817","48","",470,0,103000,80000,260,46.8
"4817838","CSD","Tall Cree 173 (IRI)",37.0934,282,68,58,"4817","48","",195,0,1e+05,84000,55,48.8
"4817845","CSD","Hay Lake 209 (IRI)",99.2895,957,307,273,"4817","48","",530,0,38800,35600,160,41.6
"4817848","CSD","Bushe River 207 (IRI)",114.4531,492,157,146,"4817","48","",430,5,42000,40800,85,36.8
"4817853","CSD","Little Buffalo (S-É)",12.8629,441,120,115,"4817","48","",405,0,25400,25400,75,36
"4817856","CSD","Woodland Cree 226 (IRI)",118.7033,655,205,179,"4817","48","",550,0,27800,27800,80,38.8
"4818002","CSD","Fox Creek (T)",12.2649,1639,985,660,"4818","48","",1520,5,56400,47600,575,41.8
"4818015","CSD","Greenview No. 16 (MD)",32925.5319,8584,3955,3230,"4818","48","",7880,15,47200,42400,2260,40.3
"4818018","CSD","Valleyview (T)",9.1699,1673,782,661,"4818","48","",1525,5,46000,40400,425,41
"4818816","CSD","Sturgeon Lake 154 (IRI)",148.7177,1291,480,433,"4818","48","",1250,0,27000,25600,155,34.2
"4819006","CSD","Grande Prairie County No. 1 (MD)",5790.5897,23769,9075,8354,"4819","48","",23220,75,49200,44000,6700,40.9
"4819008","CSD","Hythe (VL)",4.0295,854,312,276,"4819","48","",735,0,35600,34400,135,40.2
"4819009","CSD","Beaverlodge (T)",5.3828,2271,1022,923,"4819","48","",2145,5,43200,40000,555,39.7
"4819011","CSD","Wembley (T)",4.7398,1432,616,550,"4819","48","",1400,5,52800,46000,425,41.8
"4819012","CSD","Grande Prairie (CY)",132.7068,64141,27551,24816,"4819","48","48850",57685,435,48800,43200,17915,40.3
"4819014","CSD","Sexsmith (T)",13.0129,2427,929,853,"4819","48","",2390,5,55200,47600,585,37.8
"4819038","CSD","Peace River (T)",25.3423,6619,2997,2590,"4819","48","",5900,75,45200,41200,2060,41.7
"4819041","CSD","Smoky River No. 130 (MD)",2834.1835,1684,753,637,"4819","48","",1290,220,44000,40000,490,42
"4819042","CSD","McLennan (T)",3.5768,695,322,255,"4819","48","",580,10,34800,34800,180,42.4
"4819044","CSD","Donnelly (VL)",1.2564,338,185,154,"4819","48","",275,35,48000,43200,100,36.2
"4819046","CSD","Falher (T)",2.8266,1001,474,408,"4819","48","",665,230,39600,36400,270,43.9
"4819048","CSD","Girouxville (VL)",0.6581,278,150,127,"4819","48","",220,50,25600,25000,45,35.6
"4819049","CSD","Birch Hills County (MD)",2848.7465,1516,637,485,"4819","48","",1135,25,30400,28200,295,43.7
"4819054","CSD","Spirit River No. 133 (MD)",679.8649,649,315,273,"4819","48","",625,0,36000,33200,165,40.9
"4819056","CSD","Rycroft (VL)",1.8514,550,299,243,"4819","48","",530,0,39200,35600,120,39.6
"4819058","CSD","Spirit River (T)",3.1123,849,432,378,"4819","48","",805,0,51200,46000,225,40.4
"4819059","CSD","Saddle Hills County (MD)",5827.704,2338,1115,880,"4819","48","",2260,0,32800,31000,585,40.4
"4819066","CSD","Fairview No. 136 (MD)",1373.6573,1580,707,613,"4819","48","",1545,0,39600,36400,415,41.1
"4819068","CSD","Fairview (T)",10.6738,2817,1376,1201,"4819","48","",2585,0,35600,34000,755,41.5
"4819071","CSD","Peace No. 135 (MD)",847.2169,1581,654,577,"4819","48","",1355,5,44800,40000,385,40.2
"4819072","CSD","Berwyn (VL)",1.5738,577,274,237,"4819","48","",550,0,32800,31400,135,41.8
"4819074","CSD","Grimshaw (T)",7.0841,2601,1232,1080,"4819","48","",2390,5,43200,40000,660,40.1
"4819815","CSD","Horse Lakes 152B (IRI)",14.4673,489,132,119,"4819","48","",480,0,21600,21600,65,36.4
"5901003","CSD","Elkford (DM)",108.121,2749,1602,1159,"5901","59","",2670,10,73500,63200,865,42.4
"5901006","CSD","Sparwood (DM)",191.2959,4148,2183,1815,"5901","59","",4050,10,49200,43600,1335,41.2
"5901012","CSD","Fernie (CY)",15.1082,6320,3256,2597,"5901","59","",5955,80,42800,38400,1815,41
"5901017","CSD","East Kootenay A (RDA)",4598.8762,1875,1175,786,"5901","59","",1835,20,42800,39200,595,41.4
"5901019","CSD","East Kootenay B (RDA)",2781.1528,2011,1278,873,"5901","59","",1975,15,40000,36000,400,39.3
"5901022","CSD","Cranbrook (CY)",31.9707,20499,9058,8780,"5901","59","59905",19320,35,37200,34400,5120,41.5
"5901028","CSD","Kimberley (CY)",60.5082,8115,4263,3595,"5901","59","",7835,40,42400,38400,1925,40.1
"5901035","CSD","East Kootenay C (RDA)",4528.6525,6536,2917,2598,"5901","59","59905",6430,10,42400,38000,1675,40.9
"5901037","CSD","East Kootenay E (RDA)",4254.4425,1686,977,754,"5901","59","",1630,45,44400,40000,400,41.6
"5901039","CSD","Invermere (DM)",10.7482,3917,2238,1660,"5901","59","",3690,40,40400,36400,930,39
"5901040","CSD","Radium Hot Springs (VL)",6.3379,1339,1366,634,"5901","59","",1245,10,41200,36800,365,40.7
"5901043","CSD","Canal Flats (VL)",11.0663,802,470,362,"5901","59","",760,30,40400,36800,185,37.3
"5901046","CSD","East Kootenay F (RDA)",6091.9125,3521,3550,1589,"5901","59","",3415,5,41600,36800,680,38.2
"5901048","CSD","East Kootenay G (RDA)",4656.389,1654,1112,763,"5901","59","",1630,10,39200,35600,405,39.4
"5901806","CSD","Shuswap (IRI)",11.1407,319,183,157,"5901","59","",300,0,44400,39200,95,42.6
"5903004","CSD","Creston (T)",8.4055,5583,2810,2670,"5903","59","",5240,15,30800,30000,1045,40.5
"5903010","CSD","Central Kootenay A (RDA)",1689.1173,2241,1641,1075,"5903","59","",2195,10,28000,26800,325,35.6
"5903011","CSD","Salmo (VL)",2.4442,1140,599,568,"5903","59","",1130,0,29200,28400,235,39.1
"5903013","CSD","Central Kootenay B (RDA)",1615.0993,4802,2162,1977,"5903","59","",4655,15,30400,29000,820,38.6
"5903015","CSD","Nelson (CY)",11.9338,11106,5314,4948,"5903","59","59907",10195,150,34800,32400,2500,39.6
"5903017","CSD","Central Kootenay C (RDA)",740.2522,1475,696,635,"5903","59","",1440,5,26800,26400,285,41.7
"5903019","CSD","Slocan (VL)",0.7757,379,212,184,"5903","59","",365,10,28800,28800,45,35.2
"5903023","CSD","Kaslo (VL)",3.0079,1049,583,526,"5903","59","",1010,10,29600,27800,170,34.8
"5903032","CSD","New Denver (VL)",0.8702,487,304,248,"5903","59","",450,0,27400,26400,45,36
"5903039","CSD","Central Kootenay D (RDA)",5781.1125,1462,1029,715,"5903","59","",1390,15,28800,28000,210,36.6
"5903041","CSD","Central Kootenay E (RDA)",807.9861,3897,2150,1798,"5903","59","59907",3815,25,34400,32000,815,38.5
"5903043","CSD","Central Kootenay F (RDA)",404.3806,4116,1962,1761,"5903","59","59907",4025,25,38000,34800,920,40.4
"5903045","CSD","Castlegar (CY)",19.8709,8338,3702,3549,"5903","59","",7790,5,38000,35600,2060,40.9
"5903047","CSD","Central Kootenay G (RDA)",1509.144,1650,832,743,"5903","59","",1620,10,30600,29200,360,41
"5903050","CSD","Nakusp (VL)",8.0376,1589,831,760,"5903","59","",1560,0,31200,29200,320,38.3
"5903052","CSD","Central Kootenay H (RDA)",3288.2027,5045,2669,2280,"5903","59","",4920,25,28200,27000,985,38
"5903056","CSD","Central Kootenay I (RDA)",109.4822,2607,1194,1129,"5903","59","",2545,10,37600,34400,605,39.8
"5903058","CSD","Central Kootenay J (RDA)",1693.0669,3517,1628,1458,"5903","59","",3455,10,42400,38000,910,41.1
"5903060","CSD","Central Kootenay K (RDA)",4377.0096,1784,1100,867,"5903","59","",1745,0,31600,29800,290,37.5
"5905005","CSD","Fruitvale (VL)",2.7019,1958,881,858,"5905","59","59910",1915,0,38800,35600,505,41.9
"5905009","CSD","Montrose (VL)",1.4616,1013,435,429,"5905","59","59910",1005,0,46800,42000,205,40.1
"5905014","CSD","Trail (CY)",34.9039,7920,3973,3736,"5905","59","59910",7395,5,36800,34400,1720,40.2
"5905018","CSD","Warfield (VL)",1.8863,1753,828,798,"5905","59","59910",1705,5,45600,41200,460,40.9
"5905023","CSD","Rossland (CY)",59.7186,4140,2075,1803,"5905","59","",3985,65,45200,40400,1030,39.3
"5905026","CSD","Kootenay Boundary A (RDA)",238.1809,1624,721,692,"5905","59","59910",1610,0,45600,40800,485,42.6
"5905030","CSD","Kootenay Boundary B / Lower Columbia-Old-Glory (RDA)",776.3125,1422,696,667,"5905","59","",1415,0,41600,37600,345,41.9
"5905032","CSD","Grand Forks (CY)",10.3741,4112,1969,1871,"5905","59","",3820,5,33200,31600,730,37.6
"5905037","CSD","Midway (VL)",12.2311,651,340,324,"5905","59","",615,0,33200,32000,125,41.8
"5905042","CSD","Greenwood (CY)",2.419,702,448,375,"5905","59","",685,5,26000,25600,90,40
"5905050","CSD","Kootenay Boundary C / Christina Lake (RDA)",529.5747,1627,1400,797,"5905","59","",1610,5,37200,34800,230,38.7
"5905052","CSD","Kootenay Boundary D / Rural Grand Forks (RDA)",2117.8515,3226,1523,1423,"5905","59","",3175,10,31400,29800,715,38.3
"5905054","CSD","Kootenay Boundary E / West Boundary (RDA)",4293.1423,3004,3709,1417,"5905","59","",2945,15,33600,31000,730,40.4
"5907005","CSD","Osoyoos (T)",8.4088,5556,3279,2647,"5907","59","",4905,50,35600,33200,945,38.6
"5907009","CSD","Keremeos (VL)",2.093,1608,852,809,"5907","59","",1510,5,29600,29200,250,38.4
"5907014","CSD","Oliver (T)",5.4899,5094,2445,2312,"5907","59","",4480,10,33600,31600,1025,40.3
"5907022","CSD","Okanagan-Similkameen A (RDA)",258.0377,2139,1050,873,"5907","59","",1690,10,36400,33600,460,38.5
"5907024","CSD","Princeton (T)",59.2806,2894,1521,1377,"5907","59","",2775,5,33200,31200,635,40.9
"5907026","CSD","Okanagan-Similkameen B (RDA)",238.7832,1151,512,469,"5907","59","",1000,5,29200,27600,245,37.5
"5907028","CSD","Okanagan-Similkameen C (RDA)",444.7466,3986,1837,1699,"5907","59","",3295,50,31200,29800,785,38
"5907035","CSD","Summerland (DM)",74.0408,12042,5426,5084,"5907","59","",11435,35,37600,35200,2480,38.6
"5907041","CSD","Penticton (CY)",43.0259,36885,18457,17361,"5907","59","59913",33890,165,36000,33200,8340,40.5
"5907047","CSD","Okanagan-Similkameen D (RDA)",583.9268,4016,2098,1845,"5907","59","59913",3925,10,35200,32400,910,39.8
"5907048","CSD","Okanagan-Similkameen I (RDA)",344.3611,2307,1609,971,"5907","59","59913",2255,10,38000,36800,540,38.6
"5907049","CSD","Okanagan-Similkameen E (RDA)",491.9045,2015,1088,894,"5907","59","",1940,10,42800,38000,450,39.2
"5907051","CSD","Okanagan-Similkameen F (RDA)",568.8617,2092,852,797,"5907","59","59913",2045,5,44000,39600,555,39.7
"5907053","CSD","Okanagan-Similkameen G (RDA)",2110.6768,2298,1314,1136,"5907","59","",2120,5,27400,26800,330,38.6
"5907055","CSD","Okanagan-Similkameen H (RDA)",4757.2169,2232,2058,1060,"5907","59","",2210,0,36400,34000,400,39.8
"5907802","CSD","Osoyoos 1 (IRI)",130.3378,1426,878,565,"5907","59","",1200,5,34800,31000,165,35.2
"5907803","CSD","Penticton 1 (IRI)",194.5453,2080,1011,946,"5907","59","59913",2045,5,36000,34400,340,39.5
"5909009","CSD","Hope (DM)",40.8706,6686,3243,2939,"5909","59","",6355,5,33600,32000,1405,40.8
"5909014","CSD","Fraser Valley A (RDA)",2325.0643,495,287,247,"5909","59","",475,0,26800,26600,55,38.6
"5909016","CSD","Fraser Valley B (RDA)",3085.2173,869,598,392,"5909","59","",835,0,32000,31200,175,39.8
"5909020","CSD","Chilliwack (CY)",261.3431,93203,37124,35758,"5909","59","59930",86205,205,36800,34000,25890,42.4
"5909027","CSD","Harrison Hot Springs (VL)",5.485,1905,1045,885,"5909","59","59930",1790,10,38400,36000,445,41.7
"5909032","CSD","Kent (DM)",168.5891,6300,2518,2351,"5909","59","59930",5380,20,36400,34000,1455,42
"5909034","CSD","Fraser Valley D (RDA)",219.3788,2092,735,712,"5909","59","59930",2000,0,36000,33200,545,42.4
"5909035","CSD","Fraser Valley H (RDA)",109.0123,2459,1575,1153,"5909","59","59930",2390,10,38800,36000,575,40.5
"5909036","CSD","Fraser Valley E (RDA)",640.2882,1568,724,649,"5909","59","59930",1450,0,36400,33600,365,41.2
"5909048","CSD","Fraser Valley C (RDA)",3662.7339,1133,894,546,"5909","59","",1070,5,37600,33600,270,43.2
"5909052","CSD","Abbotsford (CY)",375.3312,153524,55659,53234,"5909","59","59932",107560,235,37600,34800,40800,41.2
"5909056","CSD","Mission (DM)",226.9838,41519,14701,14098,"5909","59","59932",36480,55,36400,34000,11840,42.4
"5909060","CSD","Fraser Valley F (RDA)",2015.0612,1384,783,563,"5909","59","",1295,0,36400,33600,365,41
"5909062","CSD","Fraser Valley G (RDA)",96.8102,1692,897,670,"5909","59","",1495,5,35600,33200,450,40.9
"5909821","CSD","Kwawkwawapilt 6 (IRI)",0.7164,295,197,192,"5909","59","59930",295,0,28200,28000,20,39.5
"5909830","CSD","Tzeachten 13 (IRI)",2.6434,3089,1680,1613,"5909","59","59930",3015,10,38000,34800,425,40.5
"5909832","CSD","Seabird Island (IRI)",16.6077,800,253,237,"5909","59","59930",795,0,23400,23400,145,42.2
"5909839","CSD","Chehalis 5 (IRI)",8.4971,500,173,162,"5909","59","",500,0,32800,30600,135,40
"5909856","CSD","Langley 2 (IRI)",0.4799,332,168,166,"5909","59","59932",325,0,36000,32400,85,42
"5909879","CSD","Holachten 8 (IRI)",1.3058,330,140,135,"5909","59","",325,0,27800,27200,65,40.4
"5909884","CSD","Skowkale (IRI)",0.7156,983,466,451,"5909","59","59930",930,0,34000,31400,180,41.7
"5915001","CSD","Langley (DM)",307.2193,132603,49011,46928,"5915","59","59933",111235,175,45600,40800,40250,42.6
"5915002","CSD","Langley (CY)",10.1796,28963,13271,12598,"5915","59","59933",24140,75,40800,37200,8850,42.2
"5915004","CSD","Surrey (CY)",316.1071,568322,195098,185671,"5915","59","59933",318180,870,36000,33600,152155,40.6
"5915007","CSD","White Rock (CY)",5.1736,21939,11541,10735,"5915","59","59933",18035,60,44000,40000,5185,40.6
"5915011","CSD","Delta (CY)",179.6628,108455,39736,38058,"5915","59","59933",78250,195,40400,37200,29875,41.2
"5915015","CSD","Richmond (CY)",128.8718,209937,85035,81080,"5915","59","59933",96275,345,35600,33200,52565,39.6
"5915020","CSD","Metro Vancouver A (RDA)",815.2061,18612,9201,7682,"5915","59","59933",10420,85,21600,21400,3870,38.5
"5915022","CSD","Vancouver (CY)",115.1756,662248,328347,305336,"5915","59","59933",446870,3955,40800,37200,200890,40.7
"5915025","CSD","Burnaby (CY)",90.5678,249125,107046,101136,"5915","59","59933",141300,545,37600,34800,70995,40.6
"5915029","CSD","New Westminster (CY)",15.6194,78916,37737,36099,"5915","59","59933",57400,190,44000,39600,26490,41.7
"5915034","CSD","Coquitlam (CY)",122.1535,148625,58683,55949,"5915","59","59933",92930,395,41600,38000,42725,40.9
"5915036","CSD","Belcarra (VL)",5.5027,687,289,262,"5915","59","59933",630,0,50400,43200,190,41.4
"5915038","CSD","Anmore (VL)",27.5283,2356,768,744,"5915","59","59933",1955,10,49200,43600,675,40.4
"5915039","CSD","Port Coquitlam (CY)",29.164,61498,23671,22884,"5915","59","59933",45985,230,46400,41600,19585,42.2
"5915043","CSD","Port Moody (CY)",25.8503,33535,13603,13109,"5915","59","59933",26735,95,54400,48000,11115,42.5
"5915046","CSD","North Vancouver (DM)",160.6647,88168,34179,32700,"5915","59","59933",71100,525,47200,42000,24925,40.8
"5915051","CSD","North Vancouver (CY)",11.8298,58120,29021,27293,"5915","59","59933",43805,450,47200,42400,19060,41.8
"5915055","CSD","West Vancouver (DM)",87.18,44122,18795,17690,"5915","59","59933",30650,165,46800,42000,8795,39.2
"5915062","CSD","Bowen Island (IM)",50.1235,4256,2036,1724,"5915","59","59933",4090,30,44800,40800,1185,39.2
"5915065","CSD","Lions Bay (VL)",2.532,1390,557,506,"5915","59","59933",1235,10,52800,48800,440,39.7
"5915070","CSD","Pitt Meadows (CY)",86.3411,19146,7628,7404,"5915","59","59933",16860,35,45600,41200,6110,42.6
"5915075","CSD","Maple Ridge (CY)",267.8161,90990,34254,33103,"5915","59","59933",78960,220,40800,37200,28185,42.5
"5915802","CSD","Tsawwassen (TWL)",6.5719,2256,1081,930,"5915","59","59933",1855,5,48000,42800,660,42.6
"5915803","CSD","Musqueam 2 (IRI)",1.8398,1646,584,562,"5915","59","59933",1480,0,35600,35600,395,39.5
"5915806","CSD","Burrard Inlet 3 (IRI)",1.1176,2373,1168,1136,"5915","59","59933",2100,10,58400,50400,855,43
"5915807","CSD","Mission 1 (IRI)",0.2767,570,199,172,"5915","59","59933",560,0,24800,24400,125,40.8
"5915808","CSD","Capilano 5 (IRI)",1.7163,2899,1464,1334,"5915","59","59933",2110,5,35600,32800,640,38.3
"5915825","CSD","Matsqui 4 (IRI)",0.2756,456,285,278,"5915","59","59933",455,0,31000,30400,50,44
"5917005","CSD","North Saanich (DM)",37.1604,12235,5235,5010,"5917","59","59935",11875,20,54000,47200,3285,42.1
"5917010","CSD","Sidney (T)",5.1052,12318,6321,5981,"5917","59","59935",11415,40,44000,40000,2680,41.5
"5917015","CSD","Central Saanich (DM)",41.2047,17385,7621,7105,"5917","59","59935",16665,50,48000,42800,5205,43.1
"5917021","CSD","Saanich (DM)",103.5861,117735,50064,48048,"5917","59","59935",100240,385,38000,35200,32330,41.3
"5917027","CSD","Saltspring Island (RDA)",182.9422,11635,6105,5120,"5917","59","",11220,50,35600,32800,2245,38.7
"5917029","CSD","Southern Gulf Islands (RDA)",191.0754,6101,5151,3180,"5917","59","",5950,25,35200,32800,925,36.7
"5917030","CSD","Oak Bay (DM)",10.5199,17990,8168,7807,"5917","59","59935",16960,85,44000,39600,4130,40.6
"5917034","CSD","Victoria (CY)",19.4539,91867,53070,49222,"5917","59","59935",81170,490,40800,37200,27030,41.2
"5917040","CSD","Esquimalt (DM)",7.0792,17533,8995,8565,"5917","59","59935",15945,250,42000,38000,5490,41.7
"5917041","CSD","Colwood (CY)",17.6604,18961,7688,7428,"5917","59","59935",17800,180,45600,41200,6030,43.1
"5917042","CSD","Metchosin (DM)",69.5677,5067,1938,1856,"5917","59","59935",4880,15,44400,40000,1400,42.6
"5917044","CSD","Langford (CY)",41.4315,46584,19968,19050,"5917","59","59935",42440,225,44800,40400,15740,43
"5917047","CSD","View Royal (T)",14.3326,11575,5175,4915,"5917","59","59935",10570,60,49200,43600,3560,42.3
"5917049","CSD","Highlands (DM)",38.0106,2482,927,906,"5917","59","59935",2415,5,45200,40400,875,44
"5917052","CSD","Sooke (DM)",56.5959,15086,6431,6129,"5917","59","59935",14615,80,38400,35200,4010,41.3
"5917054","CSD","Juan de Fuca (Part 1) (RDA)",221.4759,5132,2459,2202,"5917","59","59935",4985,15,39600,36800,1475,41.8
"5917056","CSD","Juan de Fuca (Part 2) (RDA)",1267.7202,399,479,207,"5917","59","",395,0,34800,32000,60,38.8
"5917801","CSD","Cole Bay 3 (IRI)",2.8179,266,90,86,"5917","59","59935",260,0,22200,22200,40,40
"5917803","CSD","East Saanich 2 (IRI)",2.6038,1790,1008,943,"5917","59","59935",1770,5,37200,34800,345,40.1
"5917804","CSD","South Saanich 1 (IRI)",2.0887,712,251,237,"5917","59","59935",685,0,28200,27200,115,40
"5917812","CSD","New Songhees 1A (IRI)",0.71,1839,991,936,"5917","59","59935",1750,5,35600,32400,390,39.9
"5919008","CSD","North Cowichan (DM)",195.4118,31990,14266,13741,"5919","59","59937",30505,70,38000,35200,7370,41
"5919012","CSD","Duncan (CY)",2.0646,5047,2620,2454,"5919","59","59937",4615,10,32800,31200,950,40.3
"5919013","CSD","Cowichan Valley D (RDA)",15.5296,3530,1585,1488,"5919","59","59937",3440,10,41200,38000,855,39.8
"5919015","CSD","Cowichan Valley G (RDA)",286.9032,2442,1374,1089,"5919","59","59936",2415,0,38000,34800,415,39.4
"5919016","CSD","Lake Cowichan (T)",8.2412,3325,1586,1491,"5919","59","",3270,5,34800,32800,680,39
"5919017","CSD","Cowichan Valley H (RDA)",83.0168,2603,1238,1137,"5919","59","59936",2550,5,39200,36400,690,41.6
"5919021","CSD","Ladysmith (T)",12.0423,8990,4079,3926,"5919","59","59936",8690,15,39200,36800,2095,40.3
"5919033","CSD","Cowichan Valley F (RDA)",1791.8779,1804,904,758,"5919","59","",1770,0,31800,30600,375,38.1
"5919035","CSD","Cowichan Valley I (RDA)",505.5063,1423,1172,709,"5919","59","",1405,0,34000,31800,275,38.6
"5919043","CSD","Cowichan Valley A (RDA)",49.2065,4949,2166,2036,"5919","59","",4835,10,42000,38400,1210,40.8
"5919046","CSD","Cowichan Valley B (RDA)",306.078,8994,3891,3452,"5919","59","",8865,5,40400,37200,2550,41.5
"5919049","CSD","Cowichan Valley C (RDA)",22.5668,5046,2283,2213,"5919","59","",4945,10,44400,40400,1110,41.4
"5919051","CSD","Cowichan Valley E (RDA)",134.7764,4253,1713,1645,"5919","59","59937",4125,10,34400,32000,1085,41.4
"5919804","CSD","Chemainus 13 (IRI)",11.7156,818,191,183,"5919","59","59936",810,0,20800,20800,120,42
"5919809","CSD","Penelakut Island 7 (IRI)",9.1202,513,140,131,"5919","59","59936",510,0,21600,21600,95,40.4
"5919822","CSD","Cowichan (IRI)",23.1509,2420,617,594,"5919","59","59937",2350,0,23800,23800,450,42.1
"5921007","CSD","Nanaimo (CY)",90.4488,99863,45138,43164,"5921","59","59938",91555,295,36400,34000,24475,41
"5921008","CSD","Lantzville (DM)",27.6768,3817,1568,1520,"5921","59","59938",3745,0,39200,36000,925,41.1
"5921010","CSD","Nanaimo A (RDA)",60.1814,7481,3249,3127,"5921","59","59938",7380,15,38400,35200,1925,41.1
"5921014","CSD","Nanaimo B (RDA)",58.0159,4500,3062,2375,"5921","59","",4430,15,31200,29600,615,36.3
"5921016","CSD","Nanaimo C (RDA)",1097.7703,3344,1288,1236,"5921","59","59938",3280,10,39200,36400,770,39.8
"5921018","CSD","Parksville (CY)",14.5205,13642,7105,6754,"5921","59","59939",13160,25,35200,33200,2380,40.2
"5921023","CSD","Qualicum Beach (T)",17.9785,9303,4763,4435,"5921","59","59939",8780,25,41600,38400,1225,38.7
"5921030","CSD","Nanaimo E (RDA)",74.8329,6765,3342,3073,"5921","59","",6625,30,44000,40000,1200,39.9
"5921032","CSD","Nanaimo F (RDA)",264.109,8216,3877,3673,"5921","59","",8080,30,31200,29400,1810,38.8
"5921034","CSD","Nanaimo G (RDA)",49.3111,8109,3779,3577,"5921","59","59939",7960,15,39600,36400,1335,38.6
"5921036","CSD","Nanaimo H (RDA)",277.1381,4291,2524,2004,"5921","59","",4200,10,32800,30800,735,37.5
"5921804","CSD","Nanaimo Town 1 (IRI)",0.2019,386,128,119,"5921","59","59938",385,0,29600,29600,70,40
"5923008","CSD","Port Alberni (CY)",19.657,18259,8919,8451,"5923","59","59940",17445,45,33600,31600,3645,39.8
"5923019","CSD","Ucluelet (DM)",6.4798,2066,997,860,"5923","59","",1985,20,40400,36400,480,39.1
"5923025","CSD","Tofino (DM)",10.557,2516,1205,945,"5923","59","",2385,35,36800,32800,505,37.3
"5923033","CSD","Alberni-Clayoquot B (RDA)",92.2182,531,229,210,"5923","59","",525,0,27600,27600,95,41.2
"5923035","CSD","Alberni-Clayoquot D (RDA)",1398.8909,1843,1251,871,"5923","59","59940",1785,10,43200,39600,415,39.8
"5923037","CSD","Alberni-Clayoquot E (RDA)",21.9129,2946,1330,1263,"5923","59","59940",2885,10,35600,33200,685,41.2
"5923039","CSD","Alberni-Clayoquot F (RDA)",186.53,1977,902,855,"5923","59","59940",1950,0,37200,34000,415,41.6
"5923049","CSD","Alberni-Clayoquot C (RDA)",3199.2695,875,680,314,"5923","59","",860,0,34400,32800,145,36.9
"5923807","CSD","Ittatsoo 1 (IRI)",0.6761,321,110,102,"5923","59","",320,0,26000,25200,55,37.2
"5923808","CSD","Marktosis 15 (IRI)",1.7966,760,202,181,"5923","59","",745,0,25600,23200,170,44
"5923816","CSD","Tsahaheh 1 (IRI)",4.0102,596,211,208,"5923","59","59940",590,0,30800,30200,100,37
"5924025","CSD","Gold River (VL)",10.9152,1246,692,610,"5924","59","",1235,0,34400,32400,220,37.1
"5924030","CSD","Tahsis (VL)",5.2617,393,398,231,"5924","59","",380,10,28400,27800,25,34.4
"5924034","CSD","Campbell River (CY)",144.3782,35519,16194,15557,"5924","59","59944",34010,120,37600,34800,8225,40.4
"5924039","CSD","Sayward (VL)",4.4408,334,182,166,"5924","59","",330,0,26600,26600,35,38
"5924042","CSD","Strathcona D (Oyster Bay - Buttle Lake) (RDA)",1584.0722,4153,1853,1722,"5924","59","59944",4090,10,39600,35600,935,40.8
"5924048","CSD","Strathcona A (RDA)",7111.0117,864,474,391,"5924","59","",840,10,32800,31200,165,39.8
"5924052","CSD","Strathcona B (RDA)",135.553,1059,804,558,"5924","59","",1040,5,26600,25600,140,35
"5924054","CSD","Strathcona C (RDA)",9229.0323,2737,1663,1332,"5924","59","",2660,25,29800,28600,425,37.4
"5924804","CSD","Campbell River 11 (IRI)",1.0156,506,186,168,"5924","59","59944",505,0,37200,33200,100,37.4
"5924812","CSD","Quinsam 12 (IRI)",1.4067,312,116,113,"5924","59","59944",310,0,34000,33200,70,40
"5926005","CSD","Comox (T)",16.8686,14806,6672,6442,"5926","59","59943",14065,215,42800,39200,3115,40.2
"5926010","CSD","Courtenay (CY)",32.4176,28420,13414,12992,"5926","59","59943",26625,205,36800,34400,6120,40.3
"5926014","CSD","Cumberland (VL)",29.0385,4447,1918,1840,"5926","59","59943",4305,35,38800,35600,1190,40.7
"5926021","CSD","Comox Valley A (RDA)",491.3426,7926,4485,3670,"5926","59","59943",7795,25,32400,30200,1475,39.1
"5926022","CSD","Comox Valley B (Lazo North) (RDA)",54.0836,7392,3376,3147,"5926","59","59943",7205,50,40000,36800,1590,39.3
"5926024","CSD","Comox Valley C (Puntledge - Black Creek) (RDA)",1071.8604,9158,4427,3735,"5926","59","",9015,35,35200,32800,2090,40.2
"5926801","CSD","Comox 1 (IRI)",0.5821,291,120,113,"5926","59","59943",290,0,35600,33600,55,38.8
"5927008","CSD","Powell River (CY)",28.905,13943,6718,6402,"5927","59","59945",13175,70,34000,32000,2635,39.1
"5927010","CSD","qathet A (RDA)",3886.8915,1250,1418,636,"5927","59","",1200,30,29600,28200,195,37.3
"5927012","CSD","qathet B (RDA)",128.6053,1664,908,758,"5927","59","59945",1620,10,32400,30800,320,40.3
"5927016","CSD","qathet C (RDA)",642.0461,2197,1241,1020,"5927","59","59945",2135,15,32000,30400,355,38.7
"5927018","CSD","qathet D (RDA)",299.7457,1126,748,598,"5927","59","",1110,5,28000,27200,180,38.4
"5927020","CSD","qathet E (RDA)",73.3176,498,506,294,"5927","59","",495,0,23200,22400,80,36.6
"5927802","CSD","Sliammon 1 (TAL)",8.1364,797,365,338,"5927","59","",790,0,31000,30400,175,40.7
"5929005","CSD","Gibsons (T)",4.313,4758,2482,2282,"5929","59","",4285,15,37200,34400,930,39.3
"5929011","CSD","Sechelt (DM)",39.018,10847,5738,5128,"5929","59","",10105,30,38000,34800,2235,40.7
"5929018","CSD","Sunshine Coast A (RDA)",1898.0179,3039,2508,1562,"5929","59","",2940,10,31200,29000,540,38
"5929022","CSD","Sunshine Coast B (RDA)",1269.4489,2969,1859,1370,"5929","59","",2850,20,37200,34000,505,38.5
"5929024","CSD","Sunshine Coast D (RDA)",143.3591,3523,1796,1550,"5929","59","",3425,25,36000,33200,775,39.7
"5929026","CSD","Sunshine Coast E (RDA)",21.6023,3883,1763,1608,"5929","59","",3795,10,38000,34400,925,39.7
"5929028","CSD","Sunshine Coast F (RDA)",380.7496,2407,1476,1111,"5929","59","",2310,5,41600,38800,540,40.2
"5929803","CSD","Sechelt (Part) (IGD)",10.7924,744,360,324,"5929","59","",740,0,26400,26000,140,40.4
"5931006","CSD","Squamish (DM)",104.7075,23819,9906,9191,"5931","59","59934",21040,325,47200,42400,7930,42.1
"5931012","CSD","Pemberton (VL)",61.3552,3407,1430,1357,"5931","59","",3085,95,45200,40000,1050,40
"5931017","CSD","Squamish-Lillooet C (RDA)",5513.216,2000,1122,815,"5931","59","",1905,50,38000,35600,540,40
"5931020","CSD","Whistler (DM)",239.9956,13982,10065,5597,"5931","59","",12625,230,40800,36800,3585,38.8
"5931021","CSD","Squamish-Lillooet D (RDA)",3040.2017,1057,578,448,"5931","59","",965,20,46400,39200,320,40.6
"5931026","CSD","Lillooet (DM)",27.6331,2302,1214,1111,"5931","59","",2200,0,33600,31200,580,41
"5931032","CSD","Squamish-Lillooet A (RDA)",3712.3797,305,498,166,"5931","59","",290,0,34800,31400,35,35.2
"5931034","CSD","Squamish-Lillooet B (RDA)",3463.8807,373,275,164,"5931","59","",355,0,32000,31400,110,38.8
"5931821","CSD","Lillooet 1 (IRI)",3.782,285,112,109,"5931","59","",285,0,25400,25400,50,36
"5931843","CSD","Mount Currie (IRI)",24.0461,1242,406,393,"5931","59","",1240,0,22400,21800,240,42.3
"5933006","CSD","Merritt (CY)",26.043,7051,3149,2975,"5933","59","",6550,20,33600,31800,1465,39.9
"5933008","CSD","Thompson-Nicola M (Beautiful Nicola Valley - North) (RDA)",3845.2978,1637,863,730,"5933","59","",1610,0,34400,31800,370,39.6
"5933012","CSD","Thompson-Nicola N (Beautiful Nicola Valley - South) (RDA)",2341.5791,717,385,321,"5933","59","",710,0,38400,35600,210,40.1
"5933019","CSD","Ashcroft (VL)",50.863,1670,876,793,"5933","59","",1600,5,32800,30800,290,41.6
"5933024","CSD","Cache Creek (VL)",10.3976,969,522,471,"5933","59","",935,0,29600,28600,165,36.3
"5933028","CSD","Clinton (VL)",8.1435,568,336,291,"5933","59","",550,0,26400,26200,95,41
"5933032","CSD","Thompson-Nicola E (Bonaparte Plateau) (RDA)",6625.5023,1162,1183,604,"5933","59","",1125,5,31600,30200,200,36.1
"5933035","CSD","Logan Lake (DM)",324.2761,2255,1135,1064,"5933","59","59925",2210,5,34400,32400,460,40
"5933037","CSD","Thompson-Nicola I (Blue Sky Country) (RDA)",5736.5261,1038,557,443,"5933","59","",1025,5,30200,29200,195,36.5
"5933039","CSD","Thompson-Nicola J (Copper Desert Country) (RDA)",3285.5569,1796,868,759,"5933","59","59925",1760,0,47200,42400,445,40.2
"5933042","CSD","Kamloops (CY)",297.9262,97902,41619,39914,"5933","59","59925",90630,170,37200,34800,26275,41.3
"5933044","CSD","Thompson-Nicola P (Rivers and the Peaks) (RDA)",1546.5565,4098,1931,1724,"5933","59","59925",4050,15,42800,38800,1220,41.7
"5933045","CSD","Sun Peaks Mountain (VL)",40.8525,1404,1506,622,"5933","59","59925",1340,0,48000,43200,335,37.7
"5933054","CSD","Chase (VL)",3.7528,2399,1249,1175,"5933","59","59925",2360,0,31000,29800,400,39.8
"5933060","CSD","Thompson-Nicola L (Grasslands) (RDA)",1912.9404,3321,1425,1345,"5933","59","",3265,0,33600,32400,1035,42.6
"5933067","CSD","Clearwater (DM)",55.6508,2388,1145,1057,"5933","59","",2320,5,34800,32000,370,36.5
"5933068","CSD","Thompson-Nicola A (Wells Gray Country) (RDA)",7085.6577,1573,813,700,"5933","59","",1505,10,31400,30000,195,35.3
"5933072","CSD","Thompson-Nicola O (Lower North Thompson) (RDA)",5381.161,1523,902,667,"5933","59","",1490,5,33200,31000,345,42
"5933074","CSD","Barriere (DM)",10.7272,1765,848,760,"5933","59","",1730,5,28600,28000,270,38.6
"5933801","CSD","Coldwater 1 (IRI)",18.349,350,121,117,"5933","59","",350,0,22600,22600,85,40
"5933807","CSD","Nicola Mameet 1 (IRI)",45.9744,513,213,195,"5933","59","",510,0,25200,25200,155,43.6
"5933880","CSD","Kamloops 1 (IRI)",136.7272,3915,1789,1707,"5933","59","59925",3865,0,48400,43600,985,41.1
"5933884","CSD","Sahhaltkum 4 (IRI)",13.4068,316,118,117,"5933","59","59925",310,0,36800,35600,65,43.2
"5933898","CSD","Neskonlith (IRI)",24.7251,279,99,99,"5933","59","",280,0,27000,27000,60,35.6
"5935010","CSD","Kelowna (CY)",211.8491,144576,67115,62209,"5935","59","59915",130760,490,37600,34400,39630,41
"5935012","CSD","Central Okanagan (RDA)",1245.0801,4258,1775,1694,"5935","59","59915",4110,15,41600,37600,1195,41.3
"5935016","CSD","Lake Country (DM)",122.1632,15817,6852,6204,"5935","59","59915",15055,40,42000,38400,4355,40.6
"5935018","CSD","Peachland (DM)",16.0986,5789,2936,2689,"5935","59","59915",5615,15,36400,33600,1195,40.7
"5935020","CSD","Central Okanagan West (RDA)",1173.0978,2897,1852,1290,"5935","59","59915",2805,15,40000,36800,620,39
"5935029","CSD","West Kelowna (CY)",122.0886,36078,14746,13974,"5935","59","59915",34300,90,42000,38000,9795,41.4
"5935801","CSD","Duck Lake 7 (IRI)",2.0103,1847,999,937,"5935","59","59915",1805,0,35200,32800,445,38.2
"5935802","CSD","Tsinstikeptum 9 (IRI)",6.7576,9134,4937,4587,"5935","59","59915",8680,20,36400,34000,1855,39.7
"5935803","CSD","Tsinstikeptum 10 (IRI)",3.3078,1766,885,751,"5935","59","59915",1720,10,42400,37200,540,41.1
"5937005","CSD","Lumby (VL)",5.9334,2063,861,836,"5937","59","",1995,5,32400,31000,405,39
"5937010","CSD","Coldstream (DM)",66.5735,11171,4341,4100,"5937","59","59918",10605,20,42800,38400,2915,41.1
"5937014","CSD","Vernon (CY)",96.4285,44519,21287,19776,"5937","59","59918",41490,105,36400,34000,10285,40.5
"5937017","CSD","North Okanagan B (RDA)",487.7976,3274,1480,1286,"5937","59","59918",3165,0,34000,32400,780,39.7
"5937021","CSD","North Okanagan C (RDA)",300.1383,4511,2317,1717,"5937","59","59918",4355,5,44000,40400,1160,40.7
"5937022","CSD","North Okanagan D (RDA)",1790.9785,2909,1264,1170,"5937","59","",2855,15,31600,29600,695,39
"5937023","CSD","North Okanagan E (RDA)",2604.0488,1092,508,451,"5937","59","",1070,10,25200,24200,210,36.8
"5937024","CSD","Spallumcheen (DM)",254.9172,5307,2099,2036,"5937","59","",5190,0,35200,32400,1340,41.5
"5937028","CSD","Armstrong (CY)",5.2185,5323,2292,2217,"5937","59","",5130,10,35600,33200,1250,41.4
"5937033","CSD","Enderby (CY)",4.2626,3028,1508,1436,"5937","59","",2965,5,29800,28400,545,39
"5937041","CSD","North Okanagan F (RDA)",1767.2854,4362,2325,1789,"5937","59","",4260,25,31600,30000,935,38.5
"5937801","CSD","Okanagan (Part) 1 (IRI)",89.7919,3244,2015,1616,"5937","59","59918",3200,5,36400,33200,430,36.5
"5937802","CSD","Enderby 2 (IRI)",22.9906,440,186,161,"5937","59","",435,0,24600,23400,85,38.4
"5937803","CSD","Priest's Valley 6 (IRI)",0.3581,367,237,228,"5937","59","59918",365,0,31400,30200,45,40.4
"5939007","CSD","Golden (T)",11.3255,3986,1892,1734,"5939","59","",3600,75,40000,36800,1020,40.1
"5939011","CSD","Columbia-Shuswap A (RDA)",13434.8558,3325,2124,1493,"5939","59","",3175,60,42400,38000,905,39.8
"5939019","CSD","Revelstoke (CY)",41.28,8275,3739,3354,"5939","59","",7670,185,41200,37200,2165,39.9
"5939023","CSD","Columbia-Shuswap B (RDA)",9763.8005,663,462,298,"5939","59","",645,0,38800,38000,140,40
"5939032","CSD","Salmon Arm (CY)",155.1886,19432,8517,8106,"5939","59","59920",18495,30,36000,33200,4235,40.2
"5939037","CSD","Columbia-Shuswap C (RDA)",506.1015,8919,5308,3999,"5939","59","",8760,20,34400,32000,1640,38.4
"5939039","CSD","Columbia-Shuswap D (RDA)",693.6727,4400,1924,1802,"5939","59","",4340,5,31200,30000,1005,40.9
"5939043","CSD","Columbia-Shuswap E (RDA)",1530.0291,1388,1272,652,"5939","59","",1370,0,32000,30400,255,37.2
"5939044","CSD","Columbia-Shuswap F (RDA)",2652.0547,3200,3456,1560,"5939","59","",3165,0,30800,29600,495,36.5
"5939045","CSD","Sicamous (DM)",12.7964,2613,1905,1244,"5939","59","",2545,10,31800,29800,480,36.8
"5939805","CSD","Quaaout 1 (IRI)",17.0962,284,220,126,"5939","59","",280,0,37200,37200,40,36.4
"5941005","CSD","One Hundred Mile House (DM)",53.0116,1928,974,907,"5941","59","",1725,5,31800,29800,290,39.5
"5941009","CSD","Williams Lake (CY)",33.1202,10947,5066,4736,"5941","59","59950",10080,10,39200,36000,2945,41.7
"5941010","CSD","Cariboo D (RDA)",849.5374,2870,1408,1223,"5941","59","59950",2820,10,41600,38400,835,42.1
"5941012","CSD","Cariboo E (RDA)",1745.1848,4112,1867,1723,"5941","59","59950",4060,5,43200,39200,1065,41
"5941013","CSD","Quesnel (CY)",35.3483,9889,4766,4508,"5941","59","59952",9360,5,34800,32400,2080,39.8
"5941014","CSD","Cariboo F (RDA)",9740.2016,4792,2491,2034,"5941","59","59950",4660,5,32400,30400,1080,40.6
"5941015","CSD","Cariboo G (RDA)",2646.0347,5312,2948,2399,"5941","59","",5180,0,34400,32400,1085,39.8
"5941016","CSD","Cariboo H (RDA)",2593.6782,1884,1386,882,"5941","59","",1800,0,29800,28000,295,36.7
"5941017","CSD","Cariboo L (RDA)",1263.6899,4769,3746,2286,"5941","59","",4630,5,33600,31800,790,39.4
"5941019","CSD","Cariboo A (RDA)",778.1176,6169,2719,2604,"5941","59","59952",6085,0,37600,34800,1425,40.1
"5941021","CSD","Cariboo B (RDA)",1413.4709,3864,1781,1629,"5941","59","59952",3815,5,34000,31800,845,40.8
"5941026","CSD","Cariboo C (RDA)",7377.4895,1239,652,552,"5941","59","59952",1225,0,32000,31000,280,38.5
"5941027","CSD","Cariboo I (RDA)",11915.9914,1485,763,659,"5941","59","59952",1465,0,32800,32400,295,38.8
"5941039","CSD","Cariboo J (RDA)",25880.0796,616,514,306,"5941","59","",590,0,28800,28000,95,34.4
"5941041","CSD","Cariboo K (RDA)",13629.5899,447,252,205,"5941","59","",415,5,30000,27400,125,41.2
"5941801","CSD","Alkali Lake 1 (IRI)",2.5878,358,114,112,"5941","59","59950",315,0,23200,23200,75,39.2
"5941821","CSD","Anahim's Flat 1 (IRI)",38.5898,437,133,132,"5941","59","",320,0,26600,26600,75,39.6
"5943008","CSD","Alert Bay (VL)",1.6923,449,266,219,"5943","59","",445,0,34000,32000,65,40.8
"5943012","CSD","Port McNeill (T)",13.7675,2356,1111,1019,"5943","59","",2310,5,39200,36400,660,41.1
"5943017","CSD","Port Alice (VL)",7.0301,739,538,415,"5943","59","",715,5,38400,36000,105,35.1
"5943023","CSD","Port Hardy (DM)",38.5522,3902,1984,1791,"5943","59","",3805,0,38000,34800,1065,41
"5943031","CSD","Mount Waddington C (RDA)",1505.0291,764,431,340,"5943","59","",755,5,34800,31400,170,38.4
"5943033","CSD","Mount Waddington D (RDA)",3331.0538,371,222,171,"5943","59","",370,0,31600,28800,30,32.4
"5943037","CSD","Mount Waddington A (RDA)",12666.4099,695,496,363,"5943","59","",685,0,33200,30800,90,36.1
"5943806","CSD","Tsulquate 4 (IRI)",0.5989,451,132,117,"5943","59","",450,0,21400,21400,70,44.4
"5943837","CSD","Alert Bay (IRI)",2.4955,382,175,161,"5943","59","",365,0,24200,24200,70,40.4
"5945010","CSD","Central Coast C (RDA)",3963.651,661,372,318,"5945","59","",640,5,36400,31600,175,41.1
"5945012","CSD","Central Coast D (RDA)",304.2109,403,208,189,"5945","59","",390,0,32800,31600,115,41
"5945801","CSD","Bella Bella 1 (IRI)",5.8328,1193,457,393,"5945","59","",1185,0,24000,24000,290,41.9
"5945802","CSD","Bella Coola 1 (IRI)",15.2153,937,312,287,"5945","59","",935,0,22800,22400,135,38.6
"5947007","CSD","Port Edward (DM)",167.1555,470,207,181,"5947","59","59955",460,0,39600,36800,155,42
"5947012","CSD","Prince Rupert (CY)",66.0033,12300,5747,5072,"5947","59","59955",11340,15,46800,41600,3425,40.6
"5947023","CSD","Masset (VL)",20.6897,838,518,399,"5947","59","",810,5,38000,35200,185,38.3
"5947026","CSD","Queen Charlotte (VL)",35.5824,964,574,488,"5947","59","",905,5,33600,32800,260,42.2
"5947027","CSD","North Coast D (RDA)",6418.0354,580,327,254,"5947","59","",555,0,42800,39200,90,33.5
"5947030","CSD","Port Clements (VL)",13.0738,340,205,181,"5947","59","",335,0,34400,32400,50,35.2
"5947032","CSD","North Coast E (RDA)",3408.8451,325,251,161,"5947","59","",320,0,36800,33600,65,33.6
"5947803","CSD","Masset 1 (IRI)",3.1581,475,241,195,"5947","59","",475,0,22000,21600,75,35.6
"5947804","CSD","Skidegate 1 (IRI)",5.1234,697,331,296,"5947","59","",695,0,29000,29000,170,39.2
"5947807","CSD","Dolphin Island 1 (IRI)",15.0942,295,158,106,"5947","59","",295,0,14900,14900,55,40.4
"5947809","CSD","Lax Kw'alaams 1 (IRI)",108.8369,627,316,216,"5947","59","59955",625,0,21600,21600,75,34
"5949005","CSD","Kitimat (DM)",239.28,8236,4381,3604,"5949","59","",7520,125,55200,48000,2555,42.2
"5949011","CSD","Terrace (CY)",57.3268,12017,5200,4873,"5949","59","59965",10935,65,40800,37600,3320,41.1
"5949013","CSD","Kitimat-Stikine C (Part 1) (RDA)",9635.7713,2978,1431,1205,"5949","59","59965",2870,25,45600,40000,905,42.1
"5949018","CSD","Kitimat-Stikine E (RDA)",16.4866,3932,1808,1713,"5949","59","59965",3850,15,40800,37600,1095,40.3
"5949024","CSD","New Hazelton (DM)",24.3426,602,305,266,"5949","59","",570,0,33600,33200,105,35.6
"5949028","CSD","Kitimat-Stikine B (RDA)",7382.1691,1455,742,641,"5949","59","",1410,0,31600,29800,260,37.2
"5949032","CSD","Stewart (DM)",551.5683,517,337,256,"5949","59","",500,5,52400,46400,155,42.2
"5949035","CSD","Nisga'a (NL)",2001.2492,1794,642,572,"5949","59","",1700,0,25800,24800,410,39.7
"5949038","CSD","Kitimat-Stikine F (RDA)",12956.4124,326,239,139,"5949","59","",320,0,52800,47600,60,43.2
"5949803","CSD","Kitamaat 2 (IRI)",1.5121,507,211,187,"5949","59","",500,0,29800,28400,125,44
"5949804","CSD","Kitsumkaylum 1 (IRI)",4.8565,315,113,106,"5949","59","59965",315,0,33200,32800,100,43.6
"5949812","CSD","Gitanmaax 1 (IRI)",10.4789,560,227,210,"5949","59","",540,0,23200,23200,105,37.4
"5949813","CSD","Kispiox 1 (IRI)",12.3069,578,211,198,"5949","59","",525,0,28200,28200,95,39.2
"5949814","CSD","Gitsegukla 1 (IRI)",10.98,444,158,144,"5949","59","",415,0,22000,22000,75,45.6
"5949815","CSD","Gitanyow 1 (IRI)",5.0112,408,136,127,"5949","59","",390,0,28800,28800,75,43.2
"5949816","CSD","Gitwangak 1 (IRI)",17.6239,450,155,144,"5949","59","",440,0,29800,28000,60,41.2
"5949817","CSD","Moricetown 1 (IRI)",5.7307,253,99,89,"5949","59","",245,0,22800,22600,40,32.8
"5949832","CSD","Iskut 6 (IRI)",0.5813,478,101,99,"5949","59","",240,0,34400,34400,30,35.2
"5951007","CSD","Vanderhoof (DM)",53.9276,4346,1885,1786,"5951","59","",4130,5,43200,39200,1150,41.1
"5951009","CSD","Fraser Lake (VL)",4.0645,965,543,444,"5951","59","",945,0,37600,35600,200,40
"5951013","CSD","Fort St. James (DM)",23.4524,1386,671,586,"5951","59","",1325,0,51200,45600,335,41.2
"5951015","CSD","Bulkley-Nechako C (RDA)",25527.9887,1266,656,578,"5951","59","",1245,0,40400,37600,295,41.9
"5951017","CSD","Bulkley-Nechako D (RDA)",4389.7479,1607,982,699,"5951","59","",1580,0,36000,32400,325,39.4
"5951019","CSD","Bulkley-Nechako F (RDA)",5386.2588,3517,1790,1334,"5951","59","",3430,0,40400,37600,855,40.2
"5951022","CSD","Burns Lake (VL)",6.5402,1659,765,689,"5951","59","",1550,0,42400,39600,500,42.1
"5951028","CSD","Bulkley-Nechako B (RDA)",3624.7225,1706,797,710,"5951","59","",1675,0,42400,38400,445,42.3
"5951031","CSD","Bulkley-Nechako E (RDA)",15856.1082,1512,818,619,"5951","59","",1450,0,40000,38000,325,38.5
"5951032","CSD","Granisle (VL)",39.8477,337,262,194,"5951","59","",325,0,31200,30400,20,29
"5951034","CSD","Houston (DM)",72.8761,3052,1461,1271,"5951","59","",2925,5,44400,40000,745,40.6
"5951038","CSD","Telkwa (VL)",7.0363,1474,584,562,"5951","59","",1435,5,49600,43600,370,42.5
"5951043","CSD","Smithers (T)",15.259,5378,2411,2313,"5951","59","",4990,25,45200,41200,1515,41.4
"5951051","CSD","Bulkley-Nechako A (RDA)",3674.4277,5587,2269,2140,"5951","59","",5450,25,44000,40000,1540,39.6
"5951053","CSD","Bulkley-Nechako G (RDA)",14417.3803,836,504,367,"5951","59","",830,0,44800,41600,175,37
"5951803","CSD","Nak'azdli (IRI)",3.0892,528,209,204,"5951","59","",495,0,26200,26000,110,41
"5951809","CSD","Stony Creek 1 (IRI)",26.3698,323,154,144,"5951","59","",300,0,18400,18400,50,41.2
"5951810","CSD","Tache 1 (IRI)",8.9817,400,132,122,"5951","59","",370,0,30400,30400,70,40
"5951827","CSD","Woyenne 27 (IRI)",0.146,548,139,137,"5951","59","",445,0,42800,42800,115,44
"5953007","CSD","Valemount (VL)",5.1629,1052,602,513,"5953","59","",1000,0,34400,31400,275,40.5
"5953012","CSD","McBride (VL)",4.6166,588,325,266,"5953","59","",535,0,31400,29800,125,39.2
"5953019","CSD","Fraser-Fort George H (RDA)",14926.7328,1589,806,688,"5953","59","",1545,5,35200,32400,305,40
"5953023","CSD","Prince George (CY)",316.7408,76708,33643,31793,"5953","59","59970",70615,150,40400,36800,22095,41.9
"5953033","CSD","Mackenzie (DM)",154.1856,3281,1837,1515,"5953","59","",3165,10,50800,45200,825,38.8
"5953038","CSD","Fraser-Fort George A (RDA)",1371.7853,3471,1506,1345,"5953","59","59970",3410,5,50800,44400,975,40.3
"5953042","CSD","Fraser-Fort George C (RDA)",2802.3279,3603,1586,1356,"5953","59","59970",3505,10,51600,46000,1120,41.5
"5953044","CSD","Fraser-Fort George D (RDA)",667.6134,4375,1802,1723,"5953","59","59970",4325,15,48400,43200,1390,43.5
"5953046","CSD","Fraser-Fort George E (RDA)",614.2031,533,243,225,"5953","59","",520,0,28000,27400,165,45.6
"5953048","CSD","Fraser-Fort George F (RDA)",12487.289,1249,634,546,"5953","59","59970",1225,5,35200,32800,330,40.4
"5953050","CSD","Fraser-Fort George G (RDA)",17214.5966,365,306,175,"5953","59","",345,5,37200,34800,20,39
"5955003","CSD","Tumbler Ridge (DM)",1557.4142,2399,1551,1093,"5955","59","",2345,10,58400,51200,595,38.5
"5955005","CSD","Pouce Coupe (VL)",2.0577,762,345,317,"5955","59","59975",755,0,54000,49600,170,38.5
"5955010","CSD","Chetwynd (DM)",63.5491,2302,1271,993,"5955","59","",2145,5,58400,51200,685,41.7
"5955014","CSD","Dawson Creek (CY)",26.7247,12323,6189,5405,"5955","59","59975",11160,25,41600,38000,3455,41.4
"5955021","CSD","Peace River D (RDA)",11688.0134,4793,2044,1820,"5955","59","59975",4525,5,44800,40800,1205,41.8
"5955023","CSD","Peace River E (RDA)",16336.9057,2660,1316,1088,"5955","59","",2585,10,48000,42000,695,42.1
"5955025","CSD","Hudson's Hope (DM)",826.6963,841,460,378,"5955","59","",800,0,43600,41200,195,40.9
"5955030","CSD","Taylor (DM)",16.9208,1317,610,542,"5955","59","59977",1305,0,58800,50400,350,39.9
"5955034","CSD","Fort St. John (CY)",32.6746,21465,10004,8777,"5955","59","59977",19370,60,52800,46800,6575,41.8
"5955040","CSD","Peace River B (RDA)",85959.7938,5379,1835,1622,"5955","59","",3750,5,43200,38800,1275,41.3
"5955042","CSD","Peace River C (RDA)",568.1374,5947,2440,2273,"5955","59","59977",5835,10,58400,50800,1690,40.9
"5955801","CSD","East Moberly Lake 169 (IRI)",31.0826,297,130,130,"5955","59","",275,0,28600,28600,45,32.8
"5957022","CSD","Stikine Region (RDA)",118395.8868,424,491,240,"5957","59","",400,5,32000,29800,65,34.6
"5959007","CSD","Northern Rockies (RGM)",84759.3073,3947,2268,1692,"5959","59","",3695,10,45200,41600,1015,39.8
"5959806","CSD","Fort Nelson 2 (IRI)",95.5757,419,203,179,"5959","59","",400,0,23400,23400,65,38.8
"6001003","CSD","Watson Lake (T)",109.7659,1133,564,499,"6001","60","",1100,5,40400,38400,285,41.3
"6001004","CSD","Faro (T)",199.8869,440,423,210,"6001","60","",410,25,51200,46400,95,38.4
"6001009","CSD","Whitehorse (CY)",413.9359,28201,11970,11436,"6001","60","60990",24430,725,51600,46800,10120,42.7
"6001012","CSD","Carmacks (VL)",36.8718,588,302,263,"6001","60","",570,0,49200,46000,150,39.2
"6001018","CSD","Haines Junction (VL)",34.3039,688,380,311,"6001","60","",655,10,46400,43600,180,37.7
"6001029","CSD","Dawson (T)",30.9054,1577,836,770,"6001","60","",1465,30,41200,38800,490,39.1
"6001036","CSD","Tagish (SÉ)",45.258,311,413,164,"6001","60","",295,0,42800,39200,55,35.6
"6001037","CSD","Ross River (SÉ)",20.4808,355,184,160,"6001","60","",350,0,32400,32400,60,36
"6001041","CSD","Pelly Crossing (SÉ)",32.2768,316,159,139,"6001","60","",305,0,31600,30600,65,36.4
"6001044","CSD","Mt. Lorne (HAM)",159.2286,468,246,222,"6001","60","60990",405,40,39600,36000,130,37
"6001045","CSD","Yukon, Unorganized (NO)",445269.8101,1496,1184,735,"6001","60","",1370,40,39600,38000,405,38
"6001048","CSD","Carcross (SÉ)",15.5613,317,229,168,"6001","60","",300,5,40000,38000,55,36.4
"6001055","CSD","Ibex Valley (HAM)",207.1282,523,261,225,"6001","60","60990",475,25,60000,55600,150,39.4
"6001058","CSD","Marsh Lake (NO)",817.1125,746,527,377,"6001","60","60990",685,25,51600,46400,230,40.8
"6001059","CSD","Macpherson-Grizzly Valley (NO)",1834.2781,1540,865,713,"6001","60","60990",1435,50,49200,45200,555,43.5
"6001060","CSD","Whitehorse, Unorganized (NO)",5032.3511,411,239,203,"6001","60","60990",345,40,44000,40400,100,40.2
"6101015","CSD","Fort McPherson (HAM)",53.8286,647,318,255,"6101","61","",640,0,31600,31000,135,42.4
"6101017","CSD","Inuvik (T)",62.6847,3137,1464,1223,"6101","61","",2900,15,71500,61600,1145,43.4
"6101025","CSD","Aklavik (HAM)",12.2912,536,274,216,"6101","61","",520,0,24400,24400,110,39.6
"6101036","CSD","Tuktoyaktuk (HAM)",12.6569,937,334,285,"6101","61","",920,5,27200,27200,160,37
"6101095","CSD","Ulukhaktok (HAM)",120.7109,408,159,134,"6101","61","",365,0,19400,19400,80,33.4
"6102003","CSD","Déline (CC)",79.3881,573,226,190,"6102","61","",350,0,38800,38000,125,39
"6102005","CSD","Tulita (HAM)",52.2791,396,160,134,"6102","61","",340,0,44800,39600,80,33
"6102007","CSD","Norman Wells (T)",82.0912,673,404,269,"6102","61","",630,10,88000,76000,255,42.9
"6102009","CSD","Fort Good Hope (CC)",47.249,507,231,195,"6102","61","",465,0,39200,36800,140,43.2
"6103031","CSD","Behchokò (CG)",74.9589,1746,541,460,"6103","61","",1155,0,38400,38000,305,39.4
"6103034","CSD","Whatì (CG)",58.3306,543,162,143,"6103","61","",300,0,40000,40000,110,40
"6104009","CSD","Fort Liard (HAM)",67.6131,468,209,170,"6104","61","",295,0,32400,30600,75,38.8
"6104014","CSD","Fort Providence (HAM)",255.494,618,292,256,"6104","61","",460,5,39200,38000,140,39.2
"6104017","CSD","Hay River Dene 1 (IRI)",134.0044,259,116,90,"6104","61","",240,0,26200,26200,50,37.6
"6104038","CSD","Fort Simpson (VL)",77.885,1100,572,452,"6104","61","",1010,5,44000,40400,395,43.6
"6105001","CSD","Fort Smith (T)",91.2147,2248,1009,881,"6105","61","",2145,10,61200,54800,715,41.6
"6105016","CSD","Hay River (T)",122.3976,3169,1541,1274,"6105","61","",2925,50,58400,52800,1090,41.4
"6105018","CSD","Fort Resolution (HAM)",452.8689,412,223,167,"6105","61","",390,0,40000,37200,100,39.6
"6105020","CSD","Lutselk'e (SET)",42.9646,333,139,129,"6105","61","",320,0,50000,48000,120,42.8
"6106023","CSD","Yellowknife (CY)",103.3723,20340,7975,7519,"6106","61","61995",17360,505,73000,62800,8205,43.8
"6106097","CSD","Region 6, Unorganized (NO)",182097.013,273,314,132,"6106","61","",260,5,64000,58000,105,44
"6204001","CSD","Sanikiluaq (HAM)",109.6769,1010,252,228,"6204","62","",90,0,19000,19000,145,40.4
"6204003","CSD","Iqaluit (CY)",51.5805,7429,3297,2708,"6204","62","",5165,305,1e+05,85000,3065,44.4
"6204005","CSD","Kimmirut (HAM)",2.3038,426,150,116,"6204","62","",30,0,23400,23400,95,45.2
"6204007","CSD","Cape Dorset (HAM)",9.8875,1396,416,362,"6204","62","",165,0,40400,37200,220,37.7
"6204009","CSD","Pangnirtung (HAM)",7.9779,1504,456,396,"6204","62","",155,10,32800,32800,265,40.7
"6204010","CSD","Qikiqtarjuaq (HAM)",130.8044,593,193,164,"6204","62","",35,0,40000,37600,100,44.8
"6204011","CSD","Hall Beach (HAM)",16.3635,891,205,197,"6204","62","",110,0,41200,37600,115,37
"6204012","CSD","Igloolik (HAM)",104.8608,2049,468,394,"6204","62","",220,5,66500,60400,290,39
"6204015","CSD","Clyde River (HAM)",103.3775,1181,278,258,"6204","62","",40,0,24800,24200,205,41.3
"6204018","CSD","Arctic Bay (HAM)",245.159,994,239,218,"6204","62","",55,0,34800,32800,115,34.8
"6204020","CSD","Pond Inlet (HAM)",170.8263,1555,466,365,"6204","62","",210,0,48000,43600,250,38.7
"6205014","CSD","Coral Harbour (HAM)",126.3904,1035,303,225,"6205","62","",400,0,53200,47600,155,35.8
"6205015","CSD","Arviat (HAM)",126.1413,2864,694,632,"6205","62","",290,5,32000,30200,470,41.4
"6205016","CSD","Whale Cove (HAM)",273.8941,470,128,116,"6205","62","",310,0,49600,46400,70,36.4
"6205017","CSD","Rankin Inlet (HAM)",20.0328,2975,1026,826,"6205","62","",1970,5,89000,72500,900,42.7
"6205019","CSD","Chesterfield Inlet (HAM)",139.4933,397,131,116,"6205","62","",190,0,43200,41200,105,44.4
"6205023","CSD","Baker Lake (HAM)",179.5396,2061,661,577,"6205","62","",1490,0,64000,58000,400,38.5
"6205027","CSD","Naujaat (HAM)",406.1928,1225,246,223,"6205","62","",190,0,24800,23800,160,38.2
"6208047","CSD","Kugaaruk (HAM)",5.0588,1033,225,214,"6208","62","",940,0,37600,37600,130,42
"6208059","CSD","Kugluktuk (HAM)",538.9922,1382,438,397,"6208","62","",1255,0,28200,28000,235,38.6
"6208073","CSD","Cambridge Bay (HAM)",195.7789,1760,701,571,"6208","62","",1615,10,109000,92000,520,41.9
"6208081","CSD","Gjoa Haven (HAM)",28.5462,1349,339,292,"6208","62","",1195,0,64500,54000,200,38.5
"6208087","CSD","Taloyoak (HAM)",35.3819,934,251,203,"6208","62","",745,5,46800,43600,140,42.6
