team_id,player_id,game_pk,batting_order,plate_appearances,total_bases,caught_stealing,stolen_bases,stolen_base_percentage,pickoffs,summary,fly_outs,ground_outs,air_outs,runs,doubles,triples,home_runs,strike_outs,base_on_balls,intentional_walks,hits,hit_by_pitch,at_bats,ground_into_double_play,ground_into_triple_play,rbi,left_on_base,sac_bunts,sac_flies,catchers_interference,at_bats_per_home_run
108,543685,747060,1,4,0,0,0,.---,0,0-4 | 2 K,1,1,1,0,0,0,0,2,0,0,0,0,4,0,0,0,1,0,0,0,-.--
108,543305,747060,2,4,0,0,0,.---,0,"0-3 | BB, 2 K",0,1,0,0,0,0,0,2,1,0,0,0,3,0,0,0,0,0,0,0,-.--
108,545361,747060,3,3,4,0,0,.---,0,"1-3 | HR, K, RBI",0,0,1,1,0,0,1,1,0,0,1,0,3,0,0,1,1,0,0,0,3
108,621493,747060,4,4,0,0,0,.---,0,0-4 | 2 K,0,1,1,0,0,0,0,2,0,0,0,0,4,1,0,0,1,0,0,0,-.--
108,592273,747060,5,2,0,0,0,.---,0,0-2 | K,0,1,0,0,0,0,0,1,0,0,0,0,2,0,0,0,0,0,0,0,-.--
108,694384,747060,6,3,0,0,0,.---,0,"0-2 | BB, K, R",1,0,1,1,0,0,0,1,1,0,0,0,2,0,0,0,0,0,0,0,-.--
108,593934,747060,7,2,0,0,0,.---,0,0-2 | 2 K,0,0,0,0,0,0,0,2,0,0,0,0,2,0,0,0,0,0,0,0,-.--
108,681351,747060,8,3,0,0,0,.---,0,0-2 | BB,1,0,2,0,0,0,0,0,1,0,0,0,2,0,0,0,0,0,0,0,-.--
108,687263,747060,9,3,0,0,0,.---,0,"0-3 | 2 K, RBI",0,1,0,0,0,0,0,2,0,0,0,0,3,0,0,1,1,0,0,0,-.--
110,683002,747060,1,5,1,0,0,.---,0,"1-4 | BB, K, R",0,1,1,1,0,0,0,1,1,0,1,0,4,0,0,0,4,0,0,0,-.--
110,668939,747060,2,5,2,0,0,.---,0,"2-4 | BB, 2 RBI, 3 R",1,1,1,3,0,0,0,0,1,0,2,0,4,0,0,2,2,0,0,0,-.--
110,663624,747060,3,5,1,0,0,.---,0,"1-3 | BB, K, RBI",1,1,1,0,0,0,0,1,1,0,1,0,3,0,0,1,1,0,1,0,-.--
110,623993,747060,4,5,4,0,0,.---,0,"1-4 | HR, 4 RBI, R",2,1,3,1,0,0,1,0,0,0,1,0,4,0,0,4,3,0,1,0,4
110,669720,747060,5,5,1,0,0,.---,0,"1-4 | BB, 2 K, R",0,0,1,1,0,0,0,2,1,0,1,0,4,0,0,0,2,0,0,0,-.--
110,676059,747060,6,3,1,0,0,.---,0,1-3 | RBI,0,2,0,0,0,0,0,0,0,0,1,0,3,0,0,1,2,0,0,0,-.--
110,656775,747060,7,4,4,0,0,.---,0,"1-4 | HR, 3 RBI, R",1,1,2,1,0,0,1,0,0,0,1,0,4,0,0,3,2,0,0,0,4
110,602104,747060,8,4,0,0,0,.---,0,"0-3 | BB, R",0,3,0,1,0,0,0,0,1,0,0,0,3,0,0,0,0,0,0,0,-.--
110,622761,747060,9,4,2,0,1,1,0,"1-3 | 2B, BB, K",1,0,1,2,1,0,0,1,1,0,1,0,3,0,0,0,1,0,0,0,-.--
120,682928,746737,1,4,0,0,0,.---,0,0-4 | 2 K,0,1,1,0,0,0,0,2,0,0,0,0,4,0,0,0,0,0,0,0,-.--
120,657041,746737,2,4,0,0,0,.---,0,0-4 | 2 K,1,0,2,0,0,0,0,2,0,0,0,0,4,0,0,0,0,0,0,0,-.--
120,608385,746737,3,4,1,0,0,.---,0,1-4 | K,0,2,0,0,0,0,0,1,0,0,1,0,4,0,0,0,0,0,0,0,-.--
120,608841,746737,4,4,2,0,0,.---,0,2-4 | R,0,0,2,1,0,0,0,0,0,0,2,0,4,0,0,0,0,0,0,0,-.--
120,608336,746737,5,4,0,0,0,.---,0,0-4 | 3 K,0,0,1,0,0,0,0,3,0,0,0,0,4,0,0,0,2,0,0,0,-.--
120,660688,746737,6,3,1,0,0,.---,0,1-3,0,0,2,0,0,0,0,0,0,0,1,0,3,0,0,0,1,0,0,0,-.--
120,592696,746737,7,3,4,0,0,.---,0,"1-3 | HR, 2 RBI, R",0,1,1,1,0,0,1,0,0,0,1,0,3,0,0,2,1,0,0,0,3
120,545121,746737,8,3,1,0,0,.---,0,1-3,1,1,1,0,0,0,0,0,0,0,1,0,3,0,0,0,0,0,0,0,-.--
120,671277,746737,9,3,0,0,0,.---,0,0-3 | K,0,2,0,0,0,0,0,1,0,0,0,0,3,0,0,0,1,0,0,0,-.--
113,663697,746737,1,5,1,0,0,.---,0,1-4 | BB,1,0,3,0,0,0,0,0,1,0,1,0,4,0,0,0,2,0,0,0,-.--
113,666181,746737,2,4,2,0,0,.---,0,"1-4 | 2B, K",1,1,1,0,1,0,0,1,0,0,1,0,4,0,0,0,2,0,0,0,-.--
113,687952,746737,3,4,0,0,0,.---,0,0-4 | K,1,1,2,0,0,0,0,1,0,0,0,0,4,0,0,0,3,0,0,0,-.--
113,600869,746737,4,4,0,0,0,.---,0,0-4 | 3 K,1,0,1,0,0,0,0,3,0,0,0,0,4,0,0,0,1,0,0,0,-.--
113,641584,746737,5,4,3,0,1,1,0,"2-4 | 2B, 2 R, SB",0,0,2,2,1,0,0,0,0,0,2,0,4,0,0,0,0,0,0,0,-.--
113,682829,746737,6,4,1,0,1,1,0,"1-3 | BB, 2 K, 2 R",0,0,0,2,0,0,0,2,1,0,1,0,3,0,0,0,1,0,0,0,-.--
113,668715,746737,7,4,3,0,1,1,0,"2-3 | 2B, HBP, K",0,0,0,2,1,0,0,1,0,0,2,1,3,0,0,2,0,0,0,0,-.--
113,605361,746737,8,4,8,0,0,.---,0,"2-4 | 2 HR, 5 RBI, 2 R",0,1,1,2,0,0,2,0,0,0,2,0,4,0,0,5,2,0,0,0,2
113,663886,746737,9,4,1,0,0,.---,0,"1-4 | K, RBI",0,2,0,0,0,0,0,1,0,0,1,0,4,0,0,1,1,0,0,0,-.--
137,808982,745445,1,4,1,1,0,0,1,"1-3 | K, RBI, CS",1,0,2,0,0,0,0,1,0,0,1,0,3,0,0,1,1,0,1,0,-.--
137,624585,745445,2,4,0,0,0,.---,0,"0-3 | BB, K",1,1,1,0,0,0,0,1,1,0,0,0,3,0,0,0,1,0,0,0,-.--
137,664774,745445,3,2,1,0,0,.---,0,1-2,0,1,0,0,0,0,0,0,0,0,1,0,2,0,0,0,0,0,0,0,-.--
137,656305,745445,4,4,1,0,0,.---,0,1-4 | K,1,0,2,0,0,0,0,1,0,0,1,0,4,0,0,0,1,0,0,0,-.--
137,573262,745445,5,4,0,0,0,.---,0,0-4 | 3 K,0,1,0,0,0,0,0,3,0,0,0,0,4,0,0,0,3,0,0,0,-.--
137,642731,745445,6,4,1,0,0,.---,0,"1-4 | K, R",0,1,1,1,0,0,0,1,0,0,1,0,4,0,0,0,2,0,0,0,-.--
137,624424,745445,7,4,7,0,0,.---,0,"3-4 | HR, 2B, K",0,0,0,3,1,0,1,1,0,0,3,0,4,0,0,1,2,0,0,0,4
137,672275,745445,8,4,0,0,0,.---,0,0-3 | K,1,2,1,0,0,0,0,1,0,0,0,0,3,0,0,0,1,1,0,0,-.--
137,605113,745445,9,3,3,0,0,.---,0,"2-3 | 2B, 2 RBI",1,0,1,0,1,0,0,0,0,0,2,0,3,0,0,2,0,0,0,0,-.--
135,593428,745445,1,4,2,0,0,.---,0,"2-4 | K, RBI, R",0,0,1,1,0,0,0,1,0,0,2,0,4,0,0,1,2,0,0,0,-.--
135,665487,745445,2,4,1,0,0,.---,0,1-4,0,3,0,0,0,0,0,0,0,0,1,0,4,1,0,0,3,0,0,0,-.--
135,630105,745445,3,4,2,0,0,.---,0,"1-4 | 2B, K, 2 RBI",0,2,0,0,1,0,0,1,0,0,1,0,4,0,0,2,1,0,0,0,-.--
135,592518,745445,4,4,0,0,0,.---,0,"0-3 | BB, R",0,1,2,1,0,0,0,0,1,0,0,0,3,0,0,0,2,0,0,0,-.--
135,673490,745445,5,4,1,0,1,1,0,"1-3 | BB, K, R",1,0,1,1,0,0,0,1,1,1,1,0,3,0,0,0,1,0,0,0,-.--
135,595777,745445,6,2,1,0,0,.---,0,1-2 | RBI,0,1,0,0,0,0,0,0,0,0,1,0,2,0,0,1,0,0,0,0,-.--
135,669134,745445,7,4,2,0,0,.---,0,2-4 | R,0,2,0,1,0,0,0,0,0,0,2,0,4,0,0,0,0,0,0,0,-.--
135,642180,745445,8,3,1,0,1,1,0,"1-3 | K, RBI, R",0,1,0,1,0,0,0,1,0,0,1,0,3,0,0,1,2,0,0,0,-.--
135,701538,745445,9,3,0,0,0,.---,0,"0-2 | BB, K, R",0,1,0,1,0,0,0,1,1,0,0,0,2,0,0,0,2,0,0,0,-.--
138,680977,746165,1,4,0,0,0,.---,0,0-4,2,1,3,0,0,0,0,0,0,0,0,0,4,0,0,0,1,0,0,0,-.--
138,502671,746165,2,4,6,0,0,.---,0,"3-4 | HR, K, RBI",0,0,0,1,0,0,1,1,0,0,3,0,4,0,0,1,0,0,0,0,4
138,669357,746165,3,4,0,0,0,.---,0,0-4 | 2 K,0,0,2,0,0,0,0,2,0,0,0,0,4,0,0,0,2,0,0,0,-.--
138,571448,746165,4,4,0,0,0,.---,0,0-4,2,0,4,0,0,0,0,0,0,0,0,0,4,0,0,0,2,0,0,0,-.--
138,575929,746165,5,4,0,0,0,.---,0,0-3 | BB,1,0,3,0,0,0,0,0,1,0,0,0,3,0,0,0,1,0,0,0,-.--
138,676475,746165,6,3,0,0,0,.---,0,0-3 | K,1,1,1,0,0,0,0,1,0,0,0,0,3,0,0,0,1,0,0,0,-.--
138,691023,746165,7,3,0,0,0,.---,0,0-3 | K,2,0,2,0,0,0,0,1,0,0,0,0,3,0,0,0,0,0,0,0,-.--
138,687363,746165,8,3,0,0,1,1,0,"0-3 | K, SB",1,1,1,0,0,0,0,1,0,0,0,0,3,0,0,0,0,0,0,0,-.--
138,691026,746165,9,3,0,0,0,.---,0,0-3,1,1,2,0,0,0,0,0,0,0,0,0,3,0,0,0,1,0,0,0,-.--
119,605141,746165,1,4,4,0,0,.---,0,"1-2 | HR, 2 BB, RBI",0,0,1,3,0,0,1,0,2,0,1,0,2,0,0,1,0,0,0,0,2
119,660271,746165,2,4,3,0,0,.---,0,"2-3 | 2B, BB, K",0,0,0,1,1,0,0,1,1,0,2,0,3,0,0,0,1,0,0,0,-.--
119,518692,746165,3,4,5,0,0,.---,0,"2-3 | HR, BB, K",0,0,0,2,0,0,1,1,1,0,2,0,3,0,0,3,1,0,0,0,3
119,669257,746165,4,4,1,0,0,.---,0,1-4,2,0,3,0,0,0,0,0,0,0,1,0,4,0,0,0,3,0,0,0,-.--
119,571970,746165,5,4,1,0,0,.---,0,"1-3 | 2 K, 2 RBI",1,0,1,0,0,0,0,2,0,0,1,0,3,0,0,2,0,0,1,0,-.--
119,606192,746165,6,4,2,0,0,.---,0,"1-4 | 2B, 3 K, R",0,0,0,1,1,0,0,3,0,0,1,0,4,0,0,0,3,0,0,0,-.--
119,681546,746165,7,3,2,0,0,.---,0,"2-3 | K, RBI",0,0,0,0,0,0,0,1,0,0,2,0,3,0,0,1,0,0,0,0,-.--
119,518792,746165,8,3,0,0,0,.---,0,0-3,0,2,1,0,0,0,0,0,0,0,0,0,3,0,0,0,2,0,0,0,-.--
119,666158,746165,9,3,0,0,0,.---,0,0-3 | K,0,2,0,0,0,0,0,1,0,0,0,0,3,1,0,0,2,0,0,0,-.--
141,543807,745116,1,5,4,0,0,.---,0,"1-4 | HR, BB, RBI",0,1,2,2,0,0,1,0,1,0,1,0,4,0,0,1,2,0,0,0,4
141,665489,745116,2,5,4,0,0,.---,0,"1-5 | HR, K, RBI",2,1,2,1,0,0,1,1,0,0,1,0,5,0,0,1,2,0,0,0,5
141,666182,745116,3,5,3,0,0,.---,0,"2-4 | 2B, BB, K",1,0,1,1,1,0,0,1,1,0,2,0,4,0,0,2,0,0,0,0,-.--
141,457759,745116,4,5,0,0,0,.---,0,"0-4 | HBP, K, R",2,1,2,1,0,0,0,1,0,0,0,1,4,1,0,0,2,0,0,0,-.--
141,662139,745116,5,4,0,0,0,.---,0,"0-3 | BB, K, R",1,1,1,1,0,0,0,1,1,0,0,0,3,0,0,0,1,0,0,0,-.--
141,672386,745116,6,4,1,0,0,.---,0,"1-3 | BB, K, 2 RBI",0,1,0,0,0,0,0,1,1,0,1,0,3,0,0,2,0,0,0,0,-.--
141,595281,745116,7,4,1,0,0,.---,0,"1-3 | BB, K, RBI",0,1,0,0,0,0,0,1,1,0,1,0,3,0,0,1,0,0,0,0,-.--
141,643396,745116,8,4,0,0,0,.---,0,0-4,1,3,1,0,0,0,0,0,0,0,0,0,4,1,0,0,4,0,0,0,-.--
141,624415,745116,9,4,4,0,0,.---,0,"1-2 | HR, 2 BB, K",0,0,0,2,0,0,1,1,2,0,1,0,2,0,0,1,0,0,0,0,2
139,650490,745116,1,4,7,0,0,.---,0,"3-4 | HR, 2B, 2 RBI",1,0,1,1,1,0,1,0,0,0,3,0,4,0,0,2,0,0,0,0,4
139,664040,745116,2,4,1,0,0,.---,0,"1-3 | BB, K",0,1,0,0,0,0,0,1,1,0,1,0,3,1,0,0,1,0,0,0,-.--
139,668227,745116,3,4,0,0,0,.---,0,0-4 | 2 K,1,1,1,0,0,0,0,2,0,0,0,0,4,0,0,0,3,0,0,0,-.--
139,623912,745116,4,4,0,0,0,.---,0,0-4 | K,0,3,0,0,0,0,0,1,0,0,0,0,4,0,0,0,3,0,0,0,-.--
139,670623,745116,5,4,0,0,0,.---,0,0-4 | K,0,1,2,0,0,0,0,1,0,0,0,0,4,0,0,0,2,0,0,0,-.--
139,680700,745116,6,3,0,0,0,.---,0,"0-2 | BB, K",0,1,0,0,0,0,0,1,1,0,0,0,2,0,0,0,0,0,0,0,-.--
139,642350,745116,7,4,1,0,1,1,0,"1-4 | 2 K, SB",0,1,0,0,0,0,0,2,0,0,1,0,4,0,0,0,2,0,0,0,-.--
139,676609,745116,8,4,1,1,0,0,0,"1-4 | 2 K, CS",0,0,1,0,0,0,0,2,0,0,1,0,4,0,0,0,3,0,0,0,-.--
139,650907,745116,9,3,2,0,0,.---,0,"1-3 | 2B, K, R",0,0,1,1,1,0,0,1,0,0,1,0,3,0,0,0,1,0,0,0,-.--
142,621439,746335,1,5,1,0,0,.---,0,"1-4 | BB, K, R",1,0,2,1,0,0,0,1,1,0,1,0,4,0,0,0,1,0,0,0,-.--
142,680777,746335,2,5,0,0,0,.---,0,0-5 | K,0,4,0,0,0,0,0,1,0,0,0,0,5,0,0,0,4,0,0,0,-.--
142,668904,746335,3,2,5,0,0,.---,0,"2-2 | HR, RBI, R",0,0,0,1,0,0,1,0,0,0,2,0,2,0,0,1,0,0,0,0,2
142,621043,746335,4,5,4,0,0,.---,0,"3-4 | 2B, BB, 2 RBI",1,0,1,0,1,0,0,0,1,0,3,0,4,0,0,2,1,0,0,0,-.--
142,467793,746335,5,5,1,0,0,.---,0,"1-4 | BB, 2 K",0,1,0,0,0,0,0,2,1,1,1,0,4,0,0,0,3,0,0,0,-.--
142,596146,746335,6,4,0,0,0,.---,0,0-4 | 2 K,1,0,2,0,0,0,0,2,0,0,0,0,4,0,0,0,5,0,0,0,-.--
142,571657,746335,7,4,0,0,0,.---,0,"0-3 | BB, 2 K",0,1,0,0,0,0,0,2,1,0,0,0,3,0,0,0,2,0,0,0,-.--
142,650489,746335,8,4,0,0,0,.---,0,0-4 | 3 K,0,1,0,0,0,0,0,3,0,0,0,0,4,0,0,0,3,0,0,0,-.--
142,622534,746335,9,2,1,0,0,.---,0,"1-2 | K, R",0,0,0,1,0,0,0,1,0,0,1,0,2,0,0,0,0,0,0,0,-.--
118,672580,746335,1,4,4,0,0,.---,0,"1-4 | HR, K, RBI",1,0,2,1,0,0,1,1,0,0,1,0,4,0,0,1,1,0,0,0,4
118,677951,746335,2,4,2,0,0,.---,0,"1-3 | 2B, BB, 2 K",0,0,0,0,1,0,0,2,1,0,1,0,3,0,0,0,0,0,0,0,-.--
118,686469,746335,3,4,0,0,0,.---,0,0-4,1,3,1,0,0,0,0,0,0,0,0,0,4,0,0,0,2,0,0,0,-.--
118,521692,746335,4,4,0,0,0,.---,0,0-4 | 2 K,2,0,2,0,0,0,0,2,0,0,0,0,4,0,0,0,1,0,0,0,-.--
118,669004,746335,5,4,2,0,0,.---,0,"1-4 | 2B, K",1,1,1,0,1,0,0,1,0,0,1,0,4,0,0,0,1,0,0,0,-.--
118,592669,746335,6,3,0,0,0,.---,0,0-3 | K,0,2,0,0,0,0,0,1,0,0,0,0,3,0,0,0,1,0,0,0,-.--
118,624428,746335,7,3,1,0,0,.---,0,1-3,0,1,1,0,0,0,0,0,0,0,1,0,3,0,0,0,1,0,0,0,-.--
118,676369,746335,8,3,0,0,0,.---,0,0-3 | K,1,1,1,0,0,0,0,1,0,0,0,0,3,1,0,0,2,0,0,0,-.--
118,664728,746335,9,3,1,0,0,.---,0,1-3,0,1,1,0,0,0,0,0,0,0,1,0,3,0,0,0,0,0,0,0,-.--
116,628451,746821,1,3,1,0,0,.---,0,"1-2 | K, RBI",0,0,1,0,0,0,0,1,0,0,1,0,2,0,0,1,0,0,1,0,-.--
116,679529,746821,2,4,2,0,0,.---,0,2-4,1,0,2,0,0,0,0,0,0,0,2,0,4,0,0,0,1,0,0,0,-.--
116,682985,746821,3,4,0,0,0,.---,0,0-4 | 2 K,0,1,1,0,0,0,0,2,0,0,0,0,4,0,0,0,3,0,0,0,-.--
116,592192,746821,4,4,0,0,0,.---,0,"0-3 | BB, 2 K",0,1,0,0,0,0,0,2,1,0,0,0,3,0,0,0,0,0,0,0,-.--
116,663837,746821,5,4,1,0,0,.---,0,1-4 | 3 K,0,0,0,0,0,0,0,3,0,0,1,0,4,0,0,0,3,0,0,0,-.--
116,690993,746821,6,4,1,0,0,.---,0,1-4,0,1,2,0,0,0,0,0,0,0,1,0,4,0,0,0,1,0,0,0,-.--
116,668670,746821,7,4,0,0,0,.---,0,0-4 | K,1,2,1,0,0,0,0,1,0,0,0,0,4,0,0,0,2,0,0,0,-.--
116,595879,746821,8,4,1,0,1,1,0,"1-4 | K, R, SB",1,0,2,1,0,0,0,1,0,0,1,0,4,0,0,0,0,0,0,0,-.--
116,678009,746821,9,3,0,0,0,.---,0,0-3 | K,0,2,0,0,0,0,0,1,0,0,0,0,3,0,0,0,1,0,0,0,-.--
145,643217,746821,1,4,0,0,0,.---,0,0-4 | 2 K,1,1,1,0,0,0,0,2,0,0,0,0,4,0,0,0,0,0,0,0,-.--
145,660162,746821,2,4,0,0,0,.---,0,0-4 | K,1,2,1,0,0,0,0,1,0,0,0,0,4,0,0,0,0,0,0,0,-.--
145,673357,746821,3,4,1,0,0,.---,0,1-4 | 2 K,1,0,1,0,0,0,0,2,0,0,1,0,4,0,0,0,0,0,0,0,-.--
145,650391,746821,4,3,1,0,0,.---,0,1-3,0,0,2,0,0,0,0,0,0,0,1,0,3,0,0,0,1,0,0,0,-.--
145,683734,746821,5,3,1,0,0,.---,0,1-3 | 2 K,0,0,0,0,0,0,0,2,0,0,1,0,3,0,0,0,1,0,0,0,-.--
145,657557,746821,6,3,0,0,0,.---,0,0-3 | 2 K,1,0,1,0,0,0,0,2,0,0,0,0,3,0,0,0,2,0,0,0,-.--
145,607680,746821,7,3,0,0,0,.---,0,0-3 | K,0,1,1,0,0,0,0,1,0,0,0,0,3,0,0,0,1,0,0,0,-.--
145,455117,746821,8,3,0,0,0,.---,0,0-3 | K,0,1,1,0,0,0,0,1,0,0,0,0,3,0,0,0,1,0,0,0,-.--
145,670032,746821,9,3,0,0,0,.---,0,0-3,0,1,2,0,0,0,0,0,0,0,0,0,3,0,0,0,0,0,0,0,-.--
134,656582,746089,1,6,0,0,0,.---,0,"0-4 | 2 BB, R",2,2,2,1,0,0,0,0,2,0,0,0,4,0,0,0,2,0,0,0,-.--
134,668804,746089,2,6,6,0,0,.---,0,"2-5 | HR, 2B, BB",0,1,0,1,1,0,1,2,1,0,2,0,5,0,0,2,2,0,0,0,5
134,663647,746089,3,6,3,0,0,.---,0,"2-4 | 2B, 2 BB, K",0,1,0,1,1,0,0,1,2,0,2,0,4,0,0,0,1,0,0,0,-.--
134,457705,746089,4,6,0,0,0,.---,0,"0-5 | BB, 4 K, RBI",0,1,0,0,0,0,0,4,1,0,0,0,5,0,0,1,7,0,0,0,-.--
134,680779,746089,5,6,1,0,0,.---,0,1-6 | K,1,0,4,0,0,0,0,1,0,0,1,0,6,0,0,0,7,0,0,0,-.--
134,665833,746089,6,6,4,0,0,.---,0,"1-5 | HR, BB, 3 K",0,1,0,1,0,0,1,3,1,1,1,0,5,0,0,1,4,0,0,0,5
134,669707,746089,7,6,1,0,0,.---,0,"1-6 | 2 K, RBI",1,2,1,0,0,0,0,2,0,0,1,0,6,0,0,1,4,0,0,0,-.--
134,642133,746089,8,2,0,0,0,.---,0,0-2 | 2 K,0,0,0,0,0,0,0,2,0,0,0,0,2,0,0,0,0,0,0,0,-.--
134,572191,746089,9,5,1,0,0,.---,0,"1-5 | 2 K, R",0,2,0,1,0,0,0,2,0,0,1,0,5,0,0,0,2,0,0,0,-.--
146,650333,746089,1,6,0,0,0,.---,0,0-6 | K,2,2,3,0,0,0,0,1,0,0,0,0,6,0,0,0,4,0,0,0,-.--
146,605137,746089,2,6,2,0,0,.---,0,"2-4 | BB, HBP, K",0,1,0,1,0,0,0,1,1,0,2,1,4,0,0,0,1,0,0,0,-.--
146,650559,746089,3,6,1,0,0,.---,0,"1-6 | K, R",1,3,1,1,0,0,0,1,0,0,1,0,6,1,0,0,4,0,0,0,-.--
146,665862,746089,4,5,2,0,0,.---,0,"1-3 | 2B, 2 BB, 2 R",2,0,2,2,1,0,0,0,2,1,1,0,3,0,0,0,3,0,0,0,-.--
146,669394,746089,5,5,3,0,0,.---,0,"3-4 | 3 RBI, R",0,1,1,1,0,0,0,0,0,0,3,0,4,1,0,3,2,0,1,0,-.--
146,660821,746089,6,3,0,0,1,1,0,"0-3 | RBI, SB",0,3,0,0,0,0,0,0,0,0,0,0,3,0,0,1,3,0,0,0,-.--
146,641313,746089,7,5,2,0,0,.---,0,"1-5 | 2B, K, RBI",1,2,1,0,1,0,0,1,0,0,1,0,5,0,0,1,2,0,0,0,-.--
146,624503,746089,8,3,0,0,0,.---,0,0-3 | K,0,0,2,0,0,0,0,1,0,0,0,0,3,0,0,0,2,0,0,0,-.--
146,663743,746089,9,4,0,0,0,.---,0,0-3 | HBP,0,2,1,0,0,0,0,0,0,0,0,1,3,0,0,0,2,0,0,0,-.--
147,650402,746418,1,5,0,0,0,.---,0,"0-4 | BB, K, R",1,2,1,1,0,0,0,1,1,0,0,0,4,0,0,0,0,0,0,0,-.--
147,665742,746418,2,5,1,0,0,.---,0,"1-3 | 2 BB, K, RBI",0,1,0,0,0,0,0,1,2,0,1,0,3,0,0,1,0,0,0,0,-.--
147,592450,746418,3,5,2,0,0,.---,0,"1-4 | 2B, BB, 2 K",0,1,0,1,1,0,0,2,1,0,1,0,4,1,0,0,5,0,0,0,-.--
147,519317,746418,4,5,1,0,0,.---,0,1-5 | 2 K,0,2,0,0,0,0,0,2,0,0,1,0,5,0,0,0,4,0,0,0,-.--
147,519203,746418,5,5,1,0,0,.---,0,"1-3 | BB, HBP, K",0,0,1,0,0,0,0,1,1,0,1,1,3,0,0,1,2,0,0,0,-.--
147,683011,746418,6,5,1,0,0,.---,0,"1-2 | 3 BB, K, RBI",0,0,0,0,0,0,0,1,3,0,1,0,2,0,0,1,0,0,0,0,-.--
147,657077,746418,7,4,1,0,0,.---,0,1-3 | RBI,0,2,1,0,0,0,0,0,0,0,1,0,3,1,0,1,6,0,1,0,-.--
147,624431,746418,8,4,0,0,0,.---,0,"0-3 | BB, K, R",0,1,1,1,0,0,0,1,1,0,0,0,3,1,0,0,5,0,0,0,-.--
147,665828,746418,9,4,5,0,0,.---,0,"2-4 | HR, K, RBI",0,1,0,2,0,0,1,1,0,0,2,0,4,0,0,1,0,0,0,0,4
117,514888,746418,1,5,1,0,0,.---,0,1-5 | 2 K,0,0,2,0,0,0,0,2,0,0,1,0,5,0,0,0,2,0,0,0,-.--
117,670541,746418,2,5,2,0,0,.---,0,2-5 | R,2,1,2,1,0,0,0,0,0,0,2,0,5,0,0,0,1,0,0,0,-.--
117,663656,746418,3,5,1,0,0,.---,0,"1-4 | BB, 2 K, R",0,0,1,1,0,0,0,2,1,0,1,0,4,0,0,0,1,0,0,0,-.--
117,608324,746418,4,5,1,0,0,.---,0,1-5,2,2,2,0,0,0,0,0,0,0,1,0,5,0,0,0,4,0,0,0,-.--
117,547989,746418,5,4,0,0,0,.---,0,"0-3 | BB, K, R",1,1,1,1,0,0,0,1,1,0,0,0,3,0,0,0,2,0,0,0,-.--
117,676801,746418,6,4,1,0,0,.---,0,"1-4 | K, 2 RBI",1,0,2,0,0,0,0,1,0,0,1,0,4,0,0,2,0,0,0,0,-.--
117,673237,746418,7,4,3,0,0,.---,0,3-4 | RBI,0,1,0,0,0,0,0,0,0,0,3,0,4,0,0,1,0,0,0,0,-.--
117,665161,746418,8,4,3,0,0,.---,0,2-4 | 2B,0,2,0,0,1,0,0,0,0,0,2,0,4,1,0,0,3,0,0,0,-.--
117,676694,746418,9,2,4,0,0,.---,0,"1-2 | HR, K, RBI",0,0,0,1,0,0,1,1,0,0,1,0,2,0,0,1,1,0,0,0,2
112,664023,745039,1,5,0,0,0,.---,0,"0-4 | BB, K",1,2,1,0,0,0,0,1,1,0,0,0,4,0,0,0,0,0,0,0,-.--
112,673548,745039,2,5,2,0,0,.---,0,"1-5 | 2B, R",2,2,2,1,1,0,0,0,0,0,1,0,5,0,0,0,2,0,0,0,-.--
112,641355,745039,3,5,2,0,0,.---,0,"1-4 | 2B, BB, K",0,1,1,0,1,0,0,1,1,1,1,0,4,0,0,1,0,0,0,0,-.--
112,666624,745039,4,5,4,0,0,.---,0,"2-5 | 3B, K, R",1,1,1,1,0,1,0,1,0,0,2,0,5,0,0,0,4,0,0,0,-.--
112,621020,745039,5,4,0,0,0,.---,0,"0-3 | K, RBI",1,2,1,0,0,0,0,1,0,0,0,0,3,0,0,1,1,0,1,0,-.--
112,683737,745039,6,4,1,0,0,.---,0,"1-2 | 2 BB, K, R",0,0,0,1,0,0,0,1,2,0,1,0,2,0,0,0,0,0,0,0,-.--
112,663538,745039,7,4,0,0,0,.---,0,"0-2 | BB, HBP, K",0,1,0,0,0,0,0,1,1,0,0,1,2,1,0,0,2,0,0,0,-.--
112,663611,745039,8,3,2,0,0,.---,0,1-3 | 2B,0,2,0,0,1,0,0,0,0,0,1,0,3,1,0,0,1,0,0,0,-.--
112,543228,745039,9,3,0,0,0,.---,0,0-3 | K,2,0,2,0,0,0,0,1,0,0,0,0,3,0,0,0,2,0,0,0,-.--
140,543760,745039,1,5,0,0,0,.---,0,"0-4 | BB, 2 K",1,0,2,0,0,0,0,2,1,0,0,0,4,0,0,0,1,0,0,0,-.--
140,608369,745039,2,5,1,0,0,.---,0,1-5 | K,1,2,1,0,0,0,0,1,0,0,1,0,5,0,0,0,3,0,0,0,-.--
140,673962,745039,3,5,2,0,0,.---,0,"1-3 | 2B, 2 BB, 2 R",0,1,1,2,1,0,0,0,2,0,1,0,3,0,0,0,1,0,0,0,-.--
140,666969,745039,4,5,5,0,0,.---,0,"2-4 | HR, BB, K",0,1,0,1,0,0,1,1,1,0,2,0,4,0,0,1,2,0,0,0,4
140,694671,745039,5,5,1,0,0,.---,0,"1-3 | BB, K, RBI",1,1,1,0,0,0,0,1,1,1,1,0,3,0,0,1,3,0,1,0,-.--
140,641680,745039,6,5,1,0,0,.---,0,"1-5 | 2 K, RBI",0,2,0,0,0,0,0,2,0,0,1,0,5,0,0,1,4,0,0,0,-.--
140,677649,745039,7,3,2,0,0,.---,0,"1-3 | 2B, 2 K",0,0,0,0,1,0,0,2,0,0,1,0,3,0,0,0,1,0,0,0,-.--
140,694497,745039,8,4,0,0,0,.---,0,0-3 | BB,1,1,2,0,0,0,0,0,1,0,0,0,3,0,0,0,1,0,0,0,-.--
140,665750,745039,9,4,0,0,0,.---,0,0-3 | K,2,1,2,0,0,0,0,1,0,0,0,0,3,0,0,0,1,1,0,0,-.--
114,680757,745687,1,5,1,0,0,.---,0,"1-5 | K, R",0,0,3,1,0,0,0,1,0,0,1,0,5,0,0,0,2,0,0,0,-.--
114,608070,745687,2,5,3,0,0,.---,0,"1-5 | 3B, RBI, R",0,3,1,1,0,1,0,0,0,0,1,0,5,1,0,1,2,0,0,0,-.--
114,657656,745687,3,5,0,0,0,.---,0,"0-4 | BB, 2 K",1,1,1,0,0,0,0,2,1,0,0,0,4,0,0,0,0,0,0,0,-.--
114,647304,745687,4,5,2,1,0,0,0,"1-3 | 2B, BB, HBP",0,1,0,1,1,0,0,1,1,0,1,1,3,0,0,0,2,0,0,0,-.--
114,681807,745687,5,5,4,0,0,.---,0,"3-4 | 2B, RBI, 2 R",1,1,1,2,1,0,0,0,0,0,3,0,4,0,0,1,1,0,1,0,-.--
114,671289,745687,6,5,3,0,0,.---,0,"2-4 | 2B, HBP, RBI",0,0,2,1,1,0,0,0,0,0,2,1,4,0,0,1,2,0,0,0,-.--
114,665926,745687,7,4,1,0,0,.---,0,"1-3 | HBP, RBI, R",1,1,1,1,0,0,0,0,0,0,1,1,3,0,0,1,1,0,0,0,-.--
114,595978,745687,8,4,1,0,0,.---,0,"1-4 | 2 K, RBI, R",0,0,1,1,0,0,0,2,0,0,1,0,4,0,0,1,4,0,0,0,-.--
114,677587,745687,9,4,2,0,0,.---,0,"1-3 | 2B, BB, K",1,0,1,0,1,0,0,1,1,0,1,0,3,0,0,2,3,0,0,0,-.--
133,676116,745687,1,3,0,0,0,.---,0,0-3 | 2 K,0,1,0,0,0,0,0,2,0,0,0,0,3,0,0,0,0,0,0,0,-.--
133,680869,745687,2,4,0,0,0,.---,0,0-4 | 2 K,0,2,0,0,0,0,0,2,0,0,0,0,4,0,0,0,0,0,0,0,-.--
133,668709,745687,3,4,3,0,0,.---,0,"2-4 | 2B, K",0,1,0,0,1,0,0,1,0,0,2,0,4,0,0,0,0,0,0,0,-.--
133,667670,745687,4,4,0,0,0,.---,0,0-4 | 3 K,1,0,1,0,0,0,0,3,0,0,0,0,4,0,0,0,3,0,0,0,-.--
133,664913,745687,5,3,0,0,0,.---,0,0-3 | K,1,1,1,0,0,0,0,1,0,0,0,0,3,1,0,0,1,0,0,0,-.--
133,605204,745687,6,3,1,0,0,.---,0,1-3 | K,0,0,1,0,0,0,0,1,0,0,1,0,3,0,0,0,0,0,0,0,-.--
133,669127,745687,7,3,0,0,0,.---,0,0-3 | K,0,0,2,0,0,0,0,1,0,0,0,0,3,0,0,0,1,0,0,0,-.--
133,671732,745687,8,2,0,0,0,.---,0,"0-1 | BB, K",0,0,0,0,0,0,0,1,1,0,0,0,1,0,0,0,1,0,0,0,-.--
133,669397,745687,9,3,1,0,0,.---,0,1-3 | K,0,1,0,0,0,0,0,1,0,0,1,0,3,0,0,0,0,0,0,0,-.--
115,453568,747224,1,3,0,0,0,.---,0,0-2 | BB,1,1,1,0,0,0,0,0,1,0,0,0,2,0,0,0,0,0,0,0,-.--
115,592178,747224,2,3,0,0,0,.---,0,0-2 | HBP,1,1,1,0,0,0,0,0,0,0,0,1,2,0,0,0,1,0,0,0,-.--
115,666134,747224,3,4,0,0,0,.---,0,0-4 | 2 K,0,1,1,0,0,0,0,2,0,0,0,0,4,0,0,0,2,0,0,0,-.--
115,663898,747224,4,4,2,0,0,.---,0,"1-4 | 2B, R",1,2,1,1,1,0,0,0,0,0,1,0,4,0,0,0,0,0,0,0,-.--
115,641857,747224,5,4,3,0,0,.---,0,"2-2 | 2B, 2 BB, RBI",0,0,0,0,1,0,0,0,2,0,2,0,2,0,0,1,0,0,0,0,-.--
115,553869,747224,6,3,1,0,0,.---,0,1-3 | K,1,0,1,0,0,0,0,1,0,0,1,0,3,0,0,0,2,0,0,0,-.--
115,678662,747224,7,4,0,0,0,.---,0,0-4 | K,0,2,1,0,0,0,0,1,0,0,0,0,4,0,0,0,4,0,0,0,-.--
115,660707,747224,8,3,0,0,0,.---,0,0-3 | K,0,0,2,0,0,0,0,1,0,0,0,0,3,0,0,0,3,0,0,0,-.--
115,686668,747224,9,3,0,0,0,.---,0,0-3 | K,0,2,0,0,0,0,0,1,0,0,0,0,3,0,0,0,0,0,0,0,-.--
109,606466,747224,1,5,3,0,0,.---,0,"3-5 | RBI, 3 R",1,1,1,3,0,0,0,0,0,0,3,0,5,0,0,1,2,0,0,0,-.--
109,682998,747224,2,5,0,0,0,.---,0,"0-3 | 2 BB, 2 R",0,2,1,2,0,0,0,0,2,0,0,0,3,0,0,0,1,0,0,0,-.--
109,666971,747224,3,5,6,0,0,.---,0,"3-5 | HR, 2 K, 5 RBI",0,0,0,3,0,0,1,2,0,0,3,0,5,0,0,5,0,0,0,0,5
109,572233,747224,4,5,3,0,0,.---,0,"2-4 | 2B, BB, 2 K",0,0,0,2,1,0,0,2,1,0,2,0,4,0,0,2,0,0,0,0,-.--
109,672515,747224,5,5,3,0,0,.---,0,"2-5 | 2B, K, 3 RBI",0,2,0,2,1,0,0,1,0,0,2,0,5,0,0,3,1,0,0,0,-.--
109,553993,747224,6,5,2,0,0,.---,0,"2-4 | K, 2 RBI, R",2,0,2,1,0,0,0,1,0,0,2,0,4,0,0,2,0,0,1,0,-.--
109,677942,747224,7,5,2,0,0,.---,0,"2-5 | 2 K, RBI",1,0,1,0,0,0,0,2,0,0,2,0,5,0,0,1,3,0,0,0,-.--
109,677950,747224,8,5,3,0,0,.---,0,"2-5 | 2B, K, RBI",0,2,0,1,1,0,0,1,0,0,2,0,5,1,0,1,2,0,0,0,-.--
109,672695,747224,9,4,2,0,0,.---,0,"2-4 | RBI, 2 R",1,1,1,2,0,0,0,0,0,0,2,0,4,0,0,1,2,0,0,0,-.--
111,680776,745283,1,5,1,0,1,1,0,"1-5 | K, R, SB",1,2,1,1,0,0,0,1,0,0,1,0,5,0,0,0,3,0,0,0,-.--
111,646240,745283,2,5,6,0,0,.---,0,"2-5 | HR, 2B, K",1,0,2,1,1,0,1,1,0,0,2,0,5,0,0,2,1,0,0,0,5
111,596115,745283,3,5,1,0,1,1,0,"1-4 | BB, K, SB",1,0,2,0,0,0,0,1,1,0,1,0,4,0,0,0,0,0,0,0,-.--
111,671213,745283,4,5,1,0,0,.---,0,"1-5 | K, RBI",0,3,0,0,0,0,0,1,0,0,1,0,5,0,0,1,4,0,0,0,-.--
111,641933,745283,5,4,4,0,1,1,0,"1-3 | HR, BB, RBI",1,1,1,2,0,0,1,0,1,0,1,0,3,0,0,1,3,0,0,0,3
111,807799,745283,6,4,2,0,0,.---,0,1-4 | 2B,0,1,2,0,1,0,0,0,0,0,1,0,4,0,0,0,1,0,0,0,-.--
111,678882,745283,7,4,3,1,0,0,0,"1-4 | 3B, K, RBI",0,1,1,1,0,1,0,1,0,0,1,0,4,0,0,1,2,0,0,0,-.--
111,665839,745283,8,2,1,0,0,.---,0,1-2 | R,0,0,1,1,0,0,0,0,0,0,1,0,2,0,0,0,2,0,0,0,-.--
111,657136,745283,9,4,2,0,0,.---,0,"2-4 | K, RBI",0,0,1,0,0,0,0,1,0,0,2,0,4,0,0,1,1,0,0,0,-.--
136,641487,745283,1,4,0,0,0,.---,0,0-4 | K,0,2,1,0,0,0,0,1,0,0,0,0,4,0,0,0,1,0,0,0,-.--
136,677594,745283,2,4,2,0,0,.---,0,"1-4 | 2B, K",0,1,1,0,1,0,0,1,0,0,1,0,4,0,0,0,1,0,0,0,-.--
136,593871,745283,3,4,1,0,0,.---,0,"1-3 | HBP, K",1,0,1,0,0,0,0,1,0,0,1,1,3,0,0,0,0,0,0,0,-.--
136,641598,745283,4,4,2,0,0,.---,0,1-4 | 2B,0,2,1,0,1,0,0,0,0,0,1,0,4,1,0,0,3,0,0,0,-.--
136,663728,745283,5,4,1,0,0,.---,0,"1-4 | K, R",0,2,0,1,0,0,0,1,0,0,1,0,4,0,0,0,2,0,0,0,-.--
136,571745,745283,6,4,5,0,0,.---,0,"2-3 | HR, BB, 2 RBI",0,0,1,2,0,0,1,0,1,0,2,0,3,0,0,2,1,0,0,0,3
136,686527,745283,7,2,0,0,0,.---,0,0-2 | K,0,1,0,0,0,0,0,1,0,0,0,0,2,0,0,0,1,0,0,0,-.--
136,664034,745283,8,4,0,0,0,.---,0,0-4 | K,0,2,1,0,0,0,0,1,0,0,0,0,4,0,0,0,2,0,0,0,-.--
136,668942,745283,9,2,1,0,0,.---,0,1-2,1,0,1,0,0,0,0,0,0,0,1,0,2,0,0,0,0,0,0,0,-.--
158,694192,745848,1,4,1,0,1,1,0,"1-3 | BB, RBI, SB",0,2,0,0,0,0,0,0,1,0,1,0,3,0,0,1,1,0,0,0,-.--
158,661388,745848,2,4,0,0,0,.---,0,"0-3 | 2 K, RBI",1,1,1,0,0,0,0,2,0,0,0,0,3,1,0,1,2,0,1,0,-.--
158,592885,745848,3,4,6,0,0,.---,0,"3-4 | HR, K, RBI",0,0,0,1,0,0,1,1,0,0,3,0,4,0,0,1,0,0,0,0,4
158,656555,745848,4,4,0,0,0,.---,0,"0-3 | BB, K",0,1,1,0,0,0,0,1,1,0,0,0,3,1,0,0,4,0,0,0,-.--
158,642715,745848,5,4,0,0,0,.---,0,0-4,3,1,3,0,0,0,0,0,0,0,0,0,4,0,0,0,1,0,0,0,-.--
158,663368,745848,6,4,1,0,0,.---,0,1-4 | K,1,1,1,0,0,0,0,1,0,0,1,0,4,0,0,0,1,0,0,0,-.--
158,687401,745848,7,4,1,0,0,.---,0,1-4 | K,0,0,2,0,0,0,0,1,0,0,1,0,4,0,0,0,1,0,0,0,-.--
158,596142,745848,8,2,0,0,0,.---,0,0-2,1,1,1,0,0,0,0,0,0,0,0,0,2,0,0,0,1,0,0,0,-.--
158,655316,745848,9,2,0,0,0,.---,0,"0-1 | BB, R",1,0,1,1,0,0,0,0,1,0,0,0,1,0,0,0,0,0,0,0,-.--
121,607043,745848,1,4,0,0,0,.---,0,0-4 | 2 K,0,0,2,0,0,0,0,2,0,0,0,0,4,0,0,0,0,0,0,0,-.--
121,596019,745848,2,4,0,0,0,.---,0,"0-3 | BB, K",1,1,1,0,0,0,0,1,1,0,0,0,3,0,0,0,0,0,0,0,-.--
121,624413,745848,3,3,0,0,0,.---,0,0-3,1,1,2,0,0,0,0,0,0,0,0,0,3,0,0,0,1,0,0,0,-.--
121,643446,745848,4,3,0,0,0,.---,0,0-3,1,1,2,0,0,0,0,0,0,0,0,0,3,0,0,0,1,0,0,0,-.--
121,516782,745848,5,3,4,0,0,.---,0,"1-3 | HR, RBI, R",1,1,1,1,0,0,1,0,0,0,1,0,3,0,0,1,1,0,0,0,3
121,621466,745848,6,3,0,0,0,.---,1,"0-2 | BB, 2 K",0,0,0,0,0,0,0,2,1,0,0,0,2,0,0,0,0,0,0,0,-.--
121,682626,745848,7,3,0,0,0,.---,0,0-3 | 2 K,0,0,1,0,0,0,0,2,0,0,0,0,3,0,0,0,0,0,0,0,-.--
121,683146,745848,8,3,0,0,0,.---,0,0-3 | 2 K,0,1,0,0,0,0,0,2,0,0,0,0,3,0,0,0,0,0,0,0,-.--
121,664056,745848,9,3,0,0,0,.---,0,0-3 | K,0,1,1,0,0,0,0,1,0,0,0,0,3,0,0,0,0,0,0,0,-.--
144,660670,745604,1,5,2,0,1,1,0,"2-4 | BB, K, RBI",0,0,1,1,0,0,0,1,1,0,2,0,4,0,0,1,2,0,0,0,-.--
144,645277,745604,2,5,0,0,0,.---,0,"0-4 | BB, R",1,2,2,1,0,0,0,0,1,0,0,0,4,0,0,0,3,0,0,0,-.--
144,663586,745604,3,5,0,0,0,.---,0,"0-4 | BB, 2 K, RBI",0,2,0,1,0,0,0,2,1,0,0,0,4,0,0,1,3,0,0,0,-.--
144,621566,745604,4,5,6,0,0,.---,0,"3-5 | 3 2B, K, 3 RBI",0,0,1,1,3,0,0,1,0,0,3,0,5,0,0,3,1,0,0,0,-.--
144,542303,745604,5,5,0,0,0,.---,0,0-5 | 2 K,1,1,2,0,0,0,0,2,0,0,0,0,5,0,0,0,3,0,0,0,-.--
144,671739,745604,6,5,3,0,0,.---,0,"3-5 | K, RBI, 2 R",0,1,0,2,0,0,0,1,0,0,3,0,5,0,0,1,0,0,0,0,-.--
144,669221,745604,7,3,0,0,0,.---,0,0-3 | K,0,1,1,0,0,0,0,1,0,0,0,0,3,0,0,0,1,0,0,0,-.--
144,606115,745604,8,5,5,0,0,.---,0,"3-5 | 2 2B, K, R",0,0,1,1,2,0,0,1,0,0,3,0,5,0,0,0,3,0,0,0,-.--
144,672284,745604,9,2,1,1,0,0,0,1-2 | CS,0,1,0,0,0,0,0,0,0,0,1,0,2,0,0,0,2,0,0,0,-.--
143,656941,745604,1,4,0,0,0,.---,0,0-4 | K,0,3,0,0,0,0,0,1,0,0,0,0,4,0,0,0,1,0,0,0,-.--
143,607208,745604,2,4,0,0,0,.---,0,0-4 | K,1,1,2,0,0,0,0,1,0,0,0,0,4,0,0,0,1,0,0,0,-.--
143,547180,745604,3,4,0,0,0,.---,0,"0-3 | BB, 3 K",0,0,0,0,0,0,0,3,1,0,0,0,3,0,0,0,0,0,0,0,-.--
143,592663,745604,4,4,0,0,0,.---,0,"0-3 | BB, 2 K",0,1,0,0,0,0,0,2,1,0,0,0,3,0,0,0,1,0,0,0,-.--
143,664761,745604,5,4,2,0,0,.---,0,"2-4 | K, R",0,1,0,1,0,0,0,1,0,0,2,0,4,0,0,0,2,0,0,0,-.--
143,681082,745604,6,4,1,0,1,1,0,"1-4 | K, R, SB",0,0,2,1,0,0,0,1,0,0,1,0,4,0,0,0,3,0,0,0,-.--
143,592206,745604,7,4,1,0,0,.---,0,"1-4 | 3 K, RBI",0,0,0,0,0,0,0,3,0,0,1,0,4,0,0,1,2,0,0,0,-.--
143,669016,745604,8,4,4,0,0,.---,0,"1-4 | HR, 3 K, 2 RBI",0,0,0,1,0,0,1,3,0,0,1,0,4,0,0,2,1,0,0,0,4
143,679032,745604,9,3,0,0,1,1,0,"0-2 | BB, SB",0,2,0,0,0,0,0,0,1,0,0,0,2,0,0,0,0,0,0,0,-.--
158,694192,745848,1,4,1,0,1,1,0,"1-3 | BB, RBI, SB",0,2,0,0,0,0,0,0,1,0,1,0,3,0,0,1,1,0,0,0,-.--
158,661388,745848,2,4,0,0,0,.---,0,"0-3 | 2 K, RBI",1,1,1,0,0,0,0,2,0,0,0,0,3,1,0,1,2,0,1,0,-.--
158,592885,745848,3,4,6,0,0,.---,0,"3-4 | HR, K, RBI",0,0,0,1,0,0,1,1,0,0,3,0,4,0,0,1,0,0,0,0,4
158,656555,745848,4,4,0,0,0,.---,0,"0-3 | BB, K",0,1,1,0,0,0,0,1,1,0,0,0,3,1,0,0,4,0,0,0,-.--
158,642715,745848,5,4,0,0,0,.---,0,0-4,3,1,3,0,0,0,0,0,0,0,0,0,4,0,0,0,1,0,0,0,-.--
158,663368,745848,6,4,1,0,0,.---,0,1-4 | K,1,1,1,0,0,0,0,1,0,0,1,0,4,0,0,0,1,0,0,0,-.--
158,687401,745848,7,4,1,0,0,.---,0,1-4 | K,0,0,2,0,0,0,0,1,0,0,1,0,4,0,0,0,1,0,0,0,-.--
158,596142,745848,8,2,0,0,0,.---,0,0-2,1,1,1,0,0,0,0,0,0,0,0,0,2,0,0,0,1,0,0,0,-.--
158,655316,745848,9,2,0,0,0,.---,0,"0-1 | BB, R",1,0,1,1,0,0,0,0,1,0,0,0,1,0,0,0,0,0,0,0,-.--
121,607043,745848,1,4,0,0,0,.---,0,0-4 | 2 K,0,0,2,0,0,0,0,2,0,0,0,0,4,0,0,0,0,0,0,0,-.--
121,596019,745848,2,4,0,0,0,.---,0,"0-3 | BB, K",1,1,1,0,0,0,0,1,1,0,0,0,3,0,0,0,0,0,0,0,-.--
121,624413,745848,3,3,0,0,0,.---,0,0-3,1,1,2,0,0,0,0,0,0,0,0,0,3,0,0,0,1,0,0,0,-.--
121,643446,745848,4,3,0,0,0,.---,0,0-3,1,1,2,0,0,0,0,0,0,0,0,0,3,0,0,0,1,0,0,0,-.--
121,516782,745848,5,3,4,0,0,.---,0,"1-3 | HR, RBI, R",1,1,1,1,0,0,1,0,0,0,1,0,3,0,0,1,1,0,0,0,3
121,621466,745848,6,3,0,0,0,.---,1,"0-2 | BB, 2 K",0,0,0,0,0,0,0,2,1,0,0,0,2,0,0,0,0,0,0,0,-.--
121,682626,745848,7,3,0,0,0,.---,0,0-3 | 2 K,0,0,1,0,0,0,0,2,0,0,0,0,3,0,0,0,0,0,0,0,-.--
121,683146,745848,8,3,0,0,0,.---,0,0-3 | 2 K,0,1,0,0,0,0,0,2,0,0,0,0,3,0,0,0,0,0,0,0,-.--
121,664056,745848,9,3,0,0,0,.---,0,0-3 | K,0,1,1,0,0,0,0,1,0,0,0,0,3,0,0,0,0,0,0,0,-.--
144,660670,745604,1,5,2,0,1,1,0,"2-4 | BB, K, RBI",0,0,1,1,0,0,0,1,1,0,2,0,4,0,0,1,2,0,0,0,-.--
144,645277,745604,2,5,0,0,0,.---,0,"0-4 | BB, R",1,2,2,1,0,0,0,0,1,0,0,0,4,0,0,0,3,0,0,0,-.--
144,663586,745604,3,5,0,0,0,.---,0,"0-4 | BB, 2 K, RBI",0,2,0,1,0,0,0,2,1,0,0,0,4,0,0,1,3,0,0,0,-.--
144,621566,745604,4,5,6,0,0,.---,0,"3-5 | 3 2B, K, 3 RBI",0,0,1,1,3,0,0,1,0,0,3,0,5,0,0,3,1,0,0,0,-.--
144,542303,745604,5,5,0,0,0,.---,0,0-5 | 2 K,1,1,2,0,0,0,0,2,0,0,0,0,5,0,0,0,3,0,0,0,-.--
144,671739,745604,6,5,3,0,0,.---,0,"3-5 | K, RBI, 2 R",0,1,0,2,0,0,0,1,0,0,3,0,5,0,0,1,0,0,0,0,-.--
144,669221,745604,7,3,0,0,0,.---,0,0-3 | K,0,1,1,0,0,0,0,1,0,0,0,0,3,0,0,0,1,0,0,0,-.--
144,606115,745604,8,5,5,0,0,.---,0,"3-5 | 2 2B, K, R",0,0,1,1,2,0,0,1,0,0,3,0,5,0,0,0,3,0,0,0,-.--
144,672284,745604,9,2,1,1,0,0,0,1-2 | CS,0,1,0,0,0,0,0,0,0,0,1,0,2,0,0,0,2,0,0,0,-.--
143,656941,745604,1,4,0,0,0,.---,0,0-4 | K,0,3,0,0,0,0,0,1,0,0,0,0,4,0,0,0,1,0,0,0,-.--
143,607208,745604,2,4,0,0,0,.---,0,0-4 | K,1,1,2,0,0,0,0,1,0,0,0,0,4,0,0,0,1,0,0,0,-.--
143,547180,745604,3,4,0,0,0,.---,0,"0-3 | BB, 3 K",0,0,0,0,0,0,0,3,1,0,0,0,3,0,0,0,0,0,0,0,-.--
143,592663,745604,4,4,0,0,0,.---,0,"0-3 | BB, 2 K",0,1,0,0,0,0,0,2,1,0,0,0,3,0,0,0,1,0,0,0,-.--
143,664761,745604,5,4,2,0,0,.---,0,"2-4 | K, R",0,1,0,1,0,0,0,1,0,0,2,0,4,0,0,0,2,0,0,0,-.--
143,681082,745604,6,4,1,0,1,1,0,"1-4 | K, R, SB",0,0,2,1,0,0,0,1,0,0,1,0,4,0,0,0,3,0,0,0,-.--
143,592206,745604,7,4,1,0,0,.---,0,"1-4 | 3 K, RBI",0,0,0,0,0,0,0,3,0,0,1,0,4,0,0,1,2,0,0,0,-.--
143,669016,745604,8,4,4,0,0,.---,0,"1-4 | HR, 3 K, 2 RBI",0,0,0,1,0,0,1,3,0,0,1,0,4,0,0,2,1,0,0,0,4
143,679032,745604,9,3,0,0,1,1,0,"0-2 | BB, SB",0,2,0,0,0,0,0,0,1,0,0,0,2,0,0,0,0,0,0,0,-.--
141,543807,745117,1,4,4,0,0,.---,0,"1-4 | HR, K, RBI",0,2,0,1,0,0,1,1,0,0,1,0,4,1,0,1,1,0,0,0,4
141,665489,745117,2,4,2,0,0,.---,0,2-3 | BB,0,0,1,0,0,0,0,0,1,0,2,0,3,0,0,0,0,0,0,0,-.--
141,666182,745117,3,4,0,0,0,.---,0,0-4 | K,2,0,3,0,0,0,0,1,0,0,0,0,4,0,0,0,3,0,0,0,-.--
141,457759,745117,4,4,2,0,0,.---,0,"1-4 | 2B, K, R",2,0,2,1,1,0,0,1,0,0,1,0,4,0,0,0,1,0,0,0,-.--
141,662139,745117,5,4,1,0,0,.---,0,1-4,1,1,2,0,0,0,0,0,0,0,1,0,4,0,0,0,1,0,0,0,-.--
141,672386,745117,6,4,0,0,0,.---,0,0-3 | RBI,2,2,2,0,0,0,0,0,0,0,0,0,3,0,0,1,1,0,1,0,-.--
141,595281,745117,7,4,0,0,0,.---,0,0-4 | 2 K,0,1,1,0,0,0,0,2,0,0,0,0,4,0,0,0,1,0,0,0,-.--
141,643396,745117,8,2,1,0,0,.---,0,1-2 | K,0,0,0,0,0,0,0,1,0,0,1,0,2,0,0,0,0,0,0,0,-.--
141,624415,745117,9,3,0,0,0,.---,0,0-3 | K,0,1,1,0,0,0,0,1,0,0,0,0,3,0,0,0,1,0,0,0,-.--
139,650490,745117,1,5,2,0,0,.---,0,"2-5 | K, 2 RBI, 2 R",0,2,0,2,0,0,0,1,0,0,2,0,5,0,0,2,3,0,0,0,-.--
139,664040,745117,2,5,5,0,0,.---,0,"2-5 | HR, 2 K, 4 RBI",1,0,1,1,0,0,1,2,0,0,2,0,5,0,0,4,2,0,0,0,5
139,668227,745117,3,4,2,0,0,.---,0,"2-4 | K, RBI",0,1,0,0,0,0,0,1,0,0,2,0,4,0,0,1,0,0,0,0,-.--
139,670623,745117,4,4,0,0,0,.---,0,0-4 | 2 K,2,0,2,0,0,0,0,2,0,0,0,0,4,0,0,0,3,0,0,0,-.--
139,680700,745117,5,4,0,0,0,.---,0,0-2 | 2 BB,0,2,0,0,0,0,0,0,2,0,0,0,2,1,0,0,1,0,0,0,-.--
139,623912,745117,6,4,0,0,0,.---,0,0-4,0,4,0,0,0,0,0,0,0,0,0,0,4,0,0,0,4,0,0,0,-.--
139,642350,745117,7,4,1,0,2,1,0,"1-4 | K, R, 2 SB",1,1,1,1,0,0,0,1,0,0,1,0,4,1,0,0,2,0,0,0,-.--
139,666163,745117,8,4,2,0,0,.---,0,"2-3 | BB, 2 R",0,0,1,2,0,0,0,0,1,0,2,0,3,0,0,0,0,0,0,0,-.--
139,676609,745117,9,4,2,0,0,.---,0,"1-3 | 2B, HBP, RBI",0,2,0,2,1,0,0,0,0,0,1,1,3,0,0,1,1,0,0,0,-.--
134,656582,746091,1,5,3,0,0,.---,0,"2-5 | 2B, K, RBI",0,1,1,1,1,0,0,1,0,0,2,0,5,0,0,1,2,0,0,0,-.--
134,668804,746091,2,5,1,0,0,.---,0,"1-4 | BB, K, R",1,1,1,1,0,0,0,1,1,0,1,0,4,0,0,0,2,0,0,0,-.--
134,663647,746091,3,5,3,0,0,.---,0,"2-3 | 2B, BB, 2 RBI",1,1,1,2,1,0,0,0,1,0,2,0,3,0,0,2,1,0,1,0,-.--
134,457705,746091,4,5,0,0,0,.---,0,"0-4 | BB, K",2,0,3,0,0,0,0,1,1,0,0,0,4,0,0,0,3,0,0,0,-.--
134,658668,746091,5,3,1,0,0,.---,0,"1-2 | BB, RBI, R",0,0,1,1,0,0,0,0,1,0,1,0,2,0,0,1,0,0,0,0,-.--
134,680779,746091,6,5,1,0,0,.---,0,"1-4 | BB, 2 K, R",0,1,0,1,0,0,0,2,1,0,1,0,4,0,0,0,2,0,0,0,-.--
134,665833,746091,7,5,2,0,0,.---,0,"2-5 | 3 K, RBI",0,0,0,0,0,0,0,3,0,0,2,0,5,0,0,1,2,0,0,0,-.--
134,669707,746091,8,4,0,0,0,.---,0,"0-3 | BB, RBI",1,1,2,0,0,0,0,0,1,0,0,0,3,0,0,1,4,0,0,0,-.--
134,572191,746091,9,4,2,0,0,.---,0,"1-2 | 2B, BB, K",1,0,1,1,1,0,0,1,1,0,1,0,2,0,0,1,0,0,1,0,-.--
146,650333,746091,1,5,0,0,0,.---,0,"0-4 | BB, R",1,2,2,1,0,0,0,0,1,0,0,0,4,0,0,0,2,0,0,0,-.--
146,605137,746091,2,4,2,0,0,.---,0,"1-3 | 2B, BB",0,2,0,0,1,0,0,0,1,0,1,0,3,1,0,0,1,0,0,0,-.--
146,669394,746091,3,4,2,0,0,.---,0,"2-4 | K, RBI",0,1,0,0,0,0,0,1,0,0,2,0,4,1,0,1,1,0,0,0,-.--
146,650559,746091,4,4,2,0,0,.---,0,2-4 | K,1,0,1,0,0,0,0,1,0,0,2,0,4,0,0,0,2,0,0,0,-.--
146,665862,746091,5,4,0,0,0,.---,0,0-4 | 3 K,0,1,0,0,0,0,0,3,0,0,0,0,4,0,0,0,6,0,0,0,-.--
146,641313,746091,6,4,2,0,0,.---,0,"2-3 | BB, K, R",0,0,0,1,0,0,0,1,1,0,2,0,3,0,0,0,1,0,0,0,-.--
146,541645,746091,7,4,1,0,0,.---,0,1-4,0,3,0,0,0,0,0,0,0,0,1,0,4,2,0,0,3,0,0,0,-.--
146,681146,746091,8,4,1,0,0,.---,0,1-3 | BB,0,1,1,0,0,0,0,0,1,0,1,0,3,0,0,0,2,0,0,0,-.--
146,542194,746091,9,4,0,0,0,.---,0,"0-4 | K, RBI",1,2,1,0,0,0,0,1,0,0,0,0,4,0,0,1,3,0,0,0,-.--
147,650402,746412,1,4,0,0,0,.---,0,"0-3 | HBP, 2 K",1,0,1,0,0,0,0,2,0,0,0,1,3,0,0,0,2,0,0,0,-.--
147,665742,746412,2,5,4,0,0,.---,0,"3-4 | 2B, BB, RBI",0,0,1,0,1,0,0,0,1,0,3,0,4,0,0,1,0,0,0,0,-.--
147,592450,746412,3,5,0,0,0,.---,0,0-5 | K,1,2,2,0,0,0,0,1,0,0,0,0,5,1,0,0,8,0,0,0,-.--
147,519203,746412,4,5,1,0,0,.---,0,"1-4 | BB, R",0,2,1,1,0,0,0,0,1,0,1,0,4,0,0,0,1,0,0,0,-.--
147,519317,746412,5,5,4,0,0,.---,0,"1-5 | HR, 2 K, RBI",1,0,2,1,0,0,1,2,0,0,1,0,5,0,0,1,2,0,0,0,5
147,657077,746412,6,5,1,0,0,.---,0,"1-4 | BB, K, R",0,2,0,1,0,0,0,1,1,0,1,0,4,0,0,0,0,0,0,0,-.--
147,683011,746412,7,5,2,0,0,.---,0,"1-4 | 2B, BB, K",1,1,1,2,1,0,0,1,1,0,1,0,4,0,0,0,1,0,0,0,-.--
147,669224,746412,8,5,1,0,0,.---,0,"1-4 | BB, 2 R",1,2,1,2,0,0,0,0,1,0,1,0,4,0,0,0,2,0,0,0,-.--
147,665828,746412,9,5,5,0,0,.---,0,"4-5 | 2B, K, 3 RBI",0,0,0,0,1,0,0,1,0,0,4,0,5,0,0,3,2,0,0,0,-.--
117,514888,746412,1,5,3,0,0,.---,0,"2-5 | 2B, R",0,0,3,1,1,0,0,0,0,0,2,0,5,0,0,0,4,0,0,0,-.--
117,670541,746412,2,5,0,0,0,.---,0,"0-4 | BB, K",0,2,1,0,0,0,0,1,1,0,0,0,4,0,0,0,4,0,0,0,-.--
117,663656,746412,3,5,2,0,1,1,0,"2-5 | K, SB",1,0,2,0,0,0,0,1,0,0,2,0,5,0,0,0,1,0,0,0,-.--
117,608324,746412,4,4,1,0,1,1,0,"1-2 | 2 BB, RBI, SB",1,0,1,0,0,0,0,0,2,0,1,0,2,0,0,1,2,0,0,0,-.--
117,547989,746412,5,4,0,0,0,.---,0,0-4 | K,3,0,3,0,0,0,0,1,0,0,0,0,4,0,0,0,6,0,0,0,-.--
117,676801,746412,6,4,0,0,1,1,0,"0-3 | BB, 2 K, SB",0,1,0,0,0,0,0,2,1,0,0,0,3,0,0,0,3,0,0,0,-.--
117,673237,746412,7,4,1,0,0,.---,0,1-3 | BB,1,0,2,0,0,0,0,0,1,0,1,0,3,0,0,0,1,0,0,0,-.--
117,665161,746412,8,4,1,0,0,.---,0,1-4 | K,0,1,1,0,0,0,0,1,0,0,1,0,4,0,0,0,2,0,0,0,-.--
117,676694,746412,9,4,0,0,0,.---,0,0-3 | BB,2,1,2,0,0,0,0,0,1,0,0,0,3,0,0,0,3,0,0,0,-.--
115,453568,747223,1,4,3,0,0,.---,0,"1-4 | 3B, RBI, R",0,2,1,1,0,1,0,0,0,0,1,0,4,0,0,1,0,0,0,0,-.--
115,592178,747223,2,4,0,0,0,.---,0,0-4 | 3 K,1,0,1,0,0,0,0,3,0,0,0,0,4,0,0,0,0,0,0,0,-.--
115,666134,747223,3,4,2,0,0,.---,0,"1-4 | 2B, K",0,2,0,0,1,0,0,1,0,0,1,0,4,0,0,0,0,0,0,0,-.--
115,663898,747223,4,4,0,0,0,.---,0,0-4 | 3 K,0,1,0,0,0,0,0,3,0,0,0,0,4,0,0,0,1,0,0,0,-.--
115,641857,747223,5,4,2,0,0,.---,0,2-4,1,1,1,0,0,0,0,0,0,0,2,0,4,0,0,0,0,0,0,0,-.--
115,553869,747223,6,4,4,0,0,.---,0,"1-4 | HR, RBI, R",1,2,1,1,0,0,1,0,0,0,1,0,4,0,0,1,2,0,0,0,4
115,678662,747223,7,3,1,0,0,.---,1,1-3 | K,0,0,1,0,0,0,0,1,0,0,1,0,3,0,0,0,0,0,0,0,-.--
115,660707,747223,8,3,0,0,0,.---,0,0-3 | K,2,0,2,0,0,0,0,1,0,0,0,0,3,0,0,0,0,0,0,0,-.--
115,686668,747223,9,3,1,0,0,.---,0,"1-3 | 2 K, R",0,0,0,1,0,0,0,2,0,0,1,0,3,0,0,0,0,0,0,0,-.--
109,682998,747223,1,5,1,1,0,0,0,"1-4 | BB, CS",0,2,1,0,0,0,0,0,1,0,1,0,4,0,0,0,1,0,0,0,-.--
109,606466,747223,2,5,3,0,1,1,0,"3-4 | BB, R, SB",0,1,0,1,0,0,0,0,1,0,3,0,4,0,0,0,0,0,0,0,-.--
109,666971,747223,3,5,4,0,0,.---,0,"1-4 | HR, BB, K",1,1,1,1,0,0,1,1,1,0,1,0,4,0,0,1,5,0,0,0,4
109,572233,747223,4,5,4,0,0,.---,0,"1-5 | HR, RBI, R",2,2,2,1,0,0,1,0,0,0,1,0,5,1,0,1,7,0,0,0,5
109,592626,747223,5,4,5,0,0,.---,0,"4-4 | 2B, RBI, R",0,0,0,1,1,0,0,0,0,0,4,0,4,0,0,1,0,0,0,0,-.--
109,672515,747223,6,4,0,0,0,.---,0,"0-3 | BB, R",2,1,2,1,0,0,0,0,1,0,0,0,3,0,0,0,3,0,0,0,-.--
109,553993,747223,7,4,2,0,0,.---,0,"2-4 | RBI, R",0,1,1,1,0,0,0,0,0,0,2,0,4,0,0,1,1,0,0,0,-.--
109,677950,747223,8,4,4,0,0,.---,0,"1-4 | HR, K, 3 RBI",1,1,1,1,0,0,1,1,0,0,1,0,4,0,0,3,2,0,0,0,4
109,672695,747223,9,4,2,0,0,.---,0,1-4 | 2B,1,0,3,0,1,0,0,0,0,0,1,0,4,0,0,0,1,0,0,0,-.--
114,680757,745682,1,5,3,0,1,1,0,"2-5 | 2B, K, 2 R",0,1,1,2,1,0,0,1,0,0,2,0,5,0,0,0,2,0,0,0,-.--
114,665926,745682,2,5,5,1,0,0,0,"3-3 | 2 2B, 2 BB, 2 RBI",0,0,0,2,2,0,0,0,2,0,3,0,3,0,0,2,0,0,0,0,-.--
114,608070,745682,3,5,4,0,0,.---,0,"1-5 | HR, 2 RBI, R",2,0,4,1,0,0,1,0,0,0,1,0,5,0,0,2,3,0,0,0,5
114,647304,745682,4,5,3,0,0,.---,0,"2-5 | 2B, R",0,2,1,1,1,0,0,0,0,0,2,0,5,0,0,0,2,0,0,0,-.--
114,686823,745682,5,4,1,0,0,.---,0,1-4 | RBI,0,0,3,0,0,0,0,0,0,0,1,0,4,0,0,1,3,0,0,0,-.--
114,671289,745682,6,4,0,1,0,0,0,"0-3 | BB, K, CS",0,2,0,0,0,0,0,1,1,0,0,0,3,0,0,0,2,0,0,0,-.--
114,666310,745682,7,4,0,0,0,.---,0,"0-3 | BB, 2 K",1,0,1,0,0,0,0,2,1,0,0,0,3,0,0,0,2,0,0,0,-.--
114,664314,745682,8,4,0,0,1,1,0,"0-3 | BB, 2 K, SB",0,1,0,0,0,0,0,2,1,0,0,0,3,0,0,0,1,0,0,0,-.--
114,677587,745682,9,4,0,0,0,.---,0,"0-3 | BB, 3 K",0,0,0,0,0,0,0,3,1,0,0,0,3,0,0,0,1,0,0,0,-.--
133,665923,745682,1,3,2,0,0,.---,0,"1-2 | 2B, RBI",1,1,1,0,1,0,0,0,0,0,1,0,2,0,0,1,0,0,1,0,-.--
133,680869,745682,2,4,0,0,0,.---,0,"0-3 | BB, 2 K",0,1,0,0,0,0,0,2,1,0,0,0,3,0,0,0,1,0,0,0,-.--
133,605204,745682,3,4,8,0,0,.---,0,"2-4 | 2 HR, K, 2 RBI",0,1,0,2,0,0,2,1,0,0,2,0,4,0,0,2,2,0,0,0,2
133,669127,745682,4,4,2,0,0,.---,0,2-3 | RBI,0,0,2,0,0,0,0,0,0,0,2,0,3,0,0,1,0,0,1,0,-.--
133,647351,745682,5,4,0,0,0,.---,0,0-4,0,3,1,0,0,0,0,0,0,0,0,0,4,0,0,0,3,0,0,0,-.--
133,668709,745682,6,4,0,0,0,.---,0,0-4 | K,0,0,3,0,0,0,0,1,0,0,0,0,4,0,0,0,2,0,0,0,-.--
133,687231,745682,7,2,0,0,0,.---,0,0-2,0,2,0,0,0,0,0,0,0,0,0,0,2,0,0,0,2,0,0,0,-.--
133,669397,745682,8,4,3,0,0,.---,0,"2-4 | 2B, R",0,1,1,1,1,0,0,0,0,0,2,0,4,0,0,0,0,0,0,0,-.--
133,671732,745682,9,4,0,0,0,.---,0,0-4,1,3,1,0,0,0,0,0,0,0,0,0,4,1,0,0,3,0,0,0,-.--
111,680776,745276,1,4,0,0,1,1,0,"0-3 | BB, 2 K, SB",0,1,0,0,0,0,0,2,1,0,0,0,3,0,0,0,1,0,0,0,-.--
111,641933,745276,2,4,1,0,0,.---,0,1-4 | K,0,0,2,0,0,0,0,1,0,0,1,0,4,0,0,0,2,0,0,0,-.--
111,807799,745276,3,4,1,0,0,.---,0,"1-3 | BB, K",0,1,0,0,0,0,0,1,1,0,1,0,3,0,0,0,1,0,0,0,-.--
111,596115,745276,4,4,0,0,0,.---,0,0-4 | K,2,1,2,0,0,0,0,1,0,0,0,0,4,0,0,0,4,0,0,0,-.--
111,671213,745276,5,4,0,0,0,.---,0,0-4 | 2 K,1,1,1,0,0,0,0,2,0,0,0,0,4,0,0,0,2,0,0,0,-.--
111,678882,745276,6,4,1,0,0,.---,0,1-4 | 2 K,0,0,1,0,0,0,0,2,0,0,1,0,4,0,0,0,0,0,0,0,-.--
111,665839,745276,7,2,0,0,0,.---,0,0-2,0,1,1,0,0,0,0,0,0,0,0,0,2,0,0,0,0,0,0,0,-.--
111,666915,745276,8,3,0,0,0,.---,0,0-3 | 2 K,1,0,1,0,0,0,0,2,0,0,0,0,3,0,0,0,2,0,0,0,-.--
111,624512,745276,9,3,0,0,0,.---,0,"0-2 | BB, K",0,1,0,0,0,0,0,1,1,0,0,0,2,0,0,0,0,0,0,0,-.--
136,641487,745276,1,4,4,0,0,.---,0,"1-3 | HR, BB, RBI",0,1,1,1,0,0,1,0,1,0,1,0,3,0,0,1,0,0,0,0,3
136,677594,745276,2,4,1,0,1,1,0,"1-3 | BB, K, SB",0,0,1,0,0,0,0,1,1,0,1,0,3,0,0,0,0,0,0,0,-.--
136,593871,745276,3,4,0,0,0,.---,0,0-4 | 3 K,0,0,1,0,0,0,0,3,0,0,0,0,4,0,0,0,4,0,0,0,-.--
136,571745,745276,4,3,0,0,0,.---,0,0-3 | 2 K,0,0,1,0,0,0,0,2,0,0,0,0,3,0,0,0,1,0,0,0,-.--
136,663728,745276,5,3,0,0,0,.---,0,0-3 | K,1,1,1,0,0,0,0,1,0,0,0,0,3,0,0,0,1,0,0,0,-.--
136,664034,745276,6,3,1,0,0,.---,0,1-3 | 2 K,0,0,0,0,0,0,0,2,0,0,1,0,3,0,0,0,0,0,0,0,-.--
136,686527,745276,7,3,0,0,0,.---,0,0-3 | 2 K,0,1,0,0,0,0,0,2,0,0,0,0,3,0,0,0,1,0,0,0,-.--
136,649966,745276,8,3,0,0,0,.---,0,0-3 | 2 K,1,0,1,0,0,0,0,2,0,0,0,0,3,0,0,0,0,0,0,0,-.--
136,670042,745276,9,3,1,0,0,.---,0,1-3 | K,0,1,0,0,0,0,0,1,0,0,1,0,3,0,0,0,0,0,0,0,-.--
137,808982,745435,1,5,2,0,0,.---,0,2-5 | RBI,1,1,2,0,0,0,0,0,0,0,2,0,5,0,0,1,1,0,0,0,-.--
137,624585,745435,2,5,2,0,0,.---,0,"1-4 | 2B, BB, 2 R",1,2,1,2,1,0,0,0,1,0,1,0,4,2,0,0,3,0,0,0,-.--
137,664774,745435,3,5,2,0,0,.---,0,"2-5 | 3 K, R",0,0,0,1,0,0,0,3,0,0,2,0,5,0,0,0,2,0,0,0,-.--
137,656305,745435,4,5,10,0,0,.---,0,"3-5 | 2 HR, 2B, 5 RBI",1,0,2,3,1,0,2,0,0,0,3,0,5,0,0,5,1,0,0,0,2.5
137,527038,745435,5,5,1,0,0,.---,0,"1-4 | HBP, RBI, R",0,2,1,1,0,0,0,0,0,0,1,1,4,0,0,1,1,0,0,0,-.--
137,624424,745435,6,5,1,0,0,.---,0,1-5 | 2 K,0,1,1,0,0,0,0,2,0,0,1,0,5,0,0,0,2,0,0,0,-.--
137,642731,745435,7,4,1,0,0,.---,0,"1-4 | K, RBI",2,0,2,0,0,0,0,1,0,0,1,0,4,0,0,1,0,0,0,0,-.--
137,672275,745435,8,4,2,0,0,.---,0,"2-3 | BB, R",0,1,0,1,0,0,0,0,1,0,2,0,3,0,0,0,2,0,0,0,-.--
137,605113,745435,9,4,0,0,0,.---,0,"0-3 | HBP, K",0,2,0,0,0,0,0,1,0,0,0,1,3,0,0,0,2,0,0,0,-.--
135,593428,745435,1,4,0,0,0,.---,0,0-4 | K,1,1,2,0,0,0,0,1,0,0,0,0,4,0,0,0,1,0,0,0,-.--
135,665487,745435,2,4,8,0,0,.---,0,"2-4 | 2 HR, K, 2 RBI",1,0,1,2,0,0,2,1,0,0,2,0,4,0,0,2,1,0,0,0,2
135,630105,745435,3,4,2,0,0,.---,0,"1-3 | 2B, HBP, K",0,0,1,0,1,0,0,1,0,0,1,1,3,0,0,0,0,0,0,0,-.--
135,592518,745435,4,4,4,0,0,.---,0,"1-4 | HR, K, RBI",1,1,1,1,0,0,1,1,0,0,1,0,4,1,0,1,2,0,0,0,4
135,673490,745435,5,4,2,0,0,.---,0,2-4,1,1,1,0,0,0,0,0,0,0,2,0,4,0,0,0,0,0,0,0,-.--
135,595777,745435,6,4,0,0,0,.---,0,0-4,2,1,3,0,0,0,0,0,0,0,0,0,4,1,0,0,2,0,0,0,-.--
135,669134,745435,7,4,1,0,0,.---,0,1-4,0,2,1,0,0,0,0,0,0,0,1,0,4,0,0,0,1,0,0,0,-.--
135,666703,745435,8,2,2,0,0,.---,0,1-2 | 2B,0,0,1,0,1,0,0,0,0,0,1,0,2,0,0,0,0,0,0,0,-.--
135,640492,745435,9,2,1,0,0,.---,0,1-2 | K,0,0,0,0,0,0,0,1,0,0,1,0,2,0,0,0,0,0,0,0,-.--
138,680977,746167,1,4,0,0,0,.---,0,"0-3 | HBP, 2 K, R",1,0,1,1,0,0,0,2,0,0,0,1,3,0,0,0,1,0,0,0,-.--
138,502671,746167,2,4,0,0,0,.---,0,"0-2 | 2 BB, K, R",0,1,0,1,0,0,0,1,2,0,0,0,2,0,0,0,0,0,0,0,-.--
138,669357,746167,3,4,3,0,0,.---,0,"2-4 | 2B, 2 K, 2 RBI",0,0,0,0,1,0,0,2,0,0,2,0,4,0,0,2,2,0,0,0,-.--
138,571448,746167,4,4,0,0,0,.---,0,0-3 | RBI,2,1,3,0,0,0,0,0,0,0,0,0,3,0,0,1,1,0,1,0,-.--
138,575929,746167,5,4,1,0,0,.---,0,1-4 | 3 K,0,0,0,0,0,0,0,3,0,0,1,0,4,0,0,0,1,0,0,0,-.--
138,676475,746167,6,4,0,0,0,.---,0,0-4 | K,0,2,1,0,0,0,0,1,0,0,0,0,4,0,0,0,2,0,0,0,-.--
138,691023,746167,7,4,1,0,0,.---,0,1-4 | 2 K,0,1,0,0,0,0,0,2,0,0,1,0,4,0,0,0,0,0,0,0,-.--
138,687363,746167,8,4,0,0,0,.---,0,0-4 | 3 K,0,0,1,0,0,0,0,3,0,0,0,0,4,0,0,0,2,0,0,0,-.--
138,691026,746167,9,3,2,0,0,.---,0,2-3 | R,0,1,0,1,0,0,0,0,0,0,2,0,3,0,0,0,0,0,0,0,-.--
119,605141,746167,1,4,4,0,0,.---,0,"1-3 | HR, BB, 2 K",0,0,0,1,0,0,1,2,1,0,1,0,3,0,0,1,0,0,0,0,3
119,660271,746167,2,4,0,0,0,.---,0,0-4 | K,1,1,2,0,0,0,0,1,0,0,0,0,4,1,0,0,2,0,0,0,-.--
119,518692,746167,3,4,0,0,0,.---,0,0-4 | K,1,1,2,0,0,0,0,1,0,0,0,0,4,0,0,0,1,0,0,0,-.--
119,669257,746167,4,4,2,0,0,.---,0,"1-3 | 2B, BB, R",0,2,0,1,1,0,0,0,1,0,1,0,3,0,0,0,0,0,0,0,-.--
119,571970,746167,5,4,1,0,0,.---,0,"1-4 | K, R",0,0,2,1,0,0,0,1,0,0,1,0,4,0,0,0,1,0,0,0,-.--
119,606192,746167,6,3,8,0,0,.---,0,"2-3 | 2 HR, K, 4 RBI",0,0,0,2,0,0,2,1,0,0,2,0,3,0,0,4,1,0,0,0,1.5
119,571771,746167,7,3,0,0,0,.---,0,0-3,1,2,1,0,0,0,0,0,0,0,0,0,3,0,0,0,1,0,0,0,-.--
119,621035,746167,8,3,0,0,0,.---,0,0-3 | 3 K,0,0,0,0,0,0,0,3,0,0,0,0,3,0,0,0,0,0,0,0,-.--
119,500743,746167,9,3,5,0,0,.---,0,"2-3 | HR, RBI, R",0,1,0,1,0,0,1,0,0,0,2,0,3,0,0,1,0,0,0,0,3
158,686217,745850,1,5,1,0,1,1,0,"1-5 | K, R, SB",0,2,1,1,0,0,0,1,0,0,1,0,5,0,0,0,1,0,0,0,-.--
158,661388,745850,2,5,2,0,0,.---,0,"2-5 | K, R",0,1,1,1,0,0,0,1,0,0,2,0,5,0,0,0,2,0,0,0,-.--
158,592885,745850,3,5,2,0,0,.---,0,"2-5 | RBI, R",1,2,1,1,0,0,0,0,0,0,2,0,5,0,0,1,3,0,0,0,-.--
158,642715,745850,4,5,3,0,0,.---,0,"2-5 | 2B, K, RBI",1,1,1,2,1,0,0,1,0,0,2,0,5,0,0,1,3,0,0,0,-.--
158,641343,745850,5,5,0,0,0,.---,0,0-5 | 4 K,1,0,1,0,0,0,0,4,0,0,0,0,5,0,0,0,6,0,0,0,-.--
158,656555,745850,6,5,6,0,0,.---,0,"3-4 | HR, BB, 4 RBI",0,0,1,2,0,0,1,0,1,0,3,0,4,0,0,4,0,0,0,0,4
158,686554,745850,7,4,1,0,0,.---,0,1-4 | K,1,1,1,0,0,0,0,1,0,0,1,0,4,0,0,0,3,0,0,0,-.--
158,668930,745850,8,5,2,0,3,1,0,"2-5 | 2 K, 3 SB",1,0,1,0,0,0,0,2,0,0,2,0,5,0,0,0,3,0,0,0,-.--
158,694192,745850,9,5,2,0,0,.---,0,2-5 | 2 K,0,1,0,0,0,0,0,2,0,0,2,0,5,0,0,0,3,0,0,0,-.--
121,607043,745850,1,5,1,0,0,.---,0,1-5 | 2 K,0,1,1,0,0,0,0,2,0,0,1,0,5,0,0,0,1,0,0,0,-.--
121,596019,745850,2,5,1,0,0,.---,0,1-5,0,1,3,0,0,0,0,0,0,0,1,0,5,0,0,0,2,0,0,0,-.--
121,624413,745850,3,5,5,0,0,.---,0,"2-4 | HR, HBP, RBI",2,0,2,1,0,0,1,0,0,0,2,1,4,0,0,1,0,0,0,0,4
121,621438,745850,4,3,0,0,0,.---,0,0-3,1,2,1,0,0,0,0,0,0,0,0,0,3,0,0,0,2,0,0,0,-.--
121,516782,745850,5,5,1,0,0,.---,0,"1-3 | 2 BB, K, 2 R",0,1,0,2,0,0,0,1,2,0,1,0,3,0,0,0,0,0,0,0,-.--
121,643446,745850,6,4,1,0,0,.---,0,1-4,1,1,2,0,0,0,0,0,0,0,1,0,4,0,0,0,4,0,0,0,-.--
121,682626,745850,7,4,6,0,0,.---,0,"3-4 | HR, 2 RBI, 2 R",0,1,0,2,0,0,1,0,0,0,3,0,4,0,0,2,0,0,0,0,4
121,670097,745850,8,3,1,0,0,.---,0,1-3,1,1,1,0,0,0,0,0,0,0,1,0,3,0,0,0,2,0,0,0,-.--
121,664056,745850,9,4,1,0,0,.---,0,1-4 | K,2,0,2,0,0,0,0,1,0,0,1,0,4,0,0,0,1,0,0,0,-.--
116,678009,746818,1,5,3,0,0,.---,0,"1-3 | 3B, 2 BB, R",0,1,1,1,0,1,0,0,2,0,1,0,3,0,0,0,1,0,0,0,-.--
116,679529,746818,2,5,1,0,0,.---,0,"1-5 | RBI, R",0,0,4,1,0,0,0,0,0,0,1,0,5,0,0,1,4,0,0,0,-.--
116,682985,746818,3,5,4,0,0,.---,0,"1-4 | HR, BB, RBI",1,2,1,2,0,0,1,0,1,0,1,0,4,0,0,1,0,0,0,0,4
116,681481,746818,4,5,3,0,0,.---,0,2-5 | 2B,2,1,2,0,1,0,0,0,0,0,2,0,5,0,0,0,0,0,0,0,-.--
116,592192,746818,5,5,7,0,1,1,0,"3-5 | HR, 2B, 3 RBI",1,1,1,3,1,0,1,0,0,0,3,0,5,0,0,3,1,0,0,0,5
116,690993,746818,6,5,0,0,0,.---,0,"0-4 | BB, K",0,3,0,0,0,0,0,1,1,0,0,0,4,0,0,0,3,0,0,0,-.--
116,608348,746818,7,5,3,0,0,.---,0,3-5 | 2 RBI,0,1,1,0,0,0,0,0,0,0,3,0,5,0,0,2,3,0,0,0,-.--
116,595879,746818,8,5,0,0,0,.---,0,0-5 | K,2,2,2,0,0,0,0,1,0,0,0,0,5,0,0,0,3,0,0,0,-.--
116,656716,746818,9,5,1,0,0,.---,0,1-5 | K,1,2,1,0,0,0,0,1,0,0,1,0,5,0,0,0,2,0,0,0,-.--
145,643217,746818,1,5,1,0,0,.---,0,1-4 | BB,1,1,2,0,0,0,0,0,1,0,1,0,4,0,0,0,0,0,0,0,-.--
145,660162,746818,2,5,3,0,0,.---,0,"1-5 | 3B, K, 2 R",1,1,2,2,0,1,0,1,0,0,1,0,5,0,0,0,3,0,0,0,-.--
145,673357,746818,3,5,9,0,0,.---,0,"3-4 | 2 HR, BB, 4 RBI",0,1,0,2,0,0,2,0,1,0,3,0,4,0,0,4,0,0,0,0,2
145,650391,746818,4,5,1,0,0,.---,0,1-5 | K,0,2,1,0,0,0,0,1,0,0,1,0,5,1,0,0,5,0,0,0,-.--
145,683734,746818,5,4,1,0,0,.---,0,1-4,0,1,2,0,0,0,0,0,0,0,1,0,4,0,0,0,0,0,0,0,-.--
145,666150,746818,6,5,0,0,0,.---,0,"0-4 | BB, 2 K",2,0,2,0,0,0,0,2,1,0,0,0,4,0,0,0,2,0,0,0,-.--
145,669699,746818,7,4,5,0,0,.---,0,"2-4 | HR, RBI, 2 R",1,1,1,2,0,0,1,0,0,0,2,0,4,0,0,1,2,0,0,0,4
145,670032,746818,8,4,1,1,0,0,0,"1-4 | K, CS",0,1,1,0,0,0,0,1,0,0,1,0,4,0,0,0,2,0,0,0,-.--
145,455117,746818,9,3,0,0,0,.---,0,"0-2 | BB, K",1,0,1,0,0,0,0,1,1,0,0,0,2,0,0,0,0,0,0,0,-.--
108,543685,747063,1,3,0,0,0,.---,0,0-3 | K,1,1,1,0,0,0,0,1,0,0,0,0,3,0,0,0,2,0,0,0,-.--
108,543305,747063,2,3,0,0,0,.---,0,0-3 | 3 K,0,0,0,0,0,0,0,3,0,0,0,0,3,0,0,0,1,0,0,0,-.--
108,545361,747063,3,3,1,0,0,.---,0,1-3 | K,1,0,1,0,0,0,0,1,0,0,1,0,3,0,0,0,0,0,0,0,-.--
108,621493,747063,4,4,5,0,0,.---,0,"2-4 | HR, 2 RBI, 2 R",2,0,2,2,0,0,1,0,0,0,2,0,4,0,0,2,1,0,0,0,4
108,592273,747063,5,4,2,0,0,.---,0,"2-4 | K, R",0,1,0,1,0,0,0,1,0,0,2,0,4,0,0,0,0,0,0,0,-.--
108,694384,747063,6,4,0,0,0,.---,0,"0-4 | 2 K, RBI",0,2,0,0,0,0,0,2,0,0,0,0,4,1,0,1,2,0,0,0,-.--
108,593934,747063,7,4,1,0,0,.---,0,1-4 | 2 K,0,0,1,0,0,0,0,2,0,0,1,0,4,0,0,0,2,0,0,0,-.--
108,681351,747063,8,4,2,0,0,.---,0,"2-3 | BB, RBI",0,1,0,0,0,0,0,0,1,0,2,0,3,0,0,1,1,0,0,0,-.--
108,687263,747063,9,4,0,0,0,.---,0,0-4 | 2 K,1,1,1,0,0,0,0,2,0,0,0,0,4,0,0,0,4,0,0,0,-.--
110,683002,747063,1,4,8,0,0,.---,0,"3-4 | HR, 3B, 3 RBI",0,0,1,2,0,1,1,0,0,0,3,0,4,0,0,3,0,0,0,0,4
110,668939,747063,2,4,1,0,0,.---,0,"1-3 | BB, 2 R",2,0,2,2,0,0,0,0,1,0,1,0,3,0,0,0,1,0,0,0,-.--
110,623993,747063,3,4,6,0,0,.---,0,"2-4 | HR, 2B, 3 RBI",2,0,2,2,1,0,1,0,0,0,2,0,4,0,0,3,2,0,0,0,4
110,663624,747063,4,5,4,0,0,.---,0,"2-3 | 2 2B, BB, 3 RBI",1,0,2,1,2,0,0,0,1,0,2,0,3,0,0,3,0,0,1,0,-.--
110,656811,747063,5,5,1,0,0,.---,0,"1-5 | K, R",1,2,1,1,0,0,0,1,0,0,1,0,5,0,0,0,3,0,0,0,-.--
110,669720,747063,6,4,1,0,0,.---,0,"1-4 | RBI, R",1,0,3,1,0,0,0,0,0,0,1,0,4,0,0,1,1,0,0,0,-.--
110,656775,747063,7,4,2,0,0,.---,0,"1-4 | 2B, 3 K, RBI",0,0,0,1,1,0,0,3,0,0,1,0,4,0,0,1,0,0,0,0,-.--
110,676059,747063,8,4,1,0,0,.---,0,"1-4 | K, 2 RBI, R",0,0,2,1,0,0,0,1,0,0,1,0,4,0,0,2,0,0,0,0,-.--
110,602104,747063,9,4,0,0,0,.---,0,"0-4 | K, R",1,2,1,1,0,0,0,1,0,0,0,0,4,0,0,0,1,0,0,0,-.--
144,660670,745599,1,5,2,0,0,.---,0,2-5 | 2 R,0,3,0,2,0,0,0,0,0,0,2,0,5,0,0,0,3,0,0,0,-.--
144,645277,745599,2,5,6,0,1,1,0,"3-5 | HR, 3 RBI, 2 R",0,2,0,2,0,0,1,0,0,0,3,0,5,0,0,3,1,0,0,0,5
144,663586,745599,3,5,2,0,0,.---,0,"1-5 | 2B, 2 K",0,1,1,0,1,0,0,2,0,0,1,0,5,0,0,0,4,0,0,0,-.--
144,621566,745599,4,5,4,0,0,.---,0,"1-5 | HR, K, RBI",1,2,1,1,0,0,1,1,0,0,1,0,5,1,0,1,4,0,0,0,5
144,542303,745599,5,5,4,0,0,.---,0,"1-5 | HR, K, 3 RBI",0,3,0,1,0,0,1,1,0,0,1,0,5,0,0,3,1,0,0,0,5
144,671739,745599,6,5,7,0,0,.---,0,"3-4 | HR, 2B, BB",0,0,0,3,1,0,1,1,1,0,3,0,4,0,0,1,0,0,0,0,4
144,606115,745599,7,5,4,0,0,.---,0,"3-4 | 2B, BB, R",0,1,0,1,1,0,0,0,1,0,3,0,4,0,0,0,0,0,0,0,-.--
144,518595,745599,8,5,2,0,0,.---,0,"1-5 | 2B, 2 RBI, R",2,1,3,1,1,0,0,0,0,0,1,0,5,1,0,2,5,0,0,0,-.--
144,672284,745599,9,5,3,0,0,.---,0,"3-4 | BB, 2 RBI, R",0,1,0,1,0,0,0,0,1,0,3,0,4,1,0,2,1,0,0,0,-.--
143,656941,745599,1,5,1,0,1,1,0,"1-5 | K, R, SB",1,2,1,1,0,0,0,1,0,0,1,0,5,0,0,0,2,0,0,0,-.--
143,607208,745599,2,4,1,0,0,.---,0,"1-3 | BB, K",0,1,0,0,0,0,0,1,1,0,1,0,3,0,0,0,1,0,0,0,-.--
143,547180,745599,3,4,0,0,1,1,0,"0-3 | BB, R, SB",0,1,2,1,0,0,0,0,1,0,0,0,3,1,0,0,2,0,0,0,-.--
143,592663,745599,4,4,5,0,0,.---,0,"2-3 | HR, BB, K",0,0,0,2,0,0,1,1,1,0,2,0,3,0,0,1,0,0,0,0,3
143,664761,745599,5,4,0,0,0,.---,0,0-4,1,2,2,0,0,0,0,0,0,0,0,0,4,0,0,0,4,0,0,0,-.--
143,592206,745599,6,4,1,0,0,.---,0,"1-3 | BB, RBI",1,0,2,0,0,0,0,0,1,0,1,0,3,0,0,1,0,0,0,0,-.--
143,681082,745599,7,4,4,0,0,.---,0,"3-4 | 2B, 2 RBI",0,1,0,0,1,0,0,0,0,0,3,0,4,1,0,2,1,0,0,0,-.--
143,593160,745599,8,4,0,0,0,.---,0,0-3 | BB,1,2,1,0,0,0,0,0,1,0,0,0,3,0,0,0,4,0,0,0,-.--
143,679032,745599,9,4,0,0,0,.---,0,0-4 | K,0,2,1,0,0,0,0,1,0,0,0,0,4,0,0,0,3,0,0,0,-.--
114,680757,745684,1,6,6,0,0,.---,0,"3-5 | HR, BB, 2 RBI",2,0,2,3,0,0,1,0,1,0,3,0,5,0,0,2,0,0,0,0,5
114,608070,745684,2,6,2,0,0,.---,0,"2-6 | 2 K, RBI, R",2,0,2,1,0,0,0,2,0,0,2,0,6,0,0,1,1,0,0,0,-.--
114,657656,745684,3,2,2,0,1,1,0,"1-2 | 2B, SB",0,1,0,0,1,0,0,0,0,0,1,0,2,0,0,0,0,0,0,0,-.--
114,681807,745684,4,6,1,0,1,1,0,"1-2 | 2 BB, HBP, 2 RBI",2,0,2,1,0,0,0,0,2,0,1,1,2,0,0,2,0,0,1,0,-.--
114,671289,745684,5,6,1,0,1,1,0,"1-5 | BB, K, RBI",1,0,3,1,0,0,0,1,1,0,1,0,5,0,0,1,7,0,0,0,-.--
114,665926,745684,6,5,3,0,1,1,0,"1-4 | 3B, HBP, RBI",2,1,2,2,0,1,0,0,0,0,1,1,4,0,0,1,5,0,0,0,-.--
114,672356,745684,7,5,2,0,1,1,0,"2-5 | K, 2 RBI, 2 R",0,2,0,2,0,0,0,1,0,0,2,0,5,0,0,2,4,0,0,0,-.--
114,595978,745684,8,5,2,0,0,.---,0,"1-4 | 2B, K, 2 RBI",3,0,3,0,1,0,0,1,0,0,1,0,4,0,0,2,1,0,1,0,-.--
114,677587,745684,9,5,4,0,0,.---,0,"2-5 | 2 2B, 2 R",1,2,1,2,2,0,0,0,0,0,2,0,5,0,0,0,2,0,0,0,-.--
133,676116,745684,1,5,1,0,0,.---,0,"1-4 | BB, K, RBI",0,1,1,0,0,0,0,1,1,0,1,0,4,0,0,1,0,0,0,0,-.--
133,680869,745684,2,5,3,0,1,1,0,"2-4 | 2B, HBP, K",0,0,1,1,1,0,0,1,0,0,2,1,4,0,0,0,1,0,0,0,-.--
133,668709,745684,3,5,1,0,0,.---,0,1-5 | K,1,1,2,0,0,0,0,1,0,0,1,0,5,0,0,0,3,0,0,0,-.--
133,667670,745684,4,5,0,0,0,.---,0,"0-4 | BB, 4 K",0,0,0,0,0,0,0,4,1,0,0,0,4,0,0,0,4,0,0,0,-.--
133,664913,745684,5,4,0,0,0,.---,0,0-2 | 2 BB,0,0,2,0,0,0,0,0,2,0,0,0,2,0,0,0,0,0,0,0,-.--
133,605204,745684,6,4,1,0,0,.---,0,"1-3 | HBP, 2 K, R",0,0,0,1,0,0,0,2,0,0,1,1,3,0,0,0,4,0,0,0,-.--
133,668832,745684,7,4,0,0,0,.---,0,"0-2 | 2 BB, 2 K, RBI",0,0,0,1,0,0,0,2,2,0,0,0,2,0,0,1,1,0,0,0,-.--
133,671732,745684,8,4,1,0,0,.---,0,1-4 | 2 K,0,1,0,0,0,0,0,2,0,0,1,0,4,0,0,0,4,0,0,0,-.--
133,669397,745684,9,3,0,0,0,.---,0,"0-3 | K, RBI",0,2,0,0,0,0,0,1,0,0,0,0,3,0,0,1,2,0,0,0,-.--
120,682928,746736,1,5,3,0,3,1,0,"1-2 | 3B, 3 BB, K",0,0,0,3,0,1,0,1,3,0,1,0,2,0,0,0,1,0,0,0,-.--
120,657041,746736,2,5,0,0,0,.---,0,"0-4 | BB, 3 K",1,0,1,0,0,0,0,3,1,0,0,0,4,0,0,0,3,0,0,0,-.--
120,608385,746736,3,5,2,0,0,.---,0,"2-4 | BB, 2 K, RBI",0,0,0,1,0,0,0,2,1,0,2,0,4,0,0,1,1,0,0,0,-.--
120,608841,746736,4,5,3,0,0,.---,0,"2-4 | 2B, K, RBI",0,0,2,0,1,0,0,1,0,0,2,0,4,0,0,1,1,0,1,0,-.--
120,608336,746736,5,5,0,0,0,.---,0,"0-4 | BB, 3 K",0,1,0,0,0,0,0,3,1,0,0,0,4,0,0,0,4,0,0,0,-.--
120,660688,746736,6,5,6,0,0,.---,0,"3-4 | HR, HBP, 3 RBI",0,0,1,1,0,0,1,0,0,0,3,1,4,0,0,3,0,0,0,0,4
120,592696,746736,7,5,1,0,0,.---,0,"1-4 | K, RBI",1,2,1,0,0,0,0,1,0,0,1,0,4,1,0,1,3,0,1,0,-.--
120,671277,746736,8,5,2,0,0,.---,0,"1-5 | 2B, 2 K",0,1,1,0,1,0,0,2,0,0,1,0,5,0,0,0,5,0,0,0,-.--
120,702358,746736,9,4,1,0,1,1,0,"1-4 | K, SB",0,2,0,0,0,0,0,1,0,0,1,0,4,0,0,0,2,0,0,0,-.--
113,663697,746736,1,4,2,0,0,.---,0,"2-4 | K, RBI",0,1,0,0,0,0,0,1,0,0,2,0,4,0,0,1,0,0,0,0,-.--
113,668715,746736,2,4,0,0,0,.---,0,0-4,1,2,2,0,0,0,0,0,0,0,0,0,4,0,0,0,2,0,0,0,-.--
113,687952,746736,3,4,0,0,0,.---,0,0-4 | K,0,3,0,0,0,0,0,1,0,0,0,0,4,0,0,0,2,0,0,0,-.--
113,600869,746736,4,4,4,0,0,.---,0,"1-3 | HR, BB, K",0,1,0,2,0,0,1,1,1,0,1,0,3,0,0,1,0,0,0,0,3
113,669289,746736,5,3,1,0,1,1,0,1-3 | SB,0,1,1,0,0,0,0,0,0,0,1,0,3,0,0,0,0,0,0,0,-.--
113,682829,746736,6,4,1,1,0,0,0,"1-4 | 2 K, CS",0,0,1,0,0,0,0,2,0,0,1,0,4,0,0,0,2,0,0,0,-.--
113,656413,746736,7,4,2,0,0,.---,0,"2-4 | K, R",0,0,1,1,0,0,0,1,0,0,2,0,4,0,0,0,0,0,0,0,-.--
113,571912,746736,8,4,4,0,0,.---,0,"1-3 | HR, BB, K",0,1,0,1,0,0,1,1,1,0,1,0,3,0,0,2,0,0,0,0,3
113,666181,746736,9,4,2,1,0,0,1,"1-3 | 2B, BB, K",1,0,1,1,1,0,0,1,1,0,1,0,3,0,0,0,1,0,0,0,-.--
141,543807,745119,1,4,0,0,0,.---,0,0-4,0,2,2,0,0,0,0,0,0,0,0,0,4,1,0,0,3,0,0,0,-.--
141,665489,745119,2,4,1,0,0,.---,0,"1-3 | BB, K",0,1,0,0,0,0,0,1,1,0,1,0,3,0,0,0,0,0,0,0,-.--
141,666182,745119,3,4,0,0,0,.---,0,0-4,2,1,3,0,0,0,0,0,0,0,0,0,4,0,0,0,2,0,0,0,-.--
141,596129,745119,4,4,1,0,0,.---,0,1-4 | K,1,0,2,0,0,0,0,1,0,0,1,0,4,0,0,0,2,0,0,0,-.--
141,662139,745119,5,4,1,0,0,.---,0,"1-3 | BB, 2 K, R",0,0,0,1,0,0,0,2,1,0,1,0,3,0,0,0,1,0,0,0,-.--
141,676391,745119,6,4,2,0,0,.---,0,2-4 | K,0,1,0,0,0,0,0,1,0,0,2,0,4,1,0,0,2,0,0,0,-.--
141,595281,745119,7,2,0,0,0,.---,0,0-2 | 2 K,0,0,0,0,0,0,0,2,0,0,0,0,2,0,0,0,2,0,0,0,-.--
141,661531,745119,8,3,0,0,0,.---,0,0-3 | 2 K,0,1,0,0,0,0,0,2,0,0,0,0,3,0,0,0,3,0,0,0,-.--
141,624415,745119,9,3,1,0,0,.---,0,"1-2 | BB, K, RBI",0,0,0,0,0,0,0,1,1,0,1,0,2,0,0,1,1,0,0,0,-.--
139,650490,745119,1,5,0,0,0,.---,0,"0-3 | BB, RBI",0,3,1,0,0,0,0,0,1,0,0,0,3,0,0,1,1,0,1,0,-.--
139,623912,745119,2,5,1,0,0,.---,0,1-5 | K,0,3,0,0,0,0,0,1,0,0,1,0,5,0,0,0,2,0,0,0,-.--
139,668227,745119,3,4,5,0,2,1,0,"2-3 | HR, BB, K",0,0,0,3,0,0,1,1,1,0,2,0,3,0,0,1,2,0,0,0,3
139,670623,745119,4,4,1,0,0,.---,0,"1-3 | BB, K, R",0,0,1,1,0,0,0,1,1,0,1,0,3,0,0,0,3,0,0,0,-.--
139,642708,745119,5,4,3,0,0,.---,0,"2-4 | 2B, RBI",2,0,2,0,1,0,0,0,0,0,2,0,4,0,0,1,3,0,0,0,-.--
139,676609,745119,6,4,2,0,0,.---,0,2-3 | 2 RBI,1,1,1,0,0,0,0,0,0,0,2,0,3,0,0,2,0,0,1,0,-.--
139,678554,745119,7,4,1,0,0,.---,0,1-4,1,1,2,0,0,0,0,0,0,0,1,0,4,0,0,0,4,0,0,0,-.--
139,642350,745119,8,4,1,0,0,.---,0,"1-3 | BB, 2 K, R",0,0,0,1,0,0,0,2,1,0,1,0,3,0,0,0,1,0,0,0,-.--
139,650907,745119,9,4,1,0,0,.---,0,1-4 | K,0,0,2,0,0,0,0,1,0,0,1,0,4,0,0,0,2,0,0,0,-.--
142,666397,746333,1,4,2,0,0,.---,0,"1-4 | 2B, 2 K, R",0,1,0,1,1,0,0,2,0,0,1,0,4,0,0,0,2,0,0,0,-.--
142,666135,746333,2,5,1,0,0,.---,0,1-4 | RBI,2,2,2,0,0,0,0,0,0,0,1,0,4,0,0,1,1,0,1,0,-.--
142,621439,746333,3,5,4,0,0,.---,0,"2-4 | 2 2B, HBP, 3 RBI",1,0,2,0,2,0,0,0,0,0,2,1,4,0,0,3,0,0,0,0,-.--
142,621043,746333,4,5,0,0,0,.---,0,0-5,2,1,4,0,0,0,0,0,0,0,0,0,5,0,0,0,4,0,0,0,-.--
142,670242,746333,5,3,0,0,0,.---,0,"0-1 | BB, HBP, K",0,0,0,0,0,0,0,1,1,0,0,1,1,0,0,0,2,0,0,0,-.--
142,467793,746333,6,4,1,0,0,.---,0,1-4,0,2,1,0,0,0,0,0,0,0,1,0,4,0,0,0,3,0,0,0,-.--
142,680777,746333,7,4,0,0,0,.---,0,"0-3 | HBP, K, R",0,2,0,1,0,0,0,1,0,0,0,1,3,0,0,0,3,0,0,0,-.--
142,650489,746333,8,4,1,1,0,0,0,"1-2 | BB, HBP, R",0,1,0,1,0,0,0,0,1,0,1,1,2,0,0,0,0,0,0,0,-.--
142,543877,746333,9,4,1,0,0,.---,0,"1-4 | K, RBI, R",0,1,1,1,0,0,0,1,0,0,1,0,4,1,0,1,5,0,0,0,-.--
118,672580,746333,1,4,0,0,0,.---,0,0-4 | 3 K,0,0,1,0,0,0,0,3,0,0,0,0,4,0,0,0,0,0,0,0,-.--
118,677951,746333,2,4,4,1,0,0,0,"2-3 | 2 2B, BB, R",0,0,1,1,2,0,0,0,1,0,2,0,3,0,0,0,0,0,0,0,-.--
118,686469,746333,3,4,0,0,0,.---,0,"0-3 | BB, K",0,1,1,0,0,0,0,1,1,0,0,0,3,0,0,0,1,0,0,0,-.--
118,521692,746333,4,4,0,0,0,.---,0,"0-3 | BB, K",1,0,2,0,0,0,0,1,1,1,0,0,3,0,0,0,2,0,0,0,-.--
118,669004,746333,5,4,2,0,0,.---,0,"2-4 | K, RBI",0,0,1,0,0,0,0,1,0,0,2,0,4,0,0,1,2,0,0,0,-.--
118,592669,746333,6,4,0,0,0,.---,0,0-4 | 3 K,1,0,1,0,0,0,0,3,0,0,0,0,4,0,0,0,3,0,0,0,-.--
118,624428,746333,7,2,1,0,0,.---,0,1-2,1,0,1,0,0,0,0,0,0,0,1,0,2,0,0,0,0,0,0,0,-.--
118,679845,746333,8,3,0,0,0,.---,0,0-3,1,1,2,0,0,0,0,0,0,0,0,0,3,0,0,0,1,0,0,0,-.--
118,664728,746333,9,3,0,0,0,.---,0,0-3,1,2,1,0,0,0,0,0,0,0,0,0,3,0,0,0,1,0,0,0,-.--
134,656582,746087,1,5,5,0,0,.---,0,"3-5 | 2 2B, 2 RBI, 3 R",2,0,2,3,2,0,0,0,0,0,3,0,5,0,0,2,1,0,0,0,-.--
134,668804,746087,2,6,3,0,0,.---,0,"2-5 | 2B, BB, 2 K",0,1,0,0,1,0,0,2,1,0,2,0,5,0,0,2,1,0,0,0,-.--
134,663647,746087,3,6,2,0,0,.---,0,"2-6 | K, RBI",1,2,1,0,0,0,0,1,0,0,2,0,6,0,0,1,4,0,0,0,-.--
134,658668,746087,4,5,1,0,0,.---,0,"1-5 | 2 K, RBI",1,0,2,0,0,0,0,2,0,0,1,0,5,0,0,1,3,0,0,0,-.--
134,680779,746087,5,5,0,0,0,.---,0,"0-2 | 2 BB, HBP",1,1,1,0,0,0,0,0,2,0,0,1,2,0,0,0,0,0,0,0,-.--
134,665833,746087,6,5,2,0,0,.---,0,"2-4 | BB, 2 R",0,2,0,2,0,0,0,0,1,0,2,0,4,0,0,0,4,0,0,0,-.--
134,669707,746087,7,5,3,0,0,.---,0,"2-5 | 2B, K, R",2,0,2,1,1,0,0,1,0,0,2,0,5,0,0,0,2,0,0,0,-.--
134,572191,746087,8,5,3,0,0,.---,0,"2-5 | 2B, K, RBI",0,2,0,2,1,0,0,1,0,0,2,0,5,1,0,1,4,0,0,0,-.--
134,669261,746087,9,5,1,0,0,.---,0,"1-5 | 2 K, RBI, R",0,1,1,1,0,0,0,2,0,0,1,0,5,0,0,1,2,0,0,0,-.--
146,650333,746087,1,4,1,0,0,.---,0,1-4,1,1,2,0,0,0,0,0,0,0,1,0,4,0,0,0,0,0,0,0,-.--
146,605137,746087,2,4,0,0,0,.---,0,0-4 | 3 K,0,1,0,0,0,0,0,3,0,0,0,0,4,0,0,0,1,0,0,0,-.--
146,650559,746087,3,4,1,0,0,.---,0,"1-4 | K, R",1,0,2,1,0,0,0,1,0,0,1,0,4,0,0,0,0,0,0,0,-.--
146,665862,746087,4,4,0,0,0,.---,0,"0-3 | BB, 2 K, R",0,0,1,1,0,0,0,2,1,0,0,0,3,0,0,0,1,0,0,0,-.--
146,669394,746087,5,4,2,0,0,.---,0,"1-3 | 2B, BB, RBI",1,1,1,1,1,0,0,0,1,0,1,0,3,0,0,1,0,0,0,0,-.--
146,660821,746087,6,4,2,0,0,.---,0,2-4 | 2 RBI,0,2,0,0,0,0,0,0,0,0,2,0,4,0,0,2,0,0,0,0,-.--
146,641313,746087,7,4,0,0,0,.---,0,0-4 | 2 K,0,1,1,0,0,0,0,2,0,0,0,0,4,0,0,0,4,0,0,0,-.--
146,624503,746087,8,2,0,0,0,.---,0,0-2 | 2 K,0,0,0,0,0,0,0,2,0,0,0,0,2,0,0,0,0,0,0,0,-.--
146,542194,746087,9,3,0,0,0,.---,0,0-3 | 2 K,0,1,0,0,0,0,0,2,0,0,0,0,3,0,0,0,0,0,0,0,-.--
112,663538,745037,1,4,0,0,0,.---,0,0-4 | 2 K,0,0,2,0,0,0,0,2,0,0,0,0,4,0,0,0,1,0,0,0,-.--
112,673548,745037,2,4,0,0,0,.---,0,0-4 | 2 K,2,0,2,0,0,0,0,2,0,0,0,0,4,0,0,0,0,0,0,0,-.--
112,641355,745037,3,3,0,0,0,.---,0,0-3,0,1,2,0,0,0,0,0,0,0,0,0,3,0,0,0,0,0,0,0,-.--
112,666624,745037,4,4,2,0,0,.---,0,2-4 | R,0,1,1,1,0,0,0,0,0,0,2,0,4,1,0,0,1,0,0,0,-.--
112,621020,745037,5,3,4,0,0,.---,0,"1-2 | HR, BB, 2 RBI",0,1,0,1,0,0,1,0,1,0,1,0,2,1,0,2,1,0,0,0,2
112,664023,745037,6,3,1,0,0,.---,0,1-3,0,2,0,0,0,0,0,0,0,0,1,0,3,1,0,0,1,0,0,0,-.--
112,643265,745037,7,3,1,0,0,.---,0,1-3 | K,0,1,0,0,0,0,0,1,0,0,1,0,3,0,0,0,1,0,0,0,-.--
112,543228,745037,8,3,0,0,0,.---,0,0-3 | 2 K,1,0,1,0,0,0,0,2,0,0,0,0,3,0,0,0,2,0,0,0,-.--
112,683737,745037,9,3,0,0,0,.---,0,0-3 | K,1,1,1,0,0,0,0,1,0,0,0,0,3,0,0,0,2,0,0,0,-.--
140,543760,745037,1,5,2,0,0,.---,0,"2-4 | BB, RBI, R",0,2,0,1,0,0,0,0,1,0,2,0,4,0,0,1,1,0,0,0,-.--
140,608369,745037,2,5,4,0,0,.---,0,"4-5 | 2 RBI, R",1,0,1,1,0,0,0,0,0,0,4,0,5,0,0,2,1,0,0,0,-.--
140,694497,745037,3,5,0,0,0,.---,0,"0-3 | 2 BB, RBI, R",0,3,0,1,0,0,0,0,2,0,0,0,3,0,0,1,5,0,0,0,-.--
140,666969,745037,4,5,4,0,1,1,0,"1-4 | HR, K, 3 RBI",2,1,2,1,0,0,1,1,0,0,1,0,4,0,0,3,6,0,1,0,4
140,673962,745037,5,5,5,0,0,.---,0,"2-5 | HR, 2 K, 2 RBI",0,1,0,1,0,0,1,2,0,0,2,0,5,0,0,2,3,0,0,0,5
140,694671,745037,6,5,2,0,0,.---,0,2-5 | R,1,1,2,1,0,0,0,0,0,0,2,0,5,1,0,0,2,0,0,0,-.--
140,665120,745037,7,5,7,0,0,.---,0,"3-5 | HR, 2B, K",0,0,1,3,1,0,1,1,0,0,3,0,5,0,0,2,1,0,0,0,5
140,641680,745037,8,4,2,0,0,.---,0,"1-4 | 2B, K, R",2,0,2,1,1,0,0,1,0,0,1,0,4,0,0,0,1,0,0,0,-.--
140,665750,745037,9,4,2,0,0,.---,0,"1-3 | 2B, BB, K",0,1,0,1,1,0,0,1,1,0,1,0,3,0,0,0,1,0,0,0,-.--
137,808982,745436,1,5,4,0,0,.---,0,"1-4 | HR, 2 RBI, R",1,3,1,1,0,0,1,0,0,0,1,0,4,0,0,2,2,0,1,0,4
137,624585,745436,2,5,1,0,0,.---,0,"1-5 | 2 K, R",2,0,2,1,0,0,0,2,0,0,1,0,5,0,0,0,1,0,0,0,-.--
137,664774,745436,3,3,0,0,0,.---,0,0-3 | 3 K,0,0,0,0,0,0,0,3,0,0,0,0,3,0,0,0,0,0,0,0,-.--
137,656305,745436,4,5,1,0,0,.---,0,"1-5 | K, R",0,1,2,1,0,0,0,1,0,0,1,0,5,0,0,0,0,0,0,0,-.--
137,527038,745436,5,4,1,0,0,.---,0,"1-3 | BB, RBI, 2 R",2,0,2,2,0,0,0,0,1,0,1,0,3,0,0,1,0,0,0,0,-.--
137,624424,745436,6,4,6,0,0,.---,0,"2-4 | HR, 2B, 2 K",0,0,0,2,1,0,1,2,0,0,2,0,4,0,0,4,0,0,0,0,4
137,642731,745436,7,4,1,0,0,.---,0,1-3 | RBI,1,1,2,0,0,0,0,0,0,0,1,0,3,0,0,1,0,0,1,0,-.--
137,608596,745436,8,4,2,0,0,.---,0,"1-3 | 2B, BB, RBI",0,1,1,1,1,0,0,0,1,0,1,0,3,0,0,1,1,0,0,0,-.--
137,605113,745436,9,4,1,0,0,.---,0,1-4 | K,0,0,2,0,0,0,0,1,0,0,1,0,4,0,0,0,2,0,0,0,-.--
135,593428,745436,1,4,0,0,0,.---,0,0-4 | K,0,3,0,0,0,0,0,1,0,0,0,0,4,0,0,0,0,0,0,0,-.--
135,665487,745436,2,3,0,0,0,.---,0,0-3,0,2,1,0,0,0,0,0,0,0,0,0,3,0,0,0,0,0,0,0,-.--
135,630105,745436,3,5,2,0,0,.---,0,2-5 | R,0,1,2,1,0,0,0,0,0,0,2,0,5,0,0,0,0,0,0,0,-.--
135,592518,745436,4,5,1,0,0,.---,0,"1-4 | BB, K",1,1,1,0,0,0,0,1,1,0,1,0,4,0,0,0,1,0,0,0,-.--
135,673490,745436,5,4,0,0,0,.---,0,0-4 | K,0,1,2,0,0,0,0,1,0,0,0,0,4,0,0,0,4,0,0,0,-.--
135,595777,745436,6,4,3,0,0,.---,0,"2-2 | 2B, BB, HBP",0,0,0,1,1,0,0,0,1,0,2,1,2,0,0,1,0,0,0,0,-.--
135,642180,745436,7,2,0,0,0,.---,0,"0-1 | BB, K",0,0,0,0,0,0,0,1,1,0,0,0,1,0,0,0,3,0,0,0,-.--
135,701538,745436,8,4,0,0,0,.---,0,"0-3 | BB, K, R",0,0,2,1,0,0,0,1,1,0,0,0,3,0,0,0,5,0,0,0,-.--
135,543309,745436,9,4,0,0,0,.---,0,0-4 | 4 K,0,0,0,0,0,0,0,4,0,0,0,0,4,0,0,0,1,0,0,0,-.--
147,650402,746410,1,5,1,0,0,.---,0,"1-4 | BB, K",2,0,2,0,0,0,0,1,1,0,1,0,4,0,0,0,1,0,0,0,-.--
147,665742,746410,2,5,5,0,0,.---,0,"2-5 | HR, RBI, 2 R",0,3,0,2,0,0,1,0,0,0,2,0,5,1,0,1,2,0,0,0,5
147,592450,746410,3,4,1,0,0,.---,0,"1-3 | BB, K",0,1,0,0,0,0,0,1,1,0,1,0,3,0,0,0,0,0,0,0,-.--
147,519203,746410,4,4,0,0,0,.---,0,0-4 | 3 K,0,1,0,0,0,0,0,3,0,0,0,0,4,0,0,0,2,0,0,0,-.--
147,657077,746410,5,4,0,0,0,.---,0,0-4,1,3,1,0,0,0,0,0,0,0,0,0,4,1,0,0,2,0,0,0,-.--
147,683011,746410,6,4,5,0,0,.---,0,"2-4 | HR, K, RBI",0,0,1,1,0,0,1,1,0,0,2,0,4,0,0,1,0,0,0,0,4
147,669224,746410,7,4,1,0,0,.---,0,"1-2 | 2 BB, K, R",0,0,0,1,0,0,0,1,2,0,1,0,2,0,0,0,0,0,0,0,-.--
147,665828,746410,8,4,4,0,0,.---,0,"1-4 | HR, 2 K, 2 RBI",1,0,1,1,0,0,1,2,0,0,1,0,4,0,0,2,3,0,0,0,4
147,663757,746410,9,4,0,0,0,.---,1,"0-3 | BB, 2 K",0,0,1,0,0,0,0,2,1,0,0,0,3,0,0,0,3,0,0,0,-.--
117,514888,746410,1,4,1,0,0,.---,0,1-4,0,2,1,0,0,0,0,0,0,0,1,0,4,0,0,0,0,0,0,0,-.--
117,670541,746410,2,4,0,0,0,.---,0,0-3 | BB,1,2,1,0,0,0,0,0,1,0,0,0,3,0,0,0,1,0,0,0,-.--
117,663656,746410,3,4,0,0,0,.---,0,0-4 | 2 K,1,1,1,0,0,0,0,2,0,0,0,0,4,0,0,0,2,0,0,0,-.--
117,608324,746410,4,4,2,0,0,.---,0,"1-4 | 2B, K",1,1,1,0,1,0,0,1,0,0,1,0,4,0,0,0,1,0,0,0,-.--
117,673237,746410,5,4,0,0,0,.---,0,"0-3 | BB, K, R",0,2,0,1,0,0,0,1,1,0,0,0,3,0,0,0,1,0,0,0,-.--
117,547989,746410,6,4,0,0,0,.---,0,0-3 | HBP,1,1,2,0,0,0,0,0,0,0,0,1,3,0,0,0,2,0,0,0,-.--
117,665161,746410,7,4,0,0,0,.---,0,"0-3 | HBP, K, R",0,2,0,1,0,0,0,1,0,0,0,1,3,1,0,0,4,0,0,0,-.--
117,643289,746410,8,4,2,0,0,.---,0,"1-4 | 2B, 2 RBI",1,2,1,0,1,0,0,0,0,0,1,0,4,0,0,2,1,0,0,0,-.--
117,605170,746410,9,3,1,0,0,.---,0,"1-3 | K, R",0,1,0,1,0,0,0,1,0,0,1,0,3,0,0,0,1,0,0,0,-.--
115,453568,747221,1,5,3,0,1,1,0,"2-5 | 2B, 2 RBI, R",2,0,3,1,1,0,0,0,0,0,2,0,5,0,0,2,2,0,0,0,-.--
115,592178,747221,2,5,0,0,0,.---,0,"0-4 | BB, 4 K, R",0,0,0,1,0,0,0,4,1,0,0,0,4,0,0,0,3,0,0,0,-.--
115,666134,747221,3,5,3,0,0,.---,0,"1-4 | 3B, BB, K",0,2,0,1,0,1,0,1,1,0,1,0,4,0,0,2,1,0,0,0,-.--
115,663898,747221,4,5,0,0,0,.---,0,0-5 | 2 K,0,3,0,0,0,0,0,2,0,0,0,0,5,1,0,0,3,0,0,0,-.--
115,641857,747221,5,5,2,0,0,.---,0,2-4 | RBI,0,2,1,0,0,0,0,0,0,0,2,0,4,0,0,1,0,0,1,0,-.--
115,553869,747221,6,4,1,0,0,.---,0,1-4 | R,0,1,2,1,0,0,0,0,0,0,1,0,4,1,0,0,2,0,0,0,-.--
115,678662,747221,7,4,4,0,0,.---,0,"1-4 | HR, K, 2 RBI",1,0,2,1,0,0,1,1,0,0,1,0,4,0,0,2,0,0,0,0,4
115,660707,747221,8,4,1,0,0,.---,0,"1-1 | 3 BB, 2 R",0,0,0,2,0,0,0,0,3,0,1,0,1,0,0,0,0,0,0,0,-.--
115,686668,747221,9,4,5,0,0,.---,0,"2-3 | HR, BB, K",0,0,0,2,0,0,1,1,1,0,2,0,3,0,0,2,1,0,0,0,3
109,606466,747221,1,5,0,0,0,.---,0,"0-4 | BB, K, R",0,2,1,1,0,0,0,1,1,0,0,0,4,0,0,0,3,0,0,0,-.--
109,682998,747221,2,5,2,0,1,1,0,"2-3 | 2 BB, R, SB",0,0,1,1,0,0,0,0,2,0,2,0,3,0,0,0,0,0,0,0,-.--
109,666971,747221,3,5,6,0,0,.---,0,"2-4 | HR, 2B, BB",1,1,1,1,1,0,1,0,1,0,2,0,4,1,0,2,2,0,0,0,4
109,572233,747221,4,5,1,0,0,.---,0,"1-4 | BB, 2 K",1,0,1,0,0,0,0,2,1,0,1,0,4,0,0,0,4,0,0,0,-.--
109,672515,747221,5,4,0,0,0,.---,0,0-4 | RBI,1,3,1,0,0,0,0,0,0,0,0,0,4,1,0,1,6,0,0,0,-.--
109,553993,747221,6,4,5,0,0,.---,0,"2-3 | HR, BB, RBI",0,1,0,1,0,0,1,0,1,0,2,0,3,0,0,1,2,0,0,0,3
109,677942,747221,7,2,0,0,0,.---,0,0-2 | K,1,0,1,0,0,0,0,1,0,0,0,0,2,0,0,0,2,0,0,0,-.--
109,677950,747221,8,4,0,0,0,.---,0,0-4 | K,0,3,0,0,0,0,0,1,0,0,0,0,4,2,0,0,3,0,0,0,-.--
109,672695,747221,9,4,1,0,0,.---,0,1-3 | BB,0,1,1,0,0,0,0,0,1,0,1,0,3,0,0,0,0,0,0,0,-.--
138,680977,746168,1,5,2,0,0,.---,0,"1-5 | 2B, 2 K, 2 RBI",0,1,1,0,1,0,0,2,0,0,1,0,5,0,0,2,1,0,0,0,-.--
138,502671,746168,2,5,0,0,0,.---,0,"0-4 | BB, K, RBI",1,2,1,0,0,0,0,1,1,1,0,0,4,0,0,1,0,0,0,0,-.--
138,669357,746168,3,5,1,0,0,.---,0,"1-4 | BB, K, R",0,1,1,1,0,0,0,1,1,0,1,0,4,0,0,0,2,0,0,0,-.--
138,571448,746168,4,5,1,0,0,.---,0,"1-4 | HBP, K, R",1,1,1,1,0,0,0,1,0,0,1,1,4,0,0,0,0,0,0,0,-.--
138,572761,746168,5,5,1,0,0,.---,0,"1-4 | 2 K, R",1,0,1,1,0,0,0,2,0,0,1,0,4,0,0,0,2,0,0,1,-.--
138,671056,746168,6,4,0,0,0,.---,0,0-3 | RBI,2,2,2,0,0,0,0,0,0,0,0,0,3,0,0,1,1,0,1,0,-.--
138,676475,746168,7,3,3,0,0,.---,0,"2-3 | 2B, K, RBI",0,0,0,0,1,0,0,1,0,0,2,0,3,0,0,1,1,0,0,0,-.--
138,543063,746168,8,4,1,0,0,.---,0,"1-4 | K, R",0,1,1,1,0,0,0,1,0,0,1,0,4,0,0,0,1,0,0,0,-.--
138,687363,746168,9,4,0,0,0,.---,0,"0-4 | K, R",0,0,3,1,0,0,0,1,0,0,0,0,4,0,0,0,2,0,0,0,-.--
119,605141,746168,1,6,7,0,0,.---,0,"3-4 | HR, 2B, 2 BB",1,0,1,3,1,0,1,0,2,0,3,0,4,0,0,1,2,0,0,0,4
119,660271,746168,2,6,1,0,0,.---,0,"1-5 | BB, 2 K, R",1,0,2,1,0,0,0,2,1,0,1,0,5,0,0,0,6,0,0,0,-.--
119,518692,746168,3,5,3,0,0,.---,0,"3-5 | K, RBI, R",1,0,1,1,0,0,0,1,0,0,3,0,5,0,0,1,1,0,0,0,-.--
119,669257,746168,4,5,3,0,0,.---,0,"3-5 | 2 K, 2 RBI",0,0,0,0,0,0,0,2,0,0,3,0,5,0,0,2,3,0,0,0,-.--
119,571970,746168,5,5,1,0,0,.---,0,"1-5 | 2 K, RBI",2,0,2,0,0,0,0,2,0,0,1,0,5,0,0,1,6,0,0,0,-.--
119,606192,746168,6,5,0,0,0,.---,0,0-5 | 3 K,0,1,1,0,0,0,0,3,0,0,0,0,5,0,0,0,5,0,0,0,-.--
119,681546,746168,7,5,0,0,0,.---,0,"0-4 | BB, 3 K",1,0,1,0,0,0,0,3,1,0,0,0,4,0,0,0,1,0,0,0,-.--
119,518792,746168,8,5,1,0,0,.---,0,1-5 | K,2,1,2,0,0,0,0,1,0,0,1,0,5,0,0,0,2,0,0,0,-.--
119,666158,746168,9,5,2,0,0,.---,0,2-5,2,0,3,0,0,0,0,0,0,0,2,0,5,0,0,0,1,0,0,0,-.--
111,680776,745278,1,4,1,0,0,.---,0,1-3 | BB,0,2,0,0,0,0,0,0,1,0,1,0,3,0,0,0,0,0,0,0,-.--
111,807799,745278,2,5,1,0,0,.---,0,"1-5 | 3 K, RBI",1,0,1,0,0,0,0,3,0,0,1,0,5,0,0,1,3,0,0,0,-.--
111,596115,745278,3,5,0,0,0,.---,0,0-5 | K,2,2,2,0,0,0,0,1,0,0,0,0,5,0,0,0,2,0,0,0,-.--
111,671213,745278,4,4,0,0,0,.---,0,"0-3 | BB, K",0,1,1,0,0,0,0,1,1,0,0,0,3,0,0,0,0,0,0,0,-.--
111,677800,745278,5,4,0,0,0,.---,0,0-4 | 3 K,1,0,1,0,0,0,0,3,0,0,0,0,4,0,0,0,1,0,0,0,-.--
111,678882,745278,6,4,3,0,0,.---,0,"2-4 | 2B, 2 K, 2 R",0,0,0,2,1,0,0,2,0,0,2,0,4,0,0,0,1,0,0,0,-.--
111,665839,745278,7,4,0,0,0,.---,0,0-4 | 2 K,1,0,2,0,0,0,0,2,0,0,0,0,4,0,0,0,3,0,0,0,-.--
111,622569,745278,8,4,1,1,0,0,0,"1-4 | 2 RBI, CS",1,1,2,0,0,0,0,0,0,0,1,0,4,0,0,2,0,0,0,0,-.--
111,657136,745278,9,3,1,0,0,.---,0,1-3 | K,0,1,0,0,0,0,0,1,0,0,1,0,3,0,0,0,0,0,0,0,-.--
136,641487,745278,1,5,1,0,0,.---,0,"1-5 | K, RBI, R",0,2,1,1,0,0,0,1,0,0,1,0,5,0,0,1,2,0,0,0,-.--
136,677594,745278,2,5,1,0,0,.---,0,"1-5 | 2 K, RBI",0,2,0,0,0,0,0,2,0,0,1,0,5,0,0,1,2,0,0,0,-.--
136,593871,745278,3,4,0,0,0,.---,0,"0-3 | BB, 2 K",1,0,1,0,0,0,0,2,1,0,0,0,3,0,0,0,1,0,0,0,-.--
136,571745,745278,4,4,1,0,0,.---,0,"1-4 | 2 K, RBI",0,1,0,0,0,0,0,2,0,0,1,0,4,0,0,1,1,0,0,0,-.--
136,663728,745278,5,4,0,0,0,.---,0,"0-3 | BB, 2 K",0,0,1,0,0,0,0,2,1,0,0,0,3,0,0,0,1,0,0,0,-.--
136,664034,745278,6,4,1,0,0,.---,0,1-4 | R,1,2,1,1,0,0,0,0,0,0,1,0,4,0,0,0,1,0,0,0,-.--
136,670042,745278,7,4,1,0,0,.---,0,"1-4 | 2 K, RBI, R",1,0,1,1,0,0,0,2,0,0,1,0,4,0,0,1,1,0,0,0,-.--
136,664238,745278,8,2,0,0,0,.---,0,0-2,0,1,1,0,0,0,0,0,0,0,0,0,2,0,0,0,1,0,0,0,-.--
136,668942,745278,9,4,2,0,0,.---,0,"2-4 | K, R",0,0,1,1,0,0,0,1,0,0,2,0,4,0,0,0,1,0,0,0,-.--
108,543685,747062,1,4,0,0,0,.---,0,0-4,3,1,3,0,0,0,0,0,0,0,0,0,4,0,0,0,2,0,0,0,-.--
108,694384,747062,2,4,1,0,0,.---,0,1-4 | R,1,2,1,1,0,0,0,0,0,0,1,0,4,0,0,0,1,0,0,0,-.--
108,545361,747062,3,4,0,0,0,.---,0,0-4 | 3 K,1,0,1,0,0,0,0,3,0,0,0,0,4,0,0,0,1,0,0,0,-.--
108,621493,747062,4,4,4,0,0,.---,0,"1-4 | HR, K, 2 RBI",0,2,0,1,0,0,1,1,0,0,1,0,4,0,0,2,0,0,0,0,4
108,592273,747062,5,4,1,0,0,.---,0,1-4 | 2 K,0,1,0,0,0,0,0,2,0,0,1,0,4,0,0,0,0,0,0,0,-.--
108,650859,747062,6,4,1,0,0,.---,0,1-4 | R,0,3,0,1,0,0,0,0,0,0,1,0,4,0,0,0,1,0,0,0,-.--
108,681351,747062,7,3,1,0,0,.---,0,"1-2 | HBP, K, R",0,0,0,1,0,0,0,1,0,0,1,1,2,0,0,0,0,0,0,0,-.--
108,666176,747062,8,3,0,0,0,.---,0,0-3 | K,0,1,1,0,0,0,0,1,0,0,0,0,3,1,0,0,3,0,0,0,-.--
108,687263,747062,9,3,1,1,0,0,0,"1-2 | BB, RBI, CS",1,0,1,0,0,0,0,0,1,0,1,0,2,0,0,1,0,0,0,0,-.--
110,683002,747062,1,4,0,0,0,.---,0,"0-2 | 2 BB, RBI",0,1,1,0,0,0,0,0,2,0,0,0,2,0,0,1,2,0,0,0,-.--
110,668939,747062,2,4,0,0,0,.---,0,0-4,1,2,2,0,0,0,0,0,0,0,0,0,4,0,0,0,6,0,0,0,-.--
110,663624,747062,3,4,1,0,0,.---,0,1-4,0,3,0,0,0,0,0,0,0,0,1,0,4,0,0,0,1,0,0,0,-.--
110,623993,747062,4,4,0,0,0,.---,0,0-4 | 2 K,0,0,2,0,0,0,0,2,0,0,0,0,4,0,0,0,2,0,0,0,-.--
110,669720,747062,5,4,0,0,0,.---,0,"0-3 | BB, 2 K",1,0,1,0,0,0,0,2,1,0,0,0,3,0,0,0,0,0,0,0,-.--
110,676059,747062,6,3,0,0,0,.---,0,"0-2 | BB, 2 K, R",0,0,0,1,0,0,0,2,1,0,0,0,2,0,0,0,0,0,0,0,-.--
110,656775,747062,7,4,0,0,0,.---,0,"0-3 | HBP, K",2,0,2,0,0,0,0,1,0,0,0,1,3,0,0,0,0,0,0,0,-.--
110,543510,747062,8,3,1,0,0,.---,0,1-3 | K,1,0,1,0,0,0,0,1,0,0,1,0,3,0,0,0,2,0,0,0,-.--
110,622761,747062,9,2,1,0,0,.---,0,1-2 | K,0,0,0,0,0,0,0,1,0,0,1,0,2,0,0,0,0,0,0,0,-.--
144,660670,745602,1,4,0,0,0,.---,0,"0-3 | BB, 3 K, R",0,0,0,1,0,0,0,3,1,0,0,0,3,0,0,0,1,0,0,0,-.--
144,645277,745602,2,4,5,0,0,.---,0,"2-4 | HR, 3 RBI, R",0,1,1,1,0,0,1,0,0,0,2,0,4,0,0,3,0,0,0,0,4
144,663586,745602,3,4,3,0,0,.---,0,"2-4 | 2B, 2 K, R",0,0,0,1,1,0,0,2,0,0,2,0,4,0,0,0,0,0,0,0,-.--
144,621566,745602,4,4,0,0,0,.---,0,0-4 | 3 K,1,0,1,0,0,0,0,3,0,0,0,0,4,0,0,0,3,0,0,0,-.--
144,542303,745602,5,4,1,0,0,.---,0,1-4 | K,0,2,0,0,0,0,0,1,0,0,1,0,4,0,0,0,1,0,0,0,-.--
144,594807,745602,6,4,1,0,0,.---,0,"1-4 | K, RBI",0,1,1,0,0,0,0,1,0,0,1,0,4,0,0,1,1,0,0,0,-.--
144,671739,745602,7,4,0,0,0,.---,0,0-4 | K,0,2,1,0,0,0,0,1,0,0,0,0,4,0,0,0,1,0,0,0,-.--
144,606115,745602,8,3,0,0,0,.---,0,0-3 | 2 K,0,1,0,0,0,0,0,2,0,0,0,0,3,0,0,0,0,0,0,0,-.--
144,644433,745602,9,2,0,0,0,.---,0,0-2 | K,1,0,1,0,0,0,0,1,0,0,0,0,2,0,0,0,0,0,0,0,-.--
143,656941,745602,1,4,5,0,0,.---,0,"2-4 | HR, K, RBI",0,1,0,2,0,0,1,1,0,0,2,0,4,1,0,1,2,0,0,0,4
143,607208,745602,2,4,1,0,1,1,0,"1-4 | 2 K, RBI, R",0,1,0,1,0,0,0,2,0,0,1,0,4,0,0,1,1,0,0,0,-.--
143,664761,745602,3,4,2,0,0,.---,0,"2-4 | K, 2 RBI",0,0,1,0,0,0,0,1,0,0,2,0,4,0,0,2,0,0,0,0,-.--
143,592663,745602,4,4,1,0,0,.---,0,1-4 | K,1,1,1,0,0,0,0,1,0,0,1,0,4,0,0,0,1,0,0,0,-.--
143,592206,745602,5,4,1,0,0,.---,0,1-3 | BB,0,1,1,0,0,0,0,0,1,0,1,0,3,0,0,0,3,0,0,0,-.--
143,593160,745602,6,4,1,0,0,.---,0,1-4,2,1,2,0,0,0,0,0,0,0,1,0,4,0,0,0,1,0,0,0,-.--
143,624641,745602,7,2,1,0,0,.---,0,1-2 | R,1,0,1,1,0,0,0,0,0,0,1,0,2,0,0,0,2,0,0,0,-.--
143,665506,745602,8,2,0,0,0,.---,0,"0-1 | BB, K",0,0,0,0,0,0,0,1,1,0,0,0,1,0,0,0,2,0,0,0,-.--
143,679032,745602,9,3,0,0,0,.---,0,"0-2 | HBP, K, R",0,1,0,1,0,0,0,1,0,0,0,1,2,0,0,0,3,0,0,0,-.--
120,682928,746739,1,5,4,0,0,.---,0,"1-4 | HR, K, RBI",0,2,1,1,0,0,1,1,0,0,1,0,4,0,0,1,3,1,0,0,4
120,657041,746739,2,5,1,0,2,1,0,"1-4 | 3 RBI, 2 SB",2,1,3,0,0,0,0,0,0,0,1,0,4,0,0,3,0,0,1,0,-.--
120,608385,746739,3,5,3,0,0,.---,0,"2-3 | 2B, BB, HBP",0,1,0,0,1,0,0,0,1,0,2,1,3,0,0,0,2,0,0,0,-.--
120,608841,746739,4,5,1,0,0,.---,0,"1-4 | HBP, K",1,0,2,0,0,0,0,1,0,0,1,1,4,0,0,0,3,0,0,0,-.--
120,608336,746739,5,5,0,0,0,.---,0,0-4 | BB,3,0,4,0,0,0,0,0,1,0,0,0,4,0,0,0,4,0,0,0,-.--
120,660688,746739,6,5,0,0,0,.---,0,0-5 | K,1,1,3,0,0,0,0,1,0,0,0,0,5,0,0,0,3,0,0,0,-.--
120,592696,746739,7,4,2,0,0,.---,0,"1-4 | 2B, 3 K, R",0,0,0,1,1,0,0,3,0,0,1,0,4,0,0,0,0,0,0,0,-.--
120,671277,746739,8,4,1,0,0,.---,0,"1-3 | BB, K, R",0,1,0,1,0,0,0,1,1,0,1,0,3,0,0,0,0,0,0,0,-.--
120,702358,746739,9,4,5,0,0,.---,0,"2-3 | HR, BB, RBI",0,1,0,2,0,0,1,0,1,0,2,0,3,0,0,1,0,0,0,0,3
113,663697,746739,1,5,2,0,0,.---,0,"1-4 | 2B, BB, RBI",0,2,1,1,1,0,0,0,1,0,1,0,4,0,0,1,1,0,0,0,-.--
113,666181,746739,2,5,7,0,0,.---,0,"3-5 | HR, 2B, 2 K",0,0,0,1,1,0,1,2,0,0,3,0,5,0,0,3,2,0,0,0,5
113,687952,746739,3,5,4,0,0,.---,0,"1-5 | HR, 2 K, RBI",0,2,0,1,0,0,1,2,0,0,1,0,5,2,0,1,4,0,0,0,5
113,600869,746739,4,4,2,0,0,.---,0,"1-4 | 2B, 2 K",0,0,1,0,1,0,0,2,0,0,1,0,4,0,0,0,0,0,0,0,-.--
113,641584,746739,5,4,3,1,0,0,0,3-4 | CS,0,1,0,0,0,0,0,0,0,0,3,0,4,0,0,0,1,0,0,0,-.--
113,682829,746739,6,4,3,0,0,.---,0,"1-4 | 3B, K, R",0,2,0,1,0,1,0,1,0,0,1,0,4,1,0,0,3,0,0,0,-.--
113,668715,746739,7,4,2,0,0,.---,0,"2-3 | BB, RBI, R",0,1,0,1,0,0,0,0,1,0,2,0,3,0,0,1,1,0,0,0,-.--
113,605361,746739,8,4,1,0,0,.---,0,"1-3 | BB, R",1,0,2,1,0,0,0,0,1,0,1,0,3,0,0,0,2,0,0,0,-.--
113,663886,746739,9,3,1,0,0,.---,0,1-3,0,2,0,0,0,0,0,0,0,0,1,0,3,0,0,0,4,0,0,0,-.--
141,543807,745115,1,5,1,0,0,.---,0,"1-4 | BB, 2 K, 2 R",0,1,0,2,0,0,0,2,1,0,1,0,4,0,0,0,4,0,0,0,-.--
141,665489,745115,2,5,0,0,0,.---,0,"0-2 | 3 BB, K, R",1,0,1,1,0,0,0,1,3,0,0,0,2,0,0,0,1,0,0,0,-.--
141,457759,745115,3,5,7,0,0,.---,0,"3-4 | HR, 2B, BB",0,0,1,2,1,0,1,0,1,0,3,0,4,0,0,4,1,0,0,0,4
141,662139,745115,4,5,0,0,0,.---,0,"0-4 | BB, K",2,1,2,0,0,0,0,1,1,0,0,0,4,0,0,0,5,0,0,0,-.--
141,672386,745115,5,5,1,0,0,.---,0,"1-5 | K, RBI",0,0,3,0,0,0,0,1,0,0,1,0,5,0,0,1,3,0,0,0,-.--
141,676391,745115,6,5,1,0,0,.---,0,1-5 | 2 R,1,3,1,2,0,0,0,0,0,0,1,0,5,1,0,0,3,0,0,0,-.--
141,676914,745115,7,5,4,0,0,.---,0,"1-4 | HR, BB, 2 K",1,0,1,1,0,0,1,2,1,0,1,0,4,0,0,2,0,0,0,0,4
141,624415,745115,8,5,1,0,0,.---,0,"1-5 | 2 K, RBI",1,0,2,0,0,0,0,2,0,0,1,0,5,0,0,1,0,0,0,0,-.--
141,643396,745115,9,4,2,0,0,.---,0,"2-3 | BB, R",1,0,1,1,0,0,0,0,1,0,2,0,3,0,0,0,0,0,0,0,-.--
139,650490,745115,1,3,0,0,0,.---,0,"0-2 | BB, 2 K",0,0,0,0,0,0,0,2,1,0,0,0,2,0,0,0,1,0,0,0,-.--
139,664040,745115,2,3,0,0,0,.---,0,0-3 | K,0,0,2,0,0,0,0,1,0,0,0,0,3,0,0,0,2,0,0,0,-.--
139,668227,745115,3,3,4,0,0,.---,0,"1-3 | HR, RBI, R",1,1,1,1,0,0,1,0,0,0,1,0,3,0,0,1,1,0,0,0,3
139,623912,745115,4,4,0,0,0,.---,0,0-4 | K,1,1,2,0,0,0,0,1,0,0,0,0,4,0,0,0,1,0,0,0,-.--
139,670623,745115,5,4,4,0,0,.---,0,"1-4 | HR, K, RBI",1,0,2,1,0,0,1,1,0,0,1,0,4,0,0,1,0,0,0,0,4
139,642708,745115,6,4,0,0,0,.---,0,0-3 | BB,0,3,0,0,0,0,0,0,1,0,0,0,3,0,0,0,0,0,0,0,-.--
139,642350,745115,7,4,0,0,0,.---,0,"0-3 | HBP, K",0,1,1,0,0,0,0,1,0,0,0,1,3,0,0,0,2,0,0,0,-.--
139,666163,745115,8,3,0,0,0,.---,0,0-3,1,2,1,0,0,0,0,0,0,0,0,0,3,0,0,0,2,0,0,0,-.--
139,676609,745115,9,3,1,0,1,1,0,1-3 | SB,1,1,1,0,0,0,0,0,0,0,1,0,3,0,0,0,1,0,0,0,-.--
134,656582,746090,1,6,1,0,0,.---,0,"1-5 | BB, 2 K, R",0,1,1,1,0,0,0,2,1,0,1,0,5,0,0,0,2,0,0,0,-.--
134,668804,746090,2,6,1,0,0,.---,0,"1-5 | BB, 2 K, RBI",0,2,0,0,0,0,0,2,1,0,1,0,5,0,0,1,2,0,0,0,-.--
134,663647,746090,3,6,2,0,0,.---,0,"2-5 | BB, RBI, R",0,2,1,1,0,0,0,0,1,0,2,0,5,0,0,1,3,0,0,0,-.--
134,658668,746090,4,4,1,0,0,.---,0,"1-4 | 2 K, R",1,0,1,1,0,0,0,2,0,0,1,0,4,0,0,0,2,0,0,0,-.--
134,669261,746090,5,6,1,0,0,.---,0,"1-6 | 2 K, R",3,0,3,1,0,0,0,2,0,0,1,0,6,0,0,0,6,0,0,0,-.--
134,669707,746090,6,5,2,0,1,1,0,"2-3 | 2 BB, K, R",0,0,0,1,0,0,0,1,2,0,2,0,3,0,0,0,2,0,0,0,-.--
134,642133,746090,7,5,4,0,0,.---,0,"1-5 | HR, 3 K, 3 RBI",0,0,1,1,0,0,1,3,0,0,1,0,5,0,0,3,6,0,0,0,5
134,675961,746090,8,5,3,0,0,.---,0,"1-4 | 3B, K, 2 RBI",1,1,2,2,0,1,0,1,0,0,1,0,4,0,0,2,1,1,0,0,-.--
134,641511,746090,9,5,0,0,0,.---,0,"0-3 | BB, RBI",1,1,3,0,0,0,0,0,1,0,0,0,3,0,0,1,0,1,0,0,-.--
146,650333,746090,1,5,2,0,0,.---,0,"1-4 | 2B, BB, K",1,1,1,1,1,0,0,1,1,0,1,0,4,0,0,0,0,0,0,0,-.--
146,605137,746090,2,5,1,0,0,.---,0,"1-3 | 2 BB, K, R",1,0,1,1,0,0,0,1,2,0,1,0,3,0,0,0,1,0,0,0,-.--
146,669394,746090,3,5,1,0,0,.---,0,"1-5 | K, RBI, R",2,1,2,1,0,0,0,1,0,0,1,0,5,0,0,1,3,0,0,0,-.--
146,650559,746090,4,5,1,0,0,.---,0,"1-5 | K, R",1,0,3,1,0,0,0,1,0,0,1,0,5,0,0,0,2,0,0,0,-.--
146,665862,746090,5,5,4,0,0,.---,0,"1-4 | HR, BB, 2 K",0,0,1,1,0,0,1,2,1,0,1,0,4,0,0,4,2,0,0,0,4
146,641313,746090,6,4,0,0,0,.---,0,0-4 | 2 K,0,2,0,0,0,0,0,2,0,0,0,0,4,0,0,0,1,0,0,0,-.--
146,541645,746090,7,4,4,0,0,.---,0,"1-4 | HR, 2 K, RBI",0,1,0,1,0,0,1,2,0,0,1,0,4,0,0,1,0,0,0,0,4
146,663743,746090,8,3,0,0,0,.---,0,0-3,1,2,1,0,0,0,0,0,0,0,0,0,3,0,0,0,0,0,0,0,-.--
146,660644,746090,9,3,0,0,0,.---,0,0-3,0,1,2,0,0,0,0,0,0,0,0,0,3,0,0,0,0,0,0,0,-.--
158,686217,745845,1,5,0,0,0,.---,1,"0-4 | BB, 2 K",1,1,1,0,0,0,0,2,1,0,0,0,4,0,0,0,4,0,0,0,-.--
158,661388,745845,2,5,4,0,0,.---,0,"2-5 | 2 2B, 2 K, RBI",1,0,1,1,2,0,0,2,0,0,2,0,5,0,0,1,3,0,0,0,-.--
158,592885,745845,3,5,0,0,2,1,0,"0-2 | 2 BB, K, R",1,0,1,1,0,0,0,1,2,1,0,0,2,0,0,0,1,0,0,1,-.--
158,642715,745845,4,5,2,0,0,.---,0,"2-3 | 2 BB, RBI",0,0,1,0,0,0,0,0,2,0,2,0,3,0,0,1,0,0,0,0,-.--
158,686554,745845,5,4,1,0,0,.---,0,"1-3 | HBP, K, RBI",0,0,1,0,0,0,0,1,0,0,1,1,3,0,0,1,2,0,0,0,-.--
158,656555,745845,6,4,0,0,0,.---,0,0-4 | K,0,1,2,0,0,0,0,1,0,0,0,0,4,1,0,0,6,0,0,0,-.--
158,687401,745845,7,4,0,0,0,.---,0,"0-3 | BB, K",1,1,1,0,0,0,0,1,1,0,0,0,3,0,0,0,3,0,0,0,-.--
158,668930,745845,8,4,3,0,1,1,0,"2-4 | 2B, 2 R, SB",1,1,1,2,1,0,0,0,0,0,2,0,4,0,0,0,1,0,0,0,-.--
158,694192,745845,9,4,3,0,0,.---,0,"2-4 | 2B, K, RBI",1,0,1,0,1,0,0,1,0,0,2,0,4,0,0,1,1,0,0,0,-.--
121,607043,745845,1,4,0,0,0,.---,0,0-4 | K,1,1,2,0,0,0,0,1,0,0,0,0,4,0,0,0,0,0,0,0,-.--
121,596019,745845,2,4,0,0,0,.---,0,0-4 | K,0,2,1,0,0,0,0,1,0,0,0,0,4,0,0,0,0,0,0,0,-.--
121,624413,745845,3,4,2,0,0,.---,0,2-4,0,1,1,0,0,0,0,0,0,0,2,0,4,0,0,0,0,0,0,0,-.--
121,643446,745845,4,4,0,0,0,.---,0,0-4,2,1,3,0,0,0,0,0,0,0,0,0,4,0,0,0,2,0,0,0,-.--
121,516782,745845,5,4,2,0,0,.---,0,1-4 | 2B,1,1,2,0,1,0,0,0,0,0,1,0,4,0,0,0,0,0,0,0,-.--
121,682626,745845,6,4,3,0,0,.---,0,"2-3 | 2B, BB, K",0,0,0,1,1,0,0,1,1,0,2,0,3,0,0,0,1,0,0,0,-.--
121,683146,745845,7,4,1,0,0,.---,0,1-4 | 2 K,1,0,1,0,0,0,0,2,0,0,1,0,4,0,0,0,2,0,0,0,-.--
121,621438,745845,8,4,1,0,0,.---,0,"1-3 | BB, K, RBI",0,0,1,0,0,0,0,1,1,0,1,0,3,0,0,1,1,0,0,0,-.--
121,553882,745845,9,4,0,0,0,.---,0,0-4 | K,2,1,2,0,0,0,0,1,0,0,0,0,4,0,0,0,4,0,0,0,-.--
142,666397,746332,1,4,0,0,0,.---,0,0-4,1,3,1,0,0,0,0,0,0,0,0,0,4,0,0,0,0,0,0,0,-.--
142,666135,746332,2,4,2,0,0,.---,0,"1-4 | 2B, K",0,2,0,0,1,0,0,1,0,0,1,0,4,0,0,0,0,0,0,0,-.--
142,621439,746332,3,2,0,0,0,.---,0,0-2 | K,0,1,0,0,0,0,0,1,0,0,0,0,2,0,0,0,0,0,0,0,-.--
142,621043,746332,4,2,0,0,0,.---,0,0-2 | K,0,1,0,0,0,0,0,1,0,0,0,0,2,0,0,0,0,0,0,0,-.--
142,670242,746332,5,4,2,0,0,.---,0,"1-4 | 2B, 3 K",0,0,0,0,1,0,0,3,0,0,1,0,4,0,0,0,0,0,0,0,-.--
142,467793,746332,6,4,2,0,0,.---,0,"1-3 | 2B, HBP, K",1,0,1,0,1,0,0,1,0,0,1,1,3,0,0,0,0,0,0,0,-.--
142,650489,746332,7,4,0,0,0,.---,0,"0-2 | 2 BB, 2 K",0,0,0,0,0,0,0,2,2,0,0,0,2,0,0,0,2,0,0,0,-.--
142,680777,746332,8,4,0,0,0,.---,0,"0-3 | HBP, 2 K",0,1,0,0,0,0,0,2,0,0,0,1,3,0,0,0,5,0,0,0,-.--
142,668885,746332,9,3,0,0,0,.---,0,0-3,0,3,0,0,0,0,0,0,0,0,0,0,3,0,0,0,3,0,0,0,-.--
118,672580,746332,1,4,4,0,0,.---,0,"1-4 | HR, RBI, R",0,3,0,1,0,0,1,0,0,0,1,0,4,0,0,1,1,0,0,0,4
118,677951,746332,2,5,8,0,0,.---,0,"3-5 | HR, 3B, 2 K",0,0,0,3,0,1,1,2,0,0,3,0,5,0,0,1,1,0,0,0,5
118,686469,746332,3,5,1,0,0,.---,0,"1-4 | BB, 2 K, R",0,1,0,1,0,0,0,2,1,0,1,0,4,0,0,0,1,0,0,0,-.--
118,521692,746332,4,5,6,0,0,.---,0,"3-5 | HR, K, 4 RBI",1,0,1,2,0,0,1,1,0,0,3,0,5,0,0,4,2,0,0,0,5
118,669004,746332,5,3,2,0,0,.---,0,"1-2 | 2B, BB, R",0,0,1,1,1,0,0,0,1,0,1,0,2,0,0,0,1,0,0,0,-.--
118,676369,746332,6,4,5,0,0,.---,0,"2-3 | HR, BB, RBI",0,1,0,2,0,0,1,0,1,0,2,0,3,0,0,1,0,0,0,0,3
118,624428,746332,7,4,1,0,0,.---,0,"1-4 | K, 2 RBI",0,2,0,0,0,0,0,1,0,0,1,0,4,0,0,2,2,0,0,0,-.--
118,666023,746332,8,4,0,0,0,.---,0,0-4,2,1,3,0,0,0,0,0,0,0,0,0,4,0,0,0,3,0,0,0,-.--
118,664728,746332,9,3,6,0,0,.---,0,"2-3 | HR, 2B, K",0,0,0,1,1,0,1,1,0,0,2,0,3,0,0,1,1,0,0,0,3
116,678009,746815,1,4,0,0,0,.---,0,0-4 | 2 K,0,0,2,0,0,0,0,2,0,0,0,0,4,0,0,0,1,0,0,0,-.--
116,679529,746815,2,5,0,0,0,.---,0,"0-4 | BB, 3 K",0,1,0,0,0,0,0,3,1,0,0,0,4,0,0,0,1,0,0,0,-.--
116,681481,746815,3,4,5,0,0,.---,0,"2-4 | HR, RBI, R",0,1,1,1,0,0,1,0,0,0,2,0,4,0,0,1,0,0,0,0,4
116,682985,746815,4,4,0,0,0,.---,0,0-4 | 2 K,0,2,0,0,0,0,0,2,0,0,0,0,4,0,0,0,1,0,0,0,-.--
116,592192,746815,5,4,1,0,0,.---,0,"1-3 | BB, K",0,0,1,0,0,0,0,1,1,0,1,0,3,0,0,0,0,0,0,0,-.--
116,690993,746815,6,4,0,0,0,.---,0,"0-3 | BB, K",0,1,1,0,0,0,0,1,1,0,0,0,3,0,0,0,1,0,0,0,-.--
116,570482,746815,7,4,2,0,0,.---,0,2-4,0,1,1,0,0,0,0,0,0,0,2,0,4,0,0,0,3,0,0,0,-.--
116,595879,746815,8,4,1,0,0,.---,0,1-4 | 2 K,1,0,1,0,0,0,0,2,0,0,1,0,4,0,0,0,4,0,0,0,-.--
116,668670,746815,9,3,4,0,0,.---,0,"1-3 | HR, 2 K, RBI",0,0,0,1,0,0,1,2,0,0,1,0,3,0,0,1,1,0,0,0,3
145,643217,746815,1,4,1,0,0,.---,0,1-4 | K,1,1,1,0,0,0,0,1,0,0,1,0,4,0,0,0,0,0,0,0,-.--
145,660162,746815,2,4,2,0,0,.---,0,"1-4 | 2B, 2 K",0,1,0,0,1,0,0,2,0,0,1,0,4,0,0,0,1,0,0,0,-.--
145,673357,746815,3,4,0,0,0,.---,0,0-4 | 3 K,0,1,0,0,0,0,0,3,0,0,0,0,4,0,0,0,2,0,0,0,-.--
145,650391,746815,4,3,0,0,0,.---,0,0-3 | K,0,2,0,0,0,0,0,1,0,0,0,0,3,0,0,0,2,0,0,0,-.--
145,683734,746815,5,4,0,0,0,.---,0,0-3 | HBP,0,2,1,0,0,0,0,0,0,0,0,1,3,0,0,0,0,0,0,0,-.--
145,669699,746815,6,4,1,0,1,1,0,1-4 | SB,0,1,2,0,0,0,0,0,0,0,1,0,4,0,0,0,1,0,0,0,-.--
145,657557,746815,7,3,4,0,0,.---,0,"1-3 | HR, 2 K, RBI",0,0,0,1,0,0,1,2,0,0,1,0,3,0,0,1,2,0,0,0,3
145,666150,746815,8,2,0,0,0,.---,0,0-2 | K,0,1,0,0,0,0,0,1,0,0,0,0,2,0,0,0,2,0,0,0,-.--
145,686676,746815,9,3,4,0,0,.---,0,"1-3 | HR, RBI, R",0,2,0,1,0,0,1,0,0,0,1,0,3,1,0,1,1,0,0,0,3
147,650402,746413,1,5,1,0,1,1,0,"1-4 | BB, 2 R, SB",2,0,3,2,0,0,0,0,1,0,1,0,4,0,0,0,1,0,0,0,-.--
147,665742,746413,2,5,3,0,0,.---,0,"3-5 | K, RBI",1,0,1,0,0,0,0,1,0,0,3,0,5,0,0,1,1,0,0,0,-.--
147,592450,746413,3,5,0,0,0,.---,0,"0-4 | 2 K, RBI",1,0,3,0,0,0,0,2,0,0,0,0,4,0,0,1,2,0,1,0,-.--
147,519203,746413,4,4,3,0,0,.---,0,"2-4 | 2B, K, R",0,1,0,1,1,0,0,1,0,0,2,0,4,0,0,0,2,0,0,0,-.--
147,519317,746413,5,4,2,0,0,.---,0,"1-4 | 2B, 2 K, R",0,1,0,1,1,0,0,2,0,0,1,0,4,0,0,0,2,0,0,0,-.--
147,657077,746413,6,4,1,0,0,.---,0,1-4 | K,2,0,2,0,0,0,0,1,0,0,1,0,4,0,0,0,2,0,0,0,-.--
147,542932,746413,7,4,1,0,0,.---,0,"1-4 | 2 K, RBI",0,1,0,0,0,0,0,2,0,0,1,0,4,0,0,1,3,0,0,0,-.--
147,624431,746413,8,4,1,0,0,.---,0,"1-4 | K, RBI",1,1,1,0,0,0,0,1,0,0,1,0,4,0,0,1,1,0,0,0,-.--
147,665828,746413,9,4,0,0,0,.---,0,"0-3 | BB, 2 K",0,0,1,0,0,0,0,2,1,0,0,0,3,0,0,0,1,0,0,0,-.--
117,514888,746413,1,5,6,0,0,.---,0,"2-4 | HR, 2B, BB",1,1,1,2,1,0,1,0,1,0,2,0,4,0,0,1,2,0,0,0,4
117,670541,746413,2,5,0,0,0,.---,0,0-5 | K,3,1,3,0,0,0,0,1,0,0,0,0,5,0,0,0,4,0,0,0,-.--
117,663656,746413,3,5,3,0,0,.---,0,"2-4 | 2B, BB, K",0,0,1,1,1,0,0,1,1,0,2,0,4,0,0,1,2,0,0,0,-.--
117,608324,746413,4,4,0,0,0,.---,0,0-4,1,2,2,0,0,0,0,0,0,0,0,0,4,0,0,0,4,0,0,0,-.--
117,673237,746413,5,4,2,0,0,.---,0,2-4 | RBI,1,1,1,0,0,0,0,0,0,0,2,0,4,1,0,1,1,0,0,0,-.--
117,572138,746413,6,3,1,0,0,.---,0,1-3 | 2 K,0,0,0,0,0,0,0,2,0,0,1,0,3,0,0,0,1,0,0,0,-.--
117,676801,746413,7,4,1,0,0,.---,0,1-4 | K,0,1,1,0,0,0,0,1,0,0,1,0,4,0,0,0,1,0,0,0,-.--
117,665161,746413,8,4,3,1,0,0,0,3-4 | CS,0,1,0,0,0,0,0,0,0,0,3,0,4,0,0,0,3,0,0,0,-.--
117,676694,746413,9,3,0,0,0,.---,0,0-3 | 2 K,0,1,0,0,0,0,0,2,0,0,0,0,3,0,0,0,1,0,0,0,-.--
112,664023,745035,1,6,5,0,0,.---,0,"4-5 | 2B, BB, 3 RBI",0,1,0,1,1,0,0,0,1,0,4,0,5,0,0,3,0,0,0,0,-.--
112,673548,745035,2,6,2,0,0,.---,0,"2-6 | 2 RBI, R",2,2,2,1,0,0,0,0,0,0,2,0,6,0,0,2,6,0,0,0,-.--
112,641355,745035,3,6,1,0,0,.---,0,"1-3 | 3 BB, RBI, R",2,0,2,1,0,0,0,0,3,1,1,0,3,0,0,1,1,0,0,0,-.--
112,666624,745035,4,5,4,0,0,.---,0,"1-5 | HR, 3 RBI, R",3,1,3,1,0,0,1,0,0,0,1,0,5,0,0,3,6,0,0,0,5
112,621020,745035,5,5,2,0,0,.---,0,"1-4 | 2B, BB, 2 K",1,0,1,0,1,0,0,2,1,0,1,0,4,0,0,0,0,0,0,0,-.--
112,683737,745035,6,5,0,0,0,.---,0,"0-4 | BB, 2 K",2,0,2,0,0,0,0,2,1,0,0,0,4,0,0,0,2,0,0,0,-.--
112,663538,745035,7,5,1,0,0,.---,0,"1-4 | HBP, R",1,1,2,1,0,0,0,0,0,0,1,1,4,0,0,0,0,0,0,0,-.--
112,643565,745035,8,5,0,0,0,.---,0,"0-2 | 3 BB, K, 2 R",0,0,1,2,0,0,0,1,3,0,0,0,2,0,0,0,2,0,0,0,-.--
112,665804,745035,9,4,2,0,0,.---,0,"2-4 | K, R",0,1,0,1,0,0,0,1,0,0,2,0,4,0,0,0,3,0,0,0,-.--
140,543760,745035,1,5,3,0,0,.---,0,"2-5 | 2B, 3 RBI, R",1,1,2,1,1,0,0,0,0,0,2,0,5,0,0,3,1,0,0,0,-.--
140,694671,745035,2,5,3,0,0,.---,0,"1-4 | 3B, BB, 2 K",1,0,1,0,0,1,0,2,1,0,1,0,4,0,0,2,3,0,0,0,-.--
140,673962,745035,3,5,3,0,0,.---,0,"1-5 | 3B, 2 K",1,1,1,0,0,1,0,2,0,0,1,0,5,0,0,0,2,0,0,0,-.--
140,666969,745035,4,5,0,0,0,.---,0,0-5 | 3 K,2,0,2,0,0,0,0,3,0,0,0,0,5,0,0,0,3,0,0,0,-.--
140,677649,745035,5,4,2,0,1,1,0,"2-4 | K, SB",0,1,0,0,0,0,0,1,0,0,2,0,4,0,0,0,0,0,0,0,-.--
140,668800,745035,6,4,0,0,0,.---,0,"0-4 | 2 K, R",0,1,1,1,0,0,0,2,0,0,0,0,4,0,0,0,2,0,0,0,-.--
140,665120,745035,7,4,1,0,0,.---,0,"1-4 | K, R",1,1,1,1,0,0,0,1,0,0,1,0,4,0,0,0,2,0,0,0,-.--
140,694497,745035,8,4,0,0,0,.---,0,"0-2 | 2 BB, K, 2 R",0,1,0,2,0,0,0,1,2,0,0,0,2,0,0,0,1,0,0,0,-.--
140,665750,745035,9,4,1,0,0,.---,0,"1-3 | BB, K",1,0,1,0,0,0,0,1,1,0,1,0,3,0,0,0,4,0,0,0,-.--
114,680757,745683,1,5,1,0,0,.---,0,1-5 | K,0,2,1,0,0,0,0,1,0,0,1,0,5,0,0,0,0,0,0,0,-.--
114,665926,745683,2,5,1,0,0,.---,0,1-5 | R,2,2,2,1,0,0,0,0,0,0,1,0,5,0,0,0,2,0,0,0,-.--
114,608070,745683,3,4,0,0,0,.---,0,0-4 | R,0,3,1,1,0,0,0,0,0,0,0,0,4,0,0,0,0,0,0,0,-.--
114,647304,745683,4,4,2,0,0,.---,0,2-4 | RBI,0,1,1,0,0,0,0,0,0,0,2,0,4,0,0,1,0,0,0,0,-.--
114,686823,745683,5,4,0,0,0,.---,0,0-3 | HBP,0,3,0,0,0,0,0,0,0,0,0,1,3,0,0,0,1,0,0,0,-.--
114,657656,745683,6,4,2,0,0,.---,0,2-4 | 2 K,0,0,0,0,0,0,0,2,0,0,2,0,4,0,0,0,2,0,0,0,-.--
114,666310,745683,7,4,0,0,0,.---,1,"0-3 | BB, K",0,0,2,0,0,0,0,1,1,0,0,0,3,0,0,0,3,0,0,0,-.--
114,664314,745683,8,4,3,0,0,.---,0,"1-3 | 3B, BB, K",0,1,0,1,0,1,0,1,1,0,1,0,3,0,0,0,1,0,0,0,-.--
114,672356,745683,9,4,0,0,0,.---,0,0-4 | RBI,1,2,2,0,0,0,0,0,0,0,0,0,4,0,0,1,4,0,0,0,-.--
133,665923,745683,1,4,4,0,1,1,0,"2-4 | 3B, K, 2 R",0,0,1,2,0,1,0,1,0,0,2,0,4,0,0,0,1,0,0,0,-.--
133,668709,745683,2,4,4,0,0,.---,0,"2-4 | 3B, 2 RBI, R",2,0,2,1,0,1,0,0,0,0,2,0,4,0,0,2,1,0,0,0,-.--
133,680869,745683,3,4,0,0,0,.---,0,0-4 | 2 K,0,2,0,0,0,0,0,2,0,0,0,0,4,1,0,0,2,0,0,0,-.--
133,664913,745683,4,4,1,1,0,0,0,"1-4 | K, RBI, CS",1,1,1,0,0,0,0,1,0,0,1,0,4,0,0,1,0,0,0,0,-.--
133,605204,745683,5,4,1,0,0,.---,0,1-3 | BB,1,1,1,0,0,0,0,0,1,0,1,0,3,0,0,0,0,0,0,0,-.--
133,676116,745683,6,4,0,0,0,.---,0,0-2 | BB,0,2,1,0,0,0,0,0,1,0,0,0,2,0,0,0,1,1,0,0,-.--
133,669127,745683,7,4,1,0,0,.---,0,1-3 | HBP,0,1,1,0,0,0,0,0,0,0,1,1,3,0,0,0,1,0,0,0,-.--
133,671732,745683,8,4,1,0,0,.---,0,"1-3 | BB, K",1,0,1,0,0,0,0,1,1,0,1,0,3,0,0,0,2,0,0,0,-.--
133,669397,745683,9,3,2,0,0,.---,0,"1-3 | 2B, K",1,0,1,0,1,0,0,1,0,0,1,0,3,0,0,0,3,0,0,0,-.--
115,678662,747222,1,4,1,0,0,.---,0,1-3 | HBP,1,1,1,0,0,0,0,0,0,0,1,1,3,1,0,0,1,0,0,0,-.--
115,666134,747222,2,4,0,0,0,.---,0,0-4 | 2 K,0,1,1,0,0,0,0,2,0,0,0,0,4,0,0,0,4,0,0,0,-.--
115,660707,747222,3,4,1,0,0,.---,0,1-4 | K,0,2,0,0,0,0,0,1,0,0,1,0,4,1,0,0,4,0,0,0,-.--
115,641857,747222,4,4,0,0,0,.---,0,0-4 | 2 K,2,0,2,0,0,0,0,2,0,0,0,0,4,0,0,0,1,0,0,0,-.--
115,663898,747222,5,4,1,0,0,.---,0,1-4 | K,0,2,0,0,0,0,0,1,0,0,1,0,4,0,0,0,1,0,0,0,-.--
115,669911,747222,6,4,1,0,0,.---,0,"1-3 | HBP, K, R",1,0,1,1,0,0,0,1,0,0,1,1,3,0,0,0,1,0,0,0,-.--
115,686668,747222,7,4,1,0,0,.---,0,1-4 | K,0,2,0,0,0,0,0,1,0,0,1,0,4,0,0,0,2,0,0,0,-.--
115,595909,747222,8,3,1,0,0,.---,0,1-3 | K,0,1,0,0,0,0,0,1,0,0,1,0,3,0,0,0,2,0,0,0,-.--
115,607732,747222,9,3,2,0,0,.---,0,2-3 | RBI,1,0,1,0,0,0,0,0,0,0,2,0,3,0,0,1,0,0,0,0,-.--
109,682998,747222,1,4,0,0,1,1,0,"0-3 | BB, R, SB",0,1,2,1,0,0,0,0,1,0,0,0,3,0,0,0,1,0,0,0,-.--
109,606466,747222,2,4,0,0,0,.---,0,"0-4 | 2 K, R",1,1,1,1,0,0,0,2,0,0,0,0,4,0,0,0,1,0,0,0,-.--
109,666971,747222,3,4,3,0,1,1,0,"2-4 | 2B, 2 RBI, R",1,0,2,1,1,0,0,0,0,0,2,0,4,0,0,2,0,0,0,0,-.--
109,572233,747222,4,4,4,1,0,0,1,"1-3 | HR, HBP, K",0,1,0,1,0,0,1,1,0,0,1,1,3,0,0,2,1,0,0,0,3
109,592626,747222,5,3,1,0,0,.---,0,1-3,0,1,1,0,0,0,0,0,0,0,1,0,3,0,0,0,0,0,0,0,-.--
109,553993,747222,6,3,0,0,0,.---,0,0-3 | K,0,1,1,0,0,0,0,1,0,0,0,0,3,0,0,0,1,0,0,0,-.--
109,677950,747222,7,1,0,0,0,.---,0,0-1,0,1,0,0,0,0,0,0,0,0,0,0,1,1,0,0,2,0,0,0,-.--
109,571466,747222,8,3,1,0,1,1,0,"1-2 | BB, R, SB",0,1,0,1,0,0,0,0,1,0,1,0,2,0,0,0,0,0,0,0,-.--
109,672695,747222,9,3,0,0,0,.---,0,0-3 | K,1,1,1,0,0,0,0,1,0,0,0,0,3,1,0,0,2,0,0,0,-.--
111,680776,745279,1,5,0,0,0,.---,0,0-5 | K,2,2,2,0,0,0,0,1,0,0,0,0,5,0,0,0,3,0,0,0,-.--
111,646240,745279,2,5,1,0,0,.---,0,1-5 | K,0,1,2,0,0,0,0,1,0,0,1,0,5,0,0,0,1,0,0,0,-.--
111,596115,745279,3,4,2,1,0,0,0,"2-4 | 2 K, CS",0,0,0,0,0,0,0,2,0,0,2,0,4,0,0,0,1,0,0,0,-.--
111,671213,745279,4,4,0,0,0,.---,0,"0-3 | BB, 2 K, R",0,1,0,1,0,0,0,2,1,0,0,0,3,0,0,0,3,0,0,0,-.--
111,807799,745279,5,4,1,0,0,.---,0,1-4 | R,1,1,2,1,0,0,0,0,0,0,1,0,4,0,0,0,1,0,0,0,-.--
111,641933,745279,6,4,5,0,0,.---,0,"2-3 | HR, BB, RBI",0,1,0,2,0,0,1,0,1,0,2,0,3,0,0,1,0,0,0,0,3
111,677800,745279,7,4,1,0,0,.---,1,"1-3 | BB, K",1,0,1,0,0,0,0,1,1,0,1,0,3,0,0,0,2,0,0,0,-.--
111,665839,745279,8,4,4,0,0,.---,0,"1-4 | HR, K, 3 RBI",1,1,1,1,0,0,1,1,0,0,1,0,4,0,0,3,4,0,0,0,4
111,624512,745279,9,4,2,0,0,.---,0,2-4 | RBI,1,1,1,0,0,0,0,0,0,0,2,0,4,0,0,1,2,0,0,0,-.--
136,641487,745279,1,4,0,0,0,.---,0,"0-3 | HBP, K",0,1,1,0,0,0,0,1,0,0,0,1,3,0,0,0,0,0,0,0,-.--
136,677594,745279,2,4,0,0,0,.---,0,0-4 | K,1,1,2,0,0,0,0,1,0,0,0,0,4,0,0,0,1,0,0,0,-.--
136,593871,745279,3,4,0,0,0,.---,0,0-4 | K,0,2,1,0,0,0,0,1,0,0,0,0,4,0,0,0,1,0,0,0,-.--
136,571745,745279,4,4,2,0,0,.---,0,"1-4 | 2B, 2 K, R",0,1,0,1,1,0,0,2,0,0,1,0,4,0,0,0,1,0,0,0,-.--
136,664034,745279,5,4,2,0,0,.---,0,2-4 | K,1,0,1,0,0,0,0,1,0,0,2,0,4,0,0,0,0,0,0,0,-.--
136,686527,745279,6,2,0,0,0,.---,0,0-2 | K,0,1,0,0,0,0,0,1,0,0,0,0,2,0,0,0,2,0,0,0,-.--
136,670042,745279,7,3,0,0,0,.---,0,0-3 | K,1,1,1,0,0,0,0,1,0,0,0,0,3,0,0,0,3,0,0,0,-.--
136,668942,745279,8,2,1,0,0,.---,0,1-2 | RBI,0,0,1,0,0,0,0,0,0,0,1,0,2,0,0,1,0,0,0,0,-.--
136,664874,745279,9,3,0,0,0,.---,0,0-3 | K,1,0,2,0,0,0,0,1,0,0,0,0,3,0,0,0,4,0,0,0,-.--
137,808982,745438,1,5,0,0,0,.---,0,"0-2 | 3 BB, K",1,0,1,0,0,0,0,1,3,0,0,0,2,0,0,0,2,0,0,0,-.--
137,624585,745438,2,4,0,0,0,.---,0,"0-3 | BB, K, R",0,1,1,1,0,0,0,1,1,0,0,0,3,0,0,0,4,0,0,0,-.--
137,664774,745438,3,5,3,0,0,.---,0,"2-4 | 2B, BB, 2 K",0,0,0,1,1,0,0,2,1,0,2,0,4,0,0,0,3,0,0,0,-.--
137,656305,745438,4,4,0,0,0,.---,0,0-4 | RBI,0,2,2,0,0,0,0,0,0,0,0,0,4,0,0,1,4,0,0,0,-.--
137,527038,745438,5,0,0,0,0,.---,0,0-0,0,0,0,0,0,0,0,0,0,0,0,0,0,0,0,0,0,0,0,0,-.--
137,624424,745438,6,4,0,0,0,.---,0,"0-2 | 2 BB, R",0,2,0,1,0,0,0,0,2,0,0,0,2,0,0,0,0,0,0,0,-.--
137,642731,745438,7,4,4,0,0,.---,0,"1-4 | HR, 2 K, 2 RBI",1,0,1,1,0,0,1,2,0,0,1,0,4,0,0,2,1,0,0,0,4
137,672275,745438,8,4,2,0,0,.---,0,2-3 | BB,0,0,1,0,0,0,0,0,1,0,2,0,3,0,0,0,0,0,0,0,-.--
137,666149,745438,9,4,0,0,0,.---,0,"0-3 | HBP, 3 K",0,0,0,0,0,0,0,3,0,0,0,1,3,0,0,0,4,0,0,0,-.--
135,593428,745438,1,4,2,0,0,.---,0,"2-3 | BB, 2 R",0,1,0,2,0,0,0,0,1,0,2,0,3,0,0,0,0,0,0,0,-.--
135,665487,745438,2,4,2,0,0,.---,0,"1-4 | 2B, K, R",1,0,2,1,1,0,0,1,0,0,1,0,4,0,0,0,5,0,0,0,-.--
135,630105,745438,3,4,2,0,0,.---,0,"1-4 | 2B, RBI, R",1,1,2,1,1,0,0,0,0,0,1,0,4,0,0,1,3,0,0,0,-.--
135,592518,745438,4,5,4,0,0,.---,0,"2-5 | 2 2B, K, 3 RBI",0,2,0,2,2,0,0,1,0,0,2,0,5,0,0,3,3,0,0,0,-.--
135,673490,745438,5,5,7,0,0,.---,0,"3-4 | HR, 2B, BB",0,0,0,3,1,0,1,1,1,0,3,0,4,0,0,3,0,0,0,0,4
135,595777,745438,6,5,1,0,0,.---,0,1-4 | BB,1,2,1,0,0,0,0,0,1,0,1,0,4,0,0,0,3,0,0,0,-.--
135,669134,745438,7,5,6,0,0,.---,0,"3-5 | HR, K, 4 RBI",0,1,0,1,0,0,1,1,0,0,3,0,5,0,0,4,4,0,0,0,5
135,688363,745438,8,5,1,0,0,.---,0,"1-5 | 3 K, R",0,1,0,1,0,0,0,3,0,0,1,0,5,1,0,0,2,0,0,0,-.--
135,701538,745438,9,4,3,0,0,.---,0,"2-4 | 2B, RBI, 2 R",2,0,2,2,1,0,0,0,0,0,2,0,4,0,0,1,1,0,0,0,-.--
138,680977,746166,1,5,1,0,0,.---,0,"1-4 | HBP, 2 K, 2 RBI",0,0,1,0,0,0,0,2,0,0,1,1,4,0,0,2,2,0,0,0,-.--
138,502671,746166,2,5,1,0,0,.---,0,"1-4 | 2 K, 2 RBI",1,0,1,0,0,0,0,2,0,0,1,0,4,0,0,2,1,0,0,1,-.--
138,669357,746166,3,5,1,0,0,.---,0,1-5 | 4 K,0,0,0,0,0,0,0,4,0,0,1,0,5,0,0,0,5,0,0,0,-.--
138,571448,746166,4,5,1,0,0,.---,0,1-5,2,2,2,0,0,0,0,0,0,0,1,0,5,0,0,0,4,0,0,0,-.--
138,575929,746166,5,4,0,0,0,.---,0,"0-3 | BB, 2 K, R",0,1,0,1,0,0,0,2,1,0,0,0,3,0,0,0,1,0,0,0,-.--
138,676475,746166,6,4,1,0,0,.---,0,1-4 | 2 K,0,0,1,0,0,0,0,2,0,0,1,0,4,0,0,0,2,0,0,0,-.--
138,691023,746166,7,4,0,0,0,.---,0,"0-3 | BB, R",0,3,0,1,0,0,0,0,1,0,0,0,3,0,0,0,2,0,0,0,-.--
138,687363,746166,8,4,3,0,0,.---,0,"2-3 | 2B, BB, 2 R",0,1,0,2,1,0,0,0,1,0,2,0,3,0,0,0,0,0,0,0,-.--
138,691026,746166,9,4,1,0,0,.---,0,1-3 | K,1,1,1,0,0,0,0,1,0,0,1,0,3,0,0,0,3,1,0,0,-.--
119,605141,746166,1,4,0,0,0,.---,0,0-4,0,2,2,0,0,0,0,0,0,0,0,0,4,1,0,0,2,0,0,0,-.--
119,660271,746166,2,4,2,0,0,.---,0,"1-4 | 2B, 2 K, R",0,1,0,1,1,0,0,2,0,0,1,0,4,0,0,0,1,0,0,0,-.--
119,518692,746166,3,4,0,0,0,.---,0,0-3 | HBP,0,2,1,0,0,0,0,0,0,0,0,1,3,0,0,0,1,0,0,0,-.--
119,606192,746166,4,4,6,0,0,.---,0,"2-4 | HR, 2B, K",0,1,0,2,1,0,1,1,0,0,2,0,4,0,0,2,1,0,0,0,4
119,621035,746166,5,4,1,0,1,1,0,"1-1 | 3 BB, R, SB",0,0,0,1,0,0,0,0,3,0,1,0,1,0,0,0,0,0,0,0,-.--
119,571771,746166,6,2,1,0,0,.---,0,1-2,0,1,0,0,0,0,0,0,0,0,1,0,2,1,0,0,1,0,0,0,-.--
119,681546,746166,7,4,0,0,0,.---,0,"0-4 | K, RBI",0,2,1,0,0,0,0,1,0,0,0,0,4,0,0,1,4,0,0,0,-.--
119,500743,746166,8,2,0,0,0,.---,0,0-2,1,0,2,0,0,0,0,0,0,0,0,0,2,0,0,0,0,0,0,0,-.--
119,605131,746166,9,3,1,0,0,.---,0,"1-2 | BB, K",0,0,0,0,0,0,0,1,1,0,1,0,2,0,0,0,0,0,0,0,-.--
144,660670,746817,1,5,2,0,0,.---,0,"1-4 | 2B, BB, K",0,2,0,2,1,0,0,1,1,0,1,0,4,0,0,1,3,0,0,0,-.--
144,645277,746817,2,5,3,0,0,.---,0,"2-4 | 2B, BB, RBI",1,0,2,2,1,0,0,0,1,0,2,0,4,0,0,1,0,0,0,0,-.--
144,663586,746817,3,5,5,0,0,.---,0,"2-4 | HR, BB, 4 RBI",1,1,1,2,0,0,1,0,1,0,2,0,4,0,0,4,2,0,0,0,4
144,621566,746817,4,5,1,0,0,.---,0,1-5,2,2,2,0,0,0,0,0,0,0,1,0,5,0,0,0,1,0,0,0,-.--
144,542303,746817,5,4,1,0,0,.---,0,1-4 | R,2,1,2,1,0,0,0,0,0,0,1,0,4,0,0,0,2,0,0,0,-.--
144,671739,746817,6,4,2,0,0,.---,0,"1-3 | 2B, BB, R",0,2,0,1,1,0,0,0,1,0,1,0,3,0,0,0,0,0,0,0,-.--
144,606115,746817,7,4,2,0,0,.---,0,"1-4 | 2B, K, 2 RBI",0,1,1,0,1,0,0,1,0,0,1,0,4,0,0,2,2,0,0,0,-.--
144,518595,746817,8,4,2,0,0,.---,0,"1-3 | 2B, BB, R",0,1,1,1,1,0,0,0,1,0,1,0,3,0,0,0,0,0,0,0,-.--
144,672284,746817,9,4,1,0,0,.---,0,1-4 | 2 K,0,0,1,0,0,0,0,2,0,0,1,0,4,0,0,0,2,0,0,0,-.--
145,643217,746817,1,4,0,0,0,.---,0,0-4 | K,1,1,2,0,0,0,0,1,0,0,0,0,4,0,0,0,1,0,0,0,-.--
145,660162,746817,2,4,3,0,0,.---,0,"2-3 | 2B, BB",0,0,1,0,1,0,0,0,1,0,2,0,3,0,0,0,0,0,0,0,-.--
145,673357,746817,3,4,0,0,0,.---,0,0-4 | 4 K,0,0,0,0,0,0,0,4,0,0,0,0,4,0,0,0,3,0,0,0,-.--
145,683734,746817,4,3,0,0,0,.---,0,0-2 | BB,1,0,2,0,0,0,0,0,1,0,0,0,2,0,0,0,1,0,0,0,-.--
145,657757,746817,5,3,0,0,0,.---,0,"0-2 | HBP, K",1,0,1,0,0,0,0,1,0,0,0,1,2,0,0,0,1,0,0,0,-.--
145,657557,746817,6,3,0,0,0,.---,0,0-3 | 3 K,0,0,0,0,0,0,0,3,0,0,0,0,3,0,0,0,3,0,0,0,-.--
145,670032,746817,7,3,0,1,0,0,0,"0-2 | BB, CS",0,2,0,0,0,0,0,0,1,0,0,0,2,0,0,0,0,0,0,0,-.--
145,455117,746817,8,3,0,0,0,.---,0,0-3 | K,1,0,2,0,0,0,0,1,0,0,0,0,3,0,0,0,1,0,0,0,-.--
145,666150,746817,9,3,1,0,0,.---,0,1-3 | K,0,0,1,0,0,0,0,1,0,0,1,0,3,0,0,0,0,0,0,0,-.--
115,453568,746899,1,4,1,0,0,.---,0,1-4,2,0,3,0,0,0,0,0,0,0,1,0,4,0,0,0,0,0,0,0,-.--
115,663898,746899,2,4,1,0,0,.---,0,1-4 | K,2,0,2,0,0,0,0,1,0,0,1,0,4,0,0,0,0,0,0,0,-.--
115,666134,746899,3,4,0,0,0,.---,0,0-4 | 2 K,1,0,2,0,0,0,0,2,0,0,0,0,4,0,0,0,2,0,0,0,-.--
115,592178,746899,4,4,0,0,0,.---,0,0-4 | K,1,0,3,0,0,0,0,1,0,0,0,0,4,0,0,0,0,0,0,0,-.--
115,641857,746899,5,4,1,0,0,.---,0,1-4 | 2 K,0,0,1,0,0,0,0,2,0,0,1,0,4,0,0,0,1,0,0,0,-.--
115,553869,746899,6,3,0,0,0,.---,0,0-3 | K,1,1,1,0,0,0,0,1,0,0,0,0,3,0,0,0,2,0,0,0,-.--
115,678662,746899,7,3,0,0,0,.---,0,"0-2 | BB, K",1,0,1,0,0,0,0,1,1,0,0,0,2,0,0,0,1,0,0,0,-.--
115,660707,746899,8,3,0,0,0,.---,0,0-3,2,1,2,0,0,0,0,0,0,0,0,0,3,0,0,0,2,0,0,0,-.--
115,686668,746899,9,3,0,0,0,.---,0,0-3 | K,1,0,2,0,0,0,0,1,0,0,0,0,3,0,0,0,0,0,0,0,-.--
112,664023,746899,1,4,1,0,0,.---,0,"1-3 | BB, K, R",0,0,1,1,0,0,0,1,1,0,1,0,3,0,0,0,2,0,0,0,-.--
112,673548,746899,2,4,1,0,0,.---,0,"1-3 | BB, R",1,0,2,1,0,0,0,0,1,0,1,0,3,0,0,0,1,0,0,0,-.--
112,641355,746899,3,4,1,0,0,.---,0,1-4 | 2 RBI,3,0,3,0,0,0,0,0,0,0,1,0,4,0,0,2,3,0,0,0,-.--
112,666624,746899,4,3,2,0,0,.---,0,2-3 | R,0,1,0,1,0,0,0,0,0,0,2,0,3,0,0,0,0,0,0,0,-.--
112,621020,746899,5,4,1,0,0,.---,0,1-3 | BB,0,2,0,0,0,0,0,0,1,0,1,0,3,0,0,0,2,0,0,0,-.--
112,683737,746899,6,4,1,0,0,.---,0,1-4,0,2,1,0,0,0,0,0,0,0,1,0,4,0,0,0,1,0,0,0,-.--
112,663538,746899,7,4,1,0,0,.---,0,1-4 | K,0,2,0,0,0,0,0,1,0,0,1,0,4,0,0,0,2,0,0,0,-.--
112,643565,746899,8,4,1,0,0,.---,0,"1-4 | K, R",0,2,0,1,0,0,0,1,0,0,1,0,4,0,0,0,2,0,0,0,-.--
112,543228,746899,9,3,0,0,0,.---,0,"0-3 | K, R",1,1,1,1,0,0,0,1,0,0,0,0,3,0,0,0,2,0,0,0,-.--
134,656582,744875,1,5,3,0,0,.---,0,"2-4 | 2B, HBP, 2 RBI",0,0,2,1,1,0,0,0,0,0,2,1,4,0,0,2,0,0,0,0,-.--
134,668804,744875,2,6,3,0,0,.---,0,"2-5 | 2B, BB, 3 RBI",1,2,1,0,1,0,0,0,1,0,2,0,5,0,0,3,5,0,0,0,-.--
134,663647,744875,3,6,2,0,0,.---,0,"1-5 | 2B, BB, RBI",1,3,1,1,1,0,0,0,1,0,1,0,5,0,0,1,5,0,0,0,-.--
134,457705,744875,4,6,3,0,0,.---,0,"2-4 | 2B, BB, HBP",0,0,0,0,1,0,0,2,1,0,2,1,4,0,0,1,2,0,0,0,-.--
134,658668,744875,5,4,0,0,0,.---,0,0-4 | K,1,1,2,0,0,0,0,1,0,0,0,0,4,0,0,0,5,0,0,0,-.--
134,680779,744875,6,5,4,0,0,.---,0,"2-4 | 2 2B, BB, K",0,0,1,2,2,0,0,1,1,0,2,0,4,0,0,0,2,0,0,0,-.--
134,665833,744875,7,5,1,0,0,.---,0,"1-5 | 3 K, R",0,0,1,1,0,0,0,3,0,0,1,0,5,0,0,0,3,0,0,0,-.--
134,572191,744875,8,5,3,0,0,.---,0,"3-4 | K, RBI, 2 R",0,0,1,2,0,0,0,1,0,0,3,0,4,0,0,1,0,0,1,0,-.--
134,675961,744875,9,5,2,0,0,.---,0,"2-4 | K, R",0,2,0,1,0,0,0,1,0,0,2,0,4,0,0,0,2,1,0,0,-.--
120,682928,744875,1,5,2,0,0,.---,0,"2-5 | K, RBI",1,1,1,0,0,0,0,1,0,0,2,0,5,0,0,1,2,0,0,0,-.--
120,657041,744875,2,5,1,0,0,.---,0,"1-4 | BB, RBI",2,0,3,0,0,0,0,0,1,0,1,0,4,0,0,1,3,0,0,0,-.--
120,608841,744875,3,4,0,0,0,.---,0,0-4 | 2 K,1,1,1,0,0,0,0,2,0,0,0,0,4,0,0,0,3,0,0,0,-.--
120,660688,744875,4,4,1,0,0,.---,0,1-4 | K,0,2,0,0,0,0,0,1,0,0,1,0,4,0,0,0,2,0,0,0,-.--
120,608385,744875,5,0,0,0,0,.---,0,0-0,0,0,0,0,0,0,0,0,0,0,0,0,0,0,0,0,0,0,0,0,-.--
120,702358,744875,6,4,2,0,0,.---,0,"2-4 | K, R",0,1,0,1,0,0,0,1,0,0,2,0,4,1,0,0,1,0,0,0,-.--
120,545121,744875,7,4,1,0,0,.---,0,"1-3 | BB, R",1,0,2,1,0,0,0,0,1,0,1,0,3,0,0,0,1,0,0,0,-.--
120,656180,744875,8,4,4,0,0,.---,0,"1-4 | HR, K, 2 RBI",1,0,2,1,0,0,1,1,0,0,1,0,4,0,0,2,2,0,0,0,4
120,645302,744875,9,4,0,0,2,1,0,"0-2 | 2 BB, K, R",0,0,1,1,0,0,0,1,2,0,0,0,2,0,0,0,2,0,0,0,-.--
118,672580,747058,1,5,2,0,0,.---,0,"1-4 | 2B, K, RBI",1,2,1,0,1,0,0,1,0,0,1,0,4,0,0,1,1,0,1,0,-.--
118,677951,747058,2,5,5,0,1,1,0,"2-5 | HR, K, RBI",1,1,1,1,0,0,1,1,0,0,2,0,5,0,0,1,2,0,0,0,5
118,686469,747058,3,4,1,0,0,.---,0,"1-3 | BB, R",1,1,1,1,0,0,0,0,1,0,1,0,3,0,0,0,2,0,0,0,-.--
118,521692,747058,4,4,4,0,0,.---,0,"1-4 | HR, K, 2 RBI",0,2,0,1,0,0,1,1,0,0,1,0,4,0,0,2,3,0,0,0,4
118,669004,747058,5,4,0,0,0,.---,0,"0-3 | BB, K",1,0,2,0,0,0,0,1,1,1,0,0,3,0,0,0,2,0,0,0,-.--
118,592669,747058,6,4,0,0,0,.---,0,0-4,1,1,3,0,0,0,0,0,0,0,0,0,4,0,0,0,3,0,0,0,-.--
118,624428,747058,7,2,0,0,0,.---,0,0-2,0,2,0,0,0,0,0,0,0,0,0,0,2,0,0,0,0,0,0,0,-.--
118,676369,747058,8,4,2,0,0,.---,0,"1-4 | 2B, 3 K",0,0,0,0,1,0,0,3,0,0,1,0,4,0,0,0,0,0,0,0,-.--
118,664728,747058,9,4,1,0,0,.---,0,1-4,0,2,1,0,0,0,0,0,0,0,1,0,4,0,0,0,1,0,0,0,-.--
110,683002,747058,1,4,1,0,0,.---,0,"1-4 | 2 K, R",1,0,1,1,0,0,0,2,0,0,1,0,4,0,0,0,0,0,0,0,-.--
110,668939,747058,2,4,3,0,0,.---,0,"2-3 | 2B, BB, R",1,0,1,1,1,0,0,0,1,0,2,0,3,0,0,0,0,0,0,0,-.--
110,623993,747058,3,4,1,0,0,.---,0,"1-4 | K, RBI, R",0,1,1,1,0,0,0,1,0,0,1,0,4,0,0,1,3,0,0,0,-.--
110,663624,747058,4,4,5,0,0,.---,0,"2-4 | HR, K, 3 RBI",0,1,0,1,0,0,1,1,0,0,2,0,4,0,0,3,1,0,0,0,4
110,656811,747058,5,3,1,0,0,.---,0,1-3 | K,1,0,1,0,0,0,0,1,0,0,1,0,3,0,0,0,0,0,0,0,-.--
110,669720,747058,6,4,0,0,0,.---,0,0-4,0,4,0,0,0,0,0,0,0,0,0,0,4,0,0,0,1,0,0,0,-.--
110,656775,747058,7,4,1,0,0,.---,0,"1-4 | K, R",1,0,2,1,0,0,0,1,0,0,1,0,4,0,0,0,1,0,0,0,-.--
110,676059,747058,8,4,4,0,0,.---,0,"1-4 | HR, 2 RBI, R",1,2,1,1,0,0,1,0,0,0,1,0,4,0,0,2,1,0,0,0,4
110,602104,747058,9,3,0,0,0,.---,0,0-3,2,1,2,0,0,0,0,0,0,0,0,0,3,0,0,0,0,0,0,0,-.--
113,663697,745600,1,5,3,0,0,.---,0,"1-3 | 3B, 2 BB, K",0,0,1,2,0,1,0,1,2,0,1,0,3,0,0,0,0,0,0,0,-.--
113,668715,745600,2,5,6,0,0,.---,0,"2-5 | HR, 2B, K",2,0,2,2,1,0,1,1,0,0,2,0,5,0,0,4,1,0,0,0,5
113,687952,745600,3,5,2,0,0,.---,0,"2-5 | 2 K, RBI",0,1,0,0,0,0,0,2,0,0,2,0,5,0,0,1,0,0,0,0,-.--
113,600869,745600,4,5,1,0,0,.---,0,"1-5 | K, RBI",1,1,2,0,0,0,0,1,0,0,1,0,5,0,0,1,1,0,0,0,-.--
113,669289,745600,5,5,0,0,0,.---,0,0-4 | BB,1,3,1,0,0,0,0,0,1,0,0,0,4,0,0,0,2,0,0,0,-.--
113,682829,745600,6,5,1,0,1,1,0,"1-5 | 4 K, SB",0,0,0,0,0,0,0,4,0,0,1,0,5,0,0,0,3,0,0,0,-.--
113,656413,745600,7,4,1,0,2,1,0,"1-3 | BB, 2 K, 2 SB",0,0,0,0,0,0,0,2,1,0,1,0,3,0,0,0,2,0,0,0,-.--
113,571912,745600,8,4,0,0,0,.---,0,0-4 | 3 K,0,1,0,0,0,0,0,3,0,0,0,0,4,0,0,0,3,0,0,0,-.--
113,666181,745600,9,4,0,0,1,1,0,"0-3 | BB, 3 K, R",0,0,0,1,0,0,0,3,1,0,0,0,3,0,0,0,2,0,0,0,-.--
143,656941,745600,1,4,2,0,0,.---,0,"2-4 | K, R",0,0,1,1,0,0,0,1,0,0,2,0,4,0,0,0,1,0,0,0,-.--
143,607208,745600,2,5,2,0,1,1,0,"2-4 | BB, RBI, R",1,1,1,1,0,0,0,0,1,0,2,0,4,0,0,1,0,0,0,0,-.--
143,547180,745600,3,5,0,0,0,.---,0,0-5 | 2 K,2,0,3,0,0,0,0,2,0,0,0,0,5,0,0,0,6,0,0,0,-.--
143,592663,745600,4,4,1,0,0,.---,0,1-4 | K,0,0,2,0,0,0,0,1,0,0,1,0,4,0,0,0,3,0,0,0,-.--
143,664761,745600,5,4,2,0,0,.---,0,"1-3 | 2B, BB, 2 RBI",0,2,0,0,1,0,0,0,1,0,1,0,3,0,0,2,1,0,0,0,-.--
143,592206,745600,6,4,0,0,0,.---,0,0-4 | 2 K,2,0,2,0,0,0,0,2,0,0,0,0,4,0,0,0,3,0,0,0,-.--
143,681082,745600,7,4,0,1,0,0,1,"0-3 | BB, 2 K, R",1,0,1,1,0,0,0,2,1,0,0,0,3,0,0,0,1,0,0,0,-.--
143,593160,745600,8,4,0,0,0,.---,0,0-3 | BB,2,1,2,0,0,0,0,0,1,0,0,0,3,0,0,0,1,0,0,0,-.--
143,669016,745600,9,4,1,0,1,1,0,"1-4 | 2 K, SB",0,1,0,0,0,0,0,2,0,0,1,0,4,0,0,0,2,0,0,0,-.--
108,543685,746085,1,5,0,0,0,.---,0,"0-4 | BB, 2 K, R",1,1,1,1,0,0,0,2,1,0,0,0,4,0,0,0,3,0,0,0,-.--
108,694384,746085,2,5,4,0,0,.---,0,"1-3 | HR, 2 BB, K",0,1,0,1,0,0,1,1,2,0,1,0,3,0,0,1,0,0,0,0,3
108,545361,746085,3,5,8,0,0,.---,0,"2-4 | 2 HR, BB, K",0,1,0,2,0,0,2,1,1,0,2,0,4,0,0,2,1,0,0,0,2
108,621493,746085,4,4,2,0,0,.---,0,"1-4 | 2B, K, RBI",1,1,1,1,1,0,0,1,0,0,1,0,4,0,0,1,2,0,0,0,-.--
108,592273,746085,5,4,0,0,0,.---,0,0-4 | K,0,1,2,0,0,0,0,1,0,0,0,0,4,0,0,0,3,0,0,0,-.--
108,543305,746085,6,4,0,0,0,.---,0,0-4 | RBI,0,4,0,0,0,0,0,0,0,0,0,0,4,0,0,1,2,0,0,0,-.--
108,642136,746085,7,2,0,0,0,.---,0,0-1 | BB,0,0,1,0,0,0,0,0,1,0,0,0,1,0,0,0,0,0,0,0,-.--
108,666160,746085,8,2,0,0,0,.---,0,0-1 | BB,0,1,0,0,0,0,0,0,1,0,0,0,1,0,0,0,0,0,0,0,-.--
108,687263,746085,9,4,1,1,0,0,1,1-4 | CS,1,2,1,0,0,0,0,0,0,0,1,0,4,0,0,0,3,0,0,0,-.--
146,650333,746085,1,5,2,0,0,.---,0,"2-2 | 3 BB, R",0,0,0,1,0,0,0,0,3,0,2,0,2,0,0,0,0,0,0,0,-.--
146,605137,746085,2,5,1,0,0,.---,0,"1-4 | K, R",1,1,1,1,0,0,0,1,0,0,1,0,4,1,0,0,4,0,0,1,-.--
146,669394,746085,3,5,1,0,0,.---,0,"1-5 | K, RBI, R",1,2,1,1,0,0,0,1,0,0,1,0,5,2,0,1,5,0,0,0,-.--
146,665862,746085,4,4,1,0,0,.---,0,"1-4 | RBI, R",1,1,2,1,0,0,0,0,0,0,1,0,4,0,0,1,2,0,0,0,-.--
146,650559,746085,5,4,2,0,0,.---,0,"1-4 | 2B, K",0,1,1,0,1,0,0,1,0,0,1,0,4,0,0,0,2,0,0,0,-.--
146,660821,746085,6,4,1,0,0,.---,0,1-4 | 2 K,0,1,0,0,0,0,0,2,0,0,1,0,4,0,0,0,3,0,0,0,-.--
146,641313,746085,7,4,1,0,0,.---,0,1-4 | 2 K,0,1,0,0,0,0,0,2,0,0,1,0,4,0,0,0,4,0,0,0,-.--
146,624503,746085,8,4,2,0,0,.---,0,"1-4 | 2B, K, 2 RBI",0,2,0,0,1,0,0,1,0,0,1,0,4,0,0,2,3,0,0,0,-.--
146,542194,746085,9,3,0,0,0,.---,0,"0-2 | BB, K",1,0,1,0,0,0,0,1,1,0,0,0,2,0,0,0,4,0,0,0,-.--
140,543760,745109,1,5,0,0,0,.---,0,"0-3 | 2 BB, R",0,1,2,1,0,0,0,0,2,0,0,0,3,0,0,0,2,0,0,0,-.--
140,608369,745109,2,5,1,0,0,.---,0,"1-3 | 2 BB, 2 R",1,1,1,2,0,0,0,0,2,1,1,0,3,0,0,0,1,0,0,0,-.--
140,694497,745109,3,5,0,0,1,1,0,"0-3 | BB, HBP, 2 R",1,1,2,2,0,0,0,0,1,0,0,1,3,0,0,0,3,0,0,0,-.--
140,666969,745109,4,5,4,0,0,.---,0,"1-4 | HR, HBP, 2 RBI",1,0,3,1,0,0,1,0,0,0,1,1,4,0,0,2,4,0,0,0,4
140,673962,745109,5,4,6,0,1,1,0,"3-4 | HR, 4 RBI, 2 R",0,1,0,2,0,0,1,0,0,0,3,0,4,0,0,4,0,0,0,0,4
140,694671,745109,6,5,1,0,0,.---,0,1-5 | K,1,1,2,0,0,0,0,1,0,0,1,0,5,0,0,0,6,0,0,0,-.--
140,665120,745109,7,5,1,0,0,.---,0,"1-5 | 2 K, RBI",0,1,1,0,0,0,0,2,0,0,1,0,5,0,0,1,5,0,0,0,-.--
140,641680,745109,8,4,0,0,0,.---,0,0-4,0,3,1,0,0,0,0,0,0,0,0,0,4,0,0,0,2,0,0,0,-.--
140,608671,745109,9,4,2,0,0,.---,0,"1-3 | 2B, BB, K",1,0,1,1,1,0,0,1,1,0,1,0,3,0,0,0,0,0,0,0,-.--
139,650490,745109,1,5,0,0,0,.---,0,0-5 | 3 K,1,1,1,0,0,0,0,3,0,0,0,0,5,0,0,0,4,0,0,0,-.--
139,664040,745109,2,4,0,0,0,.---,0,"0-3 | HBP, K",0,2,0,0,0,0,0,1,0,0,0,1,3,0,0,0,0,0,0,0,-.--
139,668227,745109,3,4,0,0,0,.---,0,0-3 | BB,0,1,2,0,0,0,0,0,1,0,0,0,3,1,0,0,1,0,0,0,-.--
139,642708,745109,4,4,0,0,0,.---,0,0-4,0,1,3,0,0,0,0,0,0,0,0,0,4,0,0,0,1,0,0,0,-.--
139,680700,745109,5,4,4,0,1,1,0,"1-3 | HR, BB, K",0,0,1,1,0,0,1,1,1,0,1,0,3,0,0,1,1,0,0,0,3
139,678554,745109,6,4,1,0,0,.---,0,"1-3 | BB, 2 K, R",0,0,0,1,0,0,0,2,1,0,1,0,3,0,0,0,1,0,0,0,-.--
139,642350,745109,7,4,6,1,0,0,0,"2-3 | HR, 2B, HBP",0,0,0,1,1,0,1,1,0,0,2,1,3,0,0,2,1,0,0,0,3
139,668853,745109,8,4,0,0,0,.---,0,"0-3 | BB, 3 K",0,0,0,0,0,0,0,3,1,0,0,0,3,0,0,0,4,0,0,0,-.--
139,650907,745109,9,4,2,0,0,.---,0,"1-3 | 2B, BB, K",0,0,1,0,1,0,0,1,1,0,1,0,3,0,0,0,3,0,0,0,-.--
116,663837,745842,1,3,0,0,0,.---,0,0-3,1,1,2,0,0,0,0,0,0,0,0,0,3,0,0,0,1,0,0,0,-.--
116,628451,745842,2,3,1,0,0,.---,0,1-3 | 2 K,0,0,0,0,0,0,0,2,0,0,1,0,3,0,0,0,0,0,0,0,-.--
116,679529,745842,3,4,0,0,0,.---,0,0-4 | R,3,1,3,1,0,0,0,0,0,0,0,0,4,0,0,0,0,0,0,0,-.--
116,682985,745842,4,4,0,0,0,.---,0,"0-3 | BB, K",1,1,1,0,0,0,0,1,1,0,0,0,3,0,0,0,1,0,0,0,-.--
116,592192,745842,5,4,0,0,0,.---,0,"0-2 | BB, HBP",0,0,2,0,0,0,0,0,1,0,0,1,2,0,0,0,1,0,0,0,-.--
116,668670,745842,6,3,0,0,0,.---,0,0-3 | 3 K,0,0,0,0,0,0,0,3,0,0,0,0,3,0,0,0,2,0,0,0,-.--
116,570482,745842,7,4,1,0,0,.---,0,"1-4 | 2 K, R",0,0,1,1,0,0,0,2,0,0,1,0,4,0,0,0,1,0,0,0,-.--
116,595879,745842,8,4,1,0,0,.---,0,"1-3 | 2 K, RBI",1,0,1,0,0,0,0,2,0,0,1,0,3,0,0,1,0,0,1,0,-.--
116,608348,745842,9,4,4,0,0,.---,0,"1-3 | HR, BB, 3 RBI",0,1,1,1,0,0,1,0,1,0,1,0,3,1,0,3,1,0,0,0,3
121,607043,745842,1,5,0,0,0,.---,0,"0-3 | BB, HBP",1,1,2,0,0,0,0,0,1,0,0,1,3,0,0,0,2,0,0,0,-.--
121,596019,745842,2,5,0,0,0,.---,0,"0-4 | BB, K",2,1,2,0,0,0,0,1,1,0,0,0,4,0,0,0,2,0,0,0,-.--
121,624413,745842,3,4,0,0,0,.---,0,0-4 | K,1,1,2,0,0,0,0,1,0,0,0,0,4,0,0,0,3,0,0,0,-.--
121,682626,745842,4,4,2,0,0,.---,0,1-4 | 2B,0,3,0,0,1,0,0,0,0,0,1,0,4,1,0,0,3,0,0,0,-.--
121,621466,745842,5,4,0,0,0,.---,0,0-3 | BB,1,2,1,0,0,0,0,0,1,0,0,0,3,0,0,0,1,0,0,0,-.--
121,516782,745842,6,4,2,0,0,.---,0,2-4 | K,0,0,1,0,0,0,0,1,0,0,2,0,4,0,0,0,1,0,0,0,-.--
121,683146,745842,7,4,1,0,0,.---,0,1-4,2,1,2,0,0,0,0,0,0,0,1,0,4,0,0,0,2,0,0,0,-.--
121,664056,745842,8,3,1,0,0,.---,0,1-3 | 2 K,0,0,0,0,0,0,0,2,0,0,1,0,3,0,0,0,2,0,0,0,-.--
121,621563,745842,9,4,0,0,0,.---,0,0-4 | 2 K,2,0,2,0,0,0,0,2,0,0,0,0,4,0,0,0,3,0,0,0,-.--
141,543807,746409,1,4,0,0,0,.---,0,0-2 | 2 BB,0,1,1,0,0,0,0,0,2,0,0,0,2,0,0,0,0,0,0,0,-.--
141,665489,746409,2,4,0,0,0,.---,0,0-4 | 3 K,0,1,0,0,0,0,0,3,0,0,0,0,4,0,0,0,2,0,0,0,-.--
141,457759,746409,3,3,0,0,0,.---,0,0-3 | K,1,1,1,0,0,0,0,1,0,0,0,0,3,0,0,0,1,0,0,0,-.--
141,662139,746409,4,3,0,0,0,.---,0,0-3 | 2 K,0,0,1,0,0,0,0,2,0,0,0,0,3,0,0,0,1,0,0,0,-.--
141,672386,746409,5,3,0,0,0,.---,0,0-3,0,3,0,0,0,0,0,0,0,0,0,0,3,0,0,0,0,0,0,0,-.--
141,676391,746409,6,3,0,0,0,.---,0,0-3,0,2,1,0,0,0,0,0,0,0,0,0,3,0,0,0,0,0,0,0,-.--
141,595281,746409,7,3,0,0,0,.---,0,0-3,1,2,1,0,0,0,0,0,0,0,0,0,3,0,0,0,0,0,0,0,-.--
141,643396,746409,8,3,0,0,0,.---,0,0-3,1,1,2,0,0,0,0,0,0,0,0,0,3,0,0,0,0,0,0,0,-.--
141,624415,746409,9,3,0,0,0,.---,0,0-3 | K,0,1,1,0,0,0,0,1,0,0,0,0,3,0,0,0,0,0,0,0,-.--
117,514888,746409,1,4,1,0,0,.---,0,"1-4 | K, R",0,2,0,1,0,0,0,1,0,0,1,0,4,1,0,0,3,0,0,0,-.--
117,670541,746409,2,4,0,0,0,.---,0,"0-3 | BB, K, R",1,1,1,1,0,0,0,1,1,0,0,0,3,0,0,0,1,0,0,0,-.--
117,663656,746409,3,4,8,0,0,.---,0,"2-3 | 2 HR, BB, K",0,0,0,2,0,0,2,1,1,0,2,0,3,0,0,4,0,0,0,0,1.5
117,608324,746409,4,4,0,0,0,.---,0,0-4 | 3 K,0,0,1,0,0,0,0,3,0,0,0,0,4,0,0,0,1,0,0,0,-.--
117,673237,746409,5,4,8,0,0,.---,0,"2-4 | 2 HR, 2 RBI, 2 R",0,2,0,2,0,0,2,0,0,0,2,0,4,0,0,2,1,0,0,0,2
117,547989,746409,6,4,1,0,0,.---,0,"1-4 | K, R",1,1,1,1,0,0,0,1,0,0,1,0,4,0,0,0,0,0,0,0,-.--
117,676801,746409,7,4,4,0,0,.---,0,"2-4 | 2 2B, K, 2 R",0,0,1,2,2,0,0,1,0,0,2,0,4,0,0,0,0,0,0,0,-.--
117,665161,746409,8,4,5,0,0,.---,0,"2-3 | HR, BB, 3 RBI",0,1,0,1,0,0,1,0,1,0,2,0,3,0,0,3,1,0,0,0,3
117,676694,746409,9,4,2,0,0,.---,0,2-4 | RBI,1,1,1,0,0,0,0,0,0,0,2,0,4,0,0,1,2,0,0,0,-.--
111,680776,745675,1,5,3,0,3,1,0,"3-5 | K, RBI, 2 R",0,1,0,2,0,0,0,1,0,0,3,0,5,0,0,1,0,0,0,0,-.--
111,646240,745675,2,5,0,0,0,.---,0,"0-3 | 2 BB, K, R",1,0,2,1,0,0,0,1,2,0,0,0,3,0,0,0,1,0,0,0,-.--
111,596115,745675,3,5,2,0,0,.---,0,"1-4 | 2B, BB, K",1,0,2,1,1,0,0,1,1,0,1,0,4,0,0,2,4,0,0,0,-.--
111,671213,745675,4,4,3,0,0,.---,0,"2-4 | 2B, K, RBI",0,1,0,0,1,0,0,1,0,0,2,0,4,0,0,1,4,0,0,0,-.--
111,641933,745675,5,4,1,0,0,.---,0,"1-3 | BB, R",1,1,1,1,0,0,0,0,1,1,1,0,3,0,0,0,1,0,0,0,-.--
111,807799,745675,6,5,0,0,0,.---,0,"0-3 | 2 BB, RBI, 2 R",0,3,0,2,0,0,0,0,2,0,0,0,3,0,0,1,3,0,0,0,-.--
111,665839,745675,7,5,1,0,0,.---,0,"1-5 | 2 K, 2 R",2,0,2,2,0,0,0,2,0,0,1,0,5,0,0,0,4,0,0,0,-.--
111,678882,745675,8,5,0,0,0,.---,0,"0-3 | 2 K, 2 RBI",3,0,3,0,0,0,0,2,0,0,0,0,3,0,0,2,1,0,2,0,-.--
111,624512,745675,9,4,1,0,0,.---,0,1-4 | 2 K,1,0,1,0,0,0,0,2,0,0,1,0,4,0,0,0,1,0,0,0,-.--
133,676116,745675,1,4,1,0,0,.---,0,1-4 | K,0,2,0,0,0,0,0,1,0,0,1,0,4,0,0,0,0,0,0,0,-.--
133,668709,745675,2,3,3,0,0,.---,0,2-3 | 2B,0,1,0,0,1,0,0,0,0,0,2,0,3,0,0,0,0,0,0,0,-.--
133,680869,745675,3,4,1,0,0,.---,0,1-4 | K,0,2,0,0,0,0,0,1,0,0,1,0,4,0,0,0,3,0,0,0,-.--
133,664913,745675,4,4,0,0,0,.---,0,0-4 | K,0,2,1,0,0,0,0,1,0,0,0,0,4,0,0,0,3,0,0,0,-.--
133,667670,745675,5,3,0,0,0,.---,0,0-3 | 2 K,1,0,1,0,0,0,0,2,0,0,0,0,3,0,0,0,1,0,0,0,-.--
133,647351,745675,6,3,0,0,0,.---,0,0-3 | 2 K,1,0,1,0,0,0,0,2,0,0,0,0,3,0,0,0,0,0,0,0,-.--
133,669127,745675,7,3,0,0,0,.---,0,0-3 | 2 K,1,0,1,0,0,0,0,2,0,0,0,0,3,0,0,0,0,0,0,0,-.--
133,671732,745675,8,3,0,0,0,.---,0,0-3 | K,0,2,0,0,0,0,0,1,0,0,0,0,3,0,0,0,0,0,0,0,-.--
133,687231,745675,9,3,0,0,0,.---,0,0-3 | 3 K,0,0,0,0,0,0,0,3,0,0,0,0,3,0,0,0,0,0,0,0,-.--
114,680757,745277,1,4,0,0,0,.---,0,"0-4 | 2 K, RBI",0,1,1,0,0,0,0,2,0,0,0,0,4,0,0,1,3,0,0,0,-.--
114,665926,745277,2,4,0,0,0,.---,0,"0-3 | K, RBI",1,1,2,0,0,0,0,1,0,0,0,0,3,0,0,1,1,0,1,0,-.--
114,608070,745277,3,4,1,0,0,.---,0,1-4,2,1,2,0,0,0,0,0,0,0,1,0,4,0,0,0,0,0,0,0,-.--
114,647304,745277,4,4,4,0,0,.---,0,"1-4 | HR, RBI, R",0,1,2,1,0,0,1,0,0,0,1,0,4,0,0,1,2,0,0,0,4
114,671289,745277,5,4,4,0,0,.---,0,"1-4 | HR, RBI, R",1,1,2,1,0,0,1,0,0,0,1,0,4,0,0,1,0,0,0,0,4
114,686823,745277,6,2,0,0,0,.---,0,0-2,0,0,2,0,0,0,0,0,0,0,0,0,2,0,0,0,0,0,0,0,-.--
114,657656,745277,7,4,0,0,0,.---,0,"0-2 | 2 HBP, R",0,0,2,1,0,0,0,0,0,0,0,2,2,0,0,0,0,0,0,0,-.--
114,666310,745277,8,4,2,0,0,.---,0,"2-3 | BB, K, R",0,0,0,1,0,0,0,1,1,0,2,0,3,0,0,0,0,0,0,0,-.--
114,677587,745277,9,4,1,0,0,.---,0,1-4,1,1,2,0,0,0,0,0,0,0,1,0,4,0,0,0,3,0,0,0,-.--
136,641487,745277,1,4,0,0,0,.---,0,0-4 | K,2,1,2,0,0,0,0,1,0,0,0,0,4,0,0,0,4,0,0,0,-.--
136,677594,745277,2,4,1,0,1,1,0,"1-3 | BB, K, SB",0,1,0,0,0,0,0,1,1,0,1,0,3,0,0,0,0,0,0,0,-.--
136,593871,745277,3,4,1,0,0,.---,0,1-4 | K,0,2,0,0,0,0,0,1,0,0,1,0,4,0,0,0,1,0,0,0,-.--
136,571745,745277,4,4,1,0,0,.---,0,1-3 | BB,2,0,2,0,0,0,0,0,1,0,1,0,3,0,0,0,0,0,0,0,-.--
136,641598,745277,5,4,0,0,0,.---,0,"0-3 | BB, K, R",1,0,2,1,0,0,0,1,1,0,0,0,3,0,0,0,4,0,0,0,-.--
136,663728,745277,6,4,1,0,0,.---,0,"1-3 | BB, K, 2 R",0,0,1,2,0,0,0,1,1,0,1,0,3,0,0,0,4,0,0,0,-.--
136,664034,745277,7,4,2,0,0,.---,0,"2-3 | BB, RBI, R",1,0,1,1,0,0,0,0,1,0,2,0,3,0,0,1,0,0,0,0,-.--
136,686527,745277,8,4,4,0,0,.---,0,"1-4 | HR, 2 K, 3 RBI",0,1,0,1,0,0,1,2,0,0,1,0,4,0,0,3,3,0,0,0,4
136,649966,745277,9,4,0,0,0,.---,0,"0-3 | BB, 2 K, RBI",0,0,1,0,0,0,0,2,1,0,0,0,3,0,0,1,1,0,0,0,-.--
138,680977,745437,1,5,7,0,0,.---,0,"3-4 | HR, 2B, BB",0,1,0,3,1,0,1,0,1,0,3,0,4,0,0,2,2,0,0,0,4
138,502671,745437,2,5,1,0,0,.---,0,"1-4 | BB, 2 K, RBI",1,0,1,0,0,0,0,2,1,0,1,0,4,0,0,1,4,0,0,0,-.--
138,669357,745437,3,5,1,0,0,.---,0,1-5 | 2 K,0,1,1,0,0,0,0,2,0,0,1,0,5,0,0,0,5,0,0,0,-.--
138,571448,745437,4,5,3,0,0,.---,0,"2-5 | 2B, K, RBI",1,0,2,1,1,0,0,1,0,0,2,0,5,0,0,1,2,0,0,0,-.--
138,575929,745437,5,5,4,0,0,.---,0,"1-4 | HR, HBP, 2 RBI",0,2,1,1,0,0,1,0,0,0,1,1,4,0,0,2,1,0,0,0,4
138,572761,745437,6,5,2,0,0,.---,0,2-5 | K,0,0,2,0,0,0,0,1,0,0,2,0,5,0,0,0,4,0,0,0,-.--
138,691023,745437,7,5,2,0,0,.---,0,2-5 | 3 K,0,0,0,0,0,0,0,3,0,0,2,0,5,0,0,0,4,0,0,0,-.--
138,687363,745437,8,5,0,0,0,.---,0,"0-4 | BB, 2 K",0,0,2,0,0,0,0,2,1,0,0,0,4,0,0,0,4,0,0,0,-.--
138,691026,745437,9,5,2,0,1,1,0,"2-5 | 2 K, R, SB",1,0,1,1,0,0,0,2,0,0,2,0,5,0,0,0,0,0,0,0,-.--
135,593428,745437,1,4,0,0,0,.---,0,0-3 | BB,0,2,1,0,0,0,0,0,1,0,0,0,3,0,0,0,0,0,0,0,-.--
135,665487,745437,2,4,4,0,0,.---,0,"1-4 | HR, RBI, R",0,2,1,1,0,0,1,0,0,0,1,0,4,0,0,1,1,0,0,0,4
135,630105,745437,3,4,0,0,0,.---,0,0-4 | K,1,1,2,0,0,0,0,1,0,0,0,0,4,0,0,0,0,0,0,0,-.--
135,592518,745437,4,4,2,0,0,.---,0,2-4 | K,0,1,0,0,0,0,0,1,0,0,2,0,4,0,0,0,0,0,0,0,-.--
135,673490,745437,5,4,2,0,0,.---,0,"1-4 | 2B, K",0,2,0,0,1,0,0,1,0,0,1,0,4,1,0,0,2,0,0,0,-.--
135,595777,745437,6,3,0,0,0,.---,0,"0-2 | BB, K",0,1,0,0,0,0,0,1,1,0,0,0,2,0,0,0,1,0,0,0,-.--
135,669134,745437,7,3,0,0,0,.---,0,0-3,1,2,1,0,0,0,0,0,0,0,0,0,3,1,0,0,1,0,0,0,-.--
135,688363,745437,8,2,0,0,0,.---,0,0-2,1,0,2,0,0,0,0,0,0,0,0,0,2,0,0,0,0,0,0,0,-.--
135,701538,745437,9,3,4,0,0,.---,0,"1-3 | HR, RBI, R",0,1,1,1,0,0,1,0,0,0,1,0,3,0,0,1,0,0,0,0,3
147,650402,747218,1,5,3,0,0,.---,0,"2-5 | 2B, K, RBI",0,1,1,0,1,0,0,1,0,0,2,0,5,0,0,1,0,0,0,0,-.--
147,665742,747218,2,5,0,0,0,.---,0,"0-3 | 2 BB, K",1,1,1,0,0,0,0,1,2,0,0,0,3,0,0,0,2,0,0,0,-.--
147,592450,747218,3,5,1,0,0,.---,0,1-5,1,2,2,0,0,0,0,0,0,0,1,0,5,1,0,0,3,0,0,0,-.--
147,519203,747218,4,4,0,0,0,.---,0,"0-3 | BB, R",1,1,2,1,0,0,0,0,1,0,0,0,3,0,0,0,3,0,0,0,-.--
147,519317,747218,5,4,0,0,0,.---,0,"0-3 | BB, 2 K",0,1,0,0,0,0,0,2,1,0,0,0,3,0,0,0,1,0,0,0,-.--
147,657077,747218,6,4,0,0,0,.---,0,"0-3 | BB, R",0,1,2,1,0,0,0,0,1,0,0,0,3,0,0,0,3,0,0,0,-.--
147,683011,747218,7,4,6,0,0,.---,0,"4-4 | 2 2B, RBI, 2 R",0,0,0,2,2,0,0,0,0,0,4,0,4,0,0,1,0,0,0,0,-.--
147,669224,747218,8,4,0,0,0,.---,0,0-3 | RBI,2,2,2,0,0,0,0,0,0,0,0,0,3,0,0,1,3,0,1,0,-.--
147,665828,747218,9,4,1,0,0,.---,0,"1-4 | RBI, R",1,1,2,1,0,0,0,0,0,0,1,0,4,0,0,1,1,0,0,0,-.--
109,606466,747218,1,5,1,0,0,.---,0,"1-2 | BB, 2 RBI",2,1,2,0,0,0,0,0,1,0,1,0,2,0,0,2,1,0,2,0,-.--
109,682998,747218,2,4,0,0,0,.---,0,0-4 | K,0,2,1,0,0,0,0,1,0,0,0,0,4,0,0,0,5,0,0,0,-.--
109,666971,747218,3,4,0,0,0,.---,0,0-4 | K,0,1,2,0,0,0,0,1,0,0,0,0,4,0,0,0,4,0,0,0,-.--
109,572233,747218,4,4,0,0,0,.---,0,0-4 | 3 K,1,0,1,0,0,0,0,3,0,0,0,0,4,0,0,0,1,0,0,0,-.--
109,592626,747218,5,4,0,0,0,.---,0,0-2 | 2 BB,1,0,2,0,0,0,0,0,2,0,0,0,2,0,0,0,0,0,0,0,-.--
109,553993,747218,6,4,0,0,0,.---,0,0-4 | K,1,1,2,0,0,0,0,1,0,0,0,0,4,0,0,0,2,0,0,0,-.--
109,672515,747218,7,4,3,0,0,.---,0,"1-4 | 3B, R",1,1,2,1,0,1,0,0,0,0,1,0,4,0,0,0,1,0,0,0,-.--
109,664983,747218,8,3,1,0,0,.---,0,"1-3 | K, R",0,1,0,1,0,0,0,1,0,0,1,0,3,0,0,0,1,0,0,0,-.--
109,672695,747218,9,4,0,0,0,.---,0,"0-2 | BB, HBP",1,1,1,0,0,0,0,0,1,0,0,1,2,0,0,0,1,0,0,0,-.--
137,808982,746170,1,5,2,0,0,.---,0,2-5,1,2,1,0,0,0,0,0,0,0,2,0,5,0,0,0,1,0,0,0,-.--
137,596103,746170,2,3,0,0,0,.---,0,0-2 | BB,1,1,1,0,0,0,0,0,1,0,0,0,2,1,0,0,3,0,0,0,-.--
137,624585,746170,3,5,1,0,0,.---,0,"1-3 | BB, K, RBI",1,0,2,0,0,0,0,1,1,0,1,0,3,0,0,1,2,0,1,0,-.--
137,656305,746170,4,5,1,0,0,.---,0,"1-3 | 2 BB, 2 K",0,0,0,0,0,0,0,2,2,0,1,0,3,0,0,0,3,0,0,0,-.--
137,527038,746170,5,4,1,0,0,.---,0,1-4 | RBI,0,2,1,0,0,0,0,0,0,0,1,0,4,0,0,1,7,0,0,0,-.--
137,608596,746170,6,4,0,0,0,.---,0,0-3 | BB,0,2,1,0,0,0,0,0,1,0,0,0,3,0,0,0,0,0,0,0,-.--
137,624424,746170,7,4,4,0,0,.---,0,"1-4 | HR, 2 K, RBI",1,0,1,1,0,0,1,2,0,0,1,0,4,0,0,1,1,0,0,0,4
137,642731,746170,8,4,0,0,0,.---,0,0-4 | 2 K,0,2,0,0,0,0,0,2,0,0,0,0,4,0,0,0,1,0,0,0,-.--
137,605113,746170,9,3,1,0,0,.---,0,1-3 | K,0,1,0,0,0,0,0,1,0,0,1,0,3,0,0,0,1,0,0,0,-.--
119,605141,746170,1,4,5,0,0,.---,0,"2-3 | 3B, 2B, BB",0,1,0,3,1,1,0,0,1,0,2,0,3,0,0,0,0,0,0,0,-.--
119,660271,746170,2,4,2,0,0,.---,0,"1-4 | 2B, K, RBI",1,1,1,1,1,0,0,1,0,0,1,0,4,0,0,1,1,0,0,0,-.--
119,518692,746170,3,4,4,0,0,.---,0,"3-4 | 2B, K, 2 RBI",0,0,0,2,1,0,0,1,0,0,3,0,4,0,0,2,0,0,0,0,-.--
119,669257,746170,4,4,2,0,0,.---,0,"2-2 | BB, 2 RBI",1,0,1,0,0,0,0,0,1,0,2,0,2,0,0,2,0,0,1,0,-.--
119,571970,746170,5,4,0,0,0,.---,0,"0-4 | 2 K, R",1,1,1,1,0,0,0,2,0,0,0,0,4,0,0,0,5,0,0,0,-.--
119,606192,746170,6,4,4,0,0,.---,0,"1-4 | HR, K, 3 RBI",0,2,0,1,0,0,1,1,0,0,1,0,4,0,0,3,0,0,0,0,4
119,681546,746170,7,4,0,0,0,.---,0,0-4 | 2 K,1,0,2,0,0,0,0,2,0,0,0,0,4,0,0,0,0,0,0,0,-.--
119,621035,746170,8,4,0,0,0,.---,0,0-4 | 2 K,0,1,1,0,0,0,0,2,0,0,0,0,4,0,0,0,0,0,0,0,-.--
119,666158,746170,9,3,0,0,0,.---,0,0-3 | K,0,1,1,0,0,0,0,1,0,0,0,0,3,0,0,0,0,0,0,0,-.--
142,666397,746009,1,3,0,0,0,.---,0,0-3 | K,1,1,1,0,0,0,0,1,0,0,0,0,3,0,0,0,0,0,0,0,-.--
142,666135,746009,2,4,1,0,0,.---,0,"1-4 | K, R",0,2,0,1,0,0,0,1,0,0,1,0,4,0,0,0,0,0,0,0,-.--
142,621439,746009,3,4,1,0,0,.---,0,1-4 | K,0,0,2,0,0,0,0,1,0,0,1,0,4,0,0,0,0,0,0,0,-.--
142,596146,746009,4,4,1,0,0,.---,0,1-4,0,1,2,0,0,0,0,0,0,0,1,0,4,0,0,0,2,0,0,0,-.--
142,621043,746009,5,4,0,0,0,.---,0,"0-1 | 3 BB, K, R",0,0,0,1,0,0,0,1,3,0,0,0,1,0,0,0,1,0,0,0,-.--
142,670242,746009,6,2,0,0,0,.---,0,"0-1 | K, RBI",1,0,1,0,0,0,0,1,0,0,0,0,1,0,0,1,1,0,1,0,-.--
142,467793,746009,7,4,0,0,0,.---,0,0-4 | K,0,3,0,0,0,0,0,1,0,0,0,0,4,0,0,0,5,0,0,0,-.--
142,650489,746009,8,3,0,0,0,.---,0,0-3 | K,1,1,1,0,0,0,0,1,0,0,0,0,3,0,0,0,2,0,0,0,-.--
142,543877,746009,9,3,0,0,0,.---,0,0-2 | RBI,1,0,3,0,0,0,0,0,0,0,0,0,2,0,0,1,0,0,1,0,-.--
158,686217,746009,1,4,0,0,0,.---,0,0-4 | K,0,2,1,0,0,0,0,1,0,0,0,0,4,0,0,0,4,0,0,0,-.--
158,661388,746009,2,4,0,0,0,.---,0,"0-2 | 2 BB, K",0,0,1,0,0,0,0,1,2,0,0,0,2,0,0,0,3,0,0,0,-.--
158,592885,746009,3,4,4,0,0,.---,0,"1-4 | HR, K, RBI",0,1,1,1,0,0,1,1,0,0,1,0,4,0,0,1,3,0,0,0,4
158,642715,746009,4,4,1,0,1,1,0,1-4 | SB,1,1,2,0,0,0,0,0,0,0,1,0,4,0,0,0,1,0,0,0,-.--
158,641343,746009,5,4,0,1,0,0,0,"0-3 | BB, K, CS",0,1,1,0,0,0,0,1,1,0,0,0,3,0,0,0,1,0,0,0,-.--
158,656555,746009,6,4,1,0,0,.---,0,"1-3 | HBP, K, 2 R",1,0,1,2,0,0,0,1,0,0,1,1,3,0,0,0,1,0,0,0,-.--
158,686554,746009,7,4,1,0,0,.---,0,"1-3 | BB, K",0,1,0,0,0,0,0,1,1,0,1,0,3,0,0,0,1,0,0,0,-.--
158,668930,746009,8,4,3,0,2,1,0,"2-3 | 2B, BB, K",0,0,0,0,1,0,0,1,1,0,2,0,3,0,0,1,0,0,0,0,-.--
158,694192,746009,9,4,1,0,0,.---,0,"1-4 | K, RBI",0,2,0,0,0,0,0,1,0,0,1,0,4,0,0,1,3,0,0,0,-.--
118,672580,747057,1,5,5,0,0,.---,0,"2-4 | 3B, 2B, BB",1,1,1,0,1,1,0,0,1,0,2,0,4,0,0,3,0,0,0,0,-.--
118,677951,747057,2,5,0,1,0,0,1,"0-4 | HBP, 2 K, CS",1,1,1,0,0,0,0,2,0,0,0,1,4,0,0,0,4,0,0,0,-.--
118,686469,747057,3,4,1,0,0,.---,0,1-4,1,2,1,0,0,0,0,0,0,0,1,0,4,0,0,0,1,0,0,0,-.--
118,521692,747057,4,4,2,0,0,.---,0,2-4 | K,1,0,1,0,0,0,0,1,0,0,2,0,4,0,0,0,0,0,0,0,-.--
118,676369,747057,5,4,0,0,0,.---,0,0-4 | 2 K,2,0,2,0,0,0,0,2,0,0,0,0,4,0,0,0,3,0,0,0,-.--
118,592669,747057,6,4,0,0,0,.---,0,0-4 | K,2,1,2,0,0,0,0,1,0,0,0,0,4,0,0,0,1,0,0,0,-.--
118,641658,747057,7,4,0,0,0,.---,0,"0-3 | BB, 2 K, R",1,0,1,1,0,0,0,2,1,0,0,0,3,0,0,0,0,0,0,0,-.--
118,666023,747057,8,4,1,0,0,.---,0,"1-4 | K, R",0,2,0,1,0,0,0,1,0,0,1,0,4,0,0,0,0,0,0,0,-.--
118,679845,747057,9,3,2,0,0,.---,0,"2-2 | BB, RBI, 2 R",0,0,0,2,0,0,0,0,1,0,2,0,2,0,0,1,0,0,0,0,-.--
110,683002,747057,1,4,0,0,0,.---,0,0-4 | K,0,1,2,0,0,0,0,1,0,0,0,0,4,0,0,0,2,0,0,0,-.--
110,668939,747057,2,4,0,0,0,.---,0,0-4,3,0,4,0,0,0,0,0,0,0,0,0,4,0,0,0,1,0,0,0,-.--
110,623993,747057,3,4,0,0,0,.---,0,0-4 | 2 K,1,0,2,0,0,0,0,2,0,0,0,0,4,0,0,0,0,0,0,0,-.--
110,663624,747057,4,4,0,0,0,.---,0,0-4 | K,1,2,1,0,0,0,0,1,0,0,0,0,4,0,0,0,0,0,0,0,-.--
110,656811,747057,5,3,0,0,0,.---,0,0-2 | BB,0,0,2,0,0,0,0,0,1,0,0,0,2,0,0,0,0,0,0,0,-.--
110,656775,747057,6,3,0,0,0,.---,0,0-3 | 2 K,0,1,0,0,0,0,0,2,0,0,0,0,3,0,0,0,1,0,0,0,-.--
110,676059,747057,7,3,2,0,0,.---,0,"1-3 | 2B, R",0,2,0,1,1,0,0,0,0,0,1,0,3,0,0,0,0,0,0,0,-.--
110,681297,747057,8,3,3,0,0,.---,0,"2-3 | 2B, RBI",0,1,0,0,1,0,0,0,0,0,2,0,3,0,0,1,0,0,0,0,-.--
110,643393,747057,9,3,0,0,0,.---,0,0-3,0,2,1,0,0,0,0,0,0,0,0,0,3,0,0,0,2,0,0,0,-.--
113,663697,745598,1,5,0,0,0,.---,0,0-5,0,3,2,0,0,0,0,0,0,0,0,0,5,0,0,0,3,0,0,0,-.--
113,666181,745598,2,4,2,0,0,.---,0,"1-4 | 2B, 2 K, RBI",0,1,0,0,1,0,0,2,0,0,1,0,4,0,0,1,1,0,0,0,-.--
113,687952,745598,3,4,2,0,0,.---,0,"1-4 | 2B, 2 K",0,1,0,0,1,0,0,2,0,0,1,0,4,0,0,0,2,0,0,0,-.--
113,600869,745598,4,4,0,0,0,.---,0,0-4 | K,1,2,1,0,0,0,0,1,0,0,0,0,4,0,0,0,2,0,0,0,-.--
113,641584,745598,5,4,1,0,0,.---,0,"1-4 | K, R",1,1,1,1,0,0,0,1,0,0,1,0,4,0,0,0,0,0,0,0,-.--
113,682829,745598,6,4,2,0,0,.---,0,"1-4 | 2B, K, R",0,2,0,1,1,0,0,1,0,0,1,0,4,0,0,0,0,0,0,0,-.--
113,668715,745598,7,4,3,0,0,.---,0,3-4 | RBI,0,1,0,0,0,0,0,0,0,0,3,0,4,0,0,1,0,0,0,0,-.--
113,605361,745598,8,4,0,0,0,.---,0,"0-3 | 3 K, RBI",0,0,1,0,0,0,0,3,0,0,0,0,3,0,0,1,2,0,1,0,-.--
113,663886,745598,9,4,2,0,0,.---,0,"1-4 | 2B, K, 2 R",0,2,0,2,1,0,0,1,0,0,1,0,4,0,0,0,2,0,0,0,-.--
143,656941,745598,1,5,1,0,0,.---,0,"1-5 | K, RBI, R",1,0,3,1,0,0,0,1,0,0,1,0,5,0,0,1,2,0,0,0,-.--
143,607208,745598,2,5,1,0,0,.---,0,"1-4 | BB, 2 K, 2 R",0,1,0,2,0,0,0,2,1,0,1,0,4,0,0,0,1,0,0,0,-.--
143,547180,745598,3,4,12,0,0,.---,0,"3-4 | 3 HR, 6 RBI, 3 R",0,0,1,3,0,0,3,0,0,0,3,0,4,0,0,6,1,0,0,0,1.33
143,664761,745598,4,4,0,0,0,.---,0,0-4,1,2,2,0,0,0,0,0,0,0,0,0,4,0,0,0,1,0,0,0,-.--
143,681082,745598,5,4,0,0,0,.---,0,0-3 | BB,0,2,1,0,0,0,0,0,1,0,0,0,3,0,0,0,0,0,0,0,-.--
143,592206,745598,6,4,0,0,0,.---,0,0-4 | K,1,0,3,0,0,0,0,1,0,0,0,0,4,0,0,0,2,0,0,0,-.--
143,669016,745598,7,4,6,0,0,.---,0,"3-4 | HR, RBI, 2 R",0,1,0,2,0,0,1,0,0,0,3,0,4,0,0,1,0,0,0,0,4
143,679032,745598,8,4,0,0,0,.---,0,"0-4 | K, R",0,2,1,1,0,0,0,1,0,0,0,0,4,0,0,0,2,0,0,0,-.--
143,596117,745598,9,4,1,0,0,.---,0,"1-3 | BB, K",0,0,1,0,0,0,0,1,1,0,1,0,3,0,0,0,2,0,0,0,-.--
108,543685,746086,1,4,0,0,0,.---,0,0-4,3,0,4,0,0,0,0,0,0,0,0,0,4,0,0,0,1,0,0,0,-.--
108,543305,746086,2,4,5,0,0,.---,0,"2-4 | HR, K, 2 RBI",0,1,0,2,0,0,1,1,0,0,2,0,4,0,0,2,0,0,0,0,4
108,545361,746086,3,4,1,0,1,1,0,1-4 | SB,2,1,2,0,0,0,0,0,0,0,1,0,4,0,0,0,0,0,0,0,-.--
108,621493,746086,4,4,1,1,0,0,0,"1-4 | 2 K, RBI, CS",1,0,1,0,0,0,0,2,0,0,1,0,4,0,0,1,0,0,0,0,-.--
108,592273,746086,5,4,0,0,0,.---,0,0-3 | BB,0,3,0,0,0,0,0,0,1,0,0,0,3,0,0,0,0,0,0,0,-.--
108,593934,746086,6,4,0,0,0,.---,0,0-4 | 2 K,0,1,1,0,0,0,0,2,0,0,0,0,4,0,0,0,3,0,0,0,-.--
108,694384,746086,7,4,0,0,0,.---,0,0-2 | 2 BB,0,1,1,0,0,0,0,0,2,0,0,0,2,0,0,0,1,0,0,0,-.--
108,681351,746086,8,3,3,0,0,.---,0,2-3 | 2B,0,1,0,0,1,0,0,0,0,0,2,0,3,1,0,0,1,0,0,0,-.--
108,687263,746086,9,3,2,0,0,.---,0,"1-3 | 2B, K, R",0,0,1,1,1,0,0,1,0,0,1,0,3,0,0,0,1,0,0,0,-.--
146,650333,746086,1,4,1,0,0,.---,0,1-4 | K,0,2,0,0,0,0,0,1,0,0,1,0,4,0,0,0,1,0,0,0,-.--
146,605137,746086,2,4,0,0,0,.---,0,0-4,1,3,1,0,0,0,0,0,0,0,0,0,4,0,0,0,2,0,0,0,-.--
146,669394,746086,3,4,0,0,0,.---,0,0-4,1,3,1,0,0,0,0,0,0,0,0,0,4,0,0,0,1,0,0,0,-.--
146,650559,746086,4,4,4,0,0,.---,0,"1-4 | HR, K, RBI",1,1,1,1,0,0,1,1,0,0,1,0,4,0,0,1,0,0,0,0,4
146,665862,746086,5,4,0,0,0,.---,0,0-2 | 2 BB,1,1,1,0,0,0,0,0,2,0,0,0,2,0,0,0,0,0,0,0,-.--
146,641313,746086,6,4,2,0,0,.---,0,2-4 | K,0,1,0,0,0,0,0,1,0,0,2,0,4,0,0,0,1,0,0,0,-.--
146,541645,746086,7,3,0,0,0,.---,0,0-2 | BB,1,1,1,0,0,0,0,0,1,0,0,0,2,0,0,0,2,0,0,0,-.--
146,681146,746086,8,3,0,0,0,.---,0,0-3 | 2 K,1,0,1,0,0,0,0,2,0,0,0,0,3,0,0,0,2,0,0,0,-.--
146,663743,746086,9,3,2,0,0,.---,0,1-3 | 2B,0,1,1,0,1,0,0,0,0,0,1,0,3,0,0,0,0,0,0,0,-.--
140,543760,745111,1,4,0,0,0,.---,0,"0-3 | BB, K",0,0,2,0,0,0,0,1,1,0,0,0,3,0,0,0,0,0,0,0,-.--
140,608369,745111,2,4,0,0,0,.---,0,0-4 | 2 K,2,0,2,0,0,0,0,2,0,0,0,0,4,0,0,0,2,0,0,0,-.--
140,694497,745111,3,4,0,0,0,.---,0,0-4 | K,0,2,1,0,0,0,0,1,0,0,0,0,4,0,0,0,0,0,0,0,-.--
140,666969,745111,4,4,2,0,0,.---,0,"1-4 | 2B, 2 K, R",1,0,1,1,1,0,0,2,0,0,1,0,4,0,0,0,0,0,0,0,-.--
140,694671,745111,5,4,1,0,0,.---,0,1-4,1,1,2,0,0,0,0,0,0,0,1,0,4,0,0,0,1,0,0,0,-.--
140,665120,745111,6,4,2,0,0,.---,0,"2-4 | K, R",1,0,1,1,0,0,0,1,0,0,2,0,4,0,0,0,1,0,0,0,-.--
140,641680,745111,7,4,2,0,0,.---,0,2-4 | 2 RBI,0,1,1,0,0,0,0,0,0,0,2,0,4,0,0,2,0,0,0,0,-.--
140,669701,745111,8,2,2,0,0,.---,0,1-2 | 2B,1,0,1,0,1,0,0,0,0,0,1,0,2,0,0,0,0,0,0,0,-.--
140,665750,745111,9,4,0,0,0,.---,0,0-4,1,3,1,0,0,0,0,0,0,0,0,0,4,0,0,0,5,0,0,0,-.--
139,650490,745111,1,4,1,0,0,.---,0,"1-4 | K, RBI, R",1,0,2,1,0,0,0,1,0,0,1,0,4,0,0,1,0,0,0,0,-.--
139,623912,745111,2,4,2,0,0,.---,0,"2-4 | K, R",0,1,0,1,0,0,0,1,0,0,2,0,4,0,0,0,0,0,0,0,-.--
139,668227,745111,3,4,1,0,0,.---,0,"1-3 | BB, RBI, R",1,0,2,1,0,0,0,0,1,0,1,0,3,0,0,1,2,0,0,0,-.--
139,670623,745111,4,4,4,0,0,.---,0,"1-3 | HR, HBP, K",0,0,1,1,0,0,1,1,0,0,1,1,3,0,0,3,2,0,0,0,3
139,642708,745111,5,4,0,0,0,.---,0,0-4,1,2,2,0,0,0,0,0,0,0,0,0,4,0,0,0,2,0,0,0,-.--
139,678554,745111,6,4,2,0,0,.---,0,2-4,1,0,2,0,0,0,0,0,0,0,2,0,4,0,0,0,0,0,0,0,-.--
139,642350,745111,7,4,0,0,0,.---,0,0-4 | 2 K,1,1,1,0,0,0,0,2,0,0,0,0,4,0,0,0,4,0,0,0,-.--
139,676609,745111,8,3,0,0,1,1,0,"0-2 | HBP, K, R",1,0,1,1,0,0,0,1,0,0,0,1,2,0,0,0,0,0,0,0,-.--
139,650907,745111,9,3,0,0,0,.---,0,0-3 | 3 K,0,0,0,0,0,0,0,3,0,0,0,0,3,0,0,0,1,0,0,0,-.--
115,453568,746898,1,4,4,0,0,.---,0,3-4 | 2B,1,0,1,0,1,0,0,0,0,0,3,0,4,0,0,0,0,0,0,0,-.--
115,663898,746898,2,4,0,0,0,.---,0,0-4,0,2,2,0,0,0,0,0,0,0,0,0,4,0,0,0,4,0,0,0,-.--
115,666134,746898,3,4,0,0,0,.---,0,0-4 | 3 K,0,1,0,0,0,0,0,3,0,0,0,0,4,0,0,0,1,0,0,0,-.--
115,592178,746898,4,4,0,0,0,.---,0,0-2 | 2 HBP,0,1,1,0,0,0,0,0,0,0,0,2,2,0,0,0,1,0,0,0,-.--
115,641857,746898,5,3,1,0,0,.---,0,1-2 | BB,1,0,1,0,0,0,0,0,1,0,1,0,2,0,0,0,0,0,0,0,-.--
115,553869,746898,6,4,0,0,0,.---,0,"0-3 | HBP, K, R",1,1,1,1,0,0,0,1,0,0,0,1,3,0,0,0,4,0,0,0,-.--
115,678662,746898,7,4,1,0,0,.---,0,"1-3 | BB, K",1,0,1,0,0,0,0,1,1,0,1,0,3,0,0,0,3,0,0,0,-.--
115,669911,746898,8,4,4,0,0,.---,0,"1-4 | HR, K, 2 RBI",0,2,0,1,0,0,1,1,0,0,1,0,4,1,0,2,4,0,0,0,4
115,686668,746898,9,4,1,0,0,.---,0,1-4,0,2,1,0,0,0,0,0,0,0,1,0,4,1,0,0,1,0,0,0,-.--
112,663538,746898,1,6,0,0,0,.---,0,"0-3 | 2 BB, HBP, R",0,1,2,1,0,0,0,0,2,0,0,1,3,0,0,0,1,0,0,0,-.--
112,673548,746898,2,5,5,0,0,.---,0,"2-4 | HR, BB, K",1,0,1,2,0,0,1,1,1,0,2,0,4,0,0,2,2,0,0,0,4
112,641355,746898,3,5,5,0,0,.---,0,"2-5 | HR, K, 2 RBI",0,1,1,2,0,0,1,1,0,0,2,0,5,0,0,2,3,0,0,0,5
112,666624,746898,4,5,4,0,0,.---,0,"1-4 | HR, BB, RBI",2,1,2,2,0,0,1,0,1,0,1,0,4,0,0,1,1,0,0,0,4
112,621020,746898,5,4,2,0,0,.---,0,"2-4 | 2 K, R",0,0,0,1,0,0,0,2,0,0,2,0,4,0,0,0,1,0,0,0,-.--
112,664023,746898,6,5,2,0,0,.---,0,"2-4 | BB, RBI, 2 R",0,1,1,2,0,0,0,0,1,0,2,0,4,0,0,1,1,0,0,0,-.--
112,643265,746898,7,5,9,0,0,.---,0,"3-4 | HR, 3B, 2B",0,0,0,2,1,1,1,1,1,0,3,0,4,0,0,3,2,0,0,0,4
112,663611,746898,8,5,3,0,1,1,0,"2-5 | 2B, 3 RBI, SB",0,2,1,0,1,0,0,0,0,0,2,0,5,0,0,3,4,0,0,0,-.--
112,665804,746898,9,5,0,0,0,.---,0,0-5 | K,0,4,0,0,0,0,0,1,0,0,0,0,5,0,0,0,6,0,0,0,-.--
144,660670,746814,1,4,0,0,0,.---,0,"0-3 | BB, 2 K",0,0,1,0,0,0,0,2,1,0,0,0,3,0,0,0,0,0,0,0,-.--
144,645277,746814,2,4,0,0,0,.---,0,0-3 | BB,0,3,0,0,0,0,0,0,1,0,0,0,3,0,0,0,0,0,0,0,-.--
144,663586,746814,3,4,0,0,0,.---,0,0-4 | K,1,2,1,0,0,0,0,1,0,0,0,0,4,1,0,0,3,0,0,0,-.--
144,621566,746814,4,4,0,0,0,.---,0,"0-3 | BB, K",2,0,2,0,0,0,0,1,1,0,0,0,3,0,0,0,0,0,0,0,-.--
144,542303,746814,5,4,8,0,0,.---,0,"2-4 | 2 HR, K, 2 RBI",0,0,1,2,0,0,2,1,0,0,2,0,4,0,0,2,1,0,0,0,2
144,594807,746814,6,4,1,0,0,.---,0,1-4 | 2 K,1,0,1,0,0,0,0,2,0,0,1,0,4,0,0,0,1,0,0,0,-.--
144,671739,746814,7,4,0,0,0,.---,0,"0-3 | BB, K",0,2,0,0,0,0,0,1,1,0,0,0,3,0,0,0,2,0,0,0,-.--
144,606115,746814,8,4,2,0,0,.---,0,2-4 | K,0,1,0,0,0,0,0,1,0,0,2,0,4,0,0,0,0,0,0,0,-.--
144,644433,746814,9,2,0,0,0,.---,0,0-2,1,1,1,0,0,0,0,0,0,0,0,0,2,0,0,0,2,0,0,0,-.--
145,643217,746814,1,4,1,0,0,.---,0,"1-4 | K, R",1,1,1,1,0,0,0,1,0,0,1,0,4,0,0,0,0,0,0,0,-.--
145,660162,746814,2,4,1,0,0,.---,0,"1-3 | BB, 2 K",0,0,0,0,0,0,0,2,1,0,1,0,3,0,0,0,0,0,0,0,-.--
145,673357,746814,3,4,2,0,0,.---,0,"1-4 | 2B, K, R",2,0,2,1,1,0,0,1,0,0,1,0,4,0,0,0,3,0,0,0,-.--
145,657757,746814,4,4,1,0,0,.---,0,"1-2 | 2 BB, K, RBI",0,0,0,0,0,0,0,1,2,0,1,0,2,0,0,1,0,0,0,0,-.--
145,683734,746814,5,4,1,0,0,.---,0,1-4 | RBI,0,3,0,0,0,0,0,0,0,0,1,0,4,1,0,1,4,0,0,0,-.--
145,669699,746814,6,2,0,0,0,.---,0,0-2,2,0,2,0,0,0,0,0,0,0,0,0,2,0,0,0,0,0,0,0,-.--
145,666150,746814,7,2,0,0,0,.---,0,0-2 | K,0,1,0,0,0,0,0,1,0,0,0,0,2,0,0,0,0,0,0,0,-.--
145,670032,746814,8,3,1,0,0,.---,0,1-3,1,1,1,0,0,0,0,0,0,0,1,0,3,0,0,0,0,0,0,0,-.--
145,455117,746814,9,3,0,0,0,.---,0,0-3,1,1,2,0,0,0,0,0,0,0,0,0,3,0,0,0,1,0,0,0,-.--
141,543807,746411,1,4,0,0,0,.---,0,0-4,0,3,1,0,0,0,0,0,0,0,0,0,4,0,0,0,1,0,0,0,-.--
141,665489,746411,2,4,1,0,0,.---,0,1-4,0,3,0,0,0,0,0,0,0,0,1,0,4,0,0,0,0,0,0,0,-.--
141,666182,746411,3,4,1,0,0,.---,0,1-4,0,3,0,0,0,0,0,0,0,0,1,0,4,1,0,0,1,0,0,0,-.--
141,457759,746411,4,4,5,0,0,.---,0,"3-3 | 2 2B, BB",0,0,0,0,2,0,0,0,1,0,3,0,3,0,0,0,0,0,0,0,-.--
141,676914,746411,5,4,4,0,0,.---,0,"1-4 | HR, 2 K, 2 RBI",0,1,0,1,0,0,1,2,0,0,1,0,4,0,0,2,2,0,0,0,4
141,672386,746411,6,4,0,0,0,.---,0,0-4 | 2 K,0,2,0,0,0,0,0,2,0,0,0,0,4,1,0,0,1,0,0,0,-.--
141,676391,746411,7,3,1,0,0,.---,0,1-3,0,1,1,0,0,0,0,0,0,0,1,0,3,0,0,0,0,0,0,0,-.--
141,643396,746411,8,3,1,0,0,.---,0,1-2 | HBP,0,1,0,0,0,0,0,0,0,0,1,1,2,0,0,0,1,0,0,0,-.--
141,595281,746411,9,3,0,0,0,.---,0,0-3 | K,0,2,0,0,0,0,0,1,0,0,0,0,3,1,0,0,3,0,0,0,-.--
117,514888,746411,1,4,6,1,0,0,0,"2-3 | HR, 2B, BB",1,0,1,1,1,0,1,0,1,0,2,0,3,0,0,1,0,0,0,0,3
117,670541,746411,2,4,1,0,0,.---,0,1-4,2,1,2,0,0,0,0,0,0,0,1,0,4,0,0,0,2,0,0,0,-.--
117,663656,746411,3,4,0,0,0,.---,0,0-2 | BB,0,1,1,0,0,0,0,0,1,0,0,0,2,1,0,0,1,0,0,1,-.--
117,608324,746411,4,4,1,0,0,.---,0,1-4,0,2,1,0,0,0,0,0,0,0,1,0,4,0,0,0,2,0,0,0,-.--
117,673237,746411,5,4,3,0,0,.---,0,"2-3 | 2B, BB",0,1,0,0,1,0,0,0,1,0,2,0,3,0,0,0,0,0,0,0,-.--
117,547989,746411,6,4,1,0,0,.---,0,1-4 | 2 K,1,0,1,0,0,0,0,2,0,0,1,0,4,0,0,0,2,0,0,0,-.--
117,676801,746411,7,4,1,0,0,.---,0,1-3 | BB,2,0,2,0,0,0,0,0,1,0,1,0,3,0,0,0,2,0,0,0,-.--
117,665161,746411,8,3,0,0,0,.---,0,0-3,0,2,1,0,0,0,0,0,0,0,0,0,3,1,0,0,4,0,0,0,-.--
117,605170,746411,9,3,0,0,0,.---,0,0-3 | 2 K,0,1,0,0,0,0,0,2,0,0,0,0,3,0,0,0,2,0,0,0,-.--
111,680776,745680,1,5,2,0,1,1,0,"2-3 | 2 HBP, K, RBI",0,0,0,1,0,0,0,1,0,0,2,2,3,0,0,1,0,0,0,0,-.--
111,641933,745680,2,6,1,0,0,.---,0,"1-5 | BB, 2 K, R",1,1,1,1,0,0,0,2,1,0,1,0,5,1,0,0,3,0,0,0,-.--
111,646240,745680,3,6,1,0,0,.---,0,"1-6 | K, R",0,4,0,1,0,0,0,1,0,0,1,0,6,1,0,0,3,0,0,0,-.--
111,596115,745680,4,5,5,0,0,.---,0,"3-5 | 2 2B, 2 K, 2 RBI",0,0,0,0,2,0,0,2,0,0,3,0,5,0,0,2,2,0,0,0,-.--
111,622569,745680,5,3,1,0,0,.---,0,"1-3 | K, RBI",1,0,1,0,0,0,0,1,0,0,1,0,3,0,0,1,1,0,0,0,-.--
111,671213,745680,6,5,1,0,0,.---,0,"1-3 | 2 BB, K, R",1,0,1,1,0,0,0,1,2,1,1,0,3,0,0,0,3,0,0,0,-.--
111,678882,745680,7,5,0,0,0,.---,0,0-4 | BB,1,0,4,0,0,0,0,0,1,0,0,0,4,0,0,0,7,0,0,0,-.--
111,666915,745680,8,2,0,0,0,.---,0,0-2 | 2 K,0,0,0,0,0,0,0,2,0,0,0,0,2,0,0,0,1,0,0,0,-.--
111,657136,745680,9,5,1,0,0,.---,0,1-5 | 3 K,1,0,1,0,0,0,0,3,0,0,1,0,5,0,0,0,3,0,0,0,-.--
133,676116,745680,1,5,1,0,0,.---,0,"1-5 | 3 K, R",0,1,0,1,0,0,0,3,0,0,1,0,5,0,0,0,4,0,0,0,-.--
133,680869,745680,2,5,0,0,0,.---,0,0-4 | 2 K,1,1,2,0,0,0,0,2,0,0,0,0,4,0,0,0,3,1,0,0,-.--
133,668709,745680,3,5,4,0,0,.---,0,"1-3 | HR, 2 BB, 2 RBI",0,2,0,1,0,0,1,0,2,1,1,0,3,0,0,2,0,0,0,0,3
133,605204,745680,4,5,2,0,0,.---,0,"1-5 | 2B, R",0,4,0,1,1,0,0,0,0,0,1,0,5,0,0,0,4,0,0,0,-.--
133,664913,745680,5,5,0,0,0,.---,0,0-5 | 3 K,1,1,1,0,0,0,0,3,0,0,0,0,5,0,0,0,3,0,0,0,-.--
133,667670,745680,6,5,3,0,0,.---,0,"2-5 | 2B, 2 K",0,0,1,0,1,0,0,2,0,0,2,0,5,0,0,0,2,0,0,0,-.--
133,669127,745680,7,5,4,0,0,.---,0,"1-5 | HR, K, 2 RBI",1,1,2,1,0,0,1,1,0,0,1,0,5,1,0,2,3,0,0,0,5
133,671732,745680,8,5,2,0,0,.---,0,"1-4 | 2B, BB, K",0,1,1,0,1,0,0,1,1,0,1,0,4,0,0,0,2,0,0,0,-.--
133,669397,745680,9,3,0,0,0,.---,0,0-3 | 2 K,0,1,0,0,0,0,0,2,0,0,0,0,3,0,0,0,1,0,0,0,-.--
114,680757,745273,1,5,2,0,0,.---,0,2-5,1,2,1,0,0,0,0,0,0,0,2,0,5,0,0,0,2,0,0,0,-.--
114,665926,745273,2,5,2,0,0,.---,0,"1-5 | 2B, 2 K",0,1,1,0,1,0,0,2,0,0,1,0,5,0,0,0,1,0,0,0,-.--
114,608070,745273,3,5,2,0,0,.---,0,"2-5 | 2 K, 2 R",0,1,0,2,0,0,0,2,0,0,2,0,5,0,0,0,3,0,0,0,-.--
114,647304,745273,4,4,1,0,0,.---,0,1-3 | BB,0,1,1,0,0,0,0,0,1,1,1,0,3,0,0,0,2,0,0,0,-.--
114,671289,745273,5,4,0,0,0,.---,0,"0-3 | K, RBI",0,1,2,0,0,0,0,1,0,0,0,0,3,1,0,1,4,0,1,0,-.--
114,686823,745273,6,4,2,0,0,.---,0,2-4 | R,0,1,1,1,0,0,0,0,0,0,2,0,4,0,0,0,1,0,0,0,-.--
114,666310,745273,7,4,5,0,0,.---,0,"2-4 | HR, K, 2 RBI",0,0,1,1,0,0,1,1,0,0,2,0,4,0,0,2,1,0,0,0,4
114,595978,745273,8,4,0,0,0,.---,0,0-4 | 3 K,0,1,0,0,0,0,0,3,0,0,0,0,4,0,0,0,2,0,0,0,-.--
114,677587,745273,9,4,3,0,0,.---,0,"2-4 | 2B, 2 K, R",0,0,0,1,1,0,0,2,0,0,2,0,4,0,0,0,0,0,0,0,-.--
136,641487,745273,1,5,0,0,0,.---,0,"0-5 | 2 K, RBI",0,3,0,0,0,0,0,2,0,0,0,0,5,0,0,1,3,0,0,0,-.--
136,677594,745273,2,4,1,0,0,.---,0,1-4 | K,1,0,2,0,0,0,0,1,0,0,1,0,4,0,0,0,1,0,0,0,-.--
136,593871,745273,3,4,1,0,0,.---,0,1-4 | 2 K,0,1,0,0,0,0,0,2,0,0,1,0,4,0,0,0,0,0,0,0,-.--
136,571745,745273,4,4,2,0,0,.---,0,1-4 | 2B,0,2,1,0,1,0,0,0,0,0,1,0,4,0,0,0,2,0,0,0,-.--
136,641598,745273,5,4,2,0,0,.---,0,"1-3 | 2B, BB, K",0,0,1,0,1,0,0,1,1,0,1,0,3,0,0,0,3,0,0,0,-.--
136,663728,745273,6,4,2,0,0,.---,0,"2-4 | K, R",0,1,0,1,0,0,0,1,0,0,2,0,4,0,0,0,2,0,0,0,-.--
136,664034,745273,7,4,2,0,0,.---,0,"1-3 | 2B, BB, K",0,1,0,1,1,0,0,1,1,0,1,0,3,1,0,0,1,0,0,0,-.--
136,686527,745273,8,4,1,0,0,.---,0,1-4 | 2 K,1,0,1,0,0,0,0,2,0,0,1,0,4,0,0,0,3,0,0,0,-.--
136,668942,745273,9,4,2,0,0,.---,0,"1-4 | 2B, 2 K, RBI",0,1,0,0,1,0,0,2,0,0,1,0,4,0,0,1,2,0,0,0,-.--
138,680977,745439,1,5,2,0,0,.---,0,"2-4 | BB, K, 2 R",1,0,1,2,0,0,0,1,1,0,2,0,4,0,0,0,1,0,0,0,-.--
138,502671,745439,2,4,0,0,0,.---,0,"0-3 | BB, 2 K, R",0,1,0,1,0,0,0,2,1,0,0,0,3,0,0,0,2,0,0,0,-.--
138,575929,745439,3,4,4,0,0,.---,0,"1-3 | HR, BB, 2 RBI",1,1,1,1,0,0,1,0,1,0,1,0,3,0,0,2,0,0,0,0,3
138,571448,745439,4,4,1,0,0,.---,0,1-4,0,3,0,0,0,0,0,0,0,0,1,0,4,0,0,0,2,0,0,0,-.--
138,676475,745439,5,3,0,0,0,.---,0,0-3 | K,1,1,1,0,0,0,0,1,0,0,0,0,3,0,0,0,1,0,0,0,-.--
138,691023,745439,6,3,2,0,0,.---,0,1-3 | 2B,0,1,1,0,1,0,0,0,0,0,1,0,3,0,0,0,0,0,0,0,-.--
138,687363,745439,7,4,2,0,0,.---,0,"1-4 | 2B, K, R",0,2,0,1,1,0,0,1,0,0,1,0,4,0,0,0,1,0,0,0,-.--
138,672279,745439,8,4,0,0,0,.---,0,"0-2 | BB, 2 K",0,1,0,0,0,0,0,2,1,0,0,0,2,0,0,0,1,1,0,0,-.--
138,691026,745439,9,4,0,0,0,.---,0,0-2 | RBI,1,2,2,0,0,0,0,0,0,0,0,0,2,0,0,1,1,1,1,0,-.--
135,593428,745439,1,5,0,0,0,.---,0,"0-4 | BB, K",1,1,2,0,0,0,0,1,1,0,0,0,4,0,0,0,4,0,0,0,-.--
135,665487,745439,2,4,2,0,1,1,0,"2-4 | K, SB",0,0,1,0,0,0,0,1,0,0,2,0,4,0,0,0,0,0,0,0,-.--
135,630105,745439,3,4,1,0,0,.---,0,1-3 | BB,0,1,1,0,0,0,0,0,1,0,1,0,3,1,0,0,3,0,0,0,-.--
135,592518,745439,4,4,0,0,0,.---,0,0-4 | 2 K,0,1,1,0,0,0,0,2,0,0,0,0,4,0,0,0,3,0,0,0,-.--
135,673490,745439,5,4,0,0,0,.---,0,0-4,1,3,1,0,0,0,0,0,0,0,0,0,4,0,0,0,2,0,0,0,-.--
135,595777,745439,6,4,2,0,0,.---,0,"1-4 | 2B, K, R",0,0,2,1,1,0,0,1,0,0,1,0,4,0,0,0,0,0,0,0,-.--
135,669134,745439,7,4,4,0,0,.---,0,"3-4 | 2B, RBI, R",1,0,1,1,1,0,0,0,0,0,3,0,4,0,0,1,0,0,0,0,-.--
135,642180,745439,8,4,2,0,0,.---,0,"1-4 | 2B, K, RBI",0,2,0,0,1,0,0,1,0,0,1,0,4,0,0,1,2,0,0,0,-.--
135,701538,745439,9,4,1,0,0,.---,0,1-4 | K,0,1,1,0,0,0,0,1,0,0,1,0,4,0,0,0,2,0,0,0,-.--
147,650402,747220,1,4,0,0,0,.---,0,0-3 | BB,0,1,2,0,0,0,0,0,1,0,0,0,3,0,0,0,0,0,0,0,-.--
147,665742,747220,2,4,1,0,0,.---,0,1-4 | K,1,1,1,0,0,0,0,1,0,0,1,0,4,1,0,0,1,0,0,0,-.--
147,592450,747220,3,4,0,0,0,.---,0,"0-3 | BB, K",2,0,2,0,0,0,0,1,1,0,0,0,3,0,0,0,1,0,0,0,-.--
147,519203,747220,4,4,0,0,0,.---,0,0-4,0,3,1,0,0,0,0,0,0,0,0,0,4,0,0,0,2,0,0,0,-.--
147,519317,747220,5,3,0,0,0,.---,0,0-3 | 3 K,0,0,0,0,0,0,0,3,0,0,0,0,3,0,0,0,0,0,0,0,-.--
147,657077,747220,6,3,0,0,0,.---,0,0-3,1,2,1,0,0,0,0,0,0,0,0,0,3,0,0,0,0,0,0,0,-.--
147,683011,747220,7,3,1,0,0,.---,0,1-3 | 2 K,0,0,0,0,0,0,0,2,0,0,1,0,3,0,0,0,0,0,0,0,-.--
147,665828,747220,8,3,1,0,0,.---,0,1-2 | BB,1,0,1,0,0,0,0,0,1,0,1,0,2,0,0,0,0,0,0,0,-.--
147,624431,747220,9,2,0,0,0,.---,0,0-2 | K,0,1,0,0,0,0,0,1,0,0,0,0,2,1,0,0,3,0,0,0,-.--
109,606466,747220,1,5,2,0,0,.---,0,"1-5 | 2B, K, 2 R",0,3,0,2,1,0,0,1,0,0,1,0,5,0,0,0,2,0,0,0,-.--
109,677942,747220,2,4,2,0,1,1,0,"2-3 | BB, K, RBI",0,0,0,2,0,0,0,1,1,0,2,0,3,0,0,1,2,0,0,0,-.--
109,666971,747220,3,5,0,0,0,.---,0,0-5,1,0,5,0,0,0,0,0,0,0,0,0,5,0,0,0,6,0,0,0,-.--
109,572233,747220,4,4,5,0,0,.---,0,"2-4 | HR, 3 RBI, 2 R",0,1,1,2,0,0,1,0,0,0,2,0,4,0,0,3,1,0,0,0,4
109,553993,747220,5,4,1,0,0,.---,0,"1-3 | BB, 2 K, RBI",0,0,0,0,0,0,0,2,1,0,1,0,3,0,0,1,0,0,0,0,-.--
109,672515,747220,6,4,1,0,0,.---,0,"1-3 | BB, K, RBI",1,0,1,0,0,0,0,1,1,0,1,0,3,0,0,1,2,0,0,0,-.--
109,678489,747220,7,4,0,0,0,.---,0,0-4 | K,0,3,0,0,0,0,0,1,0,0,0,0,4,0,0,0,3,0,0,0,-.--
109,664983,747220,8,4,2,1,0,0,1,"2-4 | K, CS",0,0,1,0,0,0,0,1,0,0,2,0,4,0,0,0,0,0,0,0,-.--
109,672695,747220,9,4,2,0,0,.---,0,2-4 | R,1,1,1,1,0,0,0,0,0,0,2,0,4,0,0,0,1,0,0,0,-.--
137,808982,746169,1,5,1,0,0,.---,0,1-5 | 2 K,1,1,1,0,0,0,0,2,0,0,1,0,5,0,0,0,2,0,0,0,-.--
137,656305,746169,2,5,2,0,0,.---,0,"1-5 | 2B, 2 K, R",1,0,2,1,1,0,0,2,0,0,1,0,5,0,0,0,1,0,0,0,-.--
137,624585,746169,3,4,5,0,0,.---,0,"2-3 | HR, BB, RBI",1,0,1,1,0,0,1,0,1,0,2,0,3,0,0,1,1,0,0,0,3
137,624424,746169,4,4,2,1,0,0,1,"2-4 | RBI, R, CS",0,0,2,1,0,0,0,0,0,0,2,0,4,0,0,1,2,0,0,0,-.--
137,527038,746169,5,4,3,0,0,.---,0,"2-3 | 2B, BB, R",1,0,1,1,1,0,0,0,1,0,2,0,3,0,0,0,0,0,0,0,-.--
137,642731,746169,6,4,0,0,0,.---,0,0-4 | RBI,1,2,2,0,0,0,0,0,0,0,0,0,4,0,0,1,4,0,0,0,-.--
137,573262,746169,7,2,0,0,0,.---,0,0-1 | BB,1,0,1,0,0,0,0,0,1,0,0,0,1,0,0,0,0,0,0,0,-.--
137,672275,746169,8,4,0,0,0,.---,0,0-4 | 3 K,0,1,0,0,0,0,0,3,0,0,0,0,4,0,0,0,3,0,0,0,-.--
137,605113,746169,9,4,1,0,0,.---,0,1-4 | RBI,0,2,1,0,0,0,0,0,0,0,1,0,4,0,0,1,0,0,0,0,-.--
119,605141,746169,1,5,5,0,1,1,0,"2-5 | HR, 2 K, RBI",1,0,1,2,0,0,1,2,0,0,2,0,5,0,0,1,3,0,0,0,5
119,660271,746169,2,4,0,0,0,.---,0,"0-3 | BB, K",1,1,1,0,0,0,0,1,1,0,0,0,3,0,0,0,3,0,0,0,-.--
119,518692,746169,3,4,4,0,1,1,0,"3-4 | 2B, RBI, SB",0,0,1,0,1,0,0,0,0,0,3,0,4,0,0,1,2,0,0,0,-.--
119,669257,746169,4,4,0,0,0,.---,0,0-4 | 2 K,0,1,1,0,0,0,0,2,0,0,0,0,4,0,0,0,3,0,0,0,-.--
119,571970,746169,5,4,2,0,0,.---,0,"1-3 | 2B, BB, 2 K",0,0,0,1,1,0,0,2,1,0,1,0,3,0,0,0,1,0,0,0,-.--
119,606192,746169,6,4,0,0,0,.---,0,"0-3 | BB, K, R",0,2,0,1,0,0,0,1,1,0,0,0,3,0,0,0,2,0,0,0,-.--
119,681546,746169,7,4,1,0,0,.---,0,1-4 | K,0,0,2,0,0,0,0,1,0,0,1,0,4,0,0,0,4,0,0,0,-.--
119,666158,746169,8,4,2,0,0,.---,0,"1-2 | 2B, 2 BB, K",0,0,0,1,1,0,0,1,2,0,1,0,2,0,0,1,0,0,0,0,-.--
119,571771,746169,9,4,1,0,0,.---,0,"1-4 | K, 2 RBI",1,1,1,0,0,0,0,1,0,0,1,0,4,1,0,2,3,0,0,0,-.--
116,678009,745844,1,3,0,0,0,.---,0,"0-2 | BB, R",1,0,2,1,0,0,0,0,1,0,0,0,2,0,0,0,2,0,0,0,-.--
116,679529,745844,2,6,1,0,0,.---,0,1-6 | K,1,2,2,0,0,0,0,1,0,0,1,0,6,0,0,0,8,0,0,0,-.--
116,681481,745844,3,2,0,0,0,.---,0,0-1 | BB,0,1,0,0,0,0,0,0,1,0,0,0,1,0,0,0,0,0,0,0,-.--
116,682985,745844,4,5,5,0,0,.---,0,"2-4 | HR, BB, RBI",1,0,2,2,0,0,1,0,1,0,2,0,4,0,0,1,1,0,0,0,4
116,663837,745844,5,5,0,0,0,.---,0,"0-5 | K, R",0,2,2,1,0,0,0,1,0,0,0,0,5,0,0,0,5,0,0,0,-.--
116,690993,745844,6,5,2,0,0,.---,0,"1-5 | 2B, RBI, R",1,1,3,1,1,0,0,0,0,0,1,0,5,0,0,1,2,0,0,0,-.--
116,608348,745844,7,5,0,0,0,.---,0,0-5 | 3 K,1,1,1,0,0,0,0,3,0,0,0,0,5,0,0,0,2,0,0,0,-.--
116,570482,745844,8,5,3,0,0,.---,0,"3-5 | K, 2 RBI, R",0,1,0,1,0,0,0,1,0,0,3,0,5,0,0,2,0,0,0,0,-.--
116,656716,745844,9,5,2,0,0,.---,0,"2-4 | BB, K",1,0,1,0,0,0,0,1,1,0,2,0,4,0,0,0,0,0,0,0,-.--
121,607043,745844,1,6,0,0,1,1,0,"0-4 | 2 BB, K, SB",1,2,1,0,0,0,0,1,2,0,0,0,4,0,0,0,4,0,0,0,-.--
121,596019,745844,2,6,0,0,0,.---,0,"0-4 | BB, HBP, K",0,1,2,1,0,0,0,1,1,0,0,1,4,0,0,0,4,0,0,0,-.--
121,624413,745844,3,6,2,0,0,.---,0,"2-5 | BB, 3 K, 2 R",0,0,0,2,0,0,0,3,1,0,2,0,5,0,0,0,3,0,0,0,-.--
121,682626,745844,4,5,3,0,0,.---,0,"2-5 | 2B, K, 2 RBI",0,1,1,0,1,0,0,1,0,0,2,0,5,1,0,2,3,0,0,0,-.--
121,683146,745844,5,5,1,0,0,.---,0,"1-3 | 2 BB, K, RBI",0,1,0,0,0,0,0,1,2,0,1,0,3,0,0,1,3,0,0,0,-.--
121,516782,745844,6,5,0,0,0,.---,0,0-5 | K,2,1,3,0,0,0,0,1,0,0,0,0,5,0,0,0,5,0,0,0,-.--
121,643446,745844,7,5,0,0,0,.---,0,0-3 | 2 BB,1,2,1,0,0,0,0,0,2,0,0,0,3,0,0,0,0,0,0,0,-.--
121,621438,745844,8,5,1,0,1,1,0,"1-5 | 3 K, SB",0,1,0,0,0,0,0,3,0,0,1,0,5,0,0,0,3,0,0,0,-.--
121,621466,745844,9,3,0,0,0,.---,0,"0-2 | HBP, K",0,0,1,0,0,0,0,1,0,0,0,1,2,0,0,0,1,0,0,0,-.--
118,672580,747059,1,5,5,0,1,1,0,"2-5 | HR, 2 K, RBI",0,1,0,1,0,0,1,2,0,0,2,0,5,0,0,1,1,0,0,0,5
118,677951,747059,2,5,3,0,1,1,0,"2-5 | 2B, K, R",1,1,1,1,1,0,0,1,0,0,2,0,5,0,0,0,1,0,0,0,-.--
118,686469,747059,3,4,0,0,0,.---,0,"0-3 | BB, R",2,1,2,1,0,0,0,0,1,0,0,0,3,0,0,0,2,0,0,0,-.--
118,521692,747059,4,4,3,0,0,.---,0,3-4 | 2 RBI,1,0,1,0,0,0,0,0,0,0,3,0,4,0,0,2,1,0,0,0,-.--
118,669004,747059,5,4,2,0,0,.---,0,"1-4 | 2B, K",1,1,1,0,1,0,0,1,0,0,1,0,4,0,0,0,3,0,0,0,-.--
118,592669,747059,6,4,1,0,0,.---,0,1-4 | K,0,1,1,0,0,0,0,1,0,0,1,0,4,0,0,0,3,0,0,0,-.--
118,624428,747059,7,4,0,0,0,.---,0,0-4 | K,0,3,0,0,0,0,0,1,0,0,0,0,4,0,0,0,2,0,0,0,-.--
118,666023,747059,8,4,0,0,0,.---,0,0-4 | K,0,2,1,0,0,0,0,1,0,0,0,0,4,0,0,0,0,0,0,0,-.--
118,664728,747059,9,4,1,0,1,1,0,1-4 | SB,0,3,0,0,0,0,0,0,0,0,1,0,4,0,0,0,0,0,0,0,-.--
110,683002,747059,1,4,0,0,0,.---,0,0-3 | RBI,0,2,2,0,0,0,0,0,0,0,0,0,3,0,0,1,0,0,1,0,-.--
110,668939,747059,2,4,3,0,0,.---,0,"2-3 | 2B, BB, RBI",1,0,1,0,1,0,0,0,1,0,2,0,3,0,0,1,0,0,0,0,-.--
110,663624,747059,3,4,0,0,0,.---,0,"0-2 | 2 BB, R",0,1,1,1,0,0,0,0,2,0,0,0,2,0,0,0,1,0,0,0,-.--
110,623993,747059,4,4,1,0,0,.---,0,1-4 | 2 K,0,1,0,0,0,0,0,2,0,0,1,0,4,0,0,0,3,0,0,0,-.--
110,676059,747059,5,4,0,0,0,.---,0,0-3 | 2 K,0,2,0,0,0,0,0,2,0,0,0,0,3,0,0,0,2,1,0,0,-.--
110,669720,747059,6,4,0,0,0,.---,0,"0-3 | BB, 2 K",0,1,0,0,0,0,0,2,1,1,0,0,3,0,0,0,2,0,0,0,-.--
110,622761,747059,7,2,0,0,0,.---,0,0-2 | 2 K,0,0,0,0,0,0,0,2,0,0,0,0,2,0,0,0,0,0,0,0,-.--
110,543510,747059,8,4,3,0,0,.---,0,"2-4 | 2B, 2 RBI, R",0,1,1,1,1,0,0,0,0,0,2,0,4,0,0,2,0,0,0,0,-.--
110,602104,747059,9,3,0,0,0,.---,0,0-3,1,2,1,0,0,0,0,0,0,0,0,0,3,0,0,0,2,0,0,0,-.--
140,543760,745114,1,5,2,0,0,.---,0,2-5 | RBI,0,2,1,0,0,0,0,0,0,0,2,0,5,1,0,1,4,0,0,0,-.--
140,608369,745114,2,5,5,0,0,.---,0,"2-5 | HR, K, RBI",2,0,2,1,0,0,1,1,0,0,2,0,5,0,0,1,3,0,0,0,5
140,694671,745114,3,4,0,0,0,.---,0,0-4 | 2 K,0,1,1,0,0,0,0,2,0,0,0,0,4,0,0,0,2,0,0,0,-.--
140,666969,745114,4,4,1,0,0,.---,0,"1-4 | 3 K, R",0,0,0,1,0,0,0,3,0,0,1,0,4,0,0,0,1,0,0,0,-.--
140,665120,745114,5,4,2,0,0,.---,0,"1-3 | 2B, BB, 2 K",0,0,0,1,1,0,0,2,1,0,1,0,3,0,0,0,0,0,0,0,-.--
140,669701,745114,6,4,1,0,0,.---,0,"1-4 | 2 RBI, R",1,1,2,1,0,0,0,0,0,0,1,0,4,0,0,2,1,0,0,0,-.--
140,677649,745114,7,4,0,0,0,.---,0,0-4 | K,1,1,2,0,0,0,0,1,0,0,0,0,4,0,0,0,2,0,0,0,-.--
140,641680,745114,8,4,1,0,0,.---,0,1-4 | K,0,1,1,0,0,0,0,1,0,0,1,0,4,0,0,0,1,0,0,0,-.--
140,665750,745114,9,4,2,0,0,.---,0,2-3 | BB,0,0,1,0,0,0,0,0,1,0,2,0,3,0,0,0,0,0,0,0,-.--
139,650490,745114,1,4,1,0,0,.---,0,1-3 | BB,1,1,1,0,0,0,0,0,1,0,1,0,3,0,0,0,2,0,0,0,-.--
139,664040,745114,2,2,0,0,0,.---,0,0-2 | K,0,1,0,0,0,0,0,1,0,0,0,0,2,1,0,0,3,0,0,0,-.--
139,668227,745114,3,4,0,0,0,.---,0,0-4,1,3,1,0,0,0,0,0,0,0,0,0,4,0,0,0,0,0,0,0,-.--
139,670623,745114,4,4,1,0,0,.---,0,"1-3 | HBP, 2 K, R",0,0,0,1,0,0,0,2,0,0,1,1,3,0,0,0,0,0,0,0,-.--
139,680700,745114,5,4,1,0,0,.---,0,1-4 | K,1,1,1,0,0,0,0,1,0,0,1,0,4,1,0,0,1,0,0,0,-.--
139,623912,745114,6,4,1,0,0,.---,0,"1-4 | K, RBI",0,2,0,0,0,0,0,1,0,0,1,0,4,0,0,1,0,0,0,0,-.--
139,676609,745114,7,4,1,0,1,1,0,"1-4 | K, SB",1,0,2,0,0,0,0,1,0,0,1,0,4,0,0,0,2,0,0,0,-.--
139,666163,745114,8,2,2,0,0,.---,0,"1-2 | 2B, K",0,0,0,0,1,0,0,1,0,0,1,0,2,0,0,0,1,0,0,0,-.--
139,642350,745114,9,3,1,0,0,.---,0,1-3 | 2 K,0,0,0,0,0,0,0,2,0,0,1,0,3,0,0,0,2,0,0,0,-.--
108,650859,746083,1,3,2,0,0,.---,0,"1-3 | 2B, K, R",0,1,0,1,1,0,0,1,0,0,1,0,3,0,0,0,0,0,0,0,-.--
108,543305,746083,2,6,1,0,0,.---,0,"1-4 | 2 BB, K, R",0,2,0,1,0,0,0,1,2,0,1,0,4,1,0,0,4,0,0,0,-.--
108,545361,746083,3,5,1,0,0,.---,0,"1-4 | BB, R",2,0,3,1,0,0,0,0,1,0,1,0,4,0,0,0,3,0,0,0,-.--
108,621493,746083,4,5,7,0,0,.---,0,"3-5 | HR, 2B, 2 RBI",1,1,1,2,1,0,1,0,0,0,3,0,5,0,0,2,2,0,0,0,5
108,592273,746083,5,5,1,0,0,.---,0,"1-4 | BB, RBI, R",0,2,1,1,0,0,0,0,1,0,1,0,4,0,0,1,3,0,0,0,-.--
108,593934,746083,6,5,4,0,0,.---,0,"2-3 | 2 2B, 2 BB, 2 R",0,1,0,2,2,0,0,0,2,0,2,0,3,1,0,0,1,0,0,0,-.--
108,681351,746083,7,5,1,0,0,.---,0,"1-4 | BB, 2 K, RBI",1,0,1,1,0,0,0,2,1,0,1,0,4,0,0,1,4,0,0,0,-.--
108,666176,746083,8,4,0,0,0,.---,0,"0-2 | BB, RBI, R",0,1,2,1,0,0,0,0,1,0,0,0,2,0,0,1,2,0,1,0,-.--
108,687263,746083,9,5,3,0,0,.---,0,"2-5 | 2B, 2 K, 2 RBI",0,1,0,0,1,0,0,2,0,0,2,0,5,0,0,2,1,0,0,0,-.--
146,650333,746083,1,4,0,0,0,.---,0,"0-3 | HBP, 2 K, R",0,0,1,1,0,0,0,2,0,0,0,1,3,0,0,0,0,0,0,0,-.--
146,605137,746083,2,4,1,0,0,.---,0,"1-4 | K, RBI",0,1,1,0,0,0,0,1,0,0,1,0,4,0,0,1,0,0,0,0,-.--
146,669394,746083,3,4,1,0,0,.---,0,"1-4 | K, RBI",0,1,1,0,0,0,0,1,0,0,1,0,4,0,0,1,0,0,0,0,-.--
146,650559,746083,4,4,1,0,0,.---,0,1-4 | 2 K,0,1,0,0,0,0,0,2,0,0,1,0,4,0,0,0,2,0,0,0,-.--
146,665862,746083,5,4,0,0,0,.---,0,"0-3 | BB, K",0,2,0,0,0,0,0,1,1,0,0,0,3,0,0,0,0,0,0,0,-.--
146,641313,746083,6,3,0,0,0,.---,0,"0-2 | BB, K",0,1,0,0,0,0,0,1,1,0,0,0,2,0,0,0,2,0,0,0,-.--
146,541645,746083,7,3,2,0,0,.---,0,"1-3 | 2B, R",0,2,0,1,1,0,0,0,0,0,1,0,3,1,0,0,1,0,0,0,-.--
146,660644,746083,8,3,0,0,0,.---,0,0-3,1,2,1,0,0,0,0,0,0,0,0,0,3,0,0,0,1,0,0,0,-.--
146,663743,746083,9,3,0,0,0,.---,0,0-3 | K,1,0,2,0,0,0,0,1,0,0,0,0,3,0,0,0,1,0,0,0,-.--
142,666397,746008,1,2,0,0,0,.---,0,0-2 | K,0,1,0,0,0,0,0,1,0,0,0,0,2,0,0,0,0,0,0,0,-.--
142,666135,746008,2,5,7,0,0,.---,0,"4-4 | 3B, 2B, BB",0,0,0,2,1,1,0,0,1,0,4,0,4,0,0,0,0,0,0,0,-.--
142,621439,746008,3,5,3,0,0,.---,0,"2-5 | 2B, K, RBI",0,0,2,1,1,0,0,1,0,0,2,0,5,0,0,1,3,0,0,0,-.--
142,596146,746008,4,5,0,0,0,.---,0,0-5 | K,3,0,4,0,0,0,0,1,0,0,0,0,5,0,0,0,6,0,0,0,-.--
142,621043,746008,5,5,1,0,0,.---,0,"1-3 | 2 BB, K, RBI",1,0,1,2,0,0,0,1,2,0,1,0,3,0,0,1,0,0,0,0,-.--
142,467793,746008,6,5,1,0,0,.---,0,"1-3 | 2 BB, RBI",1,1,1,0,0,0,0,0,2,0,1,0,3,0,0,1,3,0,0,0,-.--
142,650489,746008,7,5,1,0,0,.---,0,"1-5 | K, R",0,2,1,1,0,0,0,1,0,0,1,0,5,0,0,0,6,0,0,0,-.--
142,680777,746008,8,5,5,0,0,.---,0,"2-4 | HR, BB, 4 RBI",0,1,1,1,0,0,1,0,1,0,2,0,4,0,0,4,2,0,0,0,4
142,571657,746008,9,5,0,0,0,.---,0,0-4 | BB,0,4,0,0,0,0,0,0,1,0,0,0,4,0,0,0,3,0,0,0,-.--
158,694192,746008,1,4,4,0,0,.---,0,"1-4 | HR, 2 K, RBI",1,0,1,1,0,0,1,2,0,0,1,0,4,0,0,1,1,0,0,0,4
158,661388,746008,2,4,1,0,0,.---,0,1-4 | 2 K,0,0,1,0,0,0,0,2,0,0,1,0,4,0,0,0,0,0,0,0,-.--
158,592885,746008,3,4,1,0,0,.---,0,1-4,0,2,1,0,0,0,0,0,0,0,1,0,4,0,0,0,0,0,0,0,-.--
158,642715,746008,4,4,0,0,0,.---,0,0-3 | BB,1,1,2,0,0,0,0,0,1,0,0,0,3,0,0,0,0,0,0,0,-.--
158,656555,746008,5,4,4,0,0,.---,0,"1-3 | HR, BB, RBI",1,1,1,1,0,0,1,0,1,0,1,0,3,1,0,1,3,0,0,0,3
158,686217,746008,6,3,2,0,0,.---,0,2-3 | R,0,0,1,1,0,0,0,0,0,0,2,0,3,0,0,0,0,0,0,0,-.--
158,596142,746008,7,4,0,0,0,.---,0,0-4 | K,1,2,1,0,0,0,0,1,0,0,0,0,4,1,0,0,3,0,0,0,-.--
158,687401,746008,8,2,1,0,0,.---,0,1-1 | BB,0,0,0,0,0,0,0,0,1,0,1,0,1,0,0,0,0,0,0,0,-.--
158,668930,746008,9,3,0,0,0,.---,0,"0-2 | K, RBI",2,0,2,0,0,0,0,1,0,0,0,0,2,0,0,1,1,0,1,0,-.--
111,680776,745678,1,4,4,0,0,.---,0,4-4,0,0,0,0,0,0,0,0,0,0,4,0,4,0,0,0,0,0,0,0,-.--
111,646240,745678,2,4,2,0,0,.---,0,1-4 | 2B,0,3,0,0,1,0,0,0,0,0,1,0,4,1,0,0,4,0,0,0,-.--
111,596115,745678,3,4,0,0,0,.---,0,"0-3 | BB, K",0,0,2,0,0,0,0,1,1,1,0,0,3,0,0,0,1,0,0,0,-.--
111,671213,745678,4,4,1,0,0,.---,0,1-4 | R,1,2,1,1,0,0,0,0,0,0,1,0,4,1,0,0,3,0,0,0,-.--
111,807799,745678,5,4,1,0,0,.---,0,1-4 | K,1,1,1,0,0,0,0,1,0,0,1,0,4,0,0,0,0,0,0,0,-.--
111,678882,745678,6,4,1,0,0,.---,0,1-4,0,2,1,0,0,0,0,0,0,0,1,0,4,0,0,0,0,0,0,0,-.--
111,665839,745678,7,4,1,0,0,.---,0,"1-3 | 2 K, RBI",0,0,1,0,0,0,0,2,0,0,1,0,3,0,0,1,0,0,1,0,-.--
111,624512,745678,8,3,0,0,0,.---,0,0-3 | K,1,1,1,0,0,0,0,1,0,0,0,0,3,1,0,0,3,0,0,0,-.--
111,677800,745678,9,3,1,0,0,.---,0,1-3,1,1,1,0,0,0,0,0,0,0,1,0,3,0,0,0,0,0,0,0,-.--
133,676116,745678,1,5,1,0,0,.---,0,1-5 | K,2,1,2,0,0,0,0,1,0,0,1,0,5,0,0,0,2,0,0,0,-.--
133,680869,745678,2,4,1,0,0,.---,0,1-4 | K,0,2,0,0,0,0,0,1,0,0,1,0,4,1,0,0,3,0,0,0,-.--
133,668709,745678,3,4,1,0,0,.---,0,1-4,0,3,0,0,0,0,0,0,0,0,1,0,4,0,0,0,1,0,0,0,-.--
133,605204,745678,4,4,3,0,0,.---,0,2-4 | 2B,1,1,1,0,1,0,0,0,0,0,2,0,4,0,0,0,1,0,0,0,-.--
133,664913,745678,5,4,1,0,0,.---,0,1-4 | 2 K,0,0,1,0,0,0,0,2,0,0,1,0,4,0,0,0,3,0,0,0,-.--
133,667670,745678,6,4,0,0,0,.---,0,0-4 | K,2,1,2,0,0,0,0,1,0,0,0,0,4,0,0,0,2,0,0,0,-.--
133,668832,745678,7,3,0,0,0,.---,0,0-2 | BB,0,2,0,0,0,0,0,0,1,0,0,0,2,0,0,0,0,0,0,0,-.--
133,663527,745678,8,2,1,0,0,.---,0,1-2,0,1,0,0,0,0,0,0,0,0,1,0,2,0,0,0,1,0,0,0,-.--
133,669397,745678,9,3,1,0,0,.---,0,1-3,1,1,1,0,0,0,0,0,0,0,1,0,3,0,0,0,0,0,0,0,-.--
147,650402,747219,1,5,2,0,0,.---,0,"2-5 | K, R",1,1,1,1,0,0,0,1,0,0,2,0,5,1,0,0,2,0,0,0,-.--
147,665742,747219,2,5,0,0,0,.---,0,0-5 | R,1,3,2,1,0,0,0,0,0,0,0,0,5,0,0,0,2,0,0,0,-.--
147,592450,747219,3,5,6,0,0,.---,0,"2-4 | HR, 2B, BB",0,0,1,1,1,0,1,1,1,0,2,0,4,0,0,3,0,0,0,0,4
147,519203,747219,4,5,2,0,0,.---,0,2-5 | K,2,0,2,0,0,0,0,1,0,0,2,0,5,0,0,0,2,0,0,0,-.--
147,683011,747219,5,5,0,0,0,.---,0,"0-5 | K, R",1,2,2,1,0,0,0,1,0,0,0,0,5,1,0,0,4,0,0,0,-.--
147,657077,747219,6,4,4,0,0,.---,0,"1-4 | HR, 2 RBI, R",1,1,2,1,0,0,1,0,0,0,1,0,4,0,0,2,1,0,0,0,4
147,665828,747219,7,4,0,0,0,.---,0,0-4 | K,1,2,1,0,0,0,0,1,0,0,0,0,4,0,0,0,0,0,0,0,-.--
147,669224,747219,8,4,1,0,0,.---,0,1-4,2,0,3,0,0,0,0,0,0,0,1,0,4,0,0,0,0,0,0,0,-.--
147,663757,747219,9,2,0,0,0,.---,0,0-1 | K,0,0,0,0,0,0,0,1,0,0,0,0,1,0,0,0,0,0,0,1,-.--
109,606466,747219,1,5,6,0,0,.---,0,"2-5 | HR, 2B, K",1,1,1,1,1,0,1,1,0,0,2,0,5,0,0,1,1,0,0,0,5
109,682998,747219,2,5,3,1,0,0,0,"2-5 | 2B, RBI, CS",0,1,2,0,1,0,0,0,0,0,2,0,5,0,0,1,1,0,0,0,-.--
109,666971,747219,3,5,0,0,0,.---,0,"0-4 | BB, R",0,3,1,1,0,0,0,0,1,0,0,0,4,0,0,0,2,0,0,0,-.--
109,572233,747219,4,5,0,0,0,.---,0,"0-4 | HBP, 3 K",1,0,1,0,0,0,0,3,0,0,0,1,4,0,0,0,1,0,0,0,-.--
109,553993,747219,5,5,3,0,0,.---,0,"2-5 | 2B, 2 K",1,0,1,0,1,0,0,2,0,0,2,0,5,0,0,0,2,0,0,0,-.--
109,677942,747219,6,3,4,0,0,.---,0,"1-2 | HR, BB, RBI",0,0,1,1,0,0,1,0,1,0,1,0,2,0,0,1,1,0,0,0,2
109,678489,747219,7,5,1,0,0,.---,0,"1-5 | RBI, R",0,2,2,1,0,0,0,0,0,0,1,0,5,0,0,1,3,0,0,0,-.--
109,571466,747219,8,3,1,0,0,.---,0,1-3 | K,0,1,0,0,0,0,0,1,0,0,1,0,3,0,0,0,0,0,0,0,-.--
109,672695,747219,9,4,0,0,0,.---,0,"0-4 | 2 K, RBI",1,1,1,0,0,0,0,2,0,0,0,0,4,0,0,1,1,0,0,0,-.--
113,663697,745603,1,4,0,0,0,.---,0,"0-2 | BB, HBP, 2 K",0,0,0,1,0,0,0,2,1,0,0,1,2,0,0,0,0,0,0,0,-.--
113,666181,745603,2,4,0,0,0,.---,0,0-4 | 2 K,0,1,1,0,0,0,0,2,0,0,0,0,4,0,0,0,3,0,0,0,-.--
113,687952,745603,3,4,2,0,0,.---,0,"1-4 | 2B, K, 2 RBI",0,2,0,0,1,0,0,1,0,0,1,0,4,0,0,2,1,0,0,0,-.--
113,600869,745603,4,4,2,0,0,.---,0,"1-4 | 2B, K",1,1,1,0,1,0,0,1,0,0,1,0,4,0,0,0,2,0,0,0,-.--
113,641584,745603,5,3,3,0,0,.---,0,"2-3 | 2B, R",1,0,1,1,1,0,0,0,0,0,2,0,3,0,0,0,0,0,0,0,-.--
113,682829,745603,6,4,2,0,0,.---,0,"1-4 | 2B, 2 K, RBI",0,1,0,0,1,0,0,2,0,0,1,0,4,0,0,1,1,0,0,0,-.--
113,668715,745603,7,4,3,0,0,.---,0,"1-4 | 3B, 2 K",0,0,1,0,0,1,0,2,0,0,1,0,4,0,0,0,2,0,0,0,-.--
113,605361,745603,8,4,1,1,0,0,0,"1-4 | K, RBI, R",0,2,0,1,0,0,0,1,0,0,1,0,4,0,0,1,1,0,0,0,-.--
113,663886,745603,9,4,0,0,0,.---,0,0-4 | 3 K,0,1,0,0,0,0,0,3,0,0,0,0,4,0,0,0,2,0,0,0,-.--
143,656941,745603,1,4,4,0,0,.---,0,"1-3 | HR, BB, K",0,1,0,1,0,0,1,1,1,0,1,0,3,0,0,1,1,0,0,0,3
143,607208,745603,2,4,0,0,0,.---,0,0-4 | 2 K,1,0,2,0,0,0,0,2,0,0,0,0,4,0,0,0,2,0,0,0,-.--
143,547180,745603,3,4,1,0,0,.---,0,1-4,0,3,0,0,0,0,0,0,0,0,1,0,4,0,0,0,0,0,0,0,-.--
143,592663,745603,4,4,1,0,0,.---,0,1-4 | 2 K,1,0,1,0,0,0,0,2,0,0,1,0,4,0,0,0,1,0,0,0,-.--
143,681082,745603,5,4,0,0,0,.---,0,0-3 | BB,1,0,3,0,0,0,0,0,1,0,0,0,3,0,0,0,0,0,0,0,-.--
143,592206,745603,6,4,0,1,0,0,0,"0-2 | 2 BB, K, CS",0,0,1,0,0,0,0,1,2,0,0,0,2,0,0,0,0,0,0,0,-.--
143,669016,745603,7,4,1,0,0,.---,0,1-4 | K,0,0,2,0,0,0,0,1,0,0,1,0,4,0,0,0,4,0,0,0,-.--
143,593160,745603,8,4,1,0,0,.---,0,1-4 | K,2,0,2,0,0,0,0,1,0,0,1,0,4,0,0,0,1,0,0,0,-.--
143,679032,745603,9,2,1,0,0,.---,0,1-2 | K,0,0,0,0,0,0,0,1,0,0,1,0,2,0,0,0,1,0,0,0,-.--
114,680757,745275,1,5,3,0,0,.---,0,3-5 | 3 R,0,0,2,3,0,0,0,0,0,0,3,0,5,0,0,0,1,0,0,0,-.--
114,665926,745275,2,4,3,0,0,.---,0,"2-3 | 2B, HBP, RBI",0,0,1,2,1,0,0,0,0,0,2,1,3,0,0,1,0,0,0,0,-.--
114,608070,745275,3,5,4,0,0,.---,0,"2-4 | 2 2B, BB, 2 RBI",1,0,2,2,2,0,0,0,1,0,2,0,4,0,0,2,2,0,0,0,-.--
114,647304,745275,4,5,0,0,0,.---,0,0-3 | 3 RBI,3,1,4,0,0,0,0,0,0,0,0,0,3,0,0,3,2,0,2,0,-.--
114,686823,745275,5,5,2,0,1,1,0,"2-5 | 2 RBI, SB",1,2,1,0,0,0,0,0,0,0,2,0,5,1,0,2,2,0,0,0,-.--
114,666310,745275,6,4,0,0,0,.---,0,0-4 | 2 K,1,0,2,0,0,0,0,2,0,0,0,0,4,0,0,0,1,0,0,0,-.--
114,672356,745275,7,4,0,0,0,.---,0,0-4 | K,1,1,2,0,0,0,0,1,0,0,0,0,4,0,0,0,3,0,0,0,-.--
114,664314,745275,8,4,1,0,0,.---,0,1-4 | K,0,2,0,0,0,0,0,1,0,0,1,0,4,0,0,0,2,0,0,0,-.--
114,677587,745275,9,4,1,0,0,.---,0,1-4 | R,0,2,1,1,0,0,0,0,0,0,1,0,4,0,0,0,1,0,0,0,-.--
136,641487,745275,1,3,1,0,0,.---,0,1-2 | BB,1,0,1,0,0,0,0,0,1,0,1,0,2,0,0,0,1,0,0,0,-.--
136,677594,745275,2,4,0,0,0,.---,0,0-4 | 2 K,0,1,1,0,0,0,0,2,0,0,0,0,4,0,0,0,4,0,0,0,-.--
136,593871,745275,3,4,1,0,0,.---,0,1-4 | 2 K,1,0,1,0,0,0,0,2,0,0,1,0,4,0,0,0,3,0,0,0,-.--
136,571745,745275,4,3,0,0,0,.---,0,0-2 | BB,0,2,0,0,0,0,0,0,1,0,0,0,2,1,0,0,1,0,0,0,-.--
136,641598,745275,5,4,0,0,0,.---,0,0-4,1,1,3,0,0,0,0,0,0,0,0,0,4,0,0,0,2,0,0,0,-.--
136,664034,745275,6,4,1,0,0,.---,0,1-4 | K,0,2,0,0,0,0,0,1,0,0,1,0,4,0,0,0,0,0,0,0,-.--
136,664238,745275,7,4,0,0,0,.---,0,"0-3 | BB, 2 K",1,0,1,0,0,0,0,2,1,0,0,0,3,0,0,0,1,0,0,0,-.--
136,649966,745275,8,4,2,0,0,.---,0,"1-3 | 2B, BB",1,1,1,0,1,0,0,0,1,0,1,0,3,0,0,0,1,0,0,0,-.--
136,664874,745275,9,3,0,0,0,.---,0,0-3 | K,0,2,0,0,0,0,0,1,0,0,0,0,3,0,0,0,2,0,0,0,-.--
138,680977,745440,1,4,1,1,0,0,0,"1-2 | 2 HBP, CS",1,0,1,0,0,0,0,0,0,0,1,2,2,0,0,0,0,0,0,0,-.--
138,502671,745440,2,4,1,0,0,.---,0,1-4 | K,0,2,0,0,0,0,0,1,0,0,1,0,4,1,0,0,3,0,0,0,-.--
138,575929,745440,3,4,2,0,0,.---,0,"1-2 | 2B, BB, HBP",0,0,0,1,1,0,0,1,1,0,1,1,2,0,0,0,0,0,0,0,-.--
138,571448,745440,4,4,1,1,0,0,0,"1-4 | K, RBI, CS",0,2,0,0,0,0,0,1,0,0,1,0,4,1,0,1,4,0,0,0,-.--
138,669357,745440,5,4,0,0,0,.---,0,"0-3 | BB, K",0,0,2,0,0,0,0,1,1,0,0,0,3,0,0,0,0,0,0,0,-.--
138,671056,745440,6,4,2,0,0,.---,0,2-4 | K,0,0,1,0,0,0,0,1,0,0,2,0,4,0,0,0,1,0,0,0,-.--
138,543063,745440,7,4,0,0,0,.---,0,"0-2 | 2 BB, 2 K",0,0,0,0,0,0,0,2,2,0,0,0,2,0,0,0,1,0,0,0,-.--
138,691023,745440,8,3,0,0,0,.---,0,0-3 | 2 K,0,1,0,0,0,0,0,2,0,0,0,0,3,1,0,0,3,0,0,0,-.--
138,687363,745440,9,4,0,0,0,.---,0,"0-3 | HBP, K, R",1,0,2,1,0,0,0,1,0,0,0,1,3,0,0,0,2,0,0,0,-.--
135,593428,745440,1,4,2,0,1,1,0,"2-4 | R, SB",0,2,0,1,0,0,0,0,0,0,2,0,4,0,0,0,1,0,0,0,-.--
135,665487,745440,2,4,0,0,1,1,0,"0-2 | 2 BB, K, RBI",0,1,0,0,0,0,0,1,2,0,0,0,2,0,0,1,1,0,0,0,-.--
135,630105,745440,3,4,0,0,0,.---,0,0-4,1,2,2,0,0,0,0,0,0,0,0,0,4,0,0,0,4,0,0,0,-.--
135,592518,745440,4,4,0,0,0,.---,0,0-4,1,2,2,0,0,0,0,0,0,0,0,0,4,0,0,0,2,0,0,0,-.--
135,673490,745440,5,4,1,0,1,1,0,"1-3 | BB, 2 K, SB",0,0,0,0,0,0,0,2,1,0,1,0,3,0,0,0,0,0,0,0,-.--
135,595777,745440,6,4,2,0,0,.---,0,"1-3 | 2B, BB, K",0,1,0,0,1,0,0,1,1,0,1,0,3,0,0,1,1,0,0,0,-.--
135,666703,745440,7,3,2,0,0,.---,0,"1-3 | 2B, 2 K",0,0,0,0,1,0,0,2,0,0,1,0,3,0,0,0,4,0,0,0,-.--
135,640492,745440,8,3,1,0,0,.---,0,"1-2 | K, R",0,1,0,1,0,0,0,1,0,0,1,0,2,0,0,0,0,1,0,0,-.--
135,543309,745440,9,4,4,0,0,.---,0,"1-4 | HR, 2 K, RBI",1,0,1,1,0,0,1,2,0,0,1,0,4,0,0,1,4,0,0,0,4
134,665833,744869,1,4,0,0,0,.---,0,0-4 | 2 K,1,1,1,0,0,0,0,2,0,0,0,0,4,0,0,0,3,0,0,0,-.--
134,668804,744869,2,4,0,0,0,.---,0,0-4 | 2 K,0,1,1,0,0,0,0,2,0,0,0,0,4,0,0,0,1,0,0,0,-.--
134,663647,744869,3,4,0,0,0,.---,0,0-4 | 2 K,0,2,0,0,0,0,0,2,0,0,0,0,4,0,0,0,0,0,0,0,-.--
134,669261,744869,4,4,6,0,0,.---,0,"2-4 | HR, 2B, RBI",0,0,2,2,1,0,1,0,0,0,2,0,4,0,0,1,0,0,0,0,4
134,457705,744869,5,4,1,0,0,.---,0,"1-3 | BB, 2 K, R",0,0,0,1,0,0,0,2,1,0,1,0,3,0,0,0,0,0,0,0,-.--
134,642133,744869,6,4,0,0,0,.---,0,"0-2 | 2 BB, K",0,1,0,0,0,0,0,1,2,0,0,0,2,0,0,0,1,0,0,0,-.--
134,680779,744869,7,4,0,0,0,.---,0,0-4,2,1,3,0,0,0,0,0,0,0,0,0,4,0,0,0,5,0,0,0,-.--
134,669707,744869,8,4,0,0,0,.---,0,"0-3 | BB, K",2,0,2,0,0,0,0,1,1,0,0,0,3,0,0,0,5,0,0,0,-.--
134,572191,744869,9,4,1,0,0,.---,0,"1-4 | 3 K, 2 RBI",0,0,0,0,0,0,0,3,0,0,1,0,4,0,0,2,2,0,0,0,-.--
120,682928,744869,1,4,2,0,0,.---,0,"2-4 | K, 2 RBI",0,0,1,0,0,0,0,1,0,0,2,0,4,0,0,2,1,0,0,0,-.--
120,657041,744869,2,4,0,0,0,.---,0,0-4 | K,1,0,3,0,0,0,0,1,0,0,0,0,4,0,0,0,5,0,0,0,-.--
120,608841,744869,3,4,0,0,0,.---,0,"0-3 | BB, K",0,2,0,0,0,0,0,1,1,0,0,0,3,0,0,0,2,0,0,0,-.--
120,608336,744869,4,4,7,0,0,.---,0,"3-4 | HR, 2B, K",0,0,0,1,1,0,1,1,0,0,3,0,4,0,0,1,1,0,0,0,4
120,660688,744869,5,4,1,0,0,.---,0,1-4,1,1,2,0,0,0,0,0,0,0,1,0,4,1,0,0,3,0,0,0,-.--
120,592696,744869,6,4,0,0,0,.---,0,"0-4 | 2 K, R",0,2,0,1,0,0,0,2,0,0,0,0,4,0,0,0,3,0,0,0,-.--
120,702358,744869,7,4,0,0,0,.---,0,"0-3 | K, R",0,1,1,1,0,0,0,1,0,0,0,0,3,0,0,0,1,0,0,1,-.--
120,671277,744869,8,4,6,0,0,.---,0,"3-4 | 3 2B, K, RBI",0,0,0,2,3,0,0,1,0,0,3,0,4,0,0,1,0,0,0,0,-.--
120,645302,744869,9,1,0,0,0,.---,0,0-0 | BB,0,0,0,0,0,0,0,0,1,0,0,0,0,0,0,0,0,0,0,0,-.--
115,453568,746900,1,5,4,0,0,.---,0,"3-5 | 2B, 2 RBI, R",0,2,0,1,1,0,0,0,0,0,3,0,5,0,0,2,1,0,0,0,-.--
115,678662,746900,2,5,2,0,0,.---,0,"1-5 | 2B, 3 K, RBI",0,0,1,0,1,0,0,3,0,0,1,0,5,0,0,1,5,0,0,0,-.--
115,641857,746900,3,5,1,0,0,.---,0,"1-4 | BB, K, R",0,2,0,1,0,0,0,1,1,0,1,0,4,0,0,0,3,0,0,0,-.--
115,592178,746900,4,5,2,0,0,.---,0,"2-4 | BB, 2 K, RBI",0,0,0,1,0,0,0,2,1,0,2,0,4,0,0,1,1,0,0,0,-.--
115,666134,746900,5,5,1,0,0,.---,0,"1-5 | K, R",1,2,1,1,0,0,0,1,0,0,1,0,5,1,0,0,3,0,0,0,-.--
115,669911,746900,6,5,0,0,0,.---,0,0-5 | 2 K,1,2,1,0,0,0,0,2,0,0,0,0,5,0,0,0,5,0,0,0,-.--
115,686668,746900,7,5,2,0,0,.---,0,"1-4 | 2B, BB, 2 K",0,1,0,2,1,0,0,2,1,0,1,0,4,0,0,0,1,0,0,0,-.--
115,676701,746900,8,3,0,0,0,.---,0,0-3,2,1,2,0,0,0,0,0,0,0,0,0,3,0,0,0,1,0,0,0,-.--
115,607732,746900,9,4,2,0,0,.---,0,"1-2 | 2B, BB, HBP",0,0,0,1,1,0,0,1,1,0,1,1,2,0,0,0,2,0,0,0,-.--
112,664023,746900,1,5,1,0,0,.---,0,"1-4 | BB, 2 K",0,0,1,0,0,0,0,2,1,0,1,0,4,0,0,0,1,0,0,0,-.--
112,673548,746900,2,5,6,0,0,.---,0,"3-5 | HR, K, 4 RBI",0,1,0,1,0,0,1,1,0,0,3,0,5,0,0,4,1,0,0,0,5
112,641355,746900,3,5,0,0,0,.---,0,0-5 | K,1,2,2,0,0,0,0,1,0,0,0,0,5,1,0,0,4,0,0,0,-.--
112,666624,746900,4,4,1,0,0,.---,0,"1-3 | BB, K, R",1,0,1,1,0,0,0,1,1,0,1,0,3,0,0,0,0,0,0,0,-.--
112,621020,746900,5,5,1,0,1,1,0,"1-4 | BB, K, R",1,1,1,1,0,0,0,1,1,0,1,0,4,0,0,0,3,0,0,0,-.--
112,683737,746900,6,4,3,0,0,.---,0,"3-3 | RBI, R",0,0,1,1,0,0,0,0,0,0,3,0,3,0,0,1,0,0,1,0,-.--
112,663538,746900,7,4,0,0,0,.---,0,"0-2 | 2 BB, 2 R",1,1,1,2,0,0,0,0,2,0,0,0,2,0,0,0,4,0,0,0,-.--
112,643565,746900,8,4,0,0,0,.---,0,"0-2 | 2 BB, 2 R",0,1,1,2,0,0,0,0,2,0,0,0,2,0,0,0,2,0,0,0,-.--
112,665804,746900,9,3,1,0,0,.---,0,1-2 | 3 RBI,1,1,1,0,0,0,0,0,0,0,1,0,2,0,0,3,0,0,1,0,-.--
141,543807,746407,1,4,0,0,0,.---,0,"0-3 | BB, 2 K",0,0,1,0,0,0,0,2,1,0,0,0,3,0,0,0,1,0,0,0,-.--
141,665489,746407,2,4,0,0,0,.---,0,"0-3 | BB, K",0,1,1,0,0,0,0,1,1,0,0,0,3,0,0,0,2,0,0,0,-.--
141,666182,746407,3,4,0,0,0,.---,0,0-4 | K,1,1,2,0,0,0,0,1,0,0,0,0,4,0,0,0,2,0,0,0,-.--
141,457759,746407,4,3,0,0,0,.---,0,0-2 | BB,2,0,2,0,0,0,0,0,1,0,0,0,2,0,0,0,0,0,0,0,-.--
141,662139,746407,5,4,2,0,0,.---,0,1-4 | 2B,1,0,3,0,1,0,0,0,0,0,1,0,4,0,0,0,2,0,0,0,-.--
141,672386,746407,6,3,0,0,0,.---,0,0-3 | K,1,1,1,0,0,0,0,1,0,0,0,0,3,1,0,0,2,0,0,0,-.--
141,595281,746407,7,4,0,0,1,1,0,"0-3 | BB, SB",1,1,2,0,0,0,0,0,1,0,0,0,3,0,0,0,2,0,0,0,-.--
141,643396,746407,8,3,0,0,0,.---,0,"0-2 | BB, K",0,1,0,0,0,0,0,1,1,0,0,0,2,0,0,0,1,0,0,0,-.--
141,624415,746407,9,3,0,0,0,.---,0,0-2 | BB,1,1,1,0,0,0,0,0,1,0,0,0,2,0,0,0,2,0,0,0,-.--
117,514888,746407,1,5,4,0,0,.---,0,"1-4 | HR, BB, K",2,0,2,2,0,0,1,1,1,0,1,0,4,0,0,1,2,0,0,0,4
117,670541,746407,2,5,11,0,0,.---,0,"4-5 | 2 HR, 2B, 3 RBI",1,0,1,2,1,0,2,0,0,0,4,0,5,0,0,3,0,0,0,0,2.5
117,663656,746407,3,5,2,0,0,.---,0,2-5 | K,0,0,2,0,0,0,0,1,0,0,2,0,5,0,0,0,1,0,0,0,-.--
117,608324,746407,4,4,2,0,0,.---,0,"1-2 | 2B, 2 BB, R",0,0,1,1,1,0,0,0,2,0,1,0,2,0,0,0,2,0,0,0,-.--
117,673237,746407,5,5,2,0,0,.---,0,"2-5 | K, R",0,2,0,1,0,0,0,1,0,0,2,0,5,0,0,0,3,0,0,0,-.--
117,572138,746407,6,5,1,0,0,.---,0,1-5 | K,1,1,2,0,0,0,0,1,0,0,1,0,5,0,0,0,6,0,0,0,-.--
117,676801,746407,7,4,2,0,0,.---,0,"2-3 | BB, RBI, R",1,0,1,1,0,0,0,0,1,0,2,0,3,0,0,1,3,0,0,0,-.--
117,665161,746407,8,4,5,0,0,.---,0,"2-4 | HR, K, 3 RBI",0,1,0,1,0,0,1,1,0,0,2,0,4,1,0,3,1,0,0,0,4
117,643289,746407,9,4,0,0,0,.---,0,0-4 | K,2,1,2,0,0,0,0,1,0,0,0,0,4,0,0,0,2,0,0,0,-.--
137,808982,746163,1,4,0,0,0,.---,0,0-4,0,3,1,0,0,0,0,0,0,0,0,0,4,0,0,0,0,0,0,0,-.--
137,664774,746163,2,4,0,0,0,.---,0,"0-2 | 2 BB, K, R",0,1,0,1,0,0,0,1,2,0,0,0,2,0,0,0,0,0,0,0,-.--
137,624585,746163,3,4,6,0,0,.---,0,"2-4 | HR, 2B, K",0,1,0,2,1,0,1,1,0,0,2,0,4,0,0,1,1,0,0,0,4
137,624424,746163,4,4,1,0,0,.---,0,"1-4 | 2 K, 2 RBI",1,0,1,0,0,0,0,2,0,0,1,0,4,0,0,2,1,0,0,0,-.--
137,656305,746163,5,4,0,0,0,.---,0,0-4 | 2 K,1,1,1,0,0,0,0,2,0,0,0,0,4,0,0,0,2,0,0,0,-.--
137,642731,746163,6,4,0,0,0,.---,0,0-4 | 2 K,1,1,1,0,0,0,0,2,0,0,0,0,4,0,0,0,1,0,0,0,-.--
137,573262,746163,7,4,0,0,0,.---,0,0-4 | 2 K,1,1,1,0,0,0,0,2,0,0,0,0,4,0,0,0,0,0,0,0,-.--
137,672275,746163,8,3,5,0,0,.---,0,"2-3 | HR, K, RBI",0,0,0,1,0,0,1,1,0,0,2,0,3,0,0,1,0,0,0,0,3
137,605113,746163,9,3,0,0,0,.---,0,0-3 | K,0,2,0,0,0,0,0,1,0,0,0,0,3,0,0,0,1,0,0,0,-.--
119,605141,746163,1,4,1,0,0,.---,0,1-3 | BB,2,0,2,0,0,0,0,0,1,0,1,0,3,0,0,0,2,0,0,0,-.--
119,660271,746163,2,4,5,0,0,.---,0,"2-4 | HR, K, RBI",0,0,1,2,0,0,1,1,0,0,2,0,4,0,0,1,2,0,0,0,4
119,518692,746163,3,4,0,0,0,.---,0,"0-3 | HBP, K",2,0,2,0,0,0,0,1,0,0,0,1,3,0,0,0,2,0,0,0,-.--
119,669257,746163,4,4,2,0,0,.---,0,"1-4 | 2B, RBI, R",0,1,2,1,1,0,0,0,0,0,1,0,4,1,0,1,2,0,0,0,-.--
119,606192,746163,5,4,2,1,0,0,0,"2-4 | K, RBI, CS",1,0,1,0,0,0,0,1,0,0,2,0,4,0,0,1,0,0,0,0,-.--
119,571970,746163,6,4,1,0,0,.---,0,"1-3 | BB, 2 K, R",0,0,0,1,0,0,0,2,1,0,1,0,3,0,0,0,1,0,0,0,-.--
119,571771,746163,7,4,1,0,0,.---,0,1-4,1,1,2,0,0,0,0,0,0,0,1,0,4,1,0,0,2,0,0,0,-.--
119,621035,746163,8,3,0,0,0,.---,0,"0-2 | BB, K",0,1,0,0,0,0,0,1,1,0,0,0,2,0,0,0,0,0,0,0,-.--
119,500743,746163,9,3,4,0,0,.---,0,"1-3 | HR, 2 RBI, R",0,1,1,1,0,0,1,0,0,0,1,0,3,0,0,2,2,0,0,0,3
144,672284,746816,1,4,0,0,0,.---,0,"0-3 | BB, K",1,1,1,0,0,0,0,1,1,0,0,0,3,0,0,0,0,0,0,0,-.--
144,645277,746816,2,4,2,0,0,.---,0,1-4 | 2B,2,0,3,0,1,0,0,0,0,0,1,0,4,0,0,0,2,0,0,0,-.--
144,542303,746816,3,4,0,0,0,.---,0,0-2 | 2 BB,1,1,1,0,0,0,0,0,2,0,0,0,2,0,0,0,2,0,0,0,-.--
144,621566,746816,4,4,0,0,0,.---,0,0-4 | 3 K,1,0,1,0,0,0,0,3,0,0,0,0,4,0,0,0,3,0,0,0,-.--
144,663586,746816,5,4,0,0,0,.---,0,"0-3 | BB, K",0,1,1,0,0,0,0,1,1,0,0,0,3,0,0,0,2,0,0,0,-.--
144,669221,746816,6,4,0,0,0,.---,0,0-3 | BB,1,2,1,0,0,0,0,0,1,0,0,0,3,1,0,0,3,0,0,0,-.--
144,657088,746816,7,3,1,0,0,.---,0,1-3,2,0,2,0,0,0,0,0,0,0,1,0,3,0,0,0,1,0,0,0,-.--
144,594807,746816,8,3,0,0,0,.---,0,0-3 | 2 K,0,0,1,0,0,0,0,2,0,0,0,0,3,0,0,0,1,0,0,0,-.--
144,606115,746816,9,3,1,0,0,.---,0,1-3,0,2,0,0,0,0,0,0,0,0,1,0,3,1,0,0,1,0,0,0,-.--
145,502054,746816,1,3,0,0,0,.---,0,0-3 | 2 K,1,0,1,0,0,0,0,2,0,0,0,0,3,0,0,0,1,0,0,0,-.--
145,683734,746816,2,3,2,0,0,.---,0,"1-3 | 2B, K",0,1,0,0,1,0,0,1,0,0,1,0,3,0,0,0,1,0,0,0,-.--
145,673357,746816,3,3,5,0,0,.---,0,"2-3 | HR, RBI, R",0,1,0,1,0,0,1,0,0,0,2,0,3,0,0,1,1,0,0,0,3
145,650391,746816,4,3,0,0,0,.---,0,0-3 | K,0,2,0,0,0,0,0,1,0,0,0,0,3,1,0,0,1,0,0,0,-.--
145,657557,746816,5,3,0,0,0,.---,0,0-3 | 2 K,1,0,1,0,0,0,0,2,0,0,0,0,3,0,0,0,0,0,0,0,-.--
145,667452,746816,6,3,0,1,0,0,1,"0-2 | BB, K, CS",0,1,0,0,0,0,0,1,1,0,0,0,2,0,0,0,0,0,0,0,-.--
145,672820,746816,7,3,0,0,0,.---,0,0-3 | 2 K,1,0,1,0,0,0,0,2,0,0,0,0,3,0,0,0,0,0,0,0,-.--
145,664901,746816,8,2,1,0,1,1,0,"1-2 | K, SB",0,0,0,0,0,0,0,1,0,0,1,0,2,0,0,0,0,0,0,0,-.--
145,455117,746816,9,3,0,0,0,.---,0,0-3 | 2 K,1,0,1,0,0,0,0,2,0,0,0,0,3,0,0,0,1,0,0,0,-.--
116,678009,745843,1,4,0,0,0,.---,0,"0-3 | BB, 2 K",0,0,1,0,0,0,0,2,1,0,0,0,3,0,0,0,0,0,0,0,-.--
116,679529,745843,2,4,1,0,0,.---,0,1-4 | K,0,1,1,0,0,0,0,1,0,0,1,0,4,0,0,0,2,0,0,0,-.--
116,681481,745843,3,4,0,0,0,.---,0,0-4,3,1,3,0,0,0,0,0,0,0,0,0,4,0,0,0,1,0,0,0,-.--
116,682985,745843,4,4,0,0,0,.---,0,0-2 | 2 BB,0,1,1,0,0,0,0,0,2,0,0,0,2,0,0,0,0,0,0,0,-.--
116,592192,745843,5,4,0,0,0,.---,0,0-4 | K,1,1,2,0,0,0,0,1,0,0,0,0,4,0,0,0,3,0,0,0,-.--
116,690993,745843,6,4,2,0,1,1,0,"2-3 | BB, K, R",0,0,0,1,0,0,0,1,1,0,2,0,3,0,0,0,0,0,0,0,-.--
116,628451,745843,7,2,0,0,0,.---,0,0-2 | K,0,1,0,0,0,0,0,1,0,0,0,0,2,0,0,0,2,0,0,0,-.--
116,595879,745843,8,3,1,0,1,1,0,"1-3 | RBI, SB",0,2,0,0,0,0,0,0,0,0,1,0,3,2,0,1,2,0,0,0,-.--
116,668670,745843,9,3,0,0,0,.---,0,0-3 | 3 K,0,0,0,0,0,0,0,3,0,0,0,0,3,0,0,0,1,0,0,0,-.--
121,607043,745843,1,4,0,0,0,.---,0,0-1 | 3 BB,1,0,1,0,0,0,0,0,3,0,0,0,1,0,0,0,1,0,0,0,-.--
121,596019,745843,2,4,0,0,0,.---,0,0-4 | 2 K,1,0,2,0,0,0,0,2,0,0,0,0,4,0,0,0,4,0,0,0,-.--
121,624413,745843,3,4,4,0,0,.---,0,"1-4 | HR, 2 K, RBI",0,0,1,1,0,0,1,2,0,0,1,0,4,0,0,1,3,0,0,0,4
121,683146,745843,4,4,0,0,0,.---,0,"0-3 | BB, K, R",1,0,2,1,0,0,0,1,1,0,0,0,3,0,0,0,2,0,0,0,-.--
121,516782,745843,5,4,0,0,0,.---,0,0-3,0,3,1,0,0,0,0,0,0,0,0,0,3,0,0,0,0,1,0,0,-.--
121,621438,745843,6,4,1,0,0,.---,0,"1-3 | BB, RBI",1,1,1,0,0,0,0,0,1,0,1,0,3,0,0,1,0,0,0,0,-.--
121,553882,745843,7,2,0,0,0,.---,0,0-2,1,0,2,0,0,0,0,0,0,0,0,0,2,0,0,0,1,0,0,0,-.--
121,664056,745843,8,3,1,0,0,.---,0,1-3,0,1,1,0,0,0,0,0,0,0,1,0,3,0,0,0,1,0,0,0,-.--
121,621563,745843,9,2,0,0,0,.---,0,0-2,1,1,1,0,0,0,0,0,0,0,0,0,2,0,0,0,0,0,0,0,-.--
116,678009,745844,1,3,0,0,0,.---,0,"0-2 | BB, R",1,0,2,1,0,0,0,0,1,0,0,0,2,0,0,0,2,0,0,0,-.--
116,679529,745844,2,6,1,0,0,.---,0,1-6 | K,1,2,2,0,0,0,0,1,0,0,1,0,6,0,0,0,8,0,0,0,-.--
116,681481,745844,3,2,0,0,0,.---,0,0-1 | BB,0,1,0,0,0,0,0,0,1,0,0,0,1,0,0,0,0,0,0,0,-.--
116,682985,745844,4,5,5,0,0,.---,0,"2-4 | HR, BB, RBI",1,0,2,2,0,0,1,0,1,0,2,0,4,0,0,1,1,0,0,0,4
116,663837,745844,5,5,0,0,0,.---,0,"0-5 | K, R",0,2,2,1,0,0,0,1,0,0,0,0,5,0,0,0,5,0,0,0,-.--
116,690993,745844,6,5,2,0,0,.---,0,"1-5 | 2B, RBI, R",1,1,3,1,1,0,0,0,0,0,1,0,5,0,0,1,2,0,0,0,-.--
116,608348,745844,7,5,0,0,0,.---,0,0-5 | 3 K,1,1,1,0,0,0,0,3,0,0,0,0,5,0,0,0,2,0,0,0,-.--
116,570482,745844,8,5,3,0,0,.---,0,"3-5 | K, 2 RBI, R",0,1,0,1,0,0,0,1,0,0,3,0,5,0,0,2,0,0,0,0,-.--
116,656716,745844,9,5,2,0,0,.---,0,"2-4 | BB, K",1,0,1,0,0,0,0,1,1,0,2,0,4,0,0,0,0,0,0,0,-.--
121,607043,745844,1,6,0,0,1,1,0,"0-4 | 2 BB, K, SB",1,2,1,0,0,0,0,1,2,0,0,0,4,0,0,0,4,0,0,0,-.--
121,596019,745844,2,6,0,0,0,.---,0,"0-4 | BB, HBP, K",0,1,2,1,0,0,0,1,1,0,0,1,4,0,0,0,4,0,0,0,-.--
121,624413,745844,3,6,2,0,0,.---,0,"2-5 | BB, 3 K, 2 R",0,0,0,2,0,0,0,3,1,0,2,0,5,0,0,0,3,0,0,0,-.--
121,682626,745844,4,5,3,0,0,.---,0,"2-5 | 2B, K, 2 RBI",0,1,1,0,1,0,0,1,0,0,2,0,5,1,0,2,3,0,0,0,-.--
121,683146,745844,5,5,1,0,0,.---,0,"1-3 | 2 BB, K, RBI",0,1,0,0,0,0,0,1,2,0,1,0,3,0,0,1,3,0,0,0,-.--
121,516782,745844,6,5,0,0,0,.---,0,0-5 | K,2,1,3,0,0,0,0,1,0,0,0,0,5,0,0,0,5,0,0,0,-.--
121,643446,745844,7,5,0,0,0,.---,0,0-3 | 2 BB,1,2,1,0,0,0,0,0,2,0,0,0,3,0,0,0,0,0,0,0,-.--
121,621438,745844,8,5,1,0,1,1,0,"1-5 | 3 K, SB",0,1,0,0,0,0,0,3,0,0,1,0,5,0,0,0,3,0,0,0,-.--
121,621466,745844,9,3,0,0,0,.---,0,"0-2 | HBP, K",0,0,1,0,0,0,0,1,0,0,0,1,2,0,0,0,1,0,0,0,-.--
116,678009,745843,1,4,0,0,0,.---,0,"0-3 | BB, 2 K",0,0,1,0,0,0,0,2,1,0,0,0,3,0,0,0,0,0,0,0,-.--
116,679529,745843,2,4,1,0,0,.---,0,1-4 | K,0,1,1,0,0,0,0,1,0,0,1,0,4,0,0,0,2,0,0,0,-.--
116,681481,745843,3,4,0,0,0,.---,0,0-4,3,1,3,0,0,0,0,0,0,0,0,0,4,0,0,0,1,0,0,0,-.--
116,682985,745843,4,4,0,0,0,.---,0,0-2 | 2 BB,0,1,1,0,0,0,0,0,2,0,0,0,2,0,0,0,0,0,0,0,-.--
116,592192,745843,5,4,0,0,0,.---,0,0-4 | K,1,1,2,0,0,0,0,1,0,0,0,0,4,0,0,0,3,0,0,0,-.--
116,690993,745843,6,4,2,0,1,1,0,"2-3 | BB, K, R",0,0,0,1,0,0,0,1,1,0,2,0,3,0,0,0,0,0,0,0,-.--
116,628451,745843,7,2,0,0,0,.---,0,0-2 | K,0,1,0,0,0,0,0,1,0,0,0,0,2,0,0,0,2,0,0,0,-.--
116,595879,745843,8,3,1,0,1,1,0,"1-3 | RBI, SB",0,2,0,0,0,0,0,0,0,0,1,0,3,2,0,1,2,0,0,0,-.--
116,668670,745843,9,3,0,0,0,.---,0,0-3 | 3 K,0,0,0,0,0,0,0,3,0,0,0,0,3,0,0,0,1,0,0,0,-.--
121,607043,745843,1,4,0,0,0,.---,0,0-1 | 3 BB,1,0,1,0,0,0,0,0,3,0,0,0,1,0,0,0,1,0,0,0,-.--
121,596019,745843,2,4,0,0,0,.---,0,0-4 | 2 K,1,0,2,0,0,0,0,2,0,0,0,0,4,0,0,0,4,0,0,0,-.--
121,624413,745843,3,4,4,0,0,.---,0,"1-4 | HR, 2 K, RBI",0,0,1,1,0,0,1,2,0,0,1,0,4,0,0,1,3,0,0,0,4
121,683146,745843,4,4,0,0,0,.---,0,"0-3 | BB, K, R",1,0,2,1,0,0,0,1,1,0,0,0,3,0,0,0,2,0,0,0,-.--
121,516782,745843,5,4,0,0,0,.---,0,0-3,0,3,1,0,0,0,0,0,0,0,0,0,3,0,0,0,0,1,0,0,-.--
121,621438,745843,6,4,1,0,0,.---,0,"1-3 | BB, RBI",1,1,1,0,0,0,0,0,1,0,1,0,3,0,0,1,0,0,0,0,-.--
121,553882,745843,7,2,0,0,0,.---,0,0-2,1,0,2,0,0,0,0,0,0,0,0,0,2,0,0,0,1,0,0,0,-.--
121,664056,745843,8,3,1,0,0,.---,0,1-3,0,1,1,0,0,0,0,0,0,0,1,0,3,0,0,0,1,0,0,0,-.--
121,621563,745843,9,2,0,0,0,.---,0,0-2,1,1,1,0,0,0,0,0,0,0,0,0,2,0,0,0,0,0,0,0,-.--
134,665833,744870,1,5,2,0,0,.---,0,"2-5 | K, R",1,0,2,1,0,0,0,1,0,0,2,0,5,0,0,0,3,0,0,0,-.--
134,668804,744870,2,5,3,0,0,.---,0,"2-3 | 2B, 2 BB, RBI",1,0,1,1,1,0,0,0,2,1,2,0,3,0,0,1,2,0,0,0,-.--
134,663647,744870,3,5,0,0,0,.---,0,"0-4 | BB, R",0,3,1,1,0,0,0,0,1,0,0,0,4,1,0,0,5,0,0,0,-.--
134,669261,744870,4,5,0,0,0,.---,0,"0-3 | BB, RBI, R",2,2,2,1,0,0,0,0,1,0,0,0,3,0,0,1,0,0,1,0,-.--
134,656582,744870,5,5,4,0,0,.---,0,"1-3 | HR, 2 BB, K",0,1,0,2,0,0,1,1,2,0,1,0,3,0,0,2,0,0,0,0,3
134,642133,744870,6,5,2,0,0,.---,0,"2-4 | BB, 2 RBI",2,0,2,0,0,0,0,0,1,0,2,0,4,0,0,2,0,0,0,0,-.--
134,680779,744870,7,5,0,0,0,.---,0,"0-4 | 3 K, RBI",0,1,1,0,0,0,0,3,0,0,0,0,4,0,0,1,3,0,1,0,-.--
134,669707,744870,8,5,1,0,0,.---,0,1-5 | 2 K,0,1,1,0,0,0,0,2,0,0,1,0,5,0,0,0,4,0,0,0,-.--
134,572191,744870,9,4,4,0,0,.---,0,"3-4 | 2B, R",0,0,1,1,1,0,0,0,0,0,3,0,4,0,0,0,0,0,0,0,-.--
120,682928,744870,1,5,5,0,0,.---,0,"2-5 | HR, 2 K, RBI",1,0,1,1,0,0,1,2,0,0,2,0,5,0,0,1,0,0,0,0,5
120,657041,744870,2,5,0,0,0,.---,0,"0-4 | BB, K",1,0,3,0,0,0,0,1,1,0,0,0,4,0,0,0,2,0,0,0,-.--
120,608841,744870,3,5,1,0,0,.---,0,1-5 | K,2,1,2,0,0,0,0,1,0,0,1,0,5,0,0,0,1,0,0,0,-.--
120,608336,744870,4,4,2,0,0,.---,0,"1-3 | 2B, BB, K",0,1,0,2,1,0,0,1,1,0,1,0,3,0,0,0,1,0,0,0,-.--
120,656180,744870,5,4,1,0,0,.---,0,1-4 | K,0,2,0,0,0,0,0,1,0,0,1,0,4,0,0,0,2,0,0,0,-.--
120,608385,744870,6,4,1,0,0,.---,0,"1-3 | BB, K, RBI",0,1,0,1,0,0,0,1,1,0,1,0,3,1,0,1,3,0,0,0,-.--
120,702358,744870,7,4,1,0,0,.---,0,"1-4 | K, RBI",0,2,0,0,0,0,0,1,0,0,1,0,4,0,0,1,2,0,0,0,-.--
120,545121,744870,8,3,0,0,0,.---,0,"0-2 | BB, K",1,0,1,0,0,0,0,1,1,0,0,0,2,0,0,0,1,0,0,0,-.--
120,696285,744870,9,4,0,0,0,.---,0,0-4 | K,1,0,3,0,0,0,0,1,0,0,0,0,4,0,0,0,3,0,0,0,-.--
114,680757,745928,1,5,4,0,0,.---,0,"3-5 | 2B, R",1,1,1,1,1,0,0,0,0,0,3,0,5,0,0,0,0,0,0,0,-.--
114,665926,745928,2,5,1,0,0,.---,0,1-4 | HBP,0,2,1,0,0,0,0,0,0,0,1,1,4,0,0,0,2,0,0,0,-.--
114,608070,745928,3,5,1,0,0,.---,0,"1-5 | RBI, R",3,0,4,1,0,0,0,0,0,0,1,0,5,0,0,1,4,0,0,0,-.--
114,647304,745928,4,4,0,0,0,.---,0,"0-4 | K, R",0,2,1,1,0,0,0,1,0,0,0,0,4,0,0,0,2,0,0,0,-.--
114,671289,745928,5,4,1,0,0,.---,0,"1-4 | K, RBI",1,1,1,0,0,0,0,1,0,0,1,0,4,0,0,1,0,0,0,0,-.--
114,686823,745928,6,3,1,0,0,.---,0,"1-2 | RBI, R",1,1,1,1,0,0,0,0,0,0,1,0,2,0,0,1,0,0,1,0,-.--
114,657656,745928,7,4,0,0,0,.---,0,"0-3 | HBP, 2 K",1,0,1,0,0,0,0,2,0,0,0,1,3,0,0,0,2,0,0,0,-.--
114,666310,745928,8,4,0,0,0,.---,0,"0-3 | BB, 2 K",0,1,0,0,0,0,0,2,1,0,0,0,3,0,0,0,0,0,0,0,-.--
114,677587,745928,9,4,0,0,0,.---,0,"0-3 | BB, K",0,2,0,0,0,0,0,1,1,0,0,0,3,0,0,0,2,0,0,0,-.--
142,666397,745928,1,5,4,0,0,.---,0,"1-5 | HR, 3 K, RBI",0,1,0,1,0,0,1,3,0,0,1,0,5,0,0,1,5,0,0,0,5
142,666135,745928,2,5,3,0,0,.---,0,"1-4 | 3B, HBP",0,1,2,0,0,1,0,0,0,0,1,1,4,0,0,0,0,0,0,0,-.--
142,621439,745928,3,4,0,0,0,.---,0,0-4 | 3 K,1,0,1,0,0,0,0,3,0,0,0,0,4,0,0,0,4,0,0,0,-.--
142,596146,745928,4,4,0,0,0,.---,0,0-4 | 2 K,0,1,1,0,0,0,0,2,0,0,0,0,4,0,0,0,3,0,0,0,-.--
142,621043,745928,5,4,4,0,0,.---,0,"3-4 | 2B, K",0,0,0,0,1,0,0,1,0,0,3,0,4,0,0,0,0,0,0,0,-.--
142,467793,745928,6,4,0,0,0,.---,0,0-4 | 2 K,2,0,2,0,0,0,0,2,0,0,0,0,4,0,0,0,3,0,0,0,-.--
142,670242,745928,7,2,0,0,0,.---,0,"0-1 | HBP, K",0,0,0,0,0,0,0,1,0,0,0,1,1,0,0,0,1,0,0,0,-.--
142,650489,745928,8,4,1,0,0,.---,0,"1-3 | BB, 2 K, R",0,0,0,1,0,0,0,2,1,0,1,0,3,0,0,0,3,0,0,0,-.--
142,543877,745928,9,4,1,0,0,.---,0,1-4,1,1,2,0,0,0,0,0,0,0,1,0,4,0,0,0,4,0,0,0,-.--
146,650333,745200,1,5,1,0,0,.---,0,"1-5 | K, R",0,2,1,1,0,0,0,1,0,0,1,0,5,0,0,0,0,0,0,0,-.--
146,605137,745200,2,5,4,0,0,.---,0,"1-5 | HR, 2 RBI, R",0,2,2,1,0,0,1,0,0,0,1,0,5,0,0,2,0,0,0,0,5
146,669394,745200,3,4,8,0,0,.---,0,"2-2 | 2 HR, 2 BB, 2 RBI",0,0,0,2,0,0,2,0,2,0,2,0,2,0,0,2,0,0,0,0,1
146,665862,745200,4,4,2,0,1,1,0,"2-4 | K, SB",0,1,0,0,0,0,0,1,0,0,2,0,4,0,0,0,2,0,0,0,-.--
146,650559,745200,5,4,0,0,0,.---,0,0-4 | K,1,2,1,0,0,0,0,1,0,0,0,0,4,0,0,0,3,0,0,0,-.--
146,660821,745200,6,4,1,0,1,1,0,"1-4 | K, SB",1,1,1,0,0,0,0,1,0,0,1,0,4,0,0,0,1,0,0,0,-.--
146,641313,745200,7,4,2,0,1,1,0,"2-4 | K, R, SB",0,1,0,1,0,0,0,1,0,0,2,0,4,0,0,0,2,0,0,0,-.--
146,624503,745200,8,3,0,0,0,.---,0,0-3 | 2 K,1,0,1,0,0,0,0,2,0,0,0,0,3,0,0,0,4,0,0,0,-.--
146,542194,745200,9,3,0,0,0,.---,0,0-3,2,1,2,0,0,0,0,0,0,0,0,0,3,0,0,0,1,0,0,0,-.--
138,687363,745200,1,5,0,0,0,.---,0,"0-5 | K, R",2,2,2,1,0,0,0,1,0,0,0,0,5,0,0,0,1,0,0,0,-.--
138,502671,745200,2,5,1,0,0,.---,0,"1-4 | HBP, RBI, R",1,2,1,1,0,0,0,0,0,0,1,1,4,0,0,1,1,0,0,0,-.--
138,571448,745200,3,5,4,0,0,.---,0,"3-5 | 2B, RBI, R",0,2,0,1,1,0,0,0,0,0,3,0,5,1,0,1,2,0,0,0,-.--
138,671056,745200,4,5,5,0,0,.---,0,"2-5 | HR, 2 K, 2 RBI",1,0,1,2,0,0,1,2,0,0,2,0,5,0,0,2,2,0,0,0,5
138,669357,745200,5,4,2,0,0,.---,0,"1-3 | 2B, BB, 2 K",0,0,0,1,1,0,0,2,1,0,1,0,3,0,0,2,1,0,0,0,-.--
138,691023,745200,6,4,0,0,0,.---,0,0-3 | BB,1,0,3,0,0,0,0,0,1,0,0,0,3,0,0,0,2,0,0,0,-.--
138,676475,745200,7,4,1,0,0,.---,0,"1-3 | BB, RBI, R",1,1,1,1,0,0,0,0,1,0,1,0,3,0,0,1,1,0,0,0,-.--
138,691026,745200,8,4,4,0,0,.---,0,"2-4 | 3B, K, RBI",0,0,1,0,0,1,0,1,0,0,2,0,4,0,0,1,3,0,0,0,-.--
138,672279,745200,9,4,0,0,0,.---,0,"0-3 | HBP, 3 K, R",0,0,0,1,0,0,0,3,0,0,0,1,3,0,0,0,2,0,0,0,-.--
145,643217,746327,1,4,0,0,0,.---,0,0-4,1,2,2,0,0,0,0,0,0,0,0,0,4,0,0,0,3,0,0,0,-.--
145,660162,746327,2,4,1,0,0,.---,0,"1-3 | BB, R",0,1,1,1,0,0,0,0,1,0,1,0,3,1,0,0,3,0,0,0,-.--
145,673357,746327,3,4,0,0,0,.---,0,0-4 | K,1,2,1,0,0,0,0,1,0,0,0,0,4,1,0,0,2,0,0,0,-.--
145,657757,746327,4,4,3,0,0,.---,0,"2-2 | 2B, 2 BB",0,0,0,0,1,0,0,0,2,0,2,0,2,0,0,0,0,0,0,0,-.--
145,683734,746327,5,4,2,0,0,.---,0,2-4 | RBI,1,1,1,0,0,0,0,0,0,0,2,0,4,1,0,1,2,0,0,0,-.--
145,669699,746327,6,4,0,0,0,.---,0,"0-3 | BB, K",1,1,1,0,0,0,0,1,1,0,0,0,3,0,0,0,4,0,0,0,-.--
145,666150,746327,7,4,0,0,0,.---,0,0-4 | K,2,1,2,0,0,0,0,1,0,0,0,0,4,0,0,0,3,0,0,0,-.--
145,670032,746327,8,4,1,0,0,.---,0,1-4 | K,2,0,2,0,0,0,0,1,0,0,1,0,4,0,0,0,1,0,0,0,-.--
145,686676,746327,9,4,3,0,0,.---,0,2-4 | 2B,0,2,0,0,1,0,0,0,0,0,2,0,4,0,0,0,1,0,0,0,-.--
118,672580,746327,1,5,1,0,0,.---,0,"1-5 | 2 K, RBI, R",0,2,0,1,0,0,0,2,0,0,1,0,5,0,0,1,1,0,0,0,-.--
118,677951,746327,2,4,3,1,0,0,0,"2-3 | 2B, BB, R",0,1,0,1,1,0,0,0,1,0,2,0,3,0,0,0,0,0,0,0,-.--
118,686469,746327,3,4,0,0,0,.---,0,0-4,2,2,2,0,0,0,0,0,0,0,0,0,4,0,0,0,4,0,0,0,-.--
118,521692,746327,4,4,0,0,0,.---,0,"0-4 | K, R",0,3,0,1,0,0,0,1,0,0,0,0,4,0,0,0,0,0,0,0,-.--
118,669004,746327,5,4,6,0,0,.---,0,"2-4 | HR, 2B, 2 RBI",2,0,2,2,1,0,1,0,0,0,2,0,4,0,0,2,0,0,0,0,4
118,676369,746327,6,4,5,0,0,.---,0,"2-3 | HR, BB, K",0,0,0,2,0,0,1,1,1,0,2,0,3,0,0,2,0,0,0,0,3
118,592669,746327,7,4,1,0,0,.---,0,"1-3 | BB, R",0,1,1,1,0,0,0,0,1,0,1,0,3,0,0,0,0,0,0,0,-.--
118,679845,746327,8,2,0,0,0,.---,0,0-2,0,2,0,0,0,0,0,0,0,0,0,0,2,1,0,0,2,0,0,0,-.--
118,664728,746327,9,4,1,0,0,.---,0,"1-4 | 2 RBI, R",1,2,1,1,0,0,0,0,0,0,1,0,4,0,0,2,1,0,0,0,-.--
141,543807,745764,1,5,2,0,0,.---,0,"1-3 | 2B, 2 BB",1,0,2,0,1,0,0,0,2,0,1,0,3,0,0,0,1,0,0,0,-.--
141,665489,745764,2,5,0,0,0,.---,0,0-5 | 3 K,0,2,0,0,0,0,0,3,0,0,0,0,5,0,0,0,4,0,0,0,-.--
141,666182,745764,3,5,0,0,0,.---,0,0-5 | K,1,2,2,0,0,0,0,1,0,0,0,0,5,0,0,0,3,0,0,0,-.--
141,457759,745764,4,4,0,0,0,.---,0,"0-3 | BB, K",0,1,1,0,0,0,0,1,1,0,0,0,3,0,0,0,1,0,0,0,-.--
141,676914,745764,5,4,0,0,0,.---,0,0-4 | K,2,0,3,0,0,0,0,1,0,0,0,0,4,0,0,0,2,0,0,0,-.--
141,624415,745764,6,2,2,0,0,.---,0,1-2 | 2B,0,1,0,0,1,0,0,0,0,0,1,0,2,0,0,0,0,0,0,0,-.--
141,672386,745764,7,4,3,0,0,.---,0,3-4,0,0,1,0,0,0,0,0,0,0,3,0,4,0,0,0,2,0,0,0,-.--
141,662139,745764,8,4,1,0,0,.---,0,"1-4 | K, R",0,1,1,1,0,0,0,1,0,0,1,0,4,0,0,0,2,0,0,0,-.--
141,643396,745764,9,4,0,0,0,.---,0,"0-3 | BB, K",0,2,0,0,0,0,0,1,1,0,0,0,3,0,0,0,1,0,0,0,-.--
147,650402,745764,1,4,1,0,0,.---,0,1-4 | 2 K,0,1,0,0,0,0,0,2,0,0,1,0,4,0,0,0,0,0,0,0,-.--
147,665742,745764,2,4,0,0,0,.---,0,0-4 | 2 K,0,1,1,0,0,0,0,2,0,0,0,0,4,0,0,0,1,0,0,0,-.--
147,592450,745764,3,4,0,0,0,.---,0,"0-2 | 2 BB, K",0,1,0,0,0,0,0,1,2,0,0,0,2,0,0,0,0,0,0,0,-.--
147,519317,745764,4,4,0,0,0,.---,0,0-4 | 2 K,2,0,2,0,0,0,0,2,0,0,0,0,4,0,0,0,3,0,0,0,-.--
147,519203,745764,5,4,1,0,0,.---,0,1-4 | K,0,2,0,0,0,0,0,1,0,0,1,0,4,0,0,0,0,0,0,0,-.--
147,683011,745764,6,4,2,1,0,0,0,2-4 | CS,2,0,2,0,0,0,0,0,0,0,2,0,4,0,0,0,0,0,0,0,-.--
147,657077,745764,7,4,1,0,0,.---,0,1-3 | BB,1,1,1,0,0,0,0,0,1,0,1,0,3,0,0,0,2,0,0,0,-.--
147,542932,745764,8,3,1,0,0,.---,0,1-3 | K,0,0,1,0,0,0,0,1,0,0,1,0,3,0,0,0,2,0,0,0,-.--
147,624431,745764,9,3,0,0,0,.---,0,0-3 | 2 K,0,1,0,0,0,0,0,2,0,0,0,0,3,1,0,0,1,0,0,0,-.--
133,680869,746497,1,5,2,0,0,.---,0,"1-4 | 2B, BB, 2 K",0,1,0,1,1,0,0,2,1,0,1,0,4,0,0,0,2,0,0,0,-.--
133,605204,746497,2,4,0,0,0,.---,0,0-4 | 2 K,0,2,0,0,0,0,0,2,0,0,0,0,4,0,0,0,3,0,0,0,-.--
133,667670,746497,3,4,5,0,0,.---,0,"2-4 | HR, 2 K, 2 RBI",0,0,0,1,0,0,1,2,0,0,2,0,4,0,0,2,0,0,0,0,4
133,669127,746497,4,4,0,0,0,.---,0,0-4 | 4 K,0,0,0,0,0,0,0,4,0,0,0,0,4,0,0,0,1,0,0,0,-.--
133,663527,746497,5,3,0,0,0,.---,0,0-2 | BB,2,0,2,0,0,0,0,0,1,0,0,0,2,0,0,0,0,0,0,0,-.--
133,647351,746497,6,4,4,0,0,.---,0,"1-3 | HR, BB, K",1,0,1,1,0,0,1,1,1,0,1,0,3,0,0,1,1,0,0,0,3
133,668709,746497,7,4,0,0,0,.---,0,"0-3 | BB, 2 K, R",0,1,0,1,0,0,0,2,1,0,0,0,3,0,0,0,2,0,0,0,-.--
133,687231,746497,8,2,0,0,0,.---,0,0-2 | K,0,1,0,0,0,0,0,1,0,0,0,0,2,0,0,0,1,0,0,0,-.--
133,669397,746497,9,4,0,0,0,.---,0,0-4 | RBI,0,2,2,0,0,0,0,0,0,0,0,0,4,0,0,1,3,0,0,0,-.--
116,663837,746497,1,4,4,0,0,.---,0,"1-3 | HR, BB, RBI",1,0,2,1,0,0,1,0,1,0,1,0,3,0,0,1,0,0,0,0,3
116,628451,746497,2,3,1,0,0,.---,0,1-3 | R,1,0,2,1,0,0,0,0,0,0,1,0,3,0,0,0,0,0,0,0,-.--
116,679529,746497,3,4,4,0,0,.---,0,"2-4 | 2 2B, RBI, 2 R",0,0,2,2,2,0,0,0,0,0,2,0,4,0,0,1,0,0,0,0,-.--
116,682985,746497,4,4,1,0,0,.---,0,"1-4 | K, RBI",1,0,2,0,0,0,0,1,0,0,1,0,4,0,0,1,1,0,0,0,-.--
116,592192,746497,5,4,4,0,0,.---,0,"1-3 | HR, HBP, K",0,0,1,1,0,0,1,1,0,0,1,1,3,0,0,1,2,0,0,0,3
116,570482,746497,6,4,4,0,0,.---,0,"2-4 | 2 2B, RBI",1,1,1,0,2,0,0,0,0,0,2,0,4,1,0,1,2,0,0,0,-.--
116,668670,746497,7,3,0,0,0,.---,0,"0-2 | BB, K",0,0,1,0,0,0,0,1,1,0,0,0,2,0,0,0,1,0,0,0,-.--
116,595879,746497,8,4,0,0,0,.---,0,0-4,2,2,2,0,0,0,0,0,0,0,0,0,4,0,0,0,4,0,0,0,-.--
116,678009,746497,9,3,0,0,0,.---,0,"0-2 | BB, K",0,1,0,0,0,0,0,1,1,0,0,0,2,0,0,0,0,0,0,0,-.--
119,605141,746897,1,5,1,0,0,.---,0,"1-5 | 2 K, R",0,0,2,1,0,0,0,2,0,0,1,0,5,0,0,0,1,0,0,0,-.--
119,660271,746897,2,5,6,0,0,.---,0,"2-5 | HR, 2B, 2 RBI",1,1,2,2,1,0,1,0,0,0,2,0,5,0,0,2,1,0,0,0,5
119,518692,746897,3,5,1,0,0,.---,0,"1-2 | 3 BB, 3 R",0,0,1,3,0,0,0,0,3,0,1,0,2,0,0,0,0,0,0,0,-.--
119,669257,746897,4,5,5,0,0,.---,0,"4-5 | 2B, RBI, R",0,1,0,1,1,0,0,0,0,0,4,0,5,0,0,1,0,0,0,0,-.--
119,571970,746897,5,5,0,0,0,.---,0,0-5 | 3 K,1,1,1,0,0,0,0,3,0,0,0,0,5,0,0,0,8,0,0,0,-.--
119,606192,746897,6,5,3,0,1,1,0,"3-5 | K, 4 RBI, SB",0,1,0,0,0,0,0,1,0,0,3,0,5,0,0,4,3,0,0,0,-.--
119,681546,746897,7,5,2,0,0,.---,0,"1-5 | 2B, 3 K",0,0,1,0,1,0,0,3,0,0,1,0,5,0,0,0,6,0,0,0,-.--
119,621035,746897,8,4,0,0,0,.---,0,"0-3 | BB, K",0,1,1,0,0,0,0,1,1,0,0,0,3,0,0,0,2,0,0,0,-.--
119,666158,746897,9,4,0,0,0,.---,0,0-4 | 2 K,0,2,0,0,0,0,0,2,0,0,0,0,4,0,0,0,3,0,0,0,-.--
112,664023,746897,1,5,3,0,0,.---,0,"1-4 | 3B, BB, K",1,1,1,2,0,1,0,1,1,0,1,0,4,0,0,2,0,0,0,0,-.--
112,673548,746897,2,4,2,0,0,.---,0,"1-2 | 2B, BB, K",1,0,1,0,1,0,0,1,1,0,1,0,2,0,0,3,0,0,1,0,-.--
112,641355,746897,3,4,0,0,0,.---,0,"0-3 | BB, 2 K",0,1,0,0,0,0,0,2,1,1,0,0,3,1,0,0,1,0,0,0,-.--
112,666624,746897,4,4,0,0,0,.---,0,0-4,1,3,1,0,0,0,0,0,0,0,0,0,4,0,0,0,2,0,0,0,-.--
112,621020,746897,5,4,5,1,0,0,0,"2-3 | HR, BB, RBI",1,0,1,1,0,0,1,0,1,0,2,0,3,0,0,1,0,0,0,0,3
112,683737,746897,6,4,4,0,0,.---,0,"1-3 | HR, BB, RBI",2,0,2,2,0,0,1,0,1,0,1,0,3,0,0,1,1,0,0,0,3
112,663538,746897,7,4,1,0,0,.---,0,"1-3 | BB, 2 R",0,1,1,2,0,0,0,0,1,0,1,0,3,0,0,0,1,0,0,0,-.--
112,663611,746897,8,4,2,0,0,.---,0,"2-4 | RBI, R",2,0,2,1,0,0,0,0,0,0,2,0,4,0,0,1,1,0,0,0,-.--
112,543228,746897,9,4,1,0,0,.---,0,1-4 | R,2,1,2,1,0,0,0,0,0,0,1,0,4,0,0,0,3,0,0,0,-.--
139,650490,746576,1,5,3,0,0,.---,0,"2-4 | 2B, BB, K",0,1,0,2,1,0,0,1,1,0,2,0,4,0,0,1,0,0,0,0,-.--
139,623912,746576,2,5,3,0,0,.---,0,"3-5 | RBI, R",0,0,2,1,0,0,0,0,0,0,3,0,5,0,0,1,1,0,0,0,-.--
139,668227,746576,3,5,1,0,0,.---,0,"1-5 | 3 K, R",1,0,1,1,0,0,0,3,0,0,1,0,5,0,0,0,4,0,0,0,-.--
139,670623,746576,4,5,2,0,0,.---,0,"2-5 | 2 K, RBI, R",0,1,0,1,0,0,0,2,0,0,2,0,5,0,0,1,1,0,0,0,-.--
139,642708,746576,5,5,4,0,0,.---,0,"3-5 | 2B, K, RBI",0,1,0,0,1,0,0,1,0,0,3,0,5,0,0,1,4,0,0,0,-.--
139,678554,746576,6,3,0,0,0,.---,0,0-2 | BB,1,1,1,0,0,0,0,0,1,0,0,0,2,1,0,0,2,0,0,0,-.--
139,676609,746576,7,5,1,0,1,1,0,"1-4 | 3 K, SB",0,1,0,0,0,0,0,3,0,0,1,0,4,0,0,0,5,1,0,0,-.--
139,642350,746576,8,5,0,0,1,1,0,"0-2 | 3 BB, R, SB",1,1,1,1,0,0,0,0,3,0,0,0,2,0,0,0,0,0,0,0,-.--
139,650907,746576,9,2,0,0,0,.---,0,0-2 | 2 K,0,0,0,0,0,0,0,2,0,0,0,0,2,0,0,0,1,0,0,0,-.--
115,453568,746576,1,4,0,0,0,.---,0,0-4 | K,1,1,2,0,0,0,0,1,0,0,0,0,4,0,0,0,0,0,0,0,-.--
115,663898,746576,2,5,2,0,0,.---,0,"1-4 | 2B, BB, 2 R",0,2,1,2,1,0,0,0,1,0,1,0,4,0,0,0,0,0,0,0,-.--
115,666134,746576,3,5,3,0,1,1,0,"2-3 | 2B, 2 BB, RBI",0,0,1,3,1,0,0,0,2,0,2,0,3,0,0,1,0,0,0,0,-.--
115,592178,746576,4,5,4,0,0,.---,0,"1-5 | HR, 2 K, 2 RBI",1,0,2,1,0,0,1,2,0,0,1,0,5,0,0,2,5,0,0,0,5
115,641857,746576,5,5,7,0,0,.---,0,"3-5 | HR, 2B, K",0,1,0,2,1,0,1,1,0,0,3,0,5,0,0,4,1,0,0,0,5
115,553869,746576,6,4,2,0,0,.---,0,"2-3 | K, RBI",1,0,1,0,0,0,0,1,0,0,2,0,3,0,0,1,0,0,1,0,-.--
115,678662,746576,7,4,5,0,0,.---,0,"2-4 | HR, K, 2 RBI",0,0,1,1,0,0,1,1,0,0,2,0,4,0,0,2,2,0,0,0,4
115,660707,746576,8,4,1,0,0,.---,0,1-4,2,0,3,0,0,0,0,0,0,0,1,0,4,0,0,0,4,0,0,0,-.--
115,686668,746576,9,4,0,0,0,.---,0,0-4 | 3 K,0,1,0,0,0,0,0,3,0,0,0,0,4,0,0,0,3,0,0,0,-.--
110,683002,745524,1,5,5,0,0,.---,0,"2-5 | HR, K, RBI",2,0,2,2,0,0,1,1,0,0,2,0,5,0,0,1,0,0,0,0,5
110,668939,745524,2,5,2,0,0,.---,0,"2-5 | 2 K, RBI",0,1,0,0,0,0,0,2,0,0,2,0,5,0,0,1,0,0,0,0,-.--
110,623993,745524,3,5,3,0,0,.---,0,"2-5 | 2B, K, RBI",0,1,1,0,1,0,0,1,0,0,2,0,5,0,0,1,1,0,0,0,-.--
110,663624,745524,4,5,2,0,0,.---,0,"1-5 | 2B, 2 K",1,0,2,0,1,0,0,2,0,0,1,0,5,0,0,0,3,0,0,0,-.--
110,656811,745524,5,4,7,0,0,.---,0,"2-4 | HR, 3B, RBI",0,1,1,1,0,1,1,0,0,0,2,0,4,0,0,1,3,0,0,0,4
110,656775,745524,6,4,4,0,0,.---,0,"1-4 | HR, K, RBI",0,1,1,1,0,0,1,1,0,0,1,0,4,0,0,1,2,0,0,0,4
110,676059,745524,7,4,0,0,0,.---,0,0-3 | HBP,1,0,3,0,0,0,0,0,0,0,0,1,3,0,0,0,2,0,0,0,-.--
110,681297,745524,8,2,1,0,0,.---,0,1-2 | K,0,0,0,0,0,0,0,1,0,0,1,0,2,0,0,0,1,0,0,0,-.--
110,602104,745524,9,4,1,0,0,.---,0,"1-4 | K, R",0,1,1,1,0,0,0,1,0,0,1,0,4,0,0,0,2,0,0,0,-.--
134,665833,745524,1,4,6,0,0,.---,0,"3-4 | HR, K, RBI",0,0,0,1,0,0,1,1,0,0,3,0,4,0,0,1,0,0,0,0,4
134,668804,745524,2,4,0,0,0,.---,0,0-4,1,3,1,0,0,0,0,0,0,0,0,0,4,0,0,0,2,0,0,0,-.--
134,663647,745524,3,4,2,0,0,.---,0,"2-3 | BB, K",0,0,0,0,0,0,0,1,1,0,2,0,3,0,0,0,0,0,0,0,-.--
134,669261,745524,4,4,0,0,0,.---,0,0-4 | 2 K,0,1,1,0,0,0,0,2,0,0,0,0,4,0,0,0,5,0,0,0,-.--
134,457705,745524,5,4,0,0,0,.---,0,0-4 | 2 K,0,0,2,0,0,0,0,2,0,0,0,0,4,0,0,0,4,0,0,0,-.--
134,642133,745524,6,4,0,0,0,.---,0,0-4 | 2 K,0,2,0,0,0,0,0,2,0,0,0,0,4,0,0,0,0,0,0,0,-.--
134,680779,745524,7,4,0,0,0,.---,0,0-4 | 3 K,1,0,1,0,0,0,0,3,0,0,0,0,4,0,0,0,0,0,0,0,-.--
134,669707,745524,8,4,4,0,0,.---,0,"1-3 | HR, BB, RBI",1,0,2,1,0,0,1,0,1,0,1,0,3,0,0,1,0,0,0,0,3
134,572191,745524,9,3,0,0,0,.---,0,0-3 | K,0,1,1,0,0,0,0,1,0,0,0,0,3,0,0,0,1,0,0,0,-.--
135,593428,745361,1,4,2,0,0,.---,0,"1-4 | 2B, R",0,2,1,1,1,0,0,0,0,0,1,0,4,0,0,0,1,0,0,0,-.--
135,665487,745361,2,4,1,0,0,.---,0,"1-4 | K, RBI",0,2,0,0,0,0,0,1,0,0,1,0,4,0,0,1,1,0,0,0,-.--
135,630105,745361,3,4,2,0,0,.---,0,2-4 | RBI,0,2,0,0,0,0,0,0,0,0,2,0,4,0,0,1,2,0,0,0,-.--
135,592518,745361,4,4,0,0,0,.---,0,0-3 | BB,1,2,1,0,0,0,0,0,1,0,0,0,3,1,0,0,1,0,0,0,-.--
135,673490,745361,5,4,0,0,0,.---,0,0-4 | K,0,2,1,0,0,0,0,1,0,0,0,0,4,0,0,0,2,0,0,0,-.--
135,595777,745361,6,4,2,0,0,.---,0,"1-4 | 2B, 3 K",0,0,0,0,1,0,0,3,0,0,1,0,4,0,0,0,2,0,0,0,-.--
135,669134,745361,7,3,0,0,0,.---,0,0-3,1,1,2,0,0,0,0,0,0,0,0,0,3,0,0,0,1,0,0,0,-.--
135,688363,745361,8,3,0,0,0,.---,0,0-3 | 2 K,0,1,0,0,0,0,0,2,0,0,0,0,3,0,0,0,0,0,0,0,-.--
135,701538,745361,9,3,1,0,0,.---,0,"1-3 | K, R",0,1,0,1,0,0,0,1,0,0,1,0,3,0,0,0,0,0,0,0,-.--
137,808982,745361,1,4,0,0,0,.---,0,"0-3 | BB, R",0,3,0,1,0,0,0,0,1,0,0,0,3,0,0,0,0,0,0,0,-.--
137,664774,745361,2,3,0,0,0,.---,0,"0-2 | BB, R",2,0,2,1,0,0,0,0,1,0,0,0,2,0,0,0,1,0,0,0,-.--
137,624585,745361,3,4,0,0,0,.---,0,0-4 | 2 K,1,0,2,0,0,0,0,2,0,0,0,0,4,0,0,0,2,0,0,0,-.--
137,624424,745361,4,4,5,0,0,.---,0,"3-4 | 2 2B, RBI",1,0,1,0,2,0,0,0,0,0,3,0,4,0,0,1,0,0,0,0,-.--
137,656305,745361,5,4,0,0,0,.---,0,"0-3 | HBP, K, RBI",0,2,0,1,0,0,0,1,0,0,0,1,3,0,0,1,3,0,0,0,-.--
137,642731,745361,6,4,2,0,0,.---,0,"1-4 | 2B, K, RBI",0,1,1,0,1,0,0,1,0,0,1,0,4,0,0,1,2,0,0,0,-.--
137,573262,745361,7,2,0,0,0,.---,0,0-2 | 2 K,0,0,0,0,0,0,0,2,0,0,0,0,2,0,0,0,1,0,0,0,-.--
137,672275,745361,8,3,1,0,0,.---,0,1-3 | K,0,1,0,0,0,0,0,1,0,0,1,0,3,0,0,0,0,0,0,0,-.--
137,605113,745361,9,3,0,0,0,.---,0,0-3,1,1,2,0,0,0,0,0,0,0,0,0,3,0,0,0,1,0,0,0,-.--
121,596019,746733,1,5,0,0,0,.---,0,"0-2 | BB, HBP, RBI",2,0,3,0,0,0,0,0,1,0,0,1,2,0,0,1,1,0,1,0,-.--
121,624413,746733,2,5,0,0,0,.---,0,"0-5 | K, RBI",0,1,3,0,0,0,0,1,0,0,0,0,5,0,0,1,5,0,0,0,-.--
121,682626,746733,3,4,0,0,0,.---,0,0-4 | 3 K,1,0,1,0,0,0,0,3,0,0,0,0,4,0,0,0,4,0,0,0,-.--
121,683146,746733,4,4,2,0,0,.---,0,2-4,1,0,2,0,0,0,0,0,0,0,2,0,4,0,0,0,3,0,0,0,-.--
121,516782,746733,5,4,0,0,0,.---,0,0-4 | 2 K,1,1,1,0,0,0,0,2,0,0,0,0,4,0,0,0,3,0,0,0,-.--
121,621438,746733,6,4,0,0,0,.---,0,"0-3 | BB, R",0,2,1,1,0,0,0,0,1,0,0,0,3,0,0,0,1,0,0,0,-.--
121,643446,746733,7,4,4,0,0,.---,0,"1-4 | HR, K, RBI",1,0,2,1,0,0,1,1,0,0,1,0,4,0,0,1,1,0,0,0,4
121,664056,746733,8,4,1,0,1,1,0,"1-3 | BB, 2 K, R",0,0,0,1,0,0,0,2,1,0,1,0,3,0,0,0,0,0,0,0,-.--
121,621466,746733,9,4,0,0,0,.---,0,"0-1 | 2 BB, HBP, K",0,0,0,0,0,0,0,1,2,0,0,1,1,0,0,0,0,0,0,0,-.--
113,663697,746733,1,5,3,0,0,.---,0,3-5 | R,0,1,1,1,0,0,0,0,0,0,3,0,5,0,0,0,0,0,0,0,-.--
113,668715,746733,2,5,4,0,0,.---,0,"1-3 | HR, 2 BB, K",0,0,1,1,0,0,1,1,2,0,1,0,3,0,0,1,3,0,0,0,3
113,687952,746733,3,5,0,0,0,.---,0,0-5 | K,1,1,3,0,0,0,0,1,0,0,0,0,5,0,0,0,7,0,0,0,-.--
113,600869,746733,4,5,2,0,0,.---,0,"1-3 | 2B, BB, K",1,1,1,0,1,0,0,1,1,0,1,0,3,0,0,1,4,0,1,0,-.--
113,656413,746733,5,3,0,0,0,.---,0,0-3 | K,1,1,1,0,0,0,0,1,0,0,0,0,3,0,0,0,1,0,0,0,-.--
113,682829,746733,6,4,2,0,0,.---,0,"1-4 | 2B, 2 K",0,1,0,0,1,0,0,2,0,0,1,0,4,0,0,0,3,0,0,0,-.--
113,669289,746733,7,4,0,0,0,.---,0,"0-3 | BB, K",1,1,1,0,0,0,0,1,1,0,0,0,3,0,0,0,1,0,0,0,-.--
113,666181,746733,8,4,0,0,0,.---,0,0-3 | BB,1,2,1,0,0,0,0,0,1,0,0,0,3,0,0,0,1,0,0,0,-.--
113,571912,746733,9,4,1,0,0,.---,0,1-4 | K,0,1,1,0,0,0,0,1,0,0,1,0,4,0,0,0,2,0,0,0,-.--
143,656941,744874,1,5,1,0,0,.---,0,"1-3 | 2 BB, 2 K, 2 RBI",0,0,0,1,0,0,0,2,2,0,1,0,3,0,0,2,1,0,0,0,-.--
143,607208,744874,2,5,2,0,0,.---,0,1-5 | 2B,0,3,1,0,1,0,0,0,0,0,1,0,5,1,0,0,4,0,0,0,-.--
143,547180,744874,3,5,5,1,0,0,0,"3-5 | 2 2B, 2 K, RBI",0,0,0,0,2,0,0,2,0,0,3,0,5,0,0,1,0,0,0,0,-.--
143,592663,744874,4,5,2,0,0,.---,0,2-5 | K,0,2,0,0,0,0,0,1,0,0,2,0,5,0,0,0,3,0,0,0,-.--
143,664761,744874,5,5,1,0,1,1,0,"1-3 | 2 BB, K, R",0,1,0,1,0,0,0,1,2,0,1,0,3,0,0,0,2,0,0,0,-.--
143,681082,744874,6,5,1,0,0,.---,0,"1-3 | 2 BB, R",0,2,0,1,0,0,0,0,2,0,1,0,3,1,0,0,4,0,0,0,-.--
143,592206,744874,7,5,0,0,0,.---,0,"0-4 | BB, K, R",0,2,1,1,0,0,0,1,1,0,0,0,4,0,0,0,3,0,0,0,-.--
143,669016,744874,8,4,0,0,0,.---,0,"0-2 | BB, K, RBI",1,1,1,0,0,0,0,1,1,0,0,0,2,0,0,1,2,0,1,0,-.--
143,679032,744874,9,4,0,0,0,.---,0,"0-3 | BB, K",1,1,1,0,0,0,0,1,1,0,0,0,3,0,0,0,4,0,0,0,-.--
120,682928,744874,1,4,1,0,0,.---,0,1-4,1,1,2,0,0,0,0,0,0,0,1,0,4,0,0,0,0,0,0,0,-.--
120,657041,744874,2,4,0,0,0,.---,0,0-4 | K,1,1,2,0,0,0,0,1,0,0,0,0,4,0,0,0,1,0,0,0,-.--
120,608385,744874,3,4,0,0,0,.---,0,0-2 | 2 BB,0,2,0,0,0,0,0,0,2,0,0,0,2,0,0,0,0,0,0,0,-.--
120,608841,744874,4,4,0,0,0,.---,0,"0-3 | BB, K",1,1,1,0,0,0,0,1,1,0,0,0,3,0,0,0,2,0,0,0,-.--
120,608336,744874,5,4,0,0,0,.---,0,"0-2 | 2 BB, K",1,0,1,0,0,0,0,1,2,0,0,0,2,0,0,0,2,0,0,0,-.--
120,660688,744874,6,4,0,0,0,.---,0,0-4,2,0,4,0,0,0,0,0,0,0,0,0,4,0,0,0,4,0,0,0,-.--
120,592696,744874,7,2,0,0,0,.---,0,0-2 | K,0,1,0,0,0,0,0,1,0,0,0,0,2,0,0,0,3,0,0,0,-.--
120,671277,744874,8,3,2,0,0,.---,0,1-3 | 2B,1,1,1,0,1,0,0,0,0,0,1,0,3,0,0,0,0,0,0,0,-.--
120,702358,744874,9,3,0,0,0,.---,0,0-3 | 2 K,0,1,0,0,0,0,0,2,0,0,0,0,3,0,0,0,1,0,0,0,-.--
109,606466,747143,1,5,4,0,0,.---,0,"1-5 | HR, RBI, R",1,3,1,1,0,0,1,0,0,0,1,0,5,0,0,1,3,0,0,0,5
109,682998,747143,2,5,0,0,0,.---,0,0-4 | BB,2,1,3,0,0,0,0,0,1,0,0,0,4,0,0,0,0,0,0,0,-.--
109,666971,747143,3,5,2,0,0,.---,0,"2-3 | 2 BB, K, RBI",0,0,0,1,0,0,0,1,2,0,2,0,3,0,0,1,0,0,0,0,-.--
109,572233,747143,4,5,0,0,0,.---,0,0-5 | 2 K,1,2,1,0,0,0,0,2,0,0,0,0,5,0,0,0,6,0,0,0,-.--
109,592626,747143,5,5,2,0,0,.---,0,"2-4 | BB, R",0,0,2,1,0,0,0,0,1,0,2,0,4,0,0,0,2,0,0,0,-.--
109,553993,747143,6,5,3,0,0,.---,0,"2-5 | 2B, K, 2 RBI",2,0,2,1,1,0,0,1,0,0,2,0,5,0,0,2,3,0,0,0,-.--
109,672515,747143,7,5,0,0,0,.---,0,0-4 | BB,1,3,1,0,0,0,0,0,1,0,0,0,4,0,0,0,3,0,0,0,-.--
109,607054,747143,8,3,1,0,0,.---,0,"1-3 | K, R",0,1,0,1,0,0,0,1,0,0,1,0,3,0,0,0,1,0,0,0,-.--
109,664983,747143,9,5,2,0,0,.---,0,"1-4 | 2B, BB, K",0,2,0,0,1,0,0,1,1,0,1,0,4,0,0,1,2,0,0,0,-.--
144,660670,747143,1,5,2,0,0,.---,0,"1-5 | 2B, 2 K, RBI",0,2,0,0,1,0,0,2,0,0,1,0,5,0,0,1,5,0,0,0,-.--
144,645277,747143,2,5,1,0,0,.---,0,"1-5 | K, R",0,3,0,1,0,0,0,1,0,0,1,0,5,0,0,0,5,0,0,0,-.--
144,663586,747143,3,5,0,0,0,.---,0,"0-5 | 2 K, R",0,2,1,1,0,0,0,2,0,0,0,0,5,0,0,0,1,0,0,0,-.--
144,621566,747143,4,5,6,0,0,.---,0,"2-4 | HR, 2B, HBP",0,2,0,2,1,0,1,0,0,0,2,1,4,0,0,2,0,0,0,0,4
144,542303,747143,5,5,3,0,0,.---,0,"2-4 | 2B, BB, RBI",1,1,1,0,1,0,0,0,1,0,2,0,4,0,0,1,1,0,0,0,-.--
144,594807,747143,6,4,0,0,0,.---,0,0-3 | BB,1,1,2,0,0,0,0,0,1,0,0,0,3,0,0,0,3,0,0,0,-.--
144,671739,747143,7,5,1,0,0,.---,0,1-5 | 2 K,0,2,0,0,0,0,0,2,0,0,1,0,5,0,0,0,3,0,0,0,-.--
144,606115,747143,8,5,3,0,0,.---,0,"2-4 | 2B, BB, R",0,2,0,1,1,0,0,0,1,0,2,0,4,0,0,0,1,0,0,0,-.--
144,518595,747143,9,5,2,0,0,.---,0,"2-5 | K, RBI",0,1,1,0,0,0,0,1,0,0,2,0,5,0,0,1,4,0,0,0,-.--
145,643217,746328,1,4,0,0,0,.---,0,0-4,0,4,0,0,0,0,0,0,0,0,0,0,4,0,0,0,1,0,0,0,-.--
145,660162,746328,2,4,1,0,0,.---,0,"1-3 | BB, K",0,1,0,0,0,0,0,1,1,0,1,0,3,0,0,0,0,0,0,0,-.--
145,673357,746328,3,4,2,0,1,1,0,"1-4 | 2B, SB",0,3,0,0,1,0,0,0,0,0,1,0,4,1,0,0,2,0,0,0,-.--
145,657757,746328,4,3,4,0,0,.---,0,"1-3 | HR, K, RBI",0,1,0,1,0,0,1,1,0,0,1,0,3,0,0,1,1,0,0,0,3
145,683734,746328,5,4,0,0,0,.---,0,0-3 | BB,1,2,1,0,0,0,0,0,1,0,0,0,3,1,0,0,2,0,0,0,-.--
145,543257,746328,6,3,0,0,0,.---,0,0-3 | K,0,1,1,0,0,0,0,1,0,0,0,0,3,0,0,0,2,0,0,0,-.--
145,657557,746328,7,3,0,0,0,.---,0,0-3 | 3 K,0,0,0,0,0,0,0,3,0,0,0,0,3,0,0,0,0,0,0,0,-.--
145,670032,746328,8,3,0,1,0,0,0,"0-2 | BB, CS",0,2,0,0,0,0,0,0,1,0,0,0,2,0,0,0,0,0,0,0,-.--
145,455117,746328,9,2,0,0,0,.---,0,0-2 | K,0,0,1,0,0,0,0,1,0,0,0,0,2,0,0,0,0,0,0,0,-.--
118,672580,746328,1,4,0,0,0,.---,0,0-4 | K,0,2,1,0,0,0,0,1,0,0,0,0,4,0,0,0,2,0,0,0,-.--
118,677951,746328,2,4,0,0,0,.---,0,0-4 | K,1,1,2,0,0,0,0,1,0,0,0,0,4,0,0,0,0,0,0,0,-.--
118,686469,746328,3,4,1,0,0,.---,0,"1-4 | K, R",1,1,1,1,0,0,0,1,0,0,1,0,4,0,0,0,0,0,0,0,-.--
118,521692,746328,4,4,4,0,0,.---,0,"3-3 | 2B, BB, RBI",0,0,0,0,1,0,0,0,1,0,3,0,3,0,0,1,0,0,0,0,-.--
118,669004,746328,5,4,1,0,0,.---,0,"1-3 | BB, K, RBI",1,0,1,0,0,0,0,1,1,0,1,0,3,0,0,1,2,0,0,0,-.--
118,676369,746328,6,4,0,0,0,.---,0,0-4 | 2 K,1,1,1,0,0,0,0,2,0,0,0,0,4,0,0,0,3,0,0,0,-.--
118,624428,746328,7,4,1,0,0,.---,0,1-3 | BB,0,2,0,0,0,0,0,0,1,0,1,0,3,0,0,0,2,0,0,0,-.--
118,592669,746328,8,4,1,0,0,.---,0,1-4 | 3 K,0,0,0,0,0,0,0,3,0,0,1,0,4,0,0,0,5,0,0,0,-.--
118,664728,746328,9,3,0,0,0,.---,0,"0-2 | BB, K",0,1,0,0,0,0,0,1,1,0,0,0,2,0,0,0,1,0,0,0,-.--
117,514888,745033,1,3,1,0,0,.---,0,1-3,1,1,1,0,0,0,0,0,0,0,1,0,3,0,0,0,0,0,0,0,-.--
117,670541,745033,2,3,0,0,0,.---,0,0-3 | K,1,0,2,0,0,0,0,1,0,0,0,0,3,0,0,0,1,0,0,0,-.--
117,663656,745033,3,4,0,0,0,.---,0,0-4,3,0,4,0,0,0,0,0,0,0,0,0,4,0,0,0,2,0,0,0,-.--
117,608324,745033,4,3,0,0,0,.---,0,0-3 | K,0,1,1,0,0,0,0,1,0,0,0,0,3,0,0,0,1,0,0,0,-.--
117,673237,745033,5,4,0,0,0,.---,0,0-4 | K,1,1,2,0,0,0,0,1,0,0,0,0,4,0,0,0,1,0,0,0,-.--
117,676801,745033,6,3,0,0,0,.---,0,0-3,2,0,3,0,0,0,0,0,0,0,0,0,3,0,0,0,1,0,0,0,-.--
117,547989,745033,7,3,0,0,0,.---,0,0-3 | K,2,0,2,0,0,0,0,1,0,0,0,0,3,0,0,0,1,0,0,0,-.--
117,665161,745033,8,3,1,0,0,.---,0,1-3 | R,1,1,1,1,0,0,0,0,0,0,1,0,3,0,0,0,1,0,0,0,-.--
117,676694,745033,9,3,4,0,0,.---,0,"1-3 | HR, 2 RBI, R",2,0,2,1,0,0,1,0,0,0,1,0,3,0,0,2,0,0,0,0,3
140,543760,745033,1,5,6,0,0,.---,0,"3-3 | HR, 2 BB, 3 RBI",0,0,0,3,0,0,1,0,2,0,3,0,3,0,0,3,0,0,0,0,3
140,608369,745033,2,5,2,0,0,.---,0,"1-4 | 2B, BB, RBI",0,2,1,1,1,0,0,0,1,0,1,0,4,0,0,1,2,0,0,0,-.--
140,694671,745033,3,5,1,0,0,.---,0,"1-4 | BB, K, RBI",0,1,1,1,0,0,0,1,1,0,1,0,4,0,0,1,4,0,0,0,-.--
140,666969,745033,4,4,5,0,0,.---,0,"2-4 | HR, 4 RBI, R",1,1,1,1,0,0,1,0,0,0,2,0,4,0,0,4,2,0,0,0,4
140,694497,745033,5,5,3,0,0,.---,0,"2-4 | 2B, BB",0,2,0,0,1,0,0,0,1,0,2,0,4,0,0,0,1,0,0,0,-.--
140,665120,745033,6,5,1,0,0,.---,0,"1-5 | K, R",1,0,3,1,0,0,0,1,0,0,1,0,5,0,0,0,7,0,0,0,-.--
140,641680,745033,7,5,3,0,0,.---,0,"2-5 | 2B, K, R",1,1,1,1,1,0,0,1,0,0,2,0,5,0,0,0,1,0,0,0,-.--
140,669701,745033,8,5,3,0,0,.---,0,"2-4 | 2B, BB, RBI",2,0,2,2,1,0,0,0,1,0,2,0,4,0,0,1,0,0,0,0,-.--
140,665750,745033,9,5,3,0,0,.---,0,"1-5 | 3B, K",2,1,2,0,0,1,0,1,0,0,1,0,5,0,0,0,5,0,0,0,-.--
136,641487,746007,1,5,1,0,0,.---,0,"1-4 | BB, R",1,2,1,1,0,0,0,0,1,0,1,0,4,0,0,0,2,0,0,0,-.--
136,677594,746007,2,5,0,0,0,.---,0,"0-4 | HBP, 2 K, RBI",0,2,0,1,0,0,0,2,0,0,0,1,4,0,0,1,2,0,0,0,-.--
136,593871,746007,3,5,1,0,0,.---,0,"1-4 | BB, K",0,1,1,0,0,0,0,1,1,1,1,0,4,0,0,0,3,0,0,0,-.--
136,571745,746007,4,5,1,0,0,.---,0,"1-5 | RBI, R",2,0,4,1,0,0,0,0,0,0,1,0,5,0,0,1,4,0,0,0,-.--
136,641598,746007,5,4,2,0,0,.---,0,"1-2 | 2B, HBP, K",1,0,1,0,1,0,0,1,0,0,1,1,2,0,0,1,1,0,1,0,-.--
136,663728,746007,6,4,1,0,0,.---,0,"1-4 | 2 K, RBI",1,0,1,0,0,0,0,2,0,0,1,0,4,0,0,1,3,0,0,0,-.--
136,670042,746007,7,2,0,0,0,.---,0,0-2 | K,0,1,0,0,0,0,0,1,0,0,0,0,2,0,0,0,1,0,0,0,-.--
136,686527,746007,8,2,0,0,0,.---,0,0-2 | K,0,1,0,0,0,0,0,1,0,0,0,0,2,0,0,0,1,0,0,0,-.--
136,668942,746007,9,2,0,0,0,.---,0,0-2 | K,0,0,1,0,0,0,0,1,0,0,0,0,2,0,0,0,0,0,0,0,-.--
158,694192,746007,1,5,0,0,0,.---,0,0-5 | 2 K,1,1,2,0,0,0,0,2,0,0,0,0,5,0,0,0,3,0,0,0,-.--
158,661388,746007,2,5,1,0,0,.---,0,"1-4 | BB, K, RBI",1,1,1,1,0,0,0,1,1,0,1,0,4,0,0,1,0,0,0,0,-.--
158,592885,746007,3,4,4,0,0,.---,0,"1-4 | HR, 3 K, RBI",0,0,0,1,0,0,1,3,0,0,1,0,4,0,0,1,1,0,0,0,4
158,642715,746007,4,4,5,1,0,0,1,"2-3 | HR, BB, RBI",0,0,1,1,0,0,1,0,1,0,2,0,3,0,0,1,0,0,0,0,3
158,686554,746007,5,4,5,0,1,1,0,"2-4 | HR, 2 RBI, R",1,1,1,1,0,0,1,0,0,0,2,0,4,0,0,2,1,0,0,0,4
158,656555,746007,6,4,0,0,0,.---,0,0-4 | 2 K,1,1,1,0,0,0,0,2,0,0,0,0,4,0,0,0,2,0,0,0,-.--
158,686217,746007,7,4,1,0,1,1,0,"1-3 | BB, K, 2 R",0,1,0,2,0,0,0,1,1,0,1,0,3,0,0,0,0,0,0,0,-.--
158,687401,746007,8,3,2,0,0,.---,0,"1-2 | 2B, BB, RBI",0,1,0,0,1,0,0,0,1,0,1,0,2,0,0,1,0,0,0,0,-.--
158,668930,746007,9,4,0,0,0,.---,0,0-3 | BB,2,1,2,0,0,0,0,0,1,0,0,0,3,0,0,0,2,0,0,0,-.--
111,680776,746249,1,5,5,0,0,.---,0,"2-5 | HR, K, 2 RBI",0,1,1,1,0,0,1,1,0,0,2,0,5,0,0,2,0,0,0,0,5
111,646240,746249,2,5,0,0,0,.---,0,"0-2 | 2 BB, HBP",2,0,2,0,0,0,0,0,2,0,0,1,2,0,0,0,0,0,0,0,-.--
111,596115,746249,3,2,0,0,0,.---,0,0-2,2,0,2,0,0,0,0,0,0,0,0,0,2,0,0,0,1,0,0,0,-.--
111,807799,746249,4,5,1,0,0,.---,0,1-5 | K,1,2,1,0,0,0,0,1,0,0,1,0,5,0,0,0,2,0,0,0,-.--
111,641933,746249,5,5,9,0,0,.---,0,"3-4 | 2 HR, HBP, 2 RBI",1,0,1,3,0,0,2,0,0,0,3,1,4,0,0,2,1,0,0,0,2
111,671213,746249,6,5,5,0,0,.---,0,"2-4 | HR, BB, K",0,0,1,1,0,0,1,1,1,0,2,0,4,0,0,1,2,0,0,0,4
111,665839,746249,7,5,0,0,0,.---,0,"0-4 | K, RBI",1,3,1,0,0,0,0,1,0,0,0,0,4,0,0,1,2,0,1,0,-.--
111,678882,746249,8,4,0,0,1,1,0,"0-2 | BB, HBP, 2 R",0,2,0,2,0,0,0,0,1,0,0,1,2,0,0,0,1,0,0,0,-.--
111,624512,746249,9,4,4,0,0,.---,0,"1-4 | HR, 2 K, 2 RBI",0,0,1,1,0,0,1,2,0,0,1,0,4,0,0,2,1,0,0,0,4
108,543685,746249,1,5,1,0,0,.---,0,"1-4 | BB, K",0,1,1,0,0,0,0,1,1,0,1,0,4,0,0,0,0,0,0,0,-.--
108,694384,746249,2,5,0,0,0,.---,0,"0-4 | BB, 2 K, RBI",0,2,0,0,0,0,0,2,1,0,0,0,4,0,0,1,1,0,0,0,-.--
108,545361,746249,3,5,1,0,0,.---,0,1-5 | K,2,0,3,0,0,0,0,1,0,0,1,0,5,0,0,0,3,0,0,0,-.--
108,621493,746249,4,5,1,0,0,.---,0,"1-5 | K, 2 R",0,1,2,2,0,0,0,1,0,0,1,0,5,0,0,0,1,0,0,0,-.--
108,592273,746249,5,5,0,0,0,.---,0,"0-4 | HBP, 2 K, R",0,2,0,1,0,0,0,2,0,0,0,1,4,0,0,0,3,0,0,0,-.--
108,593934,746249,6,4,1,0,0,.---,0,"1-2 | BB, HBP, RBI",0,0,1,2,0,0,0,0,1,0,1,1,2,0,0,1,1,0,0,0,-.--
108,666160,746249,7,4,0,0,0,.---,0,0-4 | 2 K,0,0,2,0,0,0,0,2,0,0,0,0,4,0,0,0,7,0,0,0,-.--
108,681351,746249,8,4,5,0,0,.---,0,"2-4 | HR, 4 RBI, R",1,1,1,1,0,0,1,0,0,0,2,0,4,0,0,4,2,0,0,0,4
108,687263,746249,9,4,0,0,0,.---,0,0-4 | K,1,1,2,0,0,0,0,1,0,0,0,0,4,0,0,0,2,0,0,0,-.--
133,676116,746498,1,5,0,0,0,.---,0,"0-4 | BB, 3 K",0,0,1,0,0,0,0,3,1,0,0,0,4,0,0,0,1,0,0,0,-.--
133,680869,746498,2,4,0,0,1,1,0,"0-1 | 3 BB, 3 R, SB",1,0,1,3,0,0,0,0,3,0,0,0,1,0,0,0,1,0,0,0,-.--
133,668709,746498,3,4,0,0,0,.---,0,0-4 | K,0,2,1,0,0,0,0,1,0,0,0,0,4,0,0,0,4,0,0,0,-.--
133,667670,746498,4,4,5,0,0,.---,0,"2-4 | HR, 3 RBI, R",0,2,0,1,0,0,1,0,0,0,2,0,4,0,0,3,1,0,0,0,4
133,664913,746498,5,4,1,0,0,.---,0,"1-4 | K, RBI",2,0,2,0,0,0,0,1,0,0,1,0,4,0,0,1,1,0,0,0,-.--
133,605204,746498,6,4,1,0,0,.---,0,"1-3 | BB, K",1,0,1,0,0,0,0,1,1,0,1,0,3,0,0,0,1,0,0,0,-.--
133,669127,746498,7,4,1,1,0,0,0,1-4 | CS,0,2,1,0,0,0,0,0,0,0,1,0,4,0,0,0,3,0,0,0,-.--
133,671732,746498,8,4,0,0,0,.---,0,0-4 | K,0,2,1,0,0,0,0,1,0,0,0,0,4,0,0,0,1,0,0,0,-.--
133,669397,746498,9,4,0,0,0,.---,0,"0-3 | BB, K",0,2,0,0,0,0,0,1,1,0,0,0,3,0,0,0,0,0,0,0,-.--
116,678009,746498,1,4,1,0,1,1,0,"1-4 | K, SB",1,0,2,0,0,0,0,1,0,0,1,0,4,0,0,0,2,0,0,0,-.--
116,679529,746498,2,4,0,0,0,.---,0,"0-3 | BB, K",1,0,2,0,0,0,0,1,1,0,0,0,3,0,0,0,2,0,0,0,-.--
116,681481,746498,3,4,2,0,0,.---,0,"1-4 | 2B, K",0,2,0,0,1,0,0,1,0,0,1,0,4,0,0,0,4,0,0,0,-.--
116,682985,746498,4,4,0,0,0,.---,0,0-4 | K,1,2,1,0,0,0,0,1,0,0,0,0,4,0,0,0,2,0,0,0,-.--
116,592192,746498,5,4,0,0,0,.---,0,0-4 | 2 K,0,2,0,0,0,0,0,2,0,0,0,0,4,0,0,0,0,0,0,0,-.--
116,690993,746498,6,4,1,0,0,.---,0,1-4 | K,1,0,2,0,0,0,0,1,0,0,1,0,4,0,0,0,1,0,0,0,-.--
116,570482,746498,7,4,0,0,0,.---,0,0-4,0,2,2,0,0,0,0,0,0,0,0,0,4,0,0,0,2,0,0,0,-.--
116,595879,746498,8,3,0,0,0,.---,0,0-3 | 2 K,0,0,1,0,0,0,0,2,0,0,0,0,3,0,0,0,1,0,0,0,-.--
116,608348,746498,9,3,3,0,0,.---,0,2-3 | 2B,0,1,0,0,1,0,0,0,0,0,2,0,3,0,0,0,0,0,0,0,-.--
114,680757,745926,1,4,0,0,0,.---,0,0-4 | 2 K,1,0,2,0,0,0,0,2,0,0,0,0,4,0,0,0,1,0,0,0,-.--
114,665926,745926,2,4,1,0,0,.---,0,1-4 | 2 K,0,1,0,0,0,0,0,2,0,0,1,0,4,0,0,0,0,0,0,0,-.--
114,608070,745926,3,4,1,0,0,.---,0,1-4,2,0,3,0,0,0,0,0,0,0,1,0,4,0,0,0,2,0,0,0,-.--
114,647304,745926,4,4,1,0,0,.---,0,"1-3 | HBP, K",0,1,0,0,0,0,0,1,0,0,1,1,3,0,0,0,1,0,0,0,-.--
114,671289,745926,5,4,0,0,0,.---,0,"0-4 | K, R",1,2,1,1,0,0,0,1,0,0,0,0,4,0,0,0,2,0,0,0,-.--
114,686823,745926,6,4,1,0,0,.---,0,"1-4 | 2 K, R",0,1,0,1,0,0,0,2,0,0,1,0,4,0,0,0,1,0,0,0,-.--
114,666310,745926,7,4,0,0,0,.---,0,0-4 | 3 K,1,0,1,0,0,0,0,3,0,0,0,0,4,0,0,0,3,0,0,0,-.--
114,681807,745926,8,3,4,0,0,.---,0,"1-3 | HR, 3 RBI, R",1,1,1,1,0,0,1,0,0,0,1,0,3,0,0,3,0,0,0,0,3
114,677587,745926,9,3,3,1,0,0,0,"2-3 | 2B, CS",0,1,0,0,1,0,0,0,0,0,2,0,3,0,0,0,0,0,0,0,-.--
142,666397,745926,1,5,0,0,1,1,0,"0-3 | 2 BB, 2 K, SB",1,0,1,0,0,0,0,2,2,0,0,0,3,0,0,0,2,0,0,0,-.--
142,621043,745926,2,5,1,0,0,.---,0,"1-3 | 2 BB, K, R",0,1,0,1,0,0,0,1,2,0,1,0,3,0,0,0,3,0,0,0,-.--
142,666135,745926,3,5,3,0,0,.---,0,"1-4 | 3B, BB, K",0,2,0,0,0,1,0,1,1,0,1,0,4,1,0,1,5,0,0,0,-.--
142,621439,745926,4,4,0,0,0,.---,0,"0-3 | HBP, K",0,2,0,0,0,0,0,1,0,0,0,1,3,0,0,0,4,0,0,0,-.--
142,596146,745926,5,4,0,0,0,.---,0,"0-3 | BB, K",2,0,2,0,0,0,0,1,1,0,0,0,3,0,0,0,1,0,0,0,-.--
142,467793,745926,6,4,0,0,0,.---,0,0-4 | 2 K,1,1,1,0,0,0,0,2,0,0,0,0,4,0,0,0,2,0,0,0,-.--
142,670242,745926,7,4,0,0,0,.---,0,"0-2 | BB, HBP, 2 K",0,0,0,0,0,0,0,2,1,0,0,1,2,0,0,0,0,0,0,0,-.--
142,680777,745926,8,4,0,0,0,.---,0,"0-3 | HBP, K",2,0,2,0,0,0,0,1,0,0,0,1,3,0,0,0,4,0,0,0,-.--
142,650489,745926,9,4,0,0,0,.---,0,0-4 | 3 K,0,1,0,0,0,0,0,3,0,0,0,0,4,0,0,0,4,0,0,0,-.--
146,650333,745197,1,4,2,0,0,.---,0,"1-4 | 2B, R",2,1,2,1,1,0,0,0,0,0,1,0,4,1,0,0,3,0,0,0,-.--
146,605137,745197,2,4,2,0,0,.---,0,2-4 | RBI,1,1,1,0,0,0,0,0,0,0,2,0,4,0,0,1,0,0,0,0,-.--
146,669394,745197,3,4,0,0,0,.---,0,0-4,0,3,1,0,0,0,0,0,0,0,0,0,4,1,0,0,2,0,0,0,-.--
146,650559,745197,4,4,1,0,0,.---,0,1-4 | K,1,1,1,0,0,0,0,1,0,0,1,0,4,0,0,0,0,0,0,0,-.--
146,665862,745197,5,4,1,0,0,.---,0,1-4 | K,0,1,1,0,0,0,0,1,0,0,1,0,4,0,0,0,2,0,0,0,-.--
146,641313,745197,6,4,1,0,0,.---,0,1-4 | 2 K,0,1,0,0,0,0,0,2,0,0,1,0,4,0,0,0,3,0,0,0,-.--
146,541645,745197,7,4,1,0,0,.---,0,1-4,1,1,2,0,0,0,0,0,0,0,1,0,4,0,0,0,2,0,0,0,-.--
146,656896,745197,8,3,1,0,0,.---,0,1-2 | BB,0,0,1,0,0,0,0,0,1,0,1,0,2,0,0,0,1,0,0,0,-.--
146,663743,745197,9,2,0,0,0,.---,0,0-2,0,1,1,0,0,0,0,0,0,0,0,0,2,0,0,0,3,0,0,0,-.--
138,680977,745197,1,4,4,0,0,.---,0,"2-3 | 2 2B, BB, R",0,1,0,1,2,0,0,0,1,0,2,0,3,0,0,0,0,0,0,0,-.--
138,502671,745197,2,4,0,0,0,.---,0,0-3 | BB,0,2,1,0,0,0,0,0,1,0,0,0,3,0,0,0,4,0,0,0,-.--
138,571448,745197,3,4,1,0,0,.---,0,1-4 | K,1,1,1,0,0,0,0,1,0,0,1,0,4,0,0,0,3,0,0,0,-.--
138,671056,745197,4,4,2,0,0,.---,0,"2-4 | RBI, R",0,2,0,1,0,0,0,0,0,0,2,0,4,1,0,1,1,0,0,0,-.--
138,669357,745197,5,4,0,0,0,.---,0,"0-3 | BB, K",0,1,1,0,0,0,0,1,1,0,0,0,3,0,0,0,1,0,0,0,-.--
138,691023,745197,6,4,2,0,0,.---,0,"1-3 | 2B, BB, RBI",0,2,0,1,1,0,0,0,1,0,1,0,3,0,0,1,0,0,0,0,-.--
138,676475,745197,7,4,1,0,0,.---,0,1-4,1,2,1,0,0,0,0,0,0,0,1,0,4,0,0,0,3,0,0,0,-.--
138,691026,745197,8,4,1,1,0,0,0,1-4 | CS,0,3,0,0,0,0,0,0,0,0,1,0,4,0,0,0,3,0,0,0,-.--
138,687363,745197,9,3,0,0,0,.---,0,0-3 | K,1,1,1,0,0,0,0,1,0,0,0,0,3,0,0,0,3,0,0,0,-.--
119,605141,746896,1,5,0,0,0,.---,0,"0-3 | 2 BB, K",0,1,1,0,0,0,0,1,2,0,0,0,3,0,0,0,4,0,0,0,-.--
119,660271,746896,2,5,2,0,0,.---,0,"2-4 | BB, K, R",1,0,1,1,0,0,0,1,1,0,2,0,4,0,0,0,1,0,0,0,-.--
119,518692,746896,3,5,0,0,0,.---,0,0-5 | 2 K,1,1,2,0,0,0,0,2,0,0,0,0,5,1,0,0,6,0,0,0,-.--
119,606192,746896,4,5,0,0,0,.---,0,"0-4 | BB, 3 K, R",0,0,1,1,0,0,0,3,1,0,0,0,4,0,0,0,3,0,0,0,-.--
119,571970,746896,5,4,3,0,0,.---,0,"2-4 | 2B, 2 K, 2 RBI",0,0,0,0,1,0,0,2,0,0,2,0,4,0,0,2,2,0,0,0,-.--
119,571771,746896,6,3,1,0,0,.---,0,1-3,1,1,1,0,0,0,0,0,0,0,1,0,3,0,0,0,2,0,0,0,-.--
119,621035,746896,7,4,0,0,0,.---,0,"0-4 | K, R",1,1,2,1,0,0,0,1,0,0,0,0,4,0,0,0,2,0,0,0,-.--
119,500743,746896,8,4,2,0,0,.---,0,"2-4 | 2 K, RBI",0,0,0,0,0,0,0,2,0,0,2,0,4,0,0,1,1,0,0,0,-.--
119,605131,746896,9,4,2,0,0,.---,0,"2-4 | K, R",0,0,1,1,0,0,0,1,0,0,2,0,4,0,0,0,3,0,0,0,-.--
112,664023,746896,1,5,2,0,0,.---,0,"1-4 | 2B, BB, 2 K",0,0,1,0,1,0,0,2,1,0,1,0,4,0,0,0,2,0,0,0,-.--
112,673548,746896,2,4,0,0,0,.---,0,"0-3 | BB, 2 K",0,1,0,0,0,0,0,2,1,0,0,0,3,0,0,0,2,0,0,0,-.--
112,641355,746896,3,4,2,0,0,.---,0,2-4 | K,1,0,1,0,0,0,0,1,0,0,2,0,4,0,0,0,3,0,0,0,-.--
112,666624,746896,4,4,1,0,0,.---,0,1-4 | 2 K,0,1,0,0,0,0,0,2,0,0,1,0,4,1,0,0,4,0,0,0,-.--
112,621020,746896,5,4,1,0,0,.---,0,"1-4 | 2 K, R",0,1,0,1,0,0,0,2,0,0,1,0,4,0,0,0,4,0,0,0,-.--
112,683737,746896,6,4,2,0,0,.---,0,"1-4 | 2B, 2 K",0,1,0,0,1,0,0,2,0,0,1,0,4,0,0,0,4,0,0,0,-.--
112,663538,746896,7,4,0,0,0,.---,0,0-4 | 2 K,1,0,2,0,0,0,0,2,0,0,0,0,4,0,0,0,3,0,0,0,-.--
112,663611,746896,8,2,0,0,0,.---,0,0-2 | K,0,1,0,0,0,0,0,1,0,0,0,0,2,0,0,0,0,0,0,0,-.--
112,543228,746896,9,3,2,0,0,.---,0,1-3 | 2B,0,2,0,0,1,0,0,0,0,0,1,0,3,0,0,0,0,0,0,0,-.--
110,683002,745522,1,5,0,0,2,1,0,"0-4 | BB, 2 SB",2,1,3,0,0,0,0,0,1,0,0,0,4,0,0,0,2,0,0,0,-.--
110,668939,745522,2,5,0,0,0,.---,0,"0-3 | BB, RBI",2,0,4,0,0,0,0,0,1,0,0,0,3,0,0,1,2,0,1,0,-.--
110,663624,745522,3,5,0,0,0,.---,0,0-5 | 2 K,0,3,0,0,0,0,0,2,0,0,0,0,5,0,0,0,3,0,0,0,-.--
110,623993,745522,4,5,0,0,0,.---,0,"0-4 | BB, 2 K, R",0,0,2,1,0,0,0,2,1,0,0,0,4,0,0,0,3,0,0,0,-.--
110,676059,745522,5,5,3,0,0,.---,0,"2-5 | 2B, K, 2 R",1,0,2,2,1,0,0,1,0,0,2,0,5,0,0,0,3,0,0,0,-.--
110,669720,745522,6,3,0,0,0,.---,0,0-3 | RBI,2,1,2,0,0,0,0,0,0,0,0,0,3,0,0,1,1,0,0,0,-.--
110,656775,745522,7,4,0,0,1,1,0,"0-3 | 2 RBI, SB",2,2,2,0,0,0,0,0,0,0,0,0,3,0,0,2,1,0,1,0,-.--
110,543510,745522,8,3,0,0,0,.---,0,0-3,0,2,1,0,0,0,0,0,0,0,0,0,3,0,0,0,0,0,0,0,-.--
110,622761,745522,9,3,2,0,0,.---,0,"1-3 | 2B, K",1,0,1,0,1,0,0,1,0,0,1,0,3,0,0,0,0,0,0,0,-.--
134,665833,745522,1,6,2,0,1,1,0,"2-6 | K, RBI, SB",0,2,1,0,0,0,0,1,0,0,2,0,6,0,0,1,2,0,0,0,-.--
134,668804,745522,2,5,0,0,0,.---,0,"0-4 | BB, K, R",2,1,2,1,0,0,0,1,1,0,0,0,4,0,0,0,0,0,0,0,-.--
134,656582,745522,3,5,1,0,1,1,0,"1-5 | K, SB",0,2,1,0,0,0,0,1,0,0,1,0,5,0,0,0,2,0,0,0,-.--
134,669261,745522,4,5,1,0,0,.---,0,"1-4 | BB, K",2,0,2,0,0,0,0,1,1,0,1,0,4,0,0,0,2,0,0,0,-.--
134,658668,745522,5,5,2,0,0,.---,0,"1-4 | 2B, BB, RBI",1,1,2,1,1,0,0,0,1,0,1,0,4,0,0,1,3,0,0,0,-.--
134,642133,745522,6,5,3,0,0,.---,0,"3-4 | BB, RBI, R",0,0,1,1,0,0,0,0,1,0,3,0,4,0,0,1,3,0,0,0,-.--
134,669707,745522,7,5,1,0,0,.---,0,1-5 | 2 K,0,2,0,0,0,0,0,2,0,0,1,0,5,0,0,0,7,0,0,0,-.--
134,663698,745522,8,5,6,0,0,.---,0,"2-5 | HR, 2B, 2 K",0,1,0,1,1,0,1,2,0,0,2,0,5,0,0,2,7,0,0,0,5
134,675961,745522,9,3,0,0,0,.---,0,0-3,0,1,2,0,0,0,0,0,0,0,0,0,3,0,0,0,4,0,0,0,-.--
143,656941,744873,1,5,0,0,0,.---,0,0-5 | 3 K,0,2,0,0,0,0,0,3,0,0,0,0,5,0,0,0,2,0,0,0,-.--
143,607208,744873,2,4,3,0,1,1,0,"2-4 | 2B, K, R",0,1,0,1,1,0,0,1,0,0,2,0,4,0,0,0,0,0,0,0,-.--
143,547180,744873,3,4,1,0,0,.---,0,"1-3 | BB, K, R",1,0,1,1,0,0,0,1,1,1,1,0,3,0,0,0,1,0,0,0,-.--
143,592663,744873,4,4,5,1,0,0,0,"2-4 | HR, K, 3 RBI",0,1,0,2,0,0,1,1,0,0,2,0,4,0,0,3,2,0,0,0,4
143,664761,744873,5,4,3,0,0,.---,0,"1-3 | 3B, BB, K",0,1,0,0,0,1,0,1,1,0,1,0,3,0,0,1,1,0,0,0,-.--
143,681082,744873,6,4,1,0,1,1,0,"1-4 | R, SB",0,3,0,1,0,0,0,0,0,0,1,0,4,0,0,0,2,0,0,0,-.--
143,592206,744873,7,4,1,0,0,.---,0,1-3 | BB,1,1,1,0,0,0,0,0,1,0,1,0,3,0,0,0,1,0,0,0,-.--
143,669016,744873,8,4,1,0,0,.---,0,1-4 | RBI,1,2,1,0,0,0,0,0,0,0,1,0,4,0,0,1,3,0,0,0,-.--
143,679032,744873,9,4,0,0,0,.---,0,0-4 | K,1,1,2,0,0,0,0,1,0,0,0,0,4,0,0,0,4,0,0,0,-.--
120,657041,744873,1,4,2,0,1,1,0,"2-3 | BB, R, SB",0,1,0,1,0,0,0,0,1,0,2,0,3,0,0,0,0,0,0,0,-.--
120,608841,744873,2,4,0,0,0,.---,0,0-4 | 2 K,0,2,0,0,0,0,0,2,0,0,0,0,4,0,0,0,3,0,0,0,-.--
120,608336,744873,3,4,4,0,0,.---,0,"1-4 | HR, K, 2 RBI",1,0,2,1,0,0,1,1,0,0,1,0,4,0,0,2,2,0,0,0,4
120,660688,744873,4,4,0,0,0,.---,0,0-4 | K,1,2,1,0,0,0,0,1,0,0,0,0,4,0,0,0,1,0,0,0,-.--
120,608385,744873,5,4,0,0,0,.---,0,"0-2 | BB, HBP, K",0,1,0,0,0,0,0,1,1,0,0,1,2,0,0,0,0,0,0,0,-.--
120,545121,744873,6,4,1,0,0,.---,0,1-4,1,2,1,0,0,0,0,0,0,0,1,0,4,0,0,0,2,0,0,0,-.--
120,702358,744873,7,4,0,0,0,.---,0,0-4 | K,1,2,1,0,0,0,0,1,0,0,0,0,4,0,0,0,3,0,0,0,-.--
120,696285,744873,8,2,0,0,0,.---,0,0-2,0,1,1,0,0,0,0,0,0,0,0,0,2,0,0,0,1,0,0,0,-.--
120,683083,744873,9,2,0,1,0,0,0,0-2 | CS,0,2,0,0,0,0,0,0,0,0,0,0,2,0,0,0,0,0,0,0,-.--
121,607043,746731,1,5,3,0,0,.---,0,"2-4 | 2B, BB, K",1,0,1,0,1,0,0,1,1,0,2,0,4,0,0,2,1,0,0,0,-.--
121,596019,746731,2,5,0,0,0,.---,0,0-5,3,2,3,0,0,0,0,0,0,0,0,0,5,0,0,0,5,0,0,0,-.--
121,624413,746731,3,5,0,0,0,.---,0,"0-5 | K, R",2,2,2,1,0,0,0,1,0,0,0,0,5,0,0,0,3,0,0,0,-.--
121,683146,746731,4,5,2,0,0,.---,0,"2-5 | K, RBI, R",1,1,1,1,0,0,0,1,0,0,2,0,5,0,0,1,0,0,0,0,-.--
121,516782,746731,5,5,2,0,2,1,0,"2-4 | BB, 2 R, 2 SB",0,1,1,2,0,0,0,0,1,0,2,0,4,0,0,0,1,0,0,0,-.--
121,621438,746731,6,4,2,0,0,.---,0,"1-4 | 2B, 2 K, RBI",0,1,0,0,1,0,0,2,0,0,1,0,4,0,0,1,3,0,0,0,-.--
121,643446,746731,7,4,0,0,0,.---,0,"0-3 | HBP, R",2,0,3,1,0,0,0,0,0,0,0,1,3,0,0,0,2,0,0,0,-.--
121,664056,746731,8,4,1,0,0,.---,0,1-4 | 2 K,0,1,0,0,0,0,0,2,0,0,1,0,4,0,0,0,3,0,0,0,-.--
121,553882,746731,9,4,3,0,0,.---,0,"3-4 | 2 RBI, R",0,0,1,1,0,0,0,0,0,0,3,0,4,0,0,2,1,0,0,0,-.--
113,663697,746731,1,5,0,0,0,.---,0,"0-3 | 2 BB, K, RBI",0,1,1,0,0,0,0,1,2,0,0,0,3,0,0,1,0,0,0,0,-.--
113,666181,746731,2,5,3,0,0,.---,0,"1-5 | 3B, 2 K",0,2,0,0,0,1,0,2,0,0,1,0,5,0,0,0,6,0,0,0,-.--
113,687952,746731,3,5,0,0,0,.---,0,"0-4 | K, RBI",2,1,3,0,0,0,0,1,0,0,0,0,4,0,0,1,1,0,1,0,-.--
113,600869,746731,4,4,2,0,0,.---,0,"1-3 | 2B, BB, R",0,2,0,1,1,0,0,0,1,0,1,0,3,0,0,0,0,0,0,0,-.--
113,641584,746731,5,4,0,0,0,.---,0,"0-4 | 2 K, R",0,1,1,1,0,0,0,2,0,0,0,0,4,0,0,0,1,0,0,0,-.--
113,682829,746731,6,4,1,0,1,1,0,"1-3 | BB, K, 2 RBI",0,1,0,3,0,0,0,1,1,0,1,0,3,0,0,2,0,0,0,0,-.--
113,668715,746731,7,4,5,0,1,1,0,"2-3 | HR, HBP, 3 RBI",0,1,0,2,0,0,1,0,0,0,2,1,3,0,0,3,0,0,0,0,3
113,605361,746731,8,2,0,0,0,.---,0,0-2 | K,0,0,1,0,0,0,0,1,0,0,0,0,2,0,0,0,2,0,0,0,-.--
113,663886,746731,9,4,1,0,0,.---,0,"1-3 | BB, 2 K",0,0,0,0,0,0,0,2,1,0,1,0,3,0,0,0,1,0,0,0,-.--
117,514888,745031,1,5,4,0,0,.---,1,"3-5 | 2B, K",0,1,0,0,1,0,0,1,0,0,3,0,5,0,0,0,0,0,0,0,-.--
117,670541,745031,2,5,2,0,0,.---,0,"2-4 | BB, K, R",0,0,1,1,0,0,0,1,1,0,2,0,4,0,0,0,0,0,0,0,-.--
117,663656,745031,3,5,3,0,0,.---,0,"2-5 | 2B, R",3,0,3,1,1,0,0,0,0,0,2,0,5,0,0,0,4,0,0,0,-.--
117,608324,745031,4,4,1,0,0,.---,0,"1-3 | BB, K",1,0,1,0,0,0,0,1,1,0,1,0,3,0,0,0,0,0,0,0,-.--
117,673237,745031,5,4,0,0,0,.---,0,0-4,0,3,1,0,0,0,0,0,0,0,0,0,4,0,0,0,3,0,0,0,-.--
117,676801,745031,6,4,0,0,0,.---,0,"0-2 | 2 BB, K",0,1,0,0,0,0,0,1,2,0,0,0,2,0,0,0,0,0,0,0,-.--
117,547989,745031,7,4,0,0,0,.---,0,0-4 | 2 K,0,0,2,0,0,0,0,2,0,0,0,0,4,0,0,0,4,0,0,0,-.--
117,665161,745031,8,4,0,0,0,.---,0,0-4,2,1,3,0,0,0,0,0,0,0,0,0,4,0,0,0,0,0,0,0,-.--
117,676694,745031,9,3,0,0,0,.---,0,0-3 | K,1,1,1,0,0,0,0,1,0,0,0,0,3,0,0,0,0,0,0,0,-.--
140,543760,745031,1,5,2,0,0,.---,0,"2-5 | RBI, R",2,1,2,1,0,0,0,0,0,0,2,0,5,0,0,1,3,0,0,0,-.--
140,608369,745031,2,5,2,0,0,.---,0,"2-3 | 2 BB, RBI, R",0,1,0,1,0,0,0,0,2,0,2,0,3,0,0,1,0,0,0,0,-.--
140,694671,745031,3,5,3,0,0,.---,0,"2-5 | 2B, K, RBI",2,0,2,1,1,0,0,1,0,0,2,0,5,0,0,1,4,0,0,0,-.--
140,666969,745031,4,5,1,0,0,.---,0,"1-5 | K, RBI",3,0,3,0,0,0,0,1,0,0,1,0,5,0,0,1,3,0,0,0,-.--
140,694497,745031,5,5,5,0,0,.---,0,"3-5 | 2 2B, K, R",0,0,1,1,2,0,0,1,0,0,3,0,5,0,0,0,1,0,0,0,-.--
140,665120,745031,6,5,1,0,0,.---,0,"1-4 | BB, 2 K, R",0,1,0,1,0,0,0,2,1,0,1,0,4,0,0,0,5,0,0,0,-.--
140,641680,745031,7,5,1,0,0,.---,0,"1-5 | 2 K, RBI",1,1,1,0,0,0,0,2,0,0,1,0,5,0,0,1,4,0,0,0,-.--
140,669701,745031,8,4,1,0,0,.---,0,"1-3 | BB, K",0,0,1,0,0,0,0,1,1,0,1,0,3,0,0,0,1,0,0,0,-.--
140,665750,745031,9,4,3,0,1,1,0,"2-4 | 2B, RBI, 2 R",0,1,1,2,1,0,0,0,0,0,2,0,4,0,0,1,3,0,0,0,-.--
141,543807,745766,1,6,3,0,0,.---,0,"2-5 | 2B, BB, K",1,0,2,0,1,0,0,1,1,0,2,0,5,0,0,0,2,0,0,0,-.--
141,665489,745766,2,5,4,0,0,.---,0,"1-4 | HR, BB, RBI",0,1,2,1,0,0,1,0,1,0,1,0,4,0,0,1,5,0,0,0,4
141,666182,745766,3,5,3,0,0,.---,0,"2-4 | 2B, BB, K",0,1,0,1,1,0,0,1,1,0,2,0,4,0,0,0,2,0,0,0,-.--
141,457759,745766,4,5,1,0,0,.---,0,"1-3 | BB, K, RBI",0,1,1,2,0,0,0,1,1,0,1,0,3,0,0,1,2,0,1,0,-.--
141,596129,745766,5,5,2,0,0,.---,0,"1-4 | 2B, BB, 2 K",1,0,1,0,1,0,0,2,1,0,1,0,4,0,0,1,3,0,0,0,-.--
141,676391,745766,6,5,4,0,0,.---,0,"2-4 | 2 2B, RBI, 2 R",1,1,2,2,2,0,0,0,0,0,2,0,4,0,0,1,3,0,1,0,-.--
141,662139,745766,7,3,0,0,0,.---,0,0-3 | K,1,1,1,0,0,0,0,1,0,0,0,0,3,0,0,0,2,0,0,0,-.--
141,661531,745766,8,3,0,0,0,.---,0,"0-1 | BB, HBP",0,1,0,0,0,0,0,0,1,0,0,1,1,0,0,0,1,0,0,0,-.--
141,595281,745766,9,3,1,0,0,.---,0,"1-3 | RBI, R",0,2,0,1,0,0,0,0,0,0,1,0,3,0,0,1,2,0,0,0,-.--
147,650402,745766,1,5,2,0,1,1,0,"1-3 | 2B, BB, RBI",2,1,2,1,1,0,0,0,1,0,1,0,3,0,0,1,0,0,1,0,-.--
147,665742,745766,2,5,2,0,0,.---,0,"2-3 | 2 BB, 2 RBI, R",0,1,0,1,0,0,0,0,2,0,2,0,3,0,0,2,0,0,0,0,-.--
147,592450,745766,3,5,5,0,0,.---,0,"2-3 | HR, 2 BB, K",0,0,0,2,0,0,1,1,2,0,2,0,3,0,0,2,2,0,0,0,3
147,519203,745766,4,5,4,0,0,.---,0,"1-5 | HR, K, 2 RBI",1,0,3,1,0,0,1,1,0,0,1,0,5,0,0,2,6,0,0,0,5
147,519317,745766,5,4,6,0,0,.---,0,"3-4 | HR, RBI, R",0,1,0,1,0,0,1,0,0,0,3,0,4,0,0,1,0,0,0,0,4
147,657077,745766,6,4,0,0,0,.---,0,0-3 | BB,1,2,1,0,0,0,0,0,1,0,0,0,3,1,0,0,2,0,0,0,-.--
147,683011,745766,7,4,0,0,1,1,0,"0-3 | K, R, SB",0,1,1,1,0,0,0,1,0,0,0,0,3,0,0,0,2,0,0,1,-.--
147,669224,745766,8,4,0,0,0,.---,0,"0-3 | BB, K, R",2,0,2,1,0,0,0,1,1,0,0,0,3,0,0,0,2,0,0,0,-.--
147,665828,745766,9,4,1,0,0,.---,0,"1-4 | K, R",0,1,1,1,0,0,0,1,0,0,1,0,4,0,0,0,0,0,0,0,-.--
145,643217,746329,1,4,0,0,0,.---,0,0-4 | K,1,1,2,0,0,0,0,1,0,0,0,0,4,0,0,0,1,0,0,0,-.--
145,660162,746329,2,4,0,0,0,.---,0,"0-3 | BB, 3 K",0,0,0,0,0,0,0,3,1,0,0,0,3,0,0,0,1,0,0,0,-.--
145,683734,746329,3,4,0,0,0,.---,0,0-4 | 2 K,0,2,0,0,0,0,0,2,0,0,0,0,4,0,0,0,1,0,0,0,-.--
145,657757,746329,4,3,0,0,0,.---,0,0-3 | K,0,1,1,0,0,0,0,1,0,0,0,0,3,0,0,0,1,0,0,0,-.--
145,607680,746329,5,3,0,0,0,.---,0,0-3 | K,0,1,1,0,0,0,0,1,0,0,0,0,3,0,0,0,0,0,0,0,-.--
145,657557,746329,6,3,2,0,0,.---,0,1-3 | 2B,0,1,1,0,1,0,0,0,0,0,1,0,3,0,0,0,0,0,0,0,-.--
145,672820,746329,7,3,1,0,0,.---,0,1-3 | K,0,1,0,0,0,0,0,1,0,0,1,0,3,0,0,0,1,0,0,0,-.--
145,666150,746329,8,3,0,0,0,.---,0,"0-2 | BB, K",0,1,0,0,0,0,0,1,1,0,0,0,2,1,0,0,1,0,0,0,-.--
145,455117,746329,9,2,2,0,0,.---,0,1-2 | 2B,1,0,1,0,1,0,0,0,0,0,1,0,2,0,0,0,0,0,0,0,-.--
118,672580,746329,1,4,2,0,0,.---,0,2-4 | RBI,0,1,1,0,0,0,0,0,0,0,2,0,4,0,0,1,0,0,0,0,-.--
118,677951,746329,2,4,2,0,0,.---,0,2-4 | K,0,1,0,0,0,0,0,1,0,0,2,0,4,0,0,0,3,0,0,0,-.--
118,686469,746329,3,4,0,0,0,.---,0,0-4 | K,0,1,2,0,0,0,0,1,0,0,0,0,4,0,0,0,6,0,0,0,-.--
118,521692,746329,4,4,1,0,0,.---,0,1-4 | R,1,1,2,1,0,0,0,0,0,0,1,0,4,1,0,0,2,0,0,0,-.--
118,669004,746329,5,4,4,0,0,.---,0,"1-4 | HR, K, 2 RBI",0,2,0,1,0,0,1,1,0,0,1,0,4,0,0,2,0,0,0,0,4
118,676369,746329,6,4,3,0,0,.---,1,"2-4 | 2B, K",0,1,0,0,1,0,0,1,0,0,2,0,4,0,0,0,0,0,0,0,-.--
118,679845,746329,7,3,0,0,0,.---,0,0-1 | 2 BB,0,0,1,0,0,0,0,0,2,0,0,0,1,0,0,0,0,0,0,0,-.--
118,641658,746329,8,4,1,0,0,.---,0,1-4 | 3 K,0,0,0,0,0,0,0,3,0,0,1,0,4,0,0,0,3,0,0,0,-.--
118,664728,746329,9,3,1,0,0,.---,0,1-3 | K,1,0,1,0,0,0,0,1,0,0,1,0,3,0,0,0,0,0,0,0,-.--
136,641487,746006,1,5,1,0,0,.---,0,"1-5 | 2 K, R",0,0,2,1,0,0,0,2,0,0,1,0,5,0,0,0,1,0,0,0,-.--
136,677594,746006,2,5,2,0,0,.---,0,"2-5 | 2 K, RBI",0,1,0,0,0,0,0,2,0,0,2,0,5,0,0,1,0,0,0,0,-.--
136,593871,746006,3,4,4,0,0,.---,0,"1-4 | HR, 2 RBI, 2 R",2,1,2,2,0,0,1,0,0,0,1,0,4,0,0,2,2,0,0,0,4
136,571745,746006,4,4,2,0,0,.---,0,2-3 | BB,0,1,0,0,0,0,0,0,1,0,2,0,3,0,0,0,1,0,0,0,-.--
136,641598,746006,5,4,1,0,0,.---,0,"1-4 | 2 K, RBI",0,0,1,0,0,0,0,2,0,0,1,0,4,0,0,1,2,0,0,0,-.--
136,663728,746006,6,4,0,0,0,.---,0,0-4,1,2,2,0,0,0,0,0,0,0,0,0,4,1,0,0,3,0,0,0,-.--
136,664238,746006,7,4,1,1,1,0.5,0,"1-2 | 2 BB, K, SB",0,0,0,0,0,0,0,1,2,0,1,0,2,0,0,0,1,0,0,0,-.--
136,649966,746006,8,4,4,0,0,.---,0,"1-4 | HR, 2 K, RBI",0,1,0,1,0,0,1,2,0,0,1,0,4,0,0,1,2,0,0,0,4
136,669392,746006,9,2,1,0,0,.---,0,"1-2 | K, R",0,0,0,1,0,0,0,1,0,0,1,0,2,0,0,0,1,0,0,0,-.--
158,686217,746006,1,4,0,0,0,.---,0,0-4,1,2,2,0,0,0,0,0,0,0,0,0,4,0,0,0,0,0,0,0,-.--
158,661388,746006,2,4,3,0,0,.---,0,"2-3 | 2B, BB, K",0,0,0,1,1,0,0,1,1,0,2,0,3,0,0,0,0,0,0,0,-.--
158,592885,746006,3,4,0,0,0,.---,0,0-3 | BB,0,2,1,0,0,0,0,0,1,0,0,0,3,0,0,0,2,0,0,0,-.--
158,642715,746006,4,4,1,0,0,.---,0,"1-3 | BB, K",0,1,0,0,0,0,0,1,1,0,1,0,3,0,0,0,1,0,0,0,-.--
158,686554,746006,5,3,0,0,0,.---,0,"0-2 | BB, K",0,0,1,0,0,0,0,1,1,0,0,0,2,0,0,0,2,0,0,0,-.--
158,641343,746006,6,3,0,0,0,.---,0,0-3 | K,0,0,2,0,0,0,0,1,0,0,0,0,3,0,0,0,2,0,0,0,-.--
158,596142,746006,7,4,0,0,0,.---,0,0-4,1,2,2,0,0,0,0,0,0,0,0,0,4,0,0,0,2,0,0,0,-.--
158,668930,746006,8,4,1,0,0,.---,0,"1-4 | 2 K, R",0,1,0,1,0,0,0,2,0,0,1,0,4,0,0,0,0,0,0,0,-.--
158,694192,746006,9,4,4,0,0,.---,0,"1-4 | HR, 2 K, 2 RBI",0,1,0,1,0,0,1,2,0,0,1,0,4,0,0,2,0,0,0,0,4
109,606466,747140,1,5,6,0,0,.---,0,"2-4 | HR, 2B, BB",0,0,0,1,1,0,1,2,1,1,2,0,4,0,0,2,0,0,0,0,4
109,682998,747140,2,5,1,0,0,.---,0,1-5 | R,2,2,2,1,0,0,0,0,0,0,1,0,5,0,0,0,5,0,0,0,-.--
109,666971,747140,3,5,2,0,0,.---,0,"2-5 | K, R",1,1,1,1,0,0,0,1,0,0,2,0,5,0,0,0,0,0,0,0,-.--
109,572233,747140,4,5,1,0,0,.---,0,"1-5 | K, RBI, R",1,1,2,1,0,0,0,1,0,0,1,0,5,0,0,1,1,0,0,0,-.--
109,553993,747140,5,5,1,0,0,.---,0,"1-3 | BB, HBP, K",0,1,0,2,0,0,0,1,1,0,1,1,3,0,0,0,1,0,0,0,-.--
109,545341,747140,6,4,2,0,0,.---,0,"2-4 | RBI, R",1,1,1,1,0,0,0,0,0,0,2,0,4,0,0,1,1,0,0,0,-.--
109,672515,747140,7,5,1,0,0,.---,0,1-5 | RBI,1,3,1,0,0,0,0,0,0,0,1,0,5,0,0,1,4,0,0,0,-.--
109,664983,747140,8,4,3,0,0,.---,0,"2-4 | 2B, 2 RBI, R",0,2,0,1,1,0,0,0,0,0,2,0,4,0,0,2,1,0,0,0,-.--
109,677942,747140,9,4,0,0,0,.---,0,0-4 | K,1,2,1,0,0,0,0,1,0,0,0,0,4,0,0,0,5,0,0,0,-.--
144,660670,747140,1,5,2,0,0,.---,0,"2-5 | 2 K, RBI, 2 R",0,1,0,2,0,0,0,2,0,0,2,0,5,0,0,1,2,0,0,0,-.--
144,645277,747140,2,5,0,0,0,.---,0,0-5 | 2 K,1,2,1,0,0,0,0,2,0,0,0,0,5,0,0,0,3,0,0,0,-.--
144,663586,747140,3,5,4,0,0,.---,0,"3-5 | 2B, RBI, 2 R",1,1,1,2,1,0,0,0,0,0,3,0,5,0,0,1,2,0,0,0,-.--
144,621566,747140,4,5,3,0,0,.---,0,"2-3 | 2B, 2 BB, RBI",0,0,1,2,1,0,0,0,2,0,2,0,3,0,0,1,2,0,0,0,-.--
144,542303,747140,5,5,7,0,0,.---,0,"3-5 | HR, 2B, K",0,0,1,2,1,0,1,1,0,0,3,0,5,0,0,4,3,0,0,0,5
144,671739,747140,6,5,4,0,0,.---,0,"2-5 | 3B, 2 K, 2 RBI",0,0,1,0,0,1,0,2,0,0,2,0,5,0,0,2,3,0,0,0,-.--
144,606115,747140,7,4,0,0,0,.---,0,0-4 | K,1,1,2,0,0,0,0,1,0,0,0,0,4,0,0,0,4,0,0,0,-.--
144,518595,747140,8,4,0,0,0,.---,0,0-4 | K,0,3,0,0,0,0,0,1,0,0,0,0,4,0,0,0,3,0,0,0,-.--
144,672284,747140,9,4,4,0,0,.---,0,"3-4 | 2B, K, R",0,0,0,1,1,0,0,1,0,0,3,0,4,0,0,0,1,0,0,0,-.--
139,650490,746575,1,5,1,0,0,.---,0,"1-5 | K, 2 RBI",0,3,0,0,0,0,0,1,0,0,1,0,5,0,0,2,2,0,0,0,-.--
139,664040,746575,2,5,1,0,0,.---,0,"1-4 | BB, K, R",0,1,1,1,0,0,0,1,1,0,1,0,4,0,0,0,3,0,0,0,-.--
139,668227,746575,3,5,0,0,0,.---,0,0-5 | 3 K,0,2,0,0,0,0,0,3,0,0,0,0,5,0,0,0,3,0,0,0,-.--
139,670623,746575,4,5,5,0,0,.---,0,"2-5 | HR, 2 K, 2 RBI",0,0,1,1,0,0,1,2,0,0,2,0,5,0,0,2,1,0,0,0,5
139,680700,746575,5,5,1,0,0,.---,0,"1-4 | BB, K, 2 R",0,2,0,2,0,0,0,1,1,0,1,0,4,0,0,0,1,0,0,0,-.--
139,623912,746575,6,4,3,0,0,.---,0,"2-4 | 2B, RBI, 2 R",0,2,0,2,1,0,0,0,0,0,2,0,4,0,0,1,0,0,0,0,-.--
139,642708,746575,7,4,1,0,1,1,0,"1-4 | 2 K, RBI, R",0,1,0,1,0,0,0,2,0,0,1,0,4,0,0,1,2,0,0,0,-.--
139,666163,746575,8,4,2,0,0,.---,0,"1-3 | 2B, BB, K",0,1,0,1,1,0,0,1,1,0,1,0,3,0,0,2,0,0,0,0,-.--
139,642350,746575,9,4,0,0,2,1,0,"0-2 | 2 BB, K, 2 SB",0,1,0,0,0,0,0,1,2,0,0,0,2,0,0,0,1,0,0,0,-.--
115,453568,746575,1,5,1,0,0,.---,0,1-5,1,1,3,0,0,0,0,0,0,0,1,0,5,0,0,0,1,0,0,0,-.--
115,663898,746575,2,5,1,0,0,.---,0,1-5 | R,1,2,2,1,0,0,0,0,0,0,1,0,5,0,0,0,2,0,0,0,-.--
115,666134,746575,3,5,0,0,0,.---,0,"0-4 | BB, 3 K",0,0,1,0,0,0,0,3,1,0,0,0,4,0,0,0,2,0,0,0,-.--
115,553869,746575,4,5,2,0,0,.---,0,"2-5 | K, RBI",1,0,2,0,0,0,0,1,0,0,2,0,5,0,0,1,0,0,0,0,-.--
115,641857,746575,5,4,4,0,0,.---,0,"1-3 | HR, BB, K",0,0,1,1,0,0,1,1,1,0,1,0,3,0,0,1,2,0,0,0,3
115,660707,746575,6,4,1,0,0,.---,0,1-4,0,2,1,0,0,0,0,0,0,0,1,0,4,1,0,0,3,0,0,0,-.--
115,678662,746575,7,4,3,0,1,1,0,"2-3 | 2B, BB, 2 R",1,0,1,2,1,0,0,0,1,0,2,0,3,0,0,0,1,0,0,0,-.--
115,669911,746575,8,4,4,0,0,.---,0,"1-4 | HR, 2 K, 2 RBI",0,0,1,1,0,0,1,2,0,0,1,0,4,0,0,2,2,0,0,0,4
115,686668,746575,9,4,6,0,0,.---,0,"2-4 | HR, 2B, K",1,0,1,1,1,0,1,1,0,0,2,0,4,0,0,2,0,0,0,0,4
135,593428,745359,1,4,1,0,0,.---,0,1-4 | R,0,2,1,1,0,0,0,0,0,0,1,0,4,0,0,0,0,0,0,0,-.--
135,665487,745359,2,4,1,0,0,.---,0,1-4,1,2,1,0,0,0,0,0,0,0,1,0,4,0,0,0,1,0,0,0,-.--
135,630105,745359,3,4,0,0,0,.---,0,"0-3 | BB, 2 K",0,0,1,0,0,0,0,2,1,0,0,0,3,0,0,0,2,0,0,0,-.--
135,592518,745359,4,4,1,0,0,.---,0,1-4 | R,2,1,2,1,0,0,0,0,0,0,1,0,4,1,0,0,1,0,0,0,-.--
135,673490,745359,5,4,0,0,0,.---,0,"0-3 | BB, R",1,1,2,1,0,0,0,0,1,0,0,0,3,0,0,0,0,0,0,0,-.--
135,595777,745359,6,3,4,0,0,.---,0,"1-3 | HR, 4 RBI, R",1,1,1,1,0,0,1,0,0,0,1,0,3,0,0,4,0,0,0,0,3
135,669134,745359,7,3,1,0,0,.---,0,1-3,0,2,0,0,0,0,0,0,0,0,1,0,3,0,0,0,0,0,0,0,-.--
135,642180,745359,8,3,0,0,0,.---,0,0-3,0,2,1,0,0,0,0,0,0,0,0,0,3,0,0,0,1,0,0,0,-.--
135,701538,745359,9,3,0,1,0,0,1,"0-2 | BB, CS",2,0,2,0,0,0,0,0,1,0,0,0,2,0,0,0,0,0,0,0,-.--
137,808982,745359,1,4,0,0,0,.---,0,0-4,0,3,1,0,0,0,0,0,0,0,0,0,4,0,0,0,2,0,0,0,-.--
137,664774,745359,2,3,1,0,0,.---,0,1-3 | K,1,0,1,0,0,0,0,1,0,0,1,0,3,0,0,0,1,0,0,0,-.--
137,624585,745359,3,4,0,0,0,.---,0,0-4,1,1,3,0,0,0,0,0,0,0,0,0,4,0,0,0,3,0,0,0,-.--
137,624424,745359,4,4,0,0,0,.---,0,0-3 | BB,1,1,2,0,0,0,0,0,1,0,0,0,3,0,0,0,1,0,0,0,-.--
137,656305,745359,5,4,0,0,0,.---,0,0-4 | K,2,1,2,0,0,0,0,1,0,0,0,0,4,0,0,0,1,0,0,0,-.--
137,642731,745359,6,4,1,0,0,.---,0,1-4 | K,0,0,2,0,0,0,0,1,0,0,1,0,4,0,0,0,1,0,0,0,-.--
137,573262,745359,7,4,1,0,0,.---,0,1-3 | BB,0,2,0,0,0,0,0,0,1,0,1,0,3,0,0,0,1,0,0,0,-.--
137,608596,745359,8,3,0,0,0,.---,0,0-3 | 2 K,0,1,0,0,0,0,0,2,0,0,0,0,3,0,0,0,3,0,0,0,-.--
137,605113,745359,9,3,1,0,0,.---,0,1-2 | BB,0,1,0,0,0,0,0,0,1,0,1,0,2,0,0,0,0,0,0,0,-.--
111,680776,746248,1,4,1,1,0,0,1,"1-4 | 2 K, RBI, CS",0,0,1,0,0,0,0,2,0,0,1,0,4,0,0,1,0,0,0,0,-.--
111,622569,746248,2,3,0,0,0,.---,0,0-3 | 3 K,0,0,0,0,0,0,0,3,0,0,0,0,3,0,0,0,0,0,0,0,-.--
111,646240,746248,3,4,1,0,0,.---,0,1-4 | K,2,0,2,0,0,0,0,1,0,0,1,0,4,0,0,0,0,0,0,0,-.--
111,641933,746248,4,4,0,0,0,.---,0,"0-3 | BB, K",0,1,1,0,0,0,0,1,1,0,0,0,3,0,0,0,1,0,0,0,-.--
111,666915,746248,5,2,0,0,0,.---,0,0-2 | K,0,1,0,0,0,0,0,1,0,0,0,0,2,0,0,0,2,0,0,0,-.--
111,671213,746248,6,3,0,0,0,.---,0,0-3 | 3 K,0,0,0,0,0,0,0,3,0,0,0,0,3,0,0,0,3,0,0,0,-.--
111,678882,746248,7,2,0,0,0,.---,0,0-2 | 2 K,0,0,0,0,0,0,0,2,0,0,0,0,2,0,0,0,1,0,0,0,-.--
111,657136,746248,8,3,2,0,0,.---,0,"1-3 | 2B, R",2,0,2,1,1,0,0,0,0,0,1,0,3,0,0,0,0,0,0,0,-.--
111,665839,746248,9,3,0,0,0,.---,0,0-3,2,1,2,0,0,0,0,0,0,0,0,0,3,0,0,0,1,0,0,0,-.--
108,543685,746248,1,4,1,1,0,0,0,"1-4 | K, CS",0,1,1,0,0,0,0,1,0,0,1,0,4,0,0,0,2,0,0,0,-.--
108,694384,746248,2,4,0,0,0,.---,0,0-2 | 2 BB,0,1,1,0,0,0,0,0,2,0,0,0,2,0,0,0,0,0,0,0,-.--
108,545361,746248,3,4,0,0,0,.---,0,"0-3 | BB, K",1,0,2,0,0,0,0,1,1,0,0,0,3,0,0,0,5,0,0,0,-.--
108,621493,746248,4,4,0,0,0,.---,0,"0-3 | BB, 2 K",1,0,1,0,0,0,0,2,1,0,0,0,3,0,0,0,3,0,0,0,-.--
108,543305,746248,5,4,0,0,0,.---,0,0-4 | 3 K,0,0,1,0,0,0,0,3,0,0,0,0,4,0,0,0,1,0,0,0,-.--
108,681351,746248,6,4,1,0,0,.---,0,1-4 | K,1,0,2,0,0,0,0,1,0,0,1,0,4,0,0,0,1,0,0,0,-.--
108,650859,746248,7,4,2,0,1,1,0,"2-4 | K, R, SB",0,0,1,1,0,0,0,1,0,0,2,0,4,0,0,0,1,0,0,0,-.--
108,666160,746248,8,4,0,0,0,.---,0,"0-2 | 2 BB, R",1,1,1,1,0,0,0,0,2,0,0,0,2,0,0,0,2,0,0,0,-.--
108,687263,746248,9,4,2,0,1,1,0,"2-4 | K, SB",0,1,0,0,0,0,0,1,0,0,2,0,4,0,0,0,2,0,0,0,-.--
110,683002,745523,1,4,0,0,0,.---,0,0-4 | 3 K,1,0,1,0,0,0,0,3,0,0,0,0,4,0,0,0,1,0,0,0,-.--
110,668939,745523,2,4,1,0,0,.---,0,"1-4 | K, R",0,1,1,1,0,0,0,1,0,0,1,0,4,0,0,0,0,0,0,0,-.--
110,663624,745523,3,4,5,0,0,.---,0,"3-4 | 2 2B, RBI, R",0,1,0,1,2,0,0,0,0,0,3,0,4,0,0,1,0,0,0,0,-.--
110,623993,745523,4,4,1,0,0,.---,0,1-4 | RBI,1,0,3,0,0,0,0,0,0,0,1,0,4,0,0,1,2,0,0,0,-.--
110,676059,745523,5,4,0,0,0,.---,0,0-4,3,0,4,0,0,0,0,0,0,0,0,0,4,0,0,0,2,0,0,0,-.--
110,669720,745523,6,3,0,0,0,.---,0,0-3,0,3,0,0,0,0,0,0,0,0,0,0,3,1,0,0,1,0,0,0,-.--
110,656775,745523,7,3,0,0,0,.---,0,0-3 | K,0,2,0,0,0,0,0,1,0,0,0,0,3,0,0,0,0,0,0,0,-.--
110,543510,745523,8,3,0,0,0,.---,0,0-3 | K,1,0,2,0,0,0,0,1,0,0,0,0,3,0,0,0,0,0,0,0,-.--
110,622761,745523,9,3,2,0,0,.---,0,1-3 | 2B,0,1,1,0,1,0,0,0,0,0,1,0,3,0,0,0,0,0,0,0,-.--
134,665833,745523,1,4,2,0,0,.---,0,"1-4 | 2B, K",1,1,1,0,1,0,0,1,0,0,1,0,4,0,0,0,1,0,0,0,-.--
134,668804,745523,2,4,0,0,0,.---,0,0-4 | K,2,1,2,0,0,0,0,1,0,0,0,0,4,0,0,0,1,0,0,0,-.--
134,663647,745523,3,4,2,0,0,.---,0,2-4,0,2,0,0,0,0,0,0,0,0,2,0,4,0,0,0,0,0,0,0,-.--
134,669261,745523,4,4,1,0,0,.---,0,1-4 | R,0,1,2,1,0,0,0,0,0,0,1,0,4,0,0,0,1,0,0,0,-.--
134,656582,745523,5,4,0,0,0,.---,0,"0-3 | BB, K, R",1,0,2,1,0,0,0,1,1,0,0,0,3,0,0,0,0,0,0,0,-.--
134,642133,745523,6,4,0,0,0,.---,0,0-4 | K,0,2,1,0,0,0,0,1,0,0,0,0,4,0,0,0,3,0,0,0,-.--
134,658668,745523,7,4,2,0,0,.---,0,"2-4 | RBI, R",0,1,1,1,0,0,0,0,0,0,2,0,4,0,0,1,1,0,0,0,-.--
134,669707,745523,8,3,1,0,0,.---,0,1-3 | K,0,1,0,0,0,0,0,1,0,0,1,0,3,0,0,0,2,0,0,0,-.--
134,680779,745523,9,3,0,0,0,.---,0,"0-2 | K, RBI",1,0,2,0,0,0,0,1,0,0,0,0,2,0,0,1,1,0,1,0,-.--
143,656941,744871,1,4,1,1,0,0,0,"1-3 | BB, CS",0,2,0,0,0,0,0,0,1,0,1,0,3,0,0,0,0,0,0,0,-.--
143,607208,744871,2,4,0,0,0,.---,0,0-4 | 3 K,1,0,1,0,0,0,0,3,0,0,0,0,4,0,0,0,1,0,0,0,-.--
143,547180,744871,3,4,1,0,0,.---,0,1-4,1,0,3,0,0,0,0,0,0,0,1,0,4,0,0,0,1,0,0,0,-.--
143,592663,744871,4,4,0,0,0,.---,0,0-3 | BB,0,1,2,0,0,0,0,0,1,0,0,0,3,0,0,0,1,0,0,0,-.--
143,664761,744871,5,4,0,0,0,.---,0,"0-3 | BB, 2 K",0,1,0,0,0,0,0,2,1,0,0,0,3,0,0,0,1,0,0,0,-.--
143,592206,744871,6,3,0,0,0,.---,0,0-3 | K,1,1,1,0,0,0,0,1,0,0,0,0,3,1,0,0,1,0,0,0,-.--
143,593160,744871,7,3,1,0,1,1,0,"1-3 | K, R, SB",1,0,1,1,0,0,0,1,0,0,1,0,3,0,0,0,0,0,0,0,-.--
143,624641,744871,8,2,5,0,0,.---,0,"2-2 | HR, 2 RBI, R",0,0,0,1,0,0,1,0,0,0,2,0,2,0,0,2,0,0,0,0,2
143,665506,744871,9,2,0,0,0,.---,0,0-2 | K,1,0,1,0,0,0,0,1,0,0,0,0,2,0,0,0,1,0,0,0,-.--
120,696285,744871,1,4,1,0,1,1,0,"1-3 | BB, SB",0,1,1,0,0,0,0,0,1,0,1,0,3,0,0,0,0,0,0,0,-.--
120,608385,744871,2,4,0,0,0,.---,0,0-4,1,3,1,0,0,0,0,0,0,0,0,0,4,0,0,0,4,0,0,0,-.--
120,657041,744871,3,4,2,0,3,1,0,"2-3 | BB, 2 R, 3 SB",0,0,1,2,0,0,0,0,1,0,2,0,3,0,0,0,1,0,0,0,-.--
120,608336,744871,4,4,0,0,1,1,0,"0-3 | BB, K, SB",0,0,2,0,0,0,0,1,1,0,0,0,3,0,0,0,3,0,0,0,-.--
120,608841,744871,5,4,2,0,0,.---,0,"2-3 | BB, RBI",1,0,1,0,0,0,0,0,1,0,2,0,3,0,0,1,1,0,0,0,-.--
120,656180,744871,6,4,0,0,0,.---,0,"0-3 | K, RBI",0,2,1,0,0,0,0,1,0,0,0,0,3,0,0,1,2,0,1,0,-.--
120,545121,744871,7,4,3,0,0,.---,0,"2-4 | 2B, K, R",0,0,1,1,1,0,0,1,0,0,2,0,4,0,0,0,3,0,0,0,-.--
120,702358,744871,8,4,0,0,0,.---,0,0-4,0,2,2,0,0,0,0,0,0,0,0,0,4,0,0,0,3,0,0,0,-.--
120,671277,744871,9,4,1,0,0,.---,0,1-4 | RBI,2,1,2,0,0,0,0,0,0,0,1,0,4,0,0,1,1,0,0,0,-.--
109,606466,747141,1,4,0,0,0,.---,0,0-4 | K,2,1,2,0,0,0,0,1,0,0,0,0,4,0,0,0,2,0,0,0,-.--
109,682998,747141,2,4,1,0,0,.---,0,"1-4 | K, R",1,1,1,1,0,0,0,1,0,0,1,0,4,0,0,0,1,0,0,0,-.--
109,666971,747141,3,4,1,0,0,.---,0,1-4 | R,1,1,2,1,0,0,0,0,0,0,1,0,4,0,0,0,0,0,0,0,-.--
109,572233,747141,4,4,2,0,0,.---,0,"2-4 | 2 K, RBI",0,0,0,0,0,0,0,2,0,0,2,0,4,0,0,1,0,0,0,0,-.--
109,553993,747141,5,4,0,0,0,.---,0,0-4 | 3 K,0,0,1,0,0,0,0,3,0,0,0,0,4,0,0,0,2,0,0,0,-.--
109,545341,747141,6,3,0,0,0,.---,0,0-3,1,2,1,0,0,0,0,0,0,0,0,0,3,0,0,0,1,0,0,0,-.--
109,677942,747141,7,3,1,0,0,.---,0,1-3,0,2,0,0,0,0,0,0,0,0,1,0,3,0,0,0,0,0,0,0,-.--
109,571466,747141,8,2,0,0,0,.---,0,0-1 | K,0,1,0,0,0,0,0,1,0,0,0,0,1,0,0,0,0,1,0,0,-.--
109,621028,747141,9,3,0,0,0,.---,0,0-3,0,3,0,0,0,0,0,0,0,0,0,0,3,0,0,0,2,0,0,0,-.--
144,660670,747141,1,4,0,0,0,.---,0,0-4 | 2 K,0,1,1,0,0,0,0,2,0,0,0,0,4,0,0,0,2,0,0,0,-.--
144,645277,747141,2,4,2,0,0,.---,0,"1-4 | 2B, K, R",0,2,0,1,1,0,0,1,0,0,1,0,4,0,0,0,1,0,0,0,-.--
144,663586,747141,3,4,4,0,0,.---,0,"1-4 | HR, 2 K, 2 RBI",0,0,1,1,0,0,1,2,0,0,1,0,4,0,0,2,1,0,0,0,4
144,621566,747141,4,4,4,0,0,.---,0,"1-4 | HR, K, RBI",0,0,2,1,0,0,1,1,0,0,1,0,4,0,0,1,0,0,0,0,4
144,542303,747141,5,4,1,0,0,.---,0,"1-4 | K, R",0,1,1,1,0,0,0,1,0,0,1,0,4,0,0,0,0,0,0,0,-.--
144,671739,747141,6,3,4,0,0,.---,0,"1-3 | HR, RBI, R",1,1,1,1,0,0,1,0,0,0,1,0,3,0,0,1,1,0,0,0,3
144,606115,747141,7,3,1,0,0,.---,0,1-3 | K,0,0,1,0,0,0,0,1,0,0,1,0,3,0,0,0,0,0,0,0,-.--
144,672284,747141,8,3,1,0,0,.---,0,1-3 | K,0,1,0,0,0,0,0,1,0,0,1,0,3,0,0,0,0,0,0,0,-.--
144,644433,747141,9,3,0,0,0,.---,0,"0-2 | K, RBI",1,1,1,0,0,0,0,1,0,0,0,0,2,0,0,1,0,0,1,0,-.--
141,543807,745765,1,5,1,0,0,.---,0,1-5 | R,1,3,1,1,0,0,0,0,0,0,1,0,5,0,0,0,2,0,0,0,-.--
141,665489,745765,2,5,2,0,0,.---,0,"1-4 | 2B, HBP, K",0,2,0,1,1,0,0,1,0,0,1,1,4,0,0,1,2,0,0,0,-.--
141,666182,745765,3,5,2,0,0,.---,0,"1-2 | 2B, 2 BB, HBP",0,0,0,0,1,0,0,1,2,0,1,1,2,0,0,1,0,0,0,0,-.--
141,672386,745765,4,5,0,0,0,.---,0,"0-3 | 2 BB, RBI",0,1,2,0,0,0,0,0,2,0,0,0,3,0,0,1,4,0,0,0,-.--
141,624415,745765,5,5,1,0,0,.---,0,1-5 | 2 K,0,1,1,0,0,0,0,2,0,0,1,0,5,0,0,0,5,0,0,0,-.--
141,676391,745765,6,4,0,0,0,.---,0,0-4 | 2 K,1,1,1,0,0,0,0,2,0,0,0,0,4,0,0,0,3,0,0,0,-.--
141,662139,745765,7,3,0,0,0,.---,0,0-2 | BB,1,0,2,0,0,0,0,0,1,0,0,0,2,0,0,0,0,0,0,0,-.--
141,643396,745765,8,4,1,0,0,.---,0,"1-4 | 3 K, R",0,0,0,1,0,0,0,3,0,0,1,0,4,0,0,0,2,0,0,0,-.--
141,595281,745765,9,4,0,0,0,.---,0,"0-3 | BB, 2 K",0,1,0,0,0,0,0,2,1,0,0,0,3,0,0,0,1,0,0,0,-.--
147,650402,745765,1,5,2,0,0,.---,0,2-5 | 2 K,0,1,0,0,0,0,0,2,0,0,2,0,5,0,0,0,2,0,0,0,-.--
147,665742,745765,2,5,1,0,0,.---,0,"1-3 | BB, K, RBI",0,1,1,1,0,0,0,1,1,0,1,0,3,0,0,1,2,0,1,0,-.--
147,592450,745765,3,5,0,0,0,.---,0,"0-3 | 2 BB, K, R",0,0,2,1,0,0,0,1,2,0,0,0,3,0,0,0,1,0,0,0,-.--
147,519203,745765,4,4,0,0,0,.---,0,"0-1 | 2 BB, HBP, K",0,0,0,1,0,0,0,1,2,0,0,1,1,0,0,1,2,0,0,0,-.--
147,519317,745765,5,4,4,0,0,.---,0,"1-4 | HR, 2 K, 4 RBI",0,1,0,1,0,0,1,2,0,0,1,0,4,1,0,4,4,0,0,0,4
147,657077,745765,6,4,0,0,0,.---,0,0-4,1,2,2,0,0,0,0,0,0,0,0,0,4,0,0,0,3,0,0,0,-.--
147,683011,745765,7,4,3,0,2,1,0,"3-4 | 2 R, 2 SB",0,1,0,2,0,0,0,0,0,0,3,0,4,0,0,0,1,0,0,0,-.--
147,669224,745765,8,4,0,0,0,.---,0,"0-3 | BB, K",1,0,2,0,0,0,0,1,1,0,0,0,3,0,0,0,2,0,0,0,-.--
147,665828,745765,9,4,1,0,0,.---,0,"1-3 | BB, RBI, 2 R",1,1,1,2,0,0,0,0,1,0,1,0,3,0,0,1,3,0,0,0,-.--
121,607043,746734,1,5,0,0,0,.---,0,"0-4 | HBP, K, RBI",2,1,2,0,0,0,0,1,0,0,0,1,4,0,0,1,1,0,0,0,-.--
121,596019,746734,2,5,6,0,0,.---,0,"2-5 | HR, 2B, RBI",0,1,2,2,1,0,1,0,0,0,2,0,5,1,0,1,3,0,0,0,5
121,624413,746734,3,4,0,0,0,.---,0,0-4 | 2 K,1,1,1,0,0,0,0,2,0,0,0,0,4,0,0,0,1,0,0,0,-.--
121,682626,746734,4,4,1,0,0,.---,0,1-3 | BB,0,2,0,0,0,0,0,0,1,0,1,0,3,0,0,0,0,0,0,0,-.--
121,683146,746734,5,4,1,0,0,.---,0,1-4,2,0,3,0,0,0,0,0,0,0,1,0,4,0,0,0,1,0,0,0,-.--
121,516782,746734,6,4,2,0,0,.---,0,"2-3 | BB, K, R",0,0,0,1,0,0,0,1,1,0,2,0,3,0,0,0,0,0,0,0,-.--
121,621438,746734,7,4,3,0,0,.---,0,"2-4 | 2B, K",0,0,1,0,1,0,0,1,0,0,2,0,4,0,0,0,4,0,0,0,-.--
121,643446,746734,8,4,1,0,0,.---,0,1-4,0,1,2,0,0,0,0,0,0,0,1,0,4,0,0,0,5,0,0,0,-.--
121,664056,746734,9,4,0,0,0,.---,0,0-4,1,1,3,0,0,0,0,0,0,0,0,0,4,0,0,0,4,0,0,0,-.--
113,663697,746734,1,4,0,0,1,1,0,"0-3 | HBP, SB",2,1,2,0,0,0,0,0,0,0,0,1,3,0,0,0,1,0,0,0,-.--
113,668715,746734,2,4,0,0,0,.---,0,"0-3 | BB, K",0,1,1,0,0,0,0,1,1,0,0,0,3,0,0,0,2,0,0,0,-.--
113,687952,746734,3,4,1,0,0,.---,0,1-4 | K,0,2,0,0,0,0,0,1,0,0,1,0,4,0,0,0,4,0,0,0,-.--
113,600869,746734,4,4,0,0,0,.---,0,"0-3 | BB, 2 K, R",0,1,0,1,0,0,0,2,1,0,0,0,3,0,0,0,1,0,0,0,-.--
113,656413,746734,5,3,1,0,0,.---,0,1-3,1,0,2,0,0,0,0,0,0,0,1,0,3,0,0,0,0,0,0,0,-.--
113,682829,746734,6,4,0,0,2,1,0,"0-2 | BB, HBP, 2 K",0,0,0,0,0,0,0,2,1,0,0,1,2,0,0,0,0,0,0,0,-.--
113,669289,746734,7,3,0,0,0,.---,0,"0-2 | 2 K, RBI",1,0,1,0,0,0,0,2,0,0,0,0,2,0,0,1,1,0,1,0,-.--
113,571912,746734,8,4,0,0,0,.---,0,"0-2 | 2 BB, K",1,0,1,0,0,0,0,1,2,0,0,0,2,0,0,0,0,0,0,0,-.--
113,669352,746734,9,3,1,0,1,1,0,1-3 | SB,1,1,1,0,0,0,0,0,0,0,1,0,3,1,0,0,4,0,0,0,-.--
133,647351,746493,1,5,2,0,0,.---,0,"2-4 | HBP, RBI, 2 R",0,1,1,2,0,0,0,0,0,0,2,1,4,0,0,1,1,0,0,0,-.--
133,680869,746493,2,5,9,0,0,.---,0,"4-5 | HR, 3B, K",0,0,0,3,0,1,1,1,0,0,4,0,5,0,0,4,2,0,0,0,5
133,668709,746493,3,5,2,0,0,.---,0,"2-5 | K, RBI",1,1,1,0,0,0,0,1,0,0,2,0,5,0,0,1,2,0,0,0,-.--
133,667670,746493,4,2,0,0,0,.---,0,0-2 | 2 K,0,0,0,0,0,0,0,2,0,0,0,0,2,0,0,0,1,0,0,0,-.--
133,664913,746493,5,5,2,0,0,.---,0,2-5 | RBI,1,1,2,0,0,0,0,0,0,0,2,0,5,0,0,1,2,0,0,0,-.--
133,605204,746493,6,5,0,0,0,.---,0,0-5 | K,0,3,1,0,0,0,0,1,0,0,0,0,5,1,0,0,6,0,0,0,-.--
133,676116,746493,7,4,1,0,0,.---,0,"1-3 | BB, 2 R",0,2,0,2,0,0,0,0,1,0,1,0,3,0,0,0,1,0,0,0,-.--
133,669127,746493,8,4,0,0,0,.---,0,0-3 | BB,2,0,3,0,0,0,0,0,1,0,0,0,3,0,0,0,2,0,0,0,-.--
133,669397,746493,9,4,1,0,0,.---,0,1-4,0,2,1,0,0,0,0,0,0,0,1,0,4,0,0,0,2,0,0,0,-.--
116,678009,746493,1,3,0,0,0,.---,0,"0-2 | BB, 2 K",0,0,0,0,0,0,0,2,1,0,0,0,2,0,0,0,1,0,0,0,-.--
116,682985,746493,2,4,5,0,0,.---,0,"2-3 | HR, BB, K",0,0,0,1,0,0,1,1,1,0,2,0,3,0,0,1,1,0,0,0,3
116,679529,746493,3,4,0,0,0,.---,0,0-4,3,1,3,0,0,0,0,0,0,0,0,0,4,1,0,0,3,0,0,0,-.--
116,681481,746493,4,2,0,0,0,.---,0,0-2,0,0,2,0,0,0,0,0,0,0,0,0,2,0,0,0,2,0,0,0,-.--
116,690993,746493,5,4,1,0,0,.---,0,1-4,1,2,1,0,0,0,0,0,0,0,1,0,4,0,0,0,3,0,0,0,-.--
116,592192,746493,6,4,1,0,0,.---,0,"1-3 | HBP, K",0,1,0,0,0,0,0,1,0,0,1,1,3,0,0,0,1,0,0,0,-.--
116,570482,746493,7,4,1,0,0,.---,0,1-4 | K,0,0,2,0,0,0,0,1,0,0,1,0,4,0,0,0,3,0,0,0,-.--
116,656716,746493,8,4,1,0,0,.---,0,"1-3 | BB, K",0,0,1,0,0,0,0,1,1,0,1,0,3,0,0,0,2,0,0,0,-.--
116,608348,746493,9,4,0,0,0,.---,0,0-4,0,2,2,0,0,0,0,0,0,0,0,0,4,0,0,0,5,0,0,0,-.--
145,543257,746330,1,5,0,0,0,.---,0,0-5 | K,1,1,3,0,0,0,0,1,0,0,0,0,5,0,0,0,3,0,0,0,-.--
145,660162,746330,2,5,3,0,0,.---,0,2-5 | 2B,1,2,1,0,1,0,0,0,0,0,2,0,5,0,0,0,0,0,0,0,-.--
145,657757,746330,3,5,3,0,0,.---,0,"2-4 | 2B, BB, R",1,1,1,1,1,0,0,0,1,0,2,0,4,0,0,0,1,0,0,0,-.--
145,683734,746330,4,5,1,0,0,.---,0,"1-4 | BB, 3 K",0,0,0,0,0,0,0,3,1,0,1,0,4,0,0,0,3,0,0,0,-.--
145,643217,746330,5,5,2,0,0,.---,0,"2-4 | BB, 2 K, RBI",0,0,0,1,0,0,0,2,1,0,2,0,4,0,0,1,4,0,0,0,-.--
145,666150,746330,6,5,3,0,0,.---,0,"2-4 | 2B, HBP, K",1,0,1,1,1,0,0,1,0,0,2,1,4,0,0,1,4,0,0,0,-.--
145,669699,746330,7,2,0,0,0,.---,0,0-1 | RBI,1,0,2,0,0,0,0,0,0,0,0,0,1,0,0,1,1,0,1,0,-.--
145,670032,746330,8,3,1,1,0,0,0,1-3 | CS,2,0,2,0,0,0,0,0,0,0,1,0,3,0,0,0,1,0,0,0,-.--
145,455117,746330,9,3,1,0,0,.---,0,1-3,2,0,2,0,0,0,0,0,0,0,1,0,3,0,0,0,1,0,0,0,-.--
118,672580,746330,1,4,0,0,0,.---,0,0-3 | BB,0,2,1,0,0,0,0,0,1,0,0,0,3,0,0,0,1,0,0,0,-.--
118,677951,746330,2,4,0,0,0,.---,0,0-4 | K,2,1,2,0,0,0,0,1,0,0,0,0,4,1,0,0,2,0,0,0,-.--
118,679845,746330,3,2,0,0,0,.---,0,0-2,1,1,1,0,0,0,0,0,0,0,0,0,2,0,0,0,0,0,0,0,-.--
118,521692,746330,4,4,0,0,0,.---,0,0-4 | 2 K,0,2,0,0,0,0,0,2,0,0,0,0,4,1,0,0,2,0,0,0,-.--
118,676369,746330,5,3,1,0,0,.---,0,"1-2 | BB, R",1,0,1,1,0,0,0,0,1,0,1,0,2,0,0,0,0,0,0,0,-.--
118,669004,746330,6,3,4,0,0,.---,0,"1-3 | HR, K, 2 RBI",1,0,1,1,0,0,1,1,0,0,1,0,3,0,0,2,1,0,0,0,3
118,592669,746330,7,3,4,0,0,.---,0,"1-3 | HR, K, 2 RBI",0,1,0,1,0,0,1,1,0,0,1,0,3,0,0,2,0,0,0,0,3
118,666023,746330,8,3,3,0,0,.---,0,"2-3 | 2B, R",0,1,0,1,1,0,0,0,0,0,2,0,3,0,0,0,0,0,0,0,-.--
118,641658,746330,9,2,0,0,0,.---,0,0-2 | K,1,0,1,0,0,0,0,1,0,0,0,0,2,0,0,0,1,0,0,0,-.--
136,641487,746003,1,4,0,0,0,.---,0,0-4 | K,0,3,0,0,0,0,0,1,0,0,0,0,4,0,0,0,1,0,0,0,-.--
136,677594,746003,2,3,1,0,0,.---,0,1-3 | R,1,0,2,1,0,0,0,0,0,0,1,0,3,0,0,0,0,0,0,0,-.--
136,593871,746003,3,4,1,0,0,.---,0,"1-4 | K, RBI",0,1,1,0,0,0,0,1,0,0,1,0,4,0,0,1,0,0,0,0,-.--
136,641598,746003,4,4,1,0,0,.---,0,1-4 | 2 K,1,0,1,0,0,0,0,2,0,0,1,0,4,0,0,0,1,0,0,0,-.--
136,670042,746003,5,4,0,0,0,.---,0,0-4 | K,1,2,1,0,0,0,0,1,0,0,0,0,4,0,0,0,2,0,0,0,-.--
136,664238,746003,6,4,2,0,0,.---,0,"1-4 | 2B, 2 K, R",1,0,1,1,1,0,0,2,0,0,1,0,4,0,0,0,1,0,0,0,-.--
136,668942,746003,7,4,2,0,0,.---,0,"2-3 | BB, RBI, R",0,0,1,1,0,0,0,0,1,0,2,0,3,0,0,1,1,0,0,0,-.--
136,686527,746003,8,4,5,0,0,.---,0,"2-4 | HR, 2 RBI, R",1,0,2,1,0,0,1,0,0,0,2,0,4,0,0,2,1,0,0,0,4
136,664874,746003,9,4,0,0,0,.---,0,0-4 | K,1,1,2,0,0,0,0,1,0,0,0,0,4,0,0,0,3,0,0,0,-.--
158,686554,746003,1,4,4,0,1,1,0,"2-4 | 3B, K, RBI",0,1,0,2,0,1,0,1,0,0,2,0,4,0,0,1,1,0,0,0,-.--
158,661388,746003,2,5,10,0,0,.---,0,"4-5 | 2 HR, K, 5 RBI",0,0,0,3,0,0,2,1,0,0,4,0,5,0,0,5,0,0,0,0,2.5
158,642715,746003,3,5,4,0,0,.---,0,"1-5 | HR, 2 K, RBI",0,1,1,1,0,0,1,2,0,0,1,0,5,0,0,1,2,0,0,0,5
158,641343,746003,4,5,2,0,1,1,0,"2-5 | 2 K, RBI, 2 R",0,0,1,2,0,0,0,2,0,0,2,0,5,0,0,1,0,0,0,0,-.--
158,656555,746003,5,4,0,0,0,.---,0,"0-3 | BB, 2 K, R",0,1,0,1,0,0,0,2,1,0,0,0,3,0,0,0,2,0,0,0,-.--
158,686217,746003,6,4,3,0,0,.---,0,"2-4 | 2B, 2 K, 2 RBI",0,0,0,0,1,0,0,2,0,0,2,0,4,0,0,2,0,0,0,0,-.--
158,694192,746003,7,4,1,0,0,.---,0,"1-3 | BB, RBI",1,0,2,0,0,0,0,0,1,0,1,0,3,0,0,1,1,0,0,0,-.--
158,668930,746003,8,3,1,0,1,1,0,"1-2 | BB, RBI, R",0,1,0,1,0,0,0,0,1,0,1,0,2,0,0,1,2,0,0,0,-.--
158,663368,746003,9,4,1,0,0,.---,0,"1-4 | K, R",0,2,0,1,0,0,0,1,0,0,1,0,4,0,0,0,4,0,0,0,-.--
146,650333,745198,1,5,6,0,0,.---,0,"4-5 | 3B, 3 R",0,1,0,3,0,1,0,0,0,0,4,0,5,0,0,0,0,0,0,0,-.--
146,605137,745198,2,5,0,0,0,.---,0,"0-4 | BB, K, 2 RBI",0,2,1,1,0,0,0,1,1,0,0,0,4,0,0,2,3,0,0,0,-.--
146,669394,745198,3,5,2,0,0,.---,0,"1-4 | 2B, 2 K, 2 RBI",2,0,2,0,1,0,0,2,0,0,1,0,4,0,0,2,2,0,1,0,-.--
146,665862,745198,4,4,4,0,0,.---,0,"1-3 | HR, BB, K",0,1,0,1,0,0,1,1,1,0,1,0,3,0,0,3,0,0,0,0,3
146,660821,745198,5,5,0,0,0,.---,0,"0-4 | HBP, K",0,2,1,0,0,0,0,1,0,0,0,1,4,0,0,0,0,0,0,0,-.--
146,641313,745198,6,5,2,0,0,.---,0,"2-5 | K, R",0,2,0,1,0,0,0,1,0,0,2,0,5,0,0,0,3,0,0,0,-.--
146,650559,745198,7,5,3,0,0,.---,0,"3-5 | K, R",1,0,1,1,0,0,0,1,0,0,3,0,5,0,0,0,1,0,0,0,-.--
146,624503,745198,8,5,5,0,0,.---,0,"2-5 | HR, K, 3 RBI",0,2,0,2,0,0,1,1,0,0,2,0,5,0,0,3,2,0,0,0,5
146,542194,745198,9,4,0,0,0,.---,0,0-4 | R,1,2,2,1,0,0,0,0,0,0,0,0,4,0,0,0,2,0,0,0,-.--
138,680977,745198,1,4,0,0,0,.---,0,0-3 | BB,1,2,1,0,0,0,0,0,1,0,0,0,3,0,0,0,0,0,0,0,-.--
138,502671,745198,2,3,0,0,0,.---,0,0-3 | K,0,2,0,0,0,0,0,1,0,0,0,0,3,0,0,0,0,0,0,0,-.--
138,571448,745198,3,3,1,0,0,.---,0,1-3 | K,0,1,0,0,0,0,0,1,0,0,1,0,3,0,0,0,0,0,0,0,-.--
138,671056,745198,4,4,0,0,0,.---,0,0-4 | K,2,1,2,0,0,0,0,1,0,0,0,0,4,0,0,0,2,0,0,0,-.--
138,669357,745198,5,4,8,0,0,.---,0,"2-4 | 2 HR, 2 K, 3 RBI",0,0,0,2,0,0,2,2,0,0,2,0,4,0,0,3,0,0,0,0,2
138,691023,745198,6,4,2,0,0,.---,0,"1-4 | 2B, K",0,1,1,0,1,0,0,1,0,0,1,0,4,0,0,0,0,0,0,0,-.--
138,676475,745198,7,4,0,0,0,.---,0,0-4 | K,0,2,1,0,0,0,0,1,0,0,0,0,4,0,0,0,1,0,0,0,-.--
138,691026,745198,8,3,0,0,0,.---,0,"0-2 | BB, K",0,1,0,0,0,0,0,1,1,0,0,0,2,0,0,0,0,0,0,0,-.--
138,687363,745198,9,3,0,0,0,.---,0,0-3,2,1,2,0,0,0,0,0,0,0,0,0,3,0,0,0,2,0,0,0,-.--
119,605141,746895,1,4,0,0,0,.---,0,"0-3 | BB, R",1,1,2,1,0,0,0,0,1,0,0,0,3,0,0,0,0,0,0,0,-.--
119,660271,746895,2,4,5,0,0,.---,0,"2-4 | 3B, 2B, K",0,0,1,0,1,1,0,1,0,0,2,0,4,0,0,1,0,0,0,0,-.--
119,518692,746895,3,3,1,0,0,.---,0,1-3,1,1,1,0,0,0,0,0,0,0,1,0,3,0,0,0,1,0,0,0,-.--
119,669257,746895,4,4,0,0,0,.---,0,0-4,1,1,3,0,0,0,0,0,0,0,0,0,4,0,0,0,1,0,0,0,-.--
119,606192,746895,5,2,1,0,0,.---,0,1-2,0,1,0,0,0,0,0,0,0,0,1,0,2,0,0,0,0,0,0,0,-.--
119,571771,746895,6,4,0,0,0,.---,0,0-4 | 3 K,1,0,1,0,0,0,0,3,0,0,0,0,4,0,0,0,2,0,0,0,-.--
119,621035,746895,7,3,0,0,0,.---,0,0-3 | K,1,0,2,0,0,0,0,1,0,0,0,0,3,0,0,0,2,0,0,0,-.--
119,666158,746895,8,3,0,0,0,.---,0,0-3 | K,1,1,1,0,0,0,0,1,0,0,0,0,3,0,0,0,1,0,0,0,-.--
119,500743,746895,9,3,0,0,0,.---,0,0-3 | K,0,2,0,0,0,0,0,1,0,0,0,0,3,0,0,0,0,0,0,0,-.--
112,664023,746895,1,5,3,0,0,.---,0,"2-5 | 2B, K, 2 R",2,0,2,2,1,0,0,1,0,0,2,0,5,0,0,0,2,0,0,0,-.--
112,673548,746895,2,5,0,0,0,.---,0,"0-3 | HBP, 2 K, RBI",0,0,2,1,0,0,0,2,0,0,0,1,3,0,0,1,1,0,1,0,-.--
112,641355,746895,3,5,4,0,0,.---,0,"1-4 | HR, BB, K",0,1,1,1,0,0,1,1,1,0,1,0,4,0,0,1,3,0,0,0,4
112,666624,746895,4,4,1,0,0,.---,0,"1-4 | RBI, R",1,1,2,1,0,0,0,0,0,0,1,0,4,0,0,1,3,0,0,0,-.--
112,621020,746895,5,4,0,0,0,.---,0,"0-2 | BB, HBP, K",0,1,0,1,0,0,0,1,1,0,0,1,2,0,0,1,1,0,0,0,-.--
112,683737,746895,6,4,2,0,0,.---,0,"1-4 | 2B, K, 3 RBI",1,0,2,0,1,0,0,1,0,0,1,0,4,0,0,3,2,0,0,0,-.--
112,663538,746895,7,4,2,0,0,.---,0,2-4 | R,1,0,2,1,0,0,0,0,0,0,2,0,4,0,0,0,1,0,0,0,-.--
112,643565,746895,8,4,2,0,0,.---,0,"1-3 | 2B, BB, K",0,1,0,1,1,0,0,1,1,0,1,0,3,0,0,1,2,0,0,0,-.--
112,665804,746895,9,4,1,0,0,.---,0,1-4 | K,0,2,0,0,0,0,0,1,0,0,1,0,4,0,0,0,3,0,0,0,-.--
139,650490,746574,1,5,0,0,0,.---,0,0-5 | K,0,3,1,0,0,0,0,1,0,0,0,0,5,0,0,0,5,0,0,0,-.--
139,664040,746574,2,4,2,0,0,.---,0,"1-4 | 2B, R",2,1,2,1,1,0,0,0,0,0,1,0,4,0,0,0,1,0,0,0,-.--
139,623912,746574,3,4,0,0,0,.---,0,0-4,0,4,0,0,0,0,0,0,0,0,0,0,4,0,0,0,1,0,0,0,-.--
139,670623,746574,4,4,1,0,0,.---,0,1-4 | RBI,2,1,2,0,0,0,0,0,0,0,1,0,4,0,0,1,0,0,0,0,-.--
139,680700,746574,5,4,0,0,0,.---,0,"0-2 | 2 BB, 2 K",0,0,0,0,0,0,0,2,2,0,0,0,2,0,0,0,1,0,0,0,-.--
139,676609,746574,6,4,2,0,0,.---,0,"1-4 | 2B, R",0,2,1,1,1,0,0,0,0,0,1,0,4,1,0,0,3,0,0,0,-.--
139,668853,746574,7,4,3,0,0,.---,0,"2-4 | 2B, K, RBI",1,0,1,1,1,0,0,1,0,0,2,0,4,0,0,1,0,0,0,0,-.--
139,642350,746574,8,4,3,0,0,.---,0,"2-4 | 2B, 2 K, RBI",0,0,0,0,1,0,0,2,0,0,2,0,4,0,0,1,1,0,0,0,-.--
139,666163,746574,9,4,1,0,0,.---,0,1-3 | BB,1,1,1,0,0,0,0,0,1,0,1,0,3,0,0,0,2,0,0,0,-.--
115,453568,746574,1,4,0,0,0,.---,0,"0-3 | BB, K",0,1,1,0,0,0,0,1,1,0,0,0,3,0,0,0,0,0,0,0,-.--
115,678662,746574,2,4,0,0,0,.---,0,"0-3 | BB, 3 K",0,0,0,0,0,0,0,3,1,0,0,0,3,0,0,0,0,0,0,0,-.--
115,641857,746574,3,4,1,0,0,.---,0,1-4 | 2 K,0,1,0,0,0,0,0,2,0,0,1,0,4,0,0,0,3,0,0,0,-.--
115,592178,746574,4,4,0,0,0,.---,0,"0-3 | BB, K",1,1,1,0,0,0,0,1,1,0,0,0,3,1,0,0,4,0,0,0,-.--
115,666134,746574,5,4,2,1,0,0,0,"2-3 | BB, K, R",0,0,0,1,0,0,0,1,1,0,2,0,3,0,0,0,0,0,0,0,-.--
115,669911,746574,6,4,0,0,0,.---,0,0-4 | 3 K,0,1,0,0,0,0,0,3,0,0,0,0,4,0,0,0,4,0,0,0,-.--
115,686668,746574,7,4,3,0,0,.---,0,"2-4 | 2B, K, RBI",0,1,0,0,1,0,0,1,0,0,2,0,4,0,0,1,2,0,0,0,-.--
115,676701,746574,8,2,0,0,0,.---,0,0-2 | K,0,1,0,0,0,0,0,1,0,0,0,0,2,0,0,0,1,0,0,0,-.--
115,607732,746574,9,2,0,0,0,.---,0,0-2 | K,0,0,1,0,0,0,0,1,0,0,0,0,2,0,0,0,0,0,0,0,-.--
135,593428,745362,1,4,0,0,0,.---,0,0-4,2,2,2,0,0,0,0,0,0,0,0,0,4,0,0,0,3,0,0,0,-.--
135,665487,745362,2,4,1,0,0,.---,0,1-4 | R,0,2,1,1,0,0,0,0,0,0,1,0,4,0,0,0,2,0,0,0,-.--
135,630105,745362,3,4,3,0,0,.---,0,"2-4 | 2B, 2 K, RBI",0,0,0,1,1,0,0,2,0,0,2,0,4,0,0,1,0,0,0,0,-.--
135,592518,745362,4,4,1,0,0,.---,0,1-4 | 2 K,0,1,0,0,0,0,0,2,0,0,1,0,4,0,0,0,1,0,0,0,-.--
135,673490,745362,5,4,1,0,0,.---,0,1-4 | RBI,2,1,2,0,0,0,0,0,0,0,1,0,4,0,0,1,1,0,0,0,-.--
135,595777,745362,6,3,1,0,0,.---,0,1-3,0,2,0,0,0,0,0,0,0,0,1,0,3,1,0,0,2,0,0,0,-.--
135,642180,745362,7,4,1,0,0,.---,0,1-4 | K,0,2,0,0,0,0,0,1,0,0,1,0,4,0,0,0,1,0,0,0,-.--
135,701538,745362,8,4,4,0,1,1,0,4-4 | SB,0,0,0,0,0,0,0,0,0,0,4,0,4,0,0,0,0,0,0,0,-.--
135,543309,745362,9,3,0,0,0,.---,0,0-3 | K,0,2,0,0,0,0,0,1,0,0,0,0,3,1,0,0,5,0,0,0,-.--
137,808982,745362,1,4,1,0,0,.---,0,1-4 | R,0,2,1,1,0,0,0,0,0,0,1,0,4,0,0,0,0,0,0,0,-.--
137,664774,745362,2,3,1,0,0,.---,0,"1-2 | BB, K",0,0,0,0,0,0,0,1,1,0,1,0,2,0,0,0,1,0,0,0,-.--
137,624585,745362,3,4,3,0,0,.---,0,"2-4 | 2B, R",0,1,1,1,1,0,0,0,0,0,2,0,4,0,0,0,3,0,0,0,-.--
137,624424,745362,4,4,0,0,0,.---,0,0-3 | BB,0,1,2,0,0,0,0,0,1,0,0,0,3,0,0,0,3,0,0,0,-.--
137,656305,745362,5,4,1,0,0,.---,0,1-4 | 2 RBI,2,1,2,0,0,0,0,0,0,0,1,0,4,0,0,2,4,0,0,0,-.--
137,642731,745362,6,4,0,0,0,.---,0,0-4 | 3 K,0,1,0,0,0,0,0,3,0,0,0,0,4,0,0,0,3,0,0,0,-.--
137,573262,745362,7,2,0,0,0,.---,0,0-2 | 2 K,0,0,0,0,0,0,0,2,0,0,0,0,2,0,0,0,0,0,0,0,-.--
137,672275,745362,8,3,0,0,0,.---,0,0-3,1,2,1,0,0,0,0,0,0,0,0,0,3,0,0,0,0,0,0,0,-.--
137,605113,745362,9,3,0,0,0,.---,0,0-3,1,2,1,0,0,0,0,0,0,0,0,0,3,0,0,0,0,0,0,0,-.--
111,680776,746251,1,6,1,0,0,.---,0,"1-6 | 2 K, R",1,1,2,1,0,0,0,2,0,0,1,0,6,0,0,0,5,0,0,0,-.--
111,646240,746251,2,4,4,0,0,.---,0,"1-3 | HR, BB, RBI",0,1,1,1,0,0,1,0,1,0,1,0,3,0,0,1,1,0,0,0,3
111,641933,746251,3,5,4,0,0,.---,0,"1-3 | HR, BB, HBP",0,0,0,3,0,0,1,2,1,0,1,1,3,0,0,1,1,0,0,0,3
111,671213,746251,4,5,2,0,0,.---,0,2-5 | R,1,2,1,1,0,0,0,0,0,0,2,0,5,0,0,0,3,0,0,0,-.--
111,807799,746251,5,5,1,0,0,.---,0,"1-4 | BB, RBI, 2 R",0,1,2,2,0,0,0,0,1,0,1,0,4,0,0,1,1,0,0,0,-.--
111,665839,746251,6,5,0,0,0,.---,0,"0-4 | BB, 3 K, RBI",0,1,0,1,0,0,0,3,1,0,0,0,4,0,0,1,2,0,0,0,-.--
111,677800,746251,7,2,0,0,0,.---,0,0-2 | K,1,0,1,0,0,0,0,1,0,0,0,0,2,0,0,0,0,0,0,0,-.--
111,624512,746251,8,5,5,0,1,1,0,"2-4 | HR, BB, K",0,1,0,1,0,0,1,1,1,0,2,0,4,0,0,5,0,0,0,0,4
111,666152,746251,9,5,5,0,0,.---,0,"2-4 | HR, BB, 2 K",0,0,0,1,0,0,1,2,1,0,2,0,4,0,0,1,1,0,0,0,4
108,543685,746251,1,5,2,0,0,.---,0,1-5 | 2B,3,0,4,0,1,0,0,0,0,0,1,0,5,0,0,0,3,0,0,0,-.--
108,694384,746251,2,5,0,0,0,.---,0,0-5 | 3 K,0,2,0,0,0,0,0,3,0,0,0,0,5,0,0,0,2,0,0,0,-.--
108,545361,746251,3,4,4,0,1,1,0,"1-2 | HR, BB, HBP",0,0,1,1,0,0,1,0,1,0,1,1,2,0,0,1,0,0,0,0,2
108,621493,746251,4,4,1,0,0,.---,0,1-4 | K,0,1,1,0,0,0,0,1,0,0,1,0,4,0,0,0,2,0,0,0,-.--
108,592273,746251,5,4,0,0,0,.---,0,0-2 | 2 BB,1,1,1,0,0,0,0,0,2,0,0,0,2,0,0,0,4,0,0,0,-.--
108,593934,746251,6,4,1,0,0,.---,0,1-4 | 2 K,0,0,1,0,0,0,0,2,0,0,1,0,4,0,0,0,2,0,0,0,-.--
108,681351,746251,7,3,1,0,0,.---,0,1-3 | K,0,1,0,0,0,0,0,1,0,0,1,0,3,1,0,0,1,0,0,0,-.--
108,666160,746251,8,3,1,0,0,.---,0,1-3 | K,0,0,1,0,0,0,0,1,0,0,1,0,3,0,0,0,1,0,0,0,-.--
108,687263,746251,9,3,0,0,0,.---,0,0-3,0,1,2,0,0,0,0,0,0,0,0,0,3,0,0,0,2,0,0,0,-.--
117,514888,745032,1,4,1,0,0,.---,0,"1-3 | BB, K, R",0,1,0,1,0,0,0,1,1,0,1,0,3,0,0,0,1,0,0,0,-.--
117,670541,745032,2,4,4,0,0,.---,0,"1-3 | HR, BB, K",1,0,1,1,0,0,1,1,1,0,1,0,3,0,0,3,2,0,0,0,3
117,663656,745032,3,4,0,0,0,.---,0,0-4,2,2,2,0,0,0,0,0,0,0,0,0,4,0,0,0,3,0,0,0,-.--
117,608324,745032,4,4,0,0,0,.---,0,0-4 | K,1,0,3,0,0,0,0,1,0,0,0,0,4,0,0,0,1,0,0,0,-.--
117,673237,745032,5,4,0,0,0,.---,0,0-4 | 3 K,0,1,0,0,0,0,0,3,0,0,0,0,4,0,0,0,0,0,0,0,-.--
117,572138,745032,6,3,0,0,0,.---,0,0-3,2,1,2,0,0,0,0,0,0,0,0,0,3,0,0,0,0,0,0,0,-.--
117,676801,745032,7,4,0,0,0,.---,0,"0-3 | BB, K",0,2,0,0,0,0,0,1,1,0,0,0,3,0,0,0,0,0,0,0,-.--
117,665161,745032,8,4,1,0,1,1,0,"1-4 | 2 K, SB",1,0,1,0,0,0,0,2,0,0,1,0,4,0,0,0,1,0,0,0,-.--
117,676694,745032,9,3,1,0,0,.---,0,"1-2 | BB, K, R",0,0,0,1,0,0,0,1,1,0,1,0,2,0,0,0,1,0,0,0,-.--
140,543760,745032,1,4,0,0,0,.---,0,0-4,1,3,1,0,0,0,0,0,0,0,0,0,4,0,0,0,2,0,0,0,-.--
140,608369,745032,2,4,0,0,0,.---,0,0-4,2,0,4,0,0,0,0,0,0,0,0,0,4,0,0,0,0,0,0,0,-.--
140,694671,745032,3,4,0,0,0,.---,0,0-4 | K,3,0,3,0,0,0,0,1,0,0,0,0,4,0,0,0,0,0,0,0,-.--
140,666969,745032,4,4,1,0,0,.---,0,"1-3 | BB, 2 K, R",0,0,0,1,0,0,0,2,1,0,1,0,3,0,0,0,0,0,0,0,-.--
140,694497,745032,5,3,0,0,0,.---,0,0-2 | BB,1,1,1,0,0,0,0,0,1,0,0,0,2,0,0,0,1,0,0,0,-.--
140,665120,745032,6,3,0,0,0,.---,0,"0-2 | BB, K",1,0,1,0,0,0,0,1,1,0,0,0,2,0,0,0,0,0,0,0,-.--
140,641680,745032,7,3,0,0,0,.---,0,0-3 | K,1,0,2,0,0,0,0,1,0,0,0,0,3,0,0,0,2,0,0,0,-.--
140,669701,745032,8,3,0,0,0,.---,0,0-2 | BB,1,1,1,0,0,0,0,0,1,0,0,0,2,0,0,0,2,0,0,0,-.--
140,608671,745032,9,3,0,0,0,.---,0,"0-2 | BB, K",1,0,1,0,0,0,0,1,1,0,0,0,2,0,0,0,0,0,0,0,-.--
114,680757,745927,1,4,0,0,0,.---,0,0-4,3,1,3,0,0,0,0,0,0,0,0,0,4,0,0,0,2,0,0,0,-.--
114,682177,745927,2,4,0,0,0,.---,0,"0-3 | BB, 2 K",0,1,0,0,0,0,0,2,1,0,0,0,3,0,0,0,0,0,0,0,-.--
114,608070,745927,3,4,0,0,0,.---,0,0-4 | K,1,0,3,0,0,0,0,1,0,0,0,0,4,0,0,0,1,0,0,0,-.--
114,647304,745927,4,4,0,0,0,.---,0,0-4 | 2 K,0,2,0,0,0,0,0,2,0,0,0,0,4,0,0,0,1,0,0,0,-.--
114,657041,745927,5,4,0,0,0,.---,0,0-4 | K,1,2,1,0,0,0,0,1,0,0,0,0,4,0,0,0,1,0,0,0,-.--
114,665926,745927,6,4,1,0,1,1,0,"1-3 | BB, 2 K, R",0,0,0,1,0,0,0,2,1,0,1,0,3,0,0,0,0,0,0,0,-.--
114,686823,745927,7,4,3,0,0,.---,0,3-4,1,0,1,0,0,0,0,0,0,0,3,0,4,0,0,0,1,0,0,0,-.--
114,677587,745927,8,4,4,0,0,.---,0,"1-4 | HR, 2 K, 2 RBI",1,0,1,1,0,0,1,2,0,0,1,0,4,0,0,2,4,0,0,0,4
114,666310,745927,9,3,0,0,0,.---,0,0-3 | 2 K,0,0,1,0,0,0,0,2,0,0,0,0,3,0,0,0,2,0,0,0,-.--
142,622534,745927,1,4,2,0,0,.---,0,"1-3 | 2B, BB, R",1,1,1,1,1,0,0,0,1,0,1,0,3,1,0,0,2,0,0,0,-.--
142,621439,745927,2,4,2,0,0,.---,0,"1-3 | 2B, BB, K",1,0,1,0,1,0,0,1,1,0,1,0,3,0,0,0,2,0,0,0,-.--
142,668904,745927,3,4,0,0,0,.---,0,"0-4 | K, RBI",0,3,0,0,0,0,0,1,0,0,0,0,4,1,0,1,3,0,0,0,-.--
142,669304,745927,4,4,1,0,0,.---,0,1-4 | K,0,1,1,0,0,0,0,1,0,0,1,0,4,0,0,0,1,0,0,0,-.--
142,467793,745927,5,4,5,0,0,.---,0,"2-4 | HR, K, RBI",0,1,0,1,0,0,1,1,0,0,2,0,4,0,0,1,0,0,0,0,4
142,680777,745927,6,3,4,0,0,.---,0,"1-3 | HR, RBI, R",1,0,2,1,0,0,1,0,0,0,1,0,3,0,0,1,2,0,0,0,3
142,596146,745927,7,3,2,0,0,.---,0,"1-3 | 2B, R",0,0,2,1,1,0,0,0,0,0,1,0,3,0,0,0,0,0,0,0,-.--
142,650489,745927,8,3,1,0,1,1,0,"1-3 | K, SB",0,1,0,0,0,0,0,1,0,0,1,0,3,0,0,0,0,0,0,0,-.--
142,571657,745927,9,3,0,0,0,.---,0,"0-1 | BB, RBI",1,1,1,0,0,0,0,0,1,0,0,0,1,0,0,1,0,0,1,0,-.--
145,543257,746654,1,4,0,0,0,.---,0,"0-2 | 2 BB, K",0,1,0,0,0,0,0,1,2,0,0,0,2,0,0,0,1,0,0,0,-.--
145,660162,746654,2,4,1,0,1,1,0,1-4 | SB,0,3,0,0,0,0,0,0,0,0,1,0,4,1,0,0,4,0,0,0,-.--
145,657757,746654,3,4,0,0,0,.---,0,0-4,2,1,3,0,0,0,0,0,0,0,0,0,4,0,0,0,1,0,0,0,-.--
145,683734,746654,4,4,0,0,0,.---,0,0-4 | K,1,1,2,0,0,0,0,1,0,0,0,0,4,0,0,0,1,0,0,0,-.--
145,643217,746654,5,4,1,0,0,.---,0,1-3 | BB,2,0,2,0,0,0,0,0,1,0,1,0,3,0,0,0,0,0,0,0,-.--
145,666150,746654,6,4,2,0,0,.---,0,"1-3 | 2B, BB, K",1,0,1,0,1,0,0,1,1,0,1,0,3,0,0,0,1,0,0,0,-.--
145,669699,746654,7,2,0,0,0,.---,0,0-2 | K,0,1,0,0,0,0,0,1,0,0,0,0,2,0,0,0,1,0,0,0,-.--
145,686676,746654,8,4,1,0,0,.---,0,1-3 | BB,0,0,2,0,0,0,0,0,1,0,1,0,3,0,0,0,1,0,0,0,-.--
145,670032,746654,9,4,0,0,0,.---,0,"0-3 | BB, K",0,0,2,0,0,0,0,1,1,0,0,0,3,0,0,0,2,0,0,0,-.--
114,680757,746654,1,4,3,0,0,.---,0,"3-4 | K, R",0,0,0,1,0,0,0,1,0,0,3,0,4,0,0,0,0,0,0,0,-.--
114,608070,746654,2,4,4,0,0,.---,0,"1-4 | HR, 2 RBI, R",1,2,1,1,0,0,1,0,0,0,1,0,4,1,0,2,3,0,0,0,4
114,681807,746654,3,4,0,0,0,.---,0,0-4 | 3 K,0,1,0,0,0,0,0,3,0,0,0,0,4,0,0,0,1,0,0,0,-.--
114,647304,746654,4,4,2,0,0,.---,0,"2-4 | K, R",0,1,0,1,0,0,0,1,0,0,2,0,4,0,0,0,1,0,0,0,-.--
114,671289,746654,5,4,1,0,1,1,0,"1-4 | K, SB",0,2,0,0,0,0,0,1,0,0,1,0,4,1,0,0,2,0,0,0,-.--
114,657656,746654,6,4,1,0,0,.---,0,"1-3 | BB, K",0,0,1,0,0,0,0,1,1,0,1,0,3,0,0,0,0,0,0,0,-.--
114,665926,746654,7,4,3,0,0,.---,0,"2-3 | 2B, HBP, RBI",0,1,0,1,1,0,0,0,0,0,2,1,3,0,0,1,2,0,0,0,-.--
114,595978,746654,8,4,0,0,0,.---,0,0-4 | K,0,1,2,0,0,0,0,1,0,0,0,0,4,1,0,0,7,0,0,0,-.--
114,677587,746654,9,4,0,0,0,.---,0,0-4,1,3,1,0,0,0,0,0,0,0,0,0,4,0,0,0,3,0,0,0,-.--
146,650333,745761,1,3,0,0,0,.---,0,0-3,2,0,3,0,0,0,0,0,0,0,0,0,3,0,0,0,0,0,0,0,-.--
146,650559,745761,2,4,2,0,0,.---,0,2-4,1,1,1,0,0,0,0,0,0,0,2,0,4,0,0,0,0,0,0,0,-.--
146,605137,745761,3,3,0,0,0,.---,0,0-3,3,0,3,0,0,0,0,0,0,0,0,0,3,0,0,0,2,0,0,0,-.--
146,669394,745761,4,3,0,0,0,.---,0,0-3 | 3 K,0,0,0,0,0,0,0,3,0,0,0,0,3,0,0,0,2,0,0,0,-.--
146,641313,745761,5,3,0,0,0,.---,0,0-3 | K,0,1,1,0,0,0,0,1,0,0,0,0,3,0,0,0,1,0,0,0,-.--
146,541645,745761,6,3,0,0,0,.---,0,0-3 | K,2,0,2,0,0,0,0,1,0,0,0,0,3,0,0,0,0,0,0,0,-.--
146,656896,745761,7,3,0,0,0,.---,0,0-3 | K,0,1,1,0,0,0,0,1,0,0,0,0,3,0,0,0,0,0,0,0,-.--
146,660644,745761,8,3,0,0,0,.---,0,0-3,2,0,3,0,0,0,0,0,0,0,0,0,3,0,0,0,0,0,0,0,-.--
146,663743,745761,9,3,0,0,0,.---,0,0-3,2,1,2,0,0,0,0,0,0,0,0,0,3,0,0,0,0,0,0,0,-.--
147,650402,745761,1,5,0,0,0,.---,0,0-5 | K,1,1,3,0,0,0,0,1,0,0,0,0,5,0,0,0,3,0,0,0,-.--
147,665742,745761,2,4,6,0,0,.---,0,"2-3 | HR, 2B, BB",0,0,0,1,1,0,1,1,1,0,2,0,3,0,0,3,0,0,0,0,3
147,592450,745761,3,4,0,0,0,.---,0,0-4,1,2,2,0,0,0,0,0,0,0,0,0,4,1,0,0,2,0,0,0,-.--
147,519317,745761,4,4,3,0,0,.---,0,"2-4 | 2B, K, 2 R",0,1,0,2,1,0,0,1,0,0,2,0,4,0,0,0,0,0,0,0,-.--
147,519203,745761,5,4,1,0,0,.---,0,"1-4 | K, R",0,1,1,1,0,0,0,1,0,0,1,0,4,0,0,0,1,0,0,0,-.--
147,683011,745761,6,4,4,0,0,.---,0,"1-3 | HR, BB, 2 K",0,0,0,1,0,0,1,2,1,0,1,0,3,0,0,3,1,0,0,0,3
147,657077,745761,7,4,4,0,0,.---,0,"3-3 | 2B, BB, RBI",0,0,0,1,1,0,0,0,1,0,3,0,3,0,0,1,0,0,0,0,-.--
147,624431,745761,8,4,0,0,0,.---,0,"0-2 | 2 BB, K, R",1,0,1,1,0,0,0,1,2,0,0,0,2,0,0,0,3,0,0,0,-.--
147,542932,745761,9,4,0,0,0,.---,0,0-3 | 2 K,1,1,1,0,0,0,0,2,0,0,0,0,3,0,0,0,3,1,0,0,-.--
116,678009,745520,1,3,0,0,1,1,0,"0-2 | BB, K, R",1,0,1,1,0,0,0,1,1,0,0,0,2,0,0,0,1,0,0,0,-.--
116,682985,745520,2,5,2,0,0,.---,0,"1-4 | 2B, BB, K",0,1,1,1,1,0,0,1,1,0,1,0,4,0,0,1,1,0,0,0,-.--
116,679529,745520,3,5,2,0,0,.---,0,"1-4 | 2B, BB, 2 K",1,0,1,0,1,0,0,2,1,0,1,0,4,0,0,0,4,0,0,0,-.--
116,681481,745520,4,3,0,0,0,.---,0,0-3 | 2 K,0,1,0,0,0,0,0,2,0,0,0,0,3,0,0,0,5,0,0,0,-.--
116,690993,745520,5,4,2,0,0,.---,0,2-4 | RBI,0,1,1,0,0,0,0,0,0,0,2,0,4,0,0,1,0,0,0,0,-.--
116,663837,745520,6,4,2,0,0,.---,0,"2-4 | 2 K, RBI, R",0,0,0,1,0,0,0,2,0,0,2,0,4,0,0,1,0,0,0,0,-.--
116,595879,745520,7,4,1,0,1,1,0,"1-4 | 2 K, SB",0,1,0,0,0,0,0,2,0,0,1,0,4,0,0,0,3,0,0,0,-.--
116,656716,745520,8,2,0,0,0,.---,0,"0-1 | K, RBI",0,0,1,0,0,0,0,1,0,0,0,0,1,0,0,1,0,0,1,0,-.--
116,668670,745520,9,4,1,0,0,.---,0,1-4,0,2,1,0,0,0,0,0,0,0,1,0,4,0,0,0,1,0,0,0,-.--
134,665833,745520,1,5,0,0,0,.---,0,"0-4 | BB, 2 K",0,2,0,0,0,0,0,2,1,0,0,0,4,1,0,0,5,0,0,0,-.--
134,668804,745520,2,5,5,0,0,.---,0,"2-5 | HR, RBI, R",1,2,1,1,0,0,1,0,0,0,2,0,5,0,0,1,3,0,0,0,5
134,663647,745520,3,5,0,0,0,.---,0,"0-4 | HBP, K",0,1,2,0,0,0,0,1,0,0,0,1,4,0,0,0,1,0,0,0,-.--
134,669261,745520,4,5,2,0,0,.---,0,"2-4 | BB, K, 2 R",0,0,1,2,0,0,0,1,1,0,2,0,4,0,0,0,3,0,0,0,-.--
134,457705,745520,5,4,3,0,0,.---,0,"2-4 | 2B, R",1,1,1,1,1,0,0,0,0,0,2,0,4,1,0,0,2,0,0,0,-.--
134,642133,745520,6,4,1,0,0,.---,0,"1-3 | HBP, 2 R",1,1,1,2,0,0,0,0,0,0,1,1,3,0,0,0,2,0,0,0,-.--
134,656582,745520,7,4,3,0,0,.---,0,"2-3 | 2B, BB, 2 RBI",0,0,1,1,1,0,0,0,1,0,2,0,3,0,0,2,0,0,0,0,-.--
134,669707,745520,8,4,2,0,0,.---,0,"2-4 | K, 2 RBI",0,1,0,0,0,0,0,1,0,0,2,0,4,0,0,2,2,0,0,0,-.--
134,663698,745520,9,4,1,0,0,.---,0,"1-3 | BB, 2 RBI",0,2,0,0,0,0,0,0,1,0,1,0,3,0,0,2,2,0,0,0,-.--
158,686554,746735,1,5,1,0,0,.---,0,1-5 | 2 K,1,0,2,0,0,0,0,2,0,0,1,0,5,0,0,0,1,0,0,0,-.--
158,661388,746735,2,5,3,0,0,.---,0,"2-5 | 2B, K, RBI",0,2,0,1,1,0,0,1,0,0,2,0,5,0,0,1,0,0,0,0,-.--
158,592885,746735,3,5,4,0,0,.---,0,"1-4 | HR, BB, K",0,1,1,1,0,0,1,1,1,0,1,0,4,0,0,2,2,0,0,0,4
158,642715,746735,4,5,0,0,0,.---,0,0-5 | K,2,1,3,0,0,0,0,1,0,0,0,0,5,0,0,0,1,0,0,0,-.--
158,686217,746735,5,5,2,0,0,.---,0,"2-3 | BB, HBP, K",0,0,0,2,0,0,0,1,1,0,2,1,3,0,0,0,0,0,0,0,-.--
158,656555,746735,6,5,1,0,0,.---,0,1-5 | 2 K,1,1,1,0,0,0,0,2,0,0,1,0,5,0,0,0,5,0,0,0,-.--
158,694192,746735,7,4,1,0,0,.---,0,"1-4 | 2 K, R",0,1,0,1,0,0,0,2,0,0,1,0,4,0,0,0,3,0,0,0,-.--
158,668930,746735,8,4,6,0,0,.---,0,"2-4 | HR, 2B, 4 RBI",0,2,0,2,1,0,1,0,0,0,2,0,4,0,0,4,0,0,0,0,4
158,687401,746735,9,4,2,0,0,.---,0,"2-4 | K, R",0,1,0,1,0,0,0,1,0,0,2,0,4,0,0,0,0,0,0,0,-.--
113,656413,746735,1,5,0,0,1,1,0,"0-3 | 2 BB, R, SB",1,2,1,1,0,0,0,0,2,0,0,0,3,0,0,0,3,0,0,0,-.--
113,668715,746735,2,5,2,0,0,.---,0,"1-5 | 2B, 2 RBI, R",1,2,2,1,1,0,0,0,0,0,1,0,5,0,0,2,1,0,0,0,-.--
113,687952,746735,3,5,0,0,0,.---,0,0-5 | 2 K,0,3,0,0,0,0,0,2,0,0,0,0,5,0,0,0,3,0,0,0,-.--
113,600869,746735,4,5,1,0,0,.---,0,"1-5 | 2 K, RBI",0,1,1,0,0,0,0,2,0,0,1,0,5,0,0,1,2,0,0,0,-.--
113,663886,746735,5,4,1,0,0,.---,0,1-4 | R,0,2,1,1,0,0,0,0,0,0,1,0,4,0,0,0,1,0,0,0,-.--
113,682829,746735,6,4,9,0,1,1,0,"3-4 | 2 HR, 2 RBI, 4 R",0,1,0,4,0,0,2,0,0,0,3,0,4,0,0,2,0,0,0,0,2
113,669289,746735,7,4,1,0,1,1,0,"1-3 | RBI, R, SB",0,3,0,1,0,0,0,0,0,0,1,0,3,0,0,1,0,1,0,0,-.--
113,666181,746735,8,4,6,0,1,1,0,"2-3 | HR, 2B, BB",1,0,1,2,1,0,1,0,1,0,2,0,3,0,0,2,1,0,0,0,3
113,669352,746735,9,4,2,0,0,.---,0,"1-4 | 2B, 2 K",0,1,0,0,1,0,0,2,0,0,1,0,4,0,0,0,2,0,0,0,-.--
136,641487,744956,1,4,4,0,0,.---,0,"1-4 | HR, K, RBI",0,2,0,1,0,0,1,1,0,0,1,0,4,0,0,1,2,0,0,0,4
136,677594,744956,2,4,0,0,0,.---,0,0-4,1,2,2,0,0,0,0,0,0,0,0,0,4,0,0,0,0,0,0,0,-.--
136,593871,744956,3,4,0,0,0,.---,0,0-2 | 2 BB,0,2,0,0,0,0,0,0,2,0,0,0,2,0,0,0,0,0,0,0,-.--
136,571745,744956,4,4,0,0,0,.---,0,0-4 | 2 K,0,1,1,0,0,0,0,2,0,0,0,0,4,0,0,0,2,0,0,0,-.--
136,641598,744956,5,4,0,0,0,.---,0,0-4 | K,0,1,2,0,0,0,0,1,0,0,0,0,4,0,0,0,0,0,0,0,-.--
136,663728,744956,6,4,4,0,0,.---,0,"1-4 | HR, 2 K, RBI",0,1,0,1,0,0,1,2,0,0,1,0,4,0,0,1,0,0,0,0,4
136,664034,744956,7,4,3,0,0,.---,0,3-4,1,0,1,0,0,0,0,0,0,0,3,0,4,0,0,0,0,0,0,0,-.--
136,686527,744956,8,4,3,0,0,.---,0,"2-4 | 2B, 2 K",0,0,0,0,1,0,0,2,0,0,2,0,4,0,0,0,2,0,0,0,-.--
136,668942,744956,9,4,0,0,0,.---,0,0-4 | 2 K,1,0,2,0,0,0,0,2,0,0,0,0,4,0,0,0,3,0,0,0,-.--
141,543807,744956,1,4,0,0,0,.---,0,0-4,2,2,2,0,0,0,0,0,0,0,0,0,4,0,0,0,1,0,0,0,-.--
141,665489,744956,2,4,3,0,0,.---,0,"2-4 | 2B, RBI, R",0,1,1,1,1,0,0,0,0,0,2,0,4,0,0,1,0,0,0,0,-.--
141,666182,744956,3,4,2,0,0,.---,0,"1-4 | 2B, K, R",0,1,1,1,1,0,0,1,0,0,1,0,4,0,0,0,1,0,0,0,-.--
141,457759,744956,4,4,2,0,0,.---,0,"1-3 | 2B, BB, R",1,0,2,1,1,0,0,0,1,0,1,0,3,0,0,0,0,0,0,0,-.--
141,676914,744956,5,4,2,0,0,.---,0,"2-4 | K, 2 RBI",0,0,1,0,0,0,0,1,0,0,2,0,4,0,0,2,1,0,0,0,-.--
141,624415,744956,6,4,2,0,0,.---,0,"1-3 | 2B, HBP, K",0,0,1,0,1,0,0,1,0,0,1,1,3,0,0,0,3,0,0,0,-.--
141,672386,744956,7,4,1,0,0,.---,0,"1-4 | K, RBI",0,2,0,0,0,0,0,1,0,0,1,0,4,1,0,1,5,0,0,0,-.--
141,643396,744956,8,4,3,0,1,1,0,"2-4 | 2B, 2 K, RBI",0,0,0,0,1,0,0,2,0,0,2,0,4,0,0,1,0,0,0,0,-.--
141,595281,744956,9,4,1,0,1,1,0,"1-4 | 3 K, R, SB",0,0,0,1,0,0,0,3,0,0,1,0,4,0,0,0,3,0,0,0,-.--
121,607043,747142,1,5,10,0,0,.---,0,"4-4 | 2 HR, BB, 5 RBI",0,0,0,2,0,0,2,0,1,0,4,0,4,0,0,5,0,0,0,0,2
121,596019,747142,2,5,0,1,0,0,0,"0-4 | BB, CS",3,1,3,0,0,0,0,0,1,0,0,0,4,0,0,0,3,0,0,0,-.--
121,624413,747142,3,5,0,0,0,.---,0,"0-4 | BB, 3 K, R",0,1,0,1,0,0,0,3,1,0,0,0,4,0,0,0,4,0,0,0,-.--
121,682626,747142,4,5,0,0,0,.---,0,0-5 | 2 K,1,2,1,0,0,0,0,2,0,0,0,0,5,0,0,0,1,0,0,0,-.--
121,683146,747142,5,5,3,0,0,.---,0,"3-5 | K, R",0,1,0,1,0,0,0,1,0,0,3,0,5,0,0,0,0,0,0,0,-.--
121,516782,747142,6,5,1,0,0,.---,0,"1-5 | K, RBI",1,2,1,0,0,0,0,1,0,0,1,0,5,1,0,1,2,0,0,0,-.--
121,621466,747142,7,4,4,0,0,.---,0,"1-3 | HR, BB, 2 RBI",0,2,0,1,0,0,1,0,1,0,1,0,3,1,0,2,2,0,0,0,3
121,643446,747142,8,4,1,0,0,.---,0,"1-2 | 2 BB, 2 R",0,0,1,2,0,0,0,0,2,0,1,0,2,0,0,0,1,0,0,0,-.--
121,621563,747142,9,2,0,0,0,.---,0,"0-1 | BB, R",0,1,0,1,0,0,0,0,1,0,0,0,1,0,0,0,1,0,0,0,-.--
144,660670,747142,1,5,0,0,0,.---,0,"0-3 | 2 BB, R",1,2,1,1,0,0,0,0,2,0,0,0,3,0,0,0,1,0,0,0,-.--
144,645277,747142,2,5,3,0,0,.---,0,"2-4 | 2B, BB, 3 RBI",1,1,1,1,1,0,0,0,1,0,2,0,4,0,0,3,1,0,0,0,-.--
144,663586,747142,3,5,1,0,0,.---,0,"1-4 | BB, K",1,1,1,0,0,0,0,1,1,0,1,0,4,0,0,0,5,0,0,0,-.--
144,621566,747142,4,5,2,0,0,.---,0,"1-4 | 2B, BB, 2 K",0,1,0,1,1,0,0,2,1,0,1,0,4,1,0,0,3,0,0,0,-.--
144,542303,747142,5,5,5,0,0,.---,0,"2-5 | HR, 2 K, 2 RBI",1,0,1,1,0,0,1,2,0,0,2,0,5,0,0,2,2,0,0,0,5
144,671739,747142,6,5,2,0,1,1,0,"2-4 | BB, K, RBI",1,0,1,1,0,0,0,1,1,0,2,0,4,0,0,1,1,0,0,0,-.--
144,606115,747142,7,5,3,0,0,.---,0,3-5 | R,0,0,2,1,0,0,0,0,0,0,3,0,5,0,0,0,2,0,0,0,-.--
144,518595,747142,8,5,2,0,0,.---,0,"1-5 | 2B, 3 K, RBI",1,0,1,0,1,0,0,3,0,0,1,0,5,0,0,1,6,0,0,0,-.--
144,672284,747142,9,4,0,0,0,.---,0,"0-3 | BB, 3 K, R",0,0,0,1,0,0,0,3,1,0,0,0,3,0,0,0,3,0,0,0,-.--
119,605141,745925,1,5,1,0,1,1,0,"1-4 | BB, 2 K, R",0,0,1,1,0,0,0,2,1,0,1,0,4,0,0,0,0,0,0,0,-.--
119,660271,745925,2,5,8,0,0,.---,0,"3-5 | HR, 2 2B, K",0,0,1,2,2,0,1,1,0,0,3,0,5,0,0,1,1,0,0,0,5
119,518692,745925,3,5,2,0,0,.---,0,2-4 | RBI,2,1,2,0,0,0,0,0,0,0,2,0,4,0,0,1,1,0,1,0,-.--
119,669257,745925,4,4,1,0,0,.---,0,"1-4 | K, RBI",0,1,1,0,0,0,0,1,0,0,1,0,4,0,0,1,2,0,0,0,-.--
119,571970,745925,5,4,0,0,0,.---,0,0-2 | 2 BB,2,0,2,0,0,0,0,0,2,0,0,0,2,0,0,0,3,0,0,0,-.--
119,606192,745925,6,4,1,0,0,.---,0,1-4 | 2 K,0,0,1,0,0,0,0,2,0,0,1,0,4,0,0,0,3,0,0,0,-.--
119,666158,745925,7,4,1,0,0,.---,0,1-4 | 2 K,0,1,0,0,0,0,0,2,0,0,1,0,4,0,0,0,4,0,0,0,-.--
119,681546,745925,8,4,4,0,0,.---,0,"1-4 | HR, 2 K, RBI",0,1,0,1,0,0,1,2,0,0,1,0,4,0,0,1,2,0,0,0,4
119,666211,745925,9,3,0,0,0,.---,0,0-3 | K,0,1,1,0,0,0,0,1,0,0,0,0,3,0,0,0,0,0,0,0,-.--
142,622534,745925,1,3,5,0,0,.---,0,"2-3 | HR, 2 RBI, R",0,1,0,1,0,0,1,0,0,0,2,0,3,0,0,2,0,0,0,0,3
142,621043,745925,2,4,0,0,0,.---,0,0-4,1,2,2,0,0,0,0,0,0,0,0,0,4,0,0,0,1,0,0,0,-.--
142,680777,745925,3,4,0,0,0,.---,0,0-4 | 2 K,1,0,2,0,0,0,0,2,0,0,0,0,4,0,0,0,1,0,0,0,-.--
142,621439,745925,4,4,1,0,0,.---,0,1-4 | K,1,1,1,0,0,0,0,1,0,0,1,0,4,0,0,0,1,0,0,0,-.--
142,669304,745925,5,2,0,0,0,.---,0,0-2 | K,1,0,1,0,0,0,0,1,0,0,0,0,2,0,0,0,1,0,0,0,-.--
142,571657,745925,6,2,0,0,0,.---,0,0-2 | K,0,1,0,0,0,0,0,1,0,0,0,0,2,0,0,0,1,0,0,0,-.--
142,543877,745925,7,3,0,0,0,.---,0,0-3 | K,1,1,1,0,0,0,0,1,0,0,0,0,3,0,0,0,1,0,0,0,-.--
142,467793,745925,8,3,0,0,0,.---,0,0-3,2,1,2,0,0,0,0,0,0,0,0,0,3,0,0,0,0,0,0,0,-.--
142,668885,745925,9,2,0,0,0,.---,0,"0-1 | BB, R",0,0,1,1,0,0,0,0,1,0,0,0,1,0,0,0,0,0,0,0,-.--
143,656941,745194,1,5,0,0,0,.---,0,0-5 | K,2,1,3,0,0,0,0,1,0,0,0,0,5,0,0,0,5,0,0,0,-.--
143,607208,745194,2,5,3,0,0,.---,0,3-5 | RBI,0,1,1,0,0,0,0,0,0,0,3,0,5,0,0,1,1,0,0,0,-.--
143,547180,745194,3,5,0,0,0,.---,0,"0-3 | 2 BB, R",0,3,0,1,0,0,0,0,2,1,0,0,3,2,0,0,5,0,0,0,-.--
143,664761,745194,4,5,2,0,0,.---,0,"1-4 | 2B, BB, RBI",0,3,0,0,1,0,0,0,1,0,1,0,4,0,0,1,2,0,0,0,-.--
143,681082,745194,5,5,0,0,0,.---,0,"0-4 | K, RBI",2,1,3,0,0,0,0,1,0,0,0,0,4,0,0,1,2,0,1,0,-.--
143,592206,745194,6,5,0,0,0,.---,0,0-5 | K,2,2,2,0,0,0,0,1,0,0,0,0,5,0,0,0,1,0,0,0,-.--
143,669016,745194,7,4,5,0,0,.---,0,"2-4 | HR, K, RBI",1,0,1,2,0,0,1,1,0,0,2,0,4,0,0,1,0,0,0,0,4
143,596117,745194,8,4,1,0,1,1,0,"1-4 | K, R, SB",0,2,0,1,0,0,0,1,0,0,1,0,4,0,0,0,0,0,0,0,-.--
143,679032,745194,9,4,4,0,0,.---,0,"3-4 | 2B, RBI",1,0,1,0,1,0,0,0,0,0,3,0,4,0,0,1,0,0,0,0,-.--
138,680977,745194,1,5,0,0,0,.---,0,0-4 | BB,1,3,1,0,0,0,0,0,1,0,0,0,4,0,0,0,3,0,0,0,-.--
138,502671,745194,2,5,1,0,0,.---,0,1-5 | 2 K,1,0,2,0,0,0,0,2,0,0,1,0,5,0,0,0,2,0,0,0,-.--
138,669357,745194,3,5,0,0,0,.---,0,0-5 | 2 K,2,1,2,0,0,0,0,2,0,0,0,0,5,0,0,0,4,0,0,0,-.--
138,571448,745194,4,5,2,0,0,.---,0,"1-5 | 2B, 3 K",0,1,0,0,1,0,0,3,0,0,1,0,5,0,0,0,2,0,0,0,-.--
138,671056,745194,5,4,4,0,0,.---,0,"1-3 | HR, BB, K",1,0,1,2,0,0,1,1,1,0,1,0,3,0,0,1,1,0,0,0,3
138,676475,745194,6,4,2,0,0,.---,0,1-4 | 2B,0,2,1,0,1,0,0,0,0,0,1,0,4,0,0,0,1,0,0,0,-.--
138,691023,745194,7,4,0,0,0,.---,0,"0-2 | BB, 2 K, RBI",1,0,1,0,0,0,0,2,1,0,0,0,2,0,0,1,0,0,1,0,-.--
138,691026,745194,8,4,2,0,0,.---,0,2-4 | RBI,1,0,2,0,0,0,0,0,0,0,2,0,4,0,0,1,2,0,0,0,-.--
138,687363,745194,9,4,0,0,1,1,0,"0-3 | HBP, K, SB",0,2,0,0,0,0,0,1,0,0,0,1,3,0,0,0,2,0,0,0,-.--
117,514888,745034,1,5,0,0,0,.---,0,"0-4 | BB, 2 K, R",2,0,2,1,0,0,0,2,1,0,0,0,4,0,0,0,1,0,0,0,-.--
117,670541,745034,2,5,7,0,0,.---,0,"3-5 | HR, 2B, K",0,0,1,3,1,0,1,1,0,0,3,0,5,0,0,3,0,0,0,0,5
117,663656,745034,3,5,1,0,0,.---,0,"1-4 | BB, K, 2 RBI",0,1,1,1,0,0,0,1,1,0,1,0,4,0,0,2,0,0,0,0,-.--
117,608324,745034,4,5,4,0,0,.---,0,"3-5 | 2B, RBI",0,2,0,0,1,0,0,0,0,0,3,0,5,0,0,1,0,0,0,0,-.--
117,676801,745034,5,5,0,0,0,.---,0,"0-4 | BB, K",1,2,1,0,0,0,0,1,1,0,0,0,4,1,0,0,3,0,0,0,-.--
117,665161,745034,6,4,1,0,0,.---,0,1-4 | RBI,0,2,1,0,0,0,0,0,0,0,1,0,4,0,0,1,2,0,0,0,-.--
117,547989,745034,7,4,0,0,0,.---,0,"0-3 | HBP, 2 K, 2 R",0,1,0,2,0,0,0,2,0,0,0,1,3,0,0,0,3,0,0,0,-.--
117,643289,745034,8,4,1,0,0,.---,0,1-4 | R,0,2,1,1,0,0,0,0,0,0,1,0,4,0,0,0,1,0,0,0,-.--
117,605170,745034,9,4,5,0,0,.---,0,"2-4 | HR, K, 3 RBI",0,1,0,2,0,0,1,1,0,0,2,0,4,0,0,3,1,0,0,0,4
140,543760,745034,1,5,0,0,0,.---,0,"0-4 | BB, K, R",2,1,2,1,0,0,0,1,1,0,0,0,4,1,0,0,4,0,0,0,-.--
140,608369,745034,2,5,3,0,0,.---,0,3-5 | R,0,2,0,1,0,0,0,0,0,0,3,0,5,0,0,0,0,0,0,0,-.--
140,694671,745034,3,5,2,0,0,.---,0,"2-5 | K, RBI, R",1,1,1,1,0,0,0,1,0,0,2,0,5,0,0,1,2,0,0,0,-.--
140,666969,745034,4,4,1,0,0,.---,0,"1-4 | 2 K, R",0,1,0,1,0,0,0,2,0,0,1,0,4,0,0,0,2,0,0,0,-.--
140,694497,745034,5,4,0,0,0,.---,0,"0-3 | BB, RBI, R",2,0,3,1,0,0,0,0,1,0,0,0,3,0,0,1,2,0,0,0,-.--
140,669701,745034,6,4,1,0,0,.---,0,"1-3 | HBP, K, RBI",0,1,0,0,0,0,0,1,0,0,1,1,3,0,0,1,1,0,0,0,-.--
140,665120,745034,7,4,1,0,0,.---,0,"1-3 | BB, 2 RBI",1,1,1,0,0,0,0,0,1,0,1,0,3,0,0,2,1,0,0,0,-.--
140,668800,745034,8,4,0,0,0,.---,0,0-4,2,1,3,0,0,0,0,0,0,0,0,0,4,0,0,0,4,0,0,0,-.--
140,665750,745034,9,4,0,0,0,.---,0,0-3 | BB,3,0,3,0,0,0,0,0,1,0,0,0,3,0,0,0,1,0,0,0,-.--
109,606466,746569,1,5,0,0,0,.---,0,"0-4 | BB, K",0,3,0,0,0,0,0,1,1,0,0,0,4,0,0,0,2,0,0,0,-.--
109,682998,746569,2,5,2,0,1,1,0,2-5 | SB,0,1,2,0,0,0,0,0,0,0,2,0,5,0,0,0,4,0,0,0,-.--
109,666971,746569,3,5,1,0,0,.---,0,"1-5 | K, RBI",1,2,1,0,0,0,0,1,0,0,1,0,5,0,0,1,2,0,0,0,-.--
109,572233,746569,4,5,2,0,0,.---,0,"2-3 | 2 BB, K, R",0,0,0,1,0,0,0,1,2,0,2,0,3,0,0,0,0,0,0,0,-.--
109,553993,746569,5,5,0,0,0,.---,0,"0-4 | BB, K, R",2,1,2,1,0,0,0,1,1,0,0,0,4,0,0,0,6,0,0,0,-.--
109,672515,746569,6,4,0,0,0,.---,0,"0-3 | BB, K",1,1,1,0,0,0,0,1,1,0,0,0,3,0,0,0,3,0,0,0,-.--
109,545341,746569,7,3,0,0,0,.---,0,0-2 | RBI,2,0,3,0,0,0,0,0,0,0,0,0,2,0,0,1,0,0,1,0,-.--
109,677942,746569,8,3,1,0,0,.---,0,"1-3 | K, R",1,0,1,1,0,0,0,1,0,0,1,0,3,0,0,0,0,0,0,0,-.--
109,621028,746569,9,4,1,0,0,.---,0,"1-3 | BB, RBI, R",1,0,2,1,0,0,0,0,1,0,1,0,3,0,0,1,0,0,0,0,-.--
115,453568,746569,1,5,7,0,0,.---,0,"2-4 | HR, 3B, BB",0,0,0,2,0,1,1,2,1,0,2,0,4,0,0,1,0,0,0,0,4
115,678662,746569,2,5,2,0,0,.---,0,"2-5 | K, RBI",0,0,2,0,0,0,0,1,0,0,2,0,5,0,0,1,3,0,0,0,-.--
115,641857,746569,3,5,3,0,0,.---,0,"3-5 | 2 K, RBI, R",0,0,0,1,0,0,0,2,0,0,3,0,5,0,0,1,1,0,0,0,-.--
115,553869,746569,4,4,1,0,0,.---,0,"1-3 | BB, K, RBI",0,1,0,1,0,0,0,1,1,0,1,0,3,0,0,1,3,0,0,0,-.--
115,592178,746569,5,4,1,0,0,.---,0,"1-4 | K, RBI",0,2,0,0,0,0,0,1,0,0,1,0,4,0,0,1,6,0,0,0,-.--
115,666134,746569,6,4,1,0,0,.---,0,"1-3 | BB, 2 K, RBI",0,0,0,1,0,0,0,2,1,0,1,0,3,0,0,1,0,0,0,0,-.--
115,663898,746569,7,4,2,0,0,.---,0,"2-4 | K, R",0,0,1,1,0,0,0,1,0,0,2,0,4,0,0,0,2,0,0,0,-.--
115,660707,746569,8,4,0,0,0,.---,0,"0-3 | K, RBI",1,2,1,0,0,0,0,1,0,0,0,0,3,1,0,1,3,0,1,0,-.--
115,686668,746569,9,4,2,0,0,.---,0,"1-4 | 2B, 3 K, R",0,0,0,1,1,0,0,3,0,0,1,0,4,0,0,0,2,0,0,0,-.--
139,650490,746252,1,4,0,0,0,.---,0,0-4,1,3,1,0,0,0,0,0,0,0,0,0,4,0,0,0,1,0,0,0,-.--
139,623912,746252,2,4,1,0,0,.---,0,1-4 | R,1,1,2,1,0,0,0,0,0,0,1,0,4,0,0,0,0,0,0,0,-.--
139,668227,746252,3,4,1,0,0,.---,0,"1-3 | BB, K",0,0,1,0,0,0,0,1,1,0,1,0,3,0,0,0,0,0,0,0,-.--
139,670623,746252,4,4,2,0,0,.---,0,1-4 | 2B,1,2,1,0,1,0,0,0,0,0,1,0,4,1,0,0,1,0,0,0,-.--
139,642708,746252,5,4,1,0,0,.---,0,1-4,0,1,2,0,0,0,0,0,0,0,1,0,4,0,0,0,2,0,0,0,-.--
139,678554,746252,6,4,1,0,0,.---,0,1-4,1,0,3,0,0,0,0,0,0,0,1,0,4,0,0,0,3,0,0,0,-.--
139,642350,746252,7,3,1,0,0,.---,0,1-3 | K,1,0,1,0,0,0,0,1,0,0,1,0,3,0,0,0,1,0,0,0,-.--
139,676609,746252,8,3,1,1,0,0,0,1-3 | CS,0,1,1,0,0,0,0,0,0,0,1,0,3,1,0,0,1,0,0,0,-.--
139,650907,746252,9,3,1,0,0,.---,0,1-3 | K,1,0,1,0,0,0,0,1,0,0,1,0,3,0,0,0,0,0,0,0,-.--
108,543685,746252,1,5,4,0,0,.---,0,"3-5 | 2B, 3 R",1,0,2,3,1,0,0,0,0,0,3,0,5,0,0,0,2,0,0,0,-.--
108,666160,746252,2,5,3,0,0,.---,0,"2-5 | 2B, K, RBI",1,1,1,1,1,0,0,1,0,0,2,0,5,0,0,1,3,0,0,0,-.--
108,545361,746252,3,5,8,0,0,.---,0,"3-5 | HR, 3B, 2 RBI",0,2,0,2,0,1,1,0,0,0,3,0,5,0,0,2,2,0,0,0,5
108,621493,746252,4,5,3,0,1,1,0,"3-5 | 3 RBI, SB",0,2,0,0,0,0,0,0,0,0,3,0,5,0,0,3,1,0,0,0,-.--
108,593934,746252,5,4,1,0,0,.---,0,"1-3 | BB, K, R",1,0,1,1,0,0,0,1,1,0,1,0,3,0,0,0,2,0,0,0,-.--
108,592273,746252,6,4,1,0,0,.---,0,1-4 | 2 K,0,0,1,0,0,0,0,2,0,0,1,0,4,0,0,0,3,0,0,0,-.--
108,650859,746252,7,4,1,0,1,1,0,"1-3 | BB, RBI, SB",1,1,1,0,0,0,0,0,1,0,1,0,3,0,0,1,0,0,0,0,-.--
108,681351,746252,8,4,0,0,0,.---,0,0-4 | 2 K,0,2,0,0,0,0,0,2,0,0,0,0,4,0,0,0,3,0,0,0,-.--
108,687263,746252,9,4,0,0,0,.---,0,"0-3 | BB, K",0,2,0,0,0,0,0,1,1,0,0,0,3,0,0,0,0,0,0,0,-.--
112,664023,745432,1,5,1,0,0,.---,0,"1-4 | BB, 2 K, 2 RBI",0,1,0,2,0,0,0,2,1,0,1,0,4,0,0,2,1,0,0,0,-.--
112,673548,745432,2,5,2,0,0,.---,0,"1-3 | 2B, 2 BB, 2 K",0,0,0,1,1,0,0,2,2,0,1,0,3,0,0,0,0,0,0,0,-.--
112,641355,745432,3,5,1,0,0,.---,0,"1-4 | K, 3 RBI",3,0,3,0,0,0,0,1,0,0,1,0,4,0,0,3,1,0,1,0,-.--
112,666624,745432,4,4,2,0,0,.---,0,"1-4 | 2B, K, RBI",1,1,1,1,1,0,0,1,0,0,1,0,4,0,0,1,3,0,0,0,-.--
112,621020,745432,5,4,3,0,0,.---,0,"1-4 | 3B, K, 2 RBI",0,1,1,0,0,1,0,1,0,0,1,0,4,0,0,2,0,0,0,0,-.--
112,683737,745432,6,4,0,0,0,.---,0,0-4 | 2 K,2,0,2,0,0,0,0,2,0,0,0,0,4,0,0,0,1,0,0,0,-.--
112,663538,745432,7,4,2,1,0,0,1,"1-2 | 2B, 2 BB, R",1,0,1,1,1,0,0,0,2,0,1,0,2,0,0,0,0,0,0,0,-.--
112,643565,745432,8,4,1,0,0,.---,0,"1-3 | BB, R",0,2,0,1,0,0,0,0,1,0,1,0,3,1,0,0,1,0,0,0,-.--
112,665804,745432,9,4,1,0,0,.---,0,"1-3 | HBP, 2 R",1,1,1,2,0,0,0,0,0,0,1,1,3,0,0,0,1,0,0,0,-.--
135,593428,745432,1,5,4,0,0,.---,0,"1-5 | HR, K, 2 RBI",0,2,1,1,0,0,1,1,0,0,1,0,5,0,0,2,2,0,0,0,5
135,665487,745432,2,5,4,0,0,.---,0,"1-4 | HR, BB, K",1,1,1,2,0,0,1,1,1,0,1,0,4,0,0,2,0,0,0,0,4
135,630105,745432,3,5,4,1,0,0,0,"1-2 | HR, 2 BB, 2 RBI",0,1,0,1,0,0,1,0,2,0,1,0,2,0,0,2,0,0,0,1,2
135,592518,745432,4,4,1,0,0,.---,0,"1-4 | 2 K, R",1,0,1,1,0,0,0,2,0,0,1,0,4,0,0,0,2,0,0,0,-.--
135,595777,745432,5,4,2,0,0,.---,0,"2-3 | BB, R",1,0,1,1,0,0,0,0,1,0,2,0,3,0,0,0,0,0,0,0,-.--
135,673490,745432,6,4,3,0,0,.---,0,"1-4 | 3B, K, 2 RBI",0,1,1,1,0,1,0,1,0,0,1,0,4,0,0,2,3,0,0,0,-.--
135,669134,745432,7,4,1,0,0,.---,0,"1-3 | BB, RBI",0,2,0,0,0,0,0,0,1,0,1,0,3,0,0,1,2,0,0,0,-.--
135,701538,745432,8,4,1,0,0,.---,0,"1-3 | BB, K, 2 R",1,0,1,2,0,0,0,1,1,0,1,0,3,0,0,0,3,0,0,0,-.--
135,642180,745432,9,2,0,0,0,.---,0,0-2 | 2 K,0,0,0,0,0,0,0,2,0,0,0,0,2,0,0,0,3,0,0,0,-.--
120,696285,745363,1,5,0,0,0,.---,0,"0-4 | HBP, K, R",0,3,0,1,0,0,0,1,0,0,0,1,4,0,0,0,1,0,0,0,-.--
120,608385,745363,2,5,1,0,0,.---,0,"1-4 | BB, 2 R",0,1,2,2,0,0,0,0,1,0,1,0,4,0,0,0,1,0,0,0,-.--
120,657041,745363,3,5,6,0,0,.---,0,"3-5 | HR, 3 RBI, R",0,2,0,1,0,0,1,0,0,0,3,0,5,0,0,3,0,0,0,0,5
120,608336,745363,4,5,2,0,0,.---,0,"1-5 | 2B, 3 K, R",0,0,1,1,1,0,0,3,0,0,1,0,5,0,0,0,3,0,0,0,-.--
120,608841,745363,5,5,0,0,0,.---,0,"0-4 | BB, 2 K",0,2,0,0,0,0,0,2,1,0,0,0,4,0,0,0,1,0,0,0,-.--
120,660688,745363,6,5,0,0,0,.---,0,"0-3 | 2 BB, 2 K, R",0,0,1,1,0,0,0,2,2,0,0,0,3,0,0,0,3,0,0,0,-.--
120,545121,745363,7,5,2,0,0,.---,0,"1-2 | 2B, 3 BB, 2 RBI",0,1,0,1,1,0,0,0,3,0,1,0,2,0,0,2,0,0,0,0,-.--
120,702358,745363,8,5,3,0,3,1,0,"3-5 | K, RBI, R",1,0,1,1,0,0,0,1,0,0,3,0,5,0,0,1,5,0,0,0,-.--
120,671277,745363,9,4,1,0,1,1,0,"1-4 | K, RBI, SB",1,1,1,0,0,0,0,1,0,0,1,0,4,0,0,1,2,0,0,0,-.--
137,808982,745363,1,4,3,0,0,.---,0,"2-3 | 2B, BB, R",0,1,0,1,1,0,0,0,1,0,2,0,3,0,0,0,1,0,0,0,-.--
137,527038,745363,2,4,0,0,0,.---,0,0-4,1,1,3,0,0,0,0,0,0,0,0,0,4,1,0,0,3,0,0,0,-.--
137,664774,745363,3,4,4,0,0,.---,0,"2-4 | 2 2B, K",0,1,0,0,2,0,0,1,0,0,2,0,4,0,0,0,1,0,0,0,-.--
137,624585,745363,4,4,0,0,0,.---,0,0-3 | BB,1,1,2,0,0,0,0,0,1,0,0,0,3,0,0,0,2,0,0,0,-.--
137,656305,745363,5,4,0,0,0,.---,0,"0-3 | BB, K",1,0,2,0,0,0,0,1,1,0,0,0,3,0,0,0,3,0,0,0,-.--
137,573262,745363,6,4,0,0,0,.---,0,0-4 | 2 K,0,1,1,0,0,0,0,2,0,0,0,0,4,0,0,0,4,0,0,0,-.--
137,642731,745363,7,4,1,0,0,.---,0,1-4,1,2,1,0,0,0,0,0,0,0,1,0,4,0,0,0,1,0,0,0,-.--
137,672275,745363,8,4,0,0,0,.---,0,0-4 | 3 K,0,1,0,0,0,0,0,3,0,0,0,0,4,0,0,0,2,0,0,0,-.--
137,605113,745363,9,3,1,0,0,.---,0,1-3,0,1,1,0,0,0,0,0,0,0,1,0,3,0,0,0,0,0,0,0,-.--
116,663837,745517,1,5,2,0,0,.---,0,"2-5 | 2 K, R",1,0,1,1,0,0,0,2,0,0,2,0,5,0,0,0,2,0,0,0,-.--
116,592192,745517,2,5,2,0,0,.---,0,"1-5 | 2B, K",1,0,3,0,1,0,0,1,0,0,1,0,5,0,0,0,4,0,0,0,-.--
116,682985,745517,3,4,1,0,0,.---,0,"1-3 | BB, R",0,2,0,1,0,0,0,0,1,0,1,0,3,0,0,0,1,0,0,0,-.--
116,679529,745517,4,4,1,0,0,.---,0,"1-3 | HBP, RBI",0,2,0,0,0,0,0,0,0,0,1,1,3,0,0,1,1,0,0,0,-.--
116,570482,745517,5,4,2,0,0,.---,0,"2-4 | K, RBI",0,1,0,0,0,0,0,1,0,0,2,0,4,1,0,1,2,0,0,0,-.--
116,690993,745517,6,4,0,0,0,.---,0,0-4,1,3,1,0,0,0,0,0,0,0,0,0,4,0,0,0,2,0,0,0,-.--
116,608348,745517,7,3,0,0,0,.---,0,0-3 | K,0,2,0,0,0,0,0,1,0,0,0,0,3,0,0,0,0,0,0,0,-.--
116,595879,745517,8,4,0,0,0,.---,0,"0-3 | HBP, K",1,1,1,0,0,0,0,1,0,0,0,1,3,0,0,0,0,0,0,0,-.--
116,668670,745517,9,4,1,0,0,.---,0,"1-4 | 2 K, RBI",0,1,0,0,0,0,0,2,0,0,1,0,4,0,0,1,0,0,0,0,-.--
134,669707,745517,1,4,0,0,0,.---,0,0-4,0,3,1,0,0,0,0,0,0,0,0,0,4,0,0,0,2,0,0,0,-.--
134,668804,745517,2,4,2,0,0,.---,0,"1-4 | 2B, R",2,1,2,1,1,0,0,0,0,0,1,0,4,0,0,0,2,0,0,0,-.--
134,663647,745517,3,4,2,0,0,.---,0,2-4 | RBI,1,0,2,0,0,0,0,0,0,0,2,0,4,0,0,1,1,0,0,0,-.--
134,669261,745517,4,4,0,0,0,.---,0,0-4,1,2,2,0,0,0,0,0,0,0,0,0,4,0,0,0,2,0,0,0,-.--
134,658668,745517,5,4,8,0,0,.---,0,"2-4 | 2 HR, 2 RBI, 2 R",1,1,1,2,0,0,2,0,0,0,2,0,4,0,0,2,1,0,0,0,2
134,642133,745517,6,4,1,0,0,.---,0,1-4 | K,0,2,0,0,0,0,0,1,0,0,1,0,4,0,0,0,0,0,0,0,-.--
134,572191,745517,7,4,0,0,0,.---,0,0-4 | K,0,3,0,0,0,0,0,1,0,0,0,0,4,1,0,0,1,0,0,0,-.--
134,680779,745517,8,4,1,0,0,.---,0,"1-2 | 2 BB, K",0,0,0,0,0,0,0,1,2,0,1,0,2,0,0,0,0,0,0,0,-.--
134,675961,745517,9,3,1,0,0,.---,0,1-3 | K,1,0,1,0,0,0,0,1,0,0,1,0,3,0,0,0,2,0,0,0,-.--
110,683002,746981,1,5,3,0,1,1,0,"2-5 | 2B, 2 R, SB",0,2,1,2,1,0,0,0,0,0,2,0,5,0,0,0,0,0,0,0,-.--
110,668939,746981,2,5,2,0,0,.---,0,"2-5 | K, RBI, R",0,2,0,1,0,0,0,1,0,0,2,0,5,0,0,1,0,0,0,0,-.--
110,623993,746981,3,5,1,0,0,.---,0,"1-5 | 2 K, RBI",0,0,2,0,0,0,0,2,0,0,1,0,5,0,0,1,1,0,0,0,-.--
110,656811,746981,4,5,1,0,0,.---,0,"1-3 | 2 BB, R",2,0,2,1,0,0,0,0,2,0,1,0,3,0,0,0,0,0,0,0,-.--
110,663624,746981,5,5,1,0,0,.---,0,1-5 | R,0,3,1,1,0,0,0,0,0,0,1,0,5,0,0,0,5,0,0,0,-.--
110,656775,746981,6,5,2,0,1,1,0,"2-4 | BB, RBI, 2 R",0,1,1,2,0,0,0,0,1,0,2,0,4,0,0,1,2,0,0,0,-.--
110,681297,746981,7,5,4,0,0,.---,0,"2-4 | 2 2B, 2 K, 4 RBI",1,0,1,0,2,0,0,2,0,0,2,0,4,0,0,4,4,0,1,0,-.--
110,602104,746981,8,5,1,0,0,.---,0,1-5 | 2 K,0,1,1,0,0,0,0,2,0,0,1,0,5,0,0,0,6,0,0,0,-.--
110,643393,746981,9,3,0,0,0,.---,0,0-3 | K,0,1,1,0,0,0,0,1,0,0,0,0,3,0,0,0,2,0,0,0,-.--
111,680776,746981,1,4,0,0,0,.---,0,0-4 | 2 K,0,1,1,0,0,0,0,2,0,0,0,0,4,0,0,0,0,0,0,0,-.--
111,646240,746981,2,4,0,0,0,.---,0,0-4,1,1,3,0,0,0,0,0,0,0,0,0,4,0,0,0,0,0,0,0,-.--
111,641933,746981,3,4,4,0,0,.---,0,"1-4 | HR, 2 K, RBI",0,0,1,1,0,0,1,2,0,0,1,0,4,0,0,1,0,0,0,0,4
111,671213,746981,4,4,1,0,0,.---,0,"1-3 | BB, K",0,1,0,0,0,0,0,1,1,0,1,0,3,0,0,0,0,0,0,0,-.--
111,807799,746981,5,3,0,0,0,.---,0,0-3,0,2,1,0,0,0,0,0,0,0,0,0,3,0,0,0,2,0,0,0,-.--
111,678882,746981,6,3,0,0,0,.---,0,0-3 | 2 K,0,1,0,0,0,0,0,2,0,0,0,0,3,0,0,0,1,0,0,0,-.--
111,665839,746981,7,3,0,0,0,.---,0,0-3,0,1,2,0,0,0,0,0,0,0,0,0,3,0,0,0,1,0,0,0,-.--
111,624512,746981,8,2,0,0,0,.---,0,"0-1 | BB, K",0,0,0,0,0,0,0,1,1,0,0,0,1,0,0,0,0,0,0,0,-.--
111,666152,746981,9,2,0,0,0,.---,0,0-2,1,1,1,0,0,0,0,0,0,0,0,0,2,0,0,0,1,0,0,0,-.--
145,543257,746653,1,5,2,0,0,.---,0,"2-4 | BB, R",0,2,0,1,0,0,0,0,1,0,2,0,4,0,0,0,0,0,0,0,-.--
145,660162,746653,2,2,1,0,0,.---,0,1-2 | R,0,1,0,1,0,0,0,0,0,0,1,0,2,0,0,0,0,0,0,0,-.--
145,672820,746653,3,5,2,0,0,.---,0,"1-5 | 2B, 2 K, RBI",1,1,1,1,1,0,0,2,0,0,1,0,5,0,0,1,0,0,0,0,-.--
145,683734,746653,4,4,3,0,0,.---,0,"2-4 | 2B, K, RBI",1,0,1,1,1,0,0,1,0,0,2,0,4,0,0,1,0,0,0,0,-.--
145,686676,746653,5,4,2,0,0,.---,0,"2-4 | K, RBI, 2 R",0,0,1,2,0,0,0,1,0,0,2,0,4,0,0,1,1,0,0,0,-.--
145,643217,746653,6,4,2,0,0,.---,0,"1-3 | 2B, BB, K",1,0,1,1,1,0,0,1,1,0,1,0,3,0,0,0,3,0,0,0,-.--
145,607680,746653,7,2,2,0,0,.---,0,"1-2 | 2B, 2 RBI",0,0,1,0,1,0,0,0,0,0,1,0,2,0,0,2,1,0,0,0,-.--
145,657557,746653,8,4,1,0,0,.---,0,1-4 | 2 K,0,1,0,0,0,0,0,2,0,0,1,0,4,0,0,0,2,0,0,0,-.--
145,455117,746653,9,4,0,0,0,.---,0,0-4 | 2 K,0,2,0,0,0,0,0,2,0,0,0,0,4,0,0,0,3,0,0,0,-.--
114,680757,746653,1,5,2,0,0,.---,0,"2-5 | RBI, R",1,2,1,1,0,0,0,0,0,0,2,0,5,0,0,1,0,0,0,0,-.--
114,665926,746653,2,5,1,0,0,.---,0,"1-4 | BB, K",1,0,2,0,0,0,0,1,1,0,1,0,4,0,0,0,1,0,0,0,-.--
114,608070,746653,3,5,3,0,0,.---,0,"3-5 | K, RBI, 2 R",0,1,0,2,0,0,0,1,0,0,3,0,5,0,0,1,1,0,0,0,-.--
114,647304,746653,4,4,4,0,0,.---,0,"1-2 | HR, 2 BB, 2 RBI",0,0,1,1,0,0,1,0,2,0,1,0,2,0,0,2,2,0,0,0,2
114,671289,746653,5,4,1,0,0,.---,0,"1-4 | 2 K, RBI",0,1,0,0,0,0,0,2,0,0,1,0,4,0,0,1,2,0,0,0,-.--
114,686823,746653,6,4,0,0,0,.---,0,0-4 | 3 K,0,1,0,0,0,0,0,3,0,0,0,0,4,0,0,0,4,0,0,0,-.--
114,657656,746653,7,4,0,0,2,1,1,"0-2 | BB, HBP, K",0,0,1,1,0,0,0,1,1,0,0,1,2,0,0,0,0,0,0,0,-.--
114,666310,746653,8,4,0,0,0,.---,0,"0-3 | BB, 2 K",1,0,1,0,0,0,0,2,1,0,0,0,3,0,0,0,1,0,0,0,-.--
114,672356,746653,9,3,0,0,0,.---,0,0-3 | K,0,2,0,0,0,0,0,1,0,0,0,0,3,0,0,0,2,0,0,0,-.--
158,686554,746732,1,5,0,0,0,.---,0,0-5 | 2 K,0,2,1,0,0,0,0,2,0,0,0,0,5,0,0,0,3,0,0,0,-.--
158,661388,746732,2,5,1,0,0,.---,0,"1-4 | BB, 2 R",0,3,0,2,0,0,0,0,1,0,1,0,4,0,0,0,2,0,0,0,-.--
158,592885,746732,3,5,3,0,0,.---,0,"2-4 | 2B, BB, 3 RBI",1,1,1,0,1,0,0,0,1,0,2,0,4,0,0,3,1,0,0,0,-.--
158,642715,746732,4,5,2,0,0,.---,0,"1-5 | 2B, 2 K, R",1,1,1,1,1,0,0,2,0,0,1,0,5,0,0,0,4,0,0,0,-.--
158,641343,746732,5,5,2,0,0,.---,0,"1-5 | 2B, K, 2 RBI",2,1,2,1,1,0,0,1,0,0,1,0,5,0,0,2,3,0,0,0,-.--
158,656555,746732,6,5,2,0,0,.---,0,"1-4 | 2B, BB",2,0,3,0,1,0,0,0,1,0,1,0,4,0,0,0,0,0,0,0,-.--
158,686217,746732,7,5,3,0,0,.---,0,"3-4 | BB, RBI, 2 R",0,1,0,2,0,0,0,0,1,0,3,0,4,0,0,1,1,0,0,0,-.--
158,668930,746732,8,5,2,0,0,.---,0,"1-5 | 2B, R",2,0,4,1,1,0,0,0,0,0,1,0,5,0,0,0,5,0,0,0,-.--
158,663368,746732,9,5,3,0,1,1,0,"3-5 | 3 RBI, 2 R, SB",1,0,2,2,0,0,0,0,0,0,3,0,5,0,0,3,3,0,0,0,-.--
113,663697,746732,1,5,1,0,1,1,0,"1-4 | BB, K, SB",0,1,1,0,0,0,0,1,1,0,1,0,4,0,0,0,1,0,0,0,-.--
113,666181,746732,2,5,0,0,0,.---,0,0-5 | 3 K,0,0,2,0,0,0,0,3,0,0,0,0,5,0,0,0,4,0,0,0,-.--
113,687952,746732,3,5,2,0,0,.---,0,"2-5 | K, 2 R",1,1,1,2,0,0,0,1,0,0,2,0,5,0,0,0,3,0,0,0,-.--
113,600869,746732,4,5,0,0,0,.---,0,0-5 | 2 K,0,3,0,0,0,0,0,2,0,0,0,0,5,0,0,0,5,0,0,0,-.--
113,641584,746732,5,4,3,0,0,.---,0,"2-4 | 2B, K, RBI",0,1,0,1,1,0,0,1,0,0,2,0,4,0,0,1,0,0,0,0,-.--
113,682829,746732,6,4,2,0,0,.---,0,"1-4 | 2B, RBI, R",1,2,1,1,1,0,0,0,0,0,1,0,4,0,0,1,1,0,0,0,-.--
113,668715,746732,7,4,3,0,0,.---,0,"2-3 | 2B, BB, K",0,0,0,1,1,0,0,1,1,0,2,0,3,0,0,1,2,0,0,0,-.--
113,605361,746732,8,3,0,0,0,.---,0,0-3 | 2 K,1,0,1,0,0,0,0,2,0,0,0,0,3,0,0,0,5,0,0,0,-.--
113,663886,746732,9,4,3,0,0,.---,0,"2-4 | 2B, K, 2 RBI",0,1,0,0,1,0,0,1,0,0,2,0,4,0,0,2,0,0,0,0,-.--
146,650333,745762,1,4,0,0,0,.---,0,"0-3 | BB, 2 K",0,1,0,0,0,0,0,2,1,0,0,0,3,0,0,0,0,0,0,0,-.--
146,650559,745762,2,4,0,0,0,.---,0,"0-3 | BB, K",0,1,1,0,0,0,0,1,1,0,0,0,3,0,0,0,1,0,0,0,-.--
146,669394,745762,3,4,0,0,0,.---,0,0-4,0,2,2,0,0,0,0,0,0,0,0,0,4,0,0,0,2,0,0,0,-.--
146,605137,745762,4,4,0,0,0,.---,0,"0-3 | BB, K, R",0,2,0,1,0,0,0,1,1,0,0,0,3,0,0,0,2,0,0,0,-.--
146,665862,745762,5,4,3,0,1,1,0,"2-4 | 2B, R, SB",1,1,1,1,1,0,0,0,0,0,2,0,4,0,0,0,0,0,0,0,-.--
146,641313,745762,6,4,2,0,1,1,0,"2-4 | K, SB",0,1,0,0,0,0,0,1,0,0,2,0,4,0,0,0,1,0,0,0,-.--
146,541645,745762,7,2,1,0,0,.---,0,1-2 | K,0,0,0,0,0,0,0,1,0,0,1,0,2,0,0,0,1,0,0,0,-.--
146,656896,745762,8,2,0,0,0,.---,0,0-2 | K,0,1,0,0,0,0,0,1,0,0,0,0,2,1,0,0,2,0,0,0,-.--
146,542194,745762,9,3,0,0,0,.---,0,0-3,1,1,2,0,0,0,0,0,0,0,0,0,3,0,0,0,1,0,0,0,-.--
147,650402,745762,1,5,0,0,0,.---,0,0-5,4,1,4,0,0,0,0,0,0,0,0,0,5,0,0,0,2,0,0,0,-.--
147,665742,745762,2,5,1,0,1,1,0,"1-4 | BB, RBI, R",1,2,1,1,0,0,0,0,1,0,1,0,4,0,0,1,0,0,0,0,-.--
147,592450,745762,3,4,2,0,0,.---,0,"1-1 | 2B, 3 BB",0,0,0,0,1,0,0,0,3,0,1,0,1,0,0,0,0,0,0,0,-.--
147,519317,745762,4,4,2,0,0,.---,0,"1-4 | 2B, RBI",1,1,2,0,1,0,0,0,0,0,1,0,4,0,0,1,6,0,0,0,-.--
147,519203,745762,5,4,2,0,0,.---,0,2-4 | K,0,1,0,0,0,0,0,1,0,0,2,0,4,0,0,0,4,0,0,0,-.--
147,683011,745762,6,4,0,0,0,.---,0,0-4,2,2,2,0,0,0,0,0,0,0,0,0,4,1,0,0,4,0,0,0,-.--
147,657077,745762,7,4,4,0,0,.---,0,"1-3 | HR, BB, RBI",1,1,1,1,0,0,1,0,1,0,1,0,3,0,0,1,1,0,0,0,3
147,542932,745762,8,4,1,0,0,.---,0,"1-3 | BB, R",0,0,2,1,0,0,0,0,1,0,1,0,3,0,0,0,1,0,0,0,-.--
147,669224,745762,9,4,0,0,0,.---,0,"0-3 | BB, 2 K",0,1,0,0,0,0,0,2,1,0,0,0,3,0,0,0,2,0,0,0,-.--
136,641487,744957,1,4,0,0,0,.---,0,"0-3 | BB, K",1,1,1,0,0,0,0,1,1,0,0,0,3,0,0,0,1,0,0,0,-.--
136,677594,744957,2,4,1,0,0,.---,0,"1-3 | BB, K, R",0,1,0,1,0,0,0,1,1,0,1,0,3,1,0,0,2,0,0,0,-.--
136,593871,744957,3,4,1,0,0,.---,0,"1-3 | BB, 2 K",0,0,0,0,0,0,0,2,1,0,1,0,3,0,0,0,1,0,0,0,-.--
136,664034,744957,4,4,0,0,0,.---,0,0-4 | 2 K,1,0,2,0,0,0,0,2,0,0,0,0,4,0,0,0,4,0,0,0,-.--
136,571745,744957,5,4,4,0,0,.---,0,"1-3 | HR, BB, 2 RBI",2,0,2,1,0,0,1,0,1,0,1,0,3,0,0,2,2,0,0,0,3
136,641598,744957,6,4,0,0,0,.---,0,0-4 | 2 K,0,1,1,0,0,0,0,2,0,0,0,0,4,1,0,0,1,0,0,0,-.--
136,663728,744957,7,4,0,0,0,.---,0,0-4 | 2 K,0,2,0,0,0,0,0,2,0,0,0,0,4,0,0,0,0,0,0,0,-.--
136,686527,744957,8,4,4,0,0,.---,0,"1-2 | HR, 2 BB, RBI",0,1,0,1,0,0,1,0,2,0,1,0,2,0,0,1,0,0,0,0,2
136,668942,744957,9,4,2,0,0,.---,0,2-4,1,1,1,0,0,0,0,0,0,0,2,0,4,1,0,0,2,0,0,0,-.--
141,543807,744957,1,5,2,0,1,1,0,"2-5 | 2 RBI, SB",2,1,2,0,0,0,0,0,0,0,2,0,5,1,0,2,3,0,0,0,-.--
141,665489,744957,2,5,0,0,0,.---,0,"0-5 | K, R",1,3,1,1,0,0,0,1,0,0,0,0,5,0,0,0,3,0,0,0,-.--
141,666182,744957,3,4,4,0,0,.---,0,"1-4 | HR, K, 2 RBI",1,1,1,1,0,0,1,1,0,0,1,0,4,1,0,2,1,0,0,0,4
141,457759,744957,4,4,3,0,0,.---,0,"2-3 | 2B, BB, K",0,0,0,0,1,0,0,1,1,0,2,0,3,0,0,0,0,0,0,0,-.--
141,676914,744957,5,4,0,0,0,.---,0,"0-3 | HBP, K",1,0,2,0,0,0,0,1,0,0,0,1,3,0,0,0,2,0,0,0,-.--
141,624415,744957,6,3,2,0,1,1,0,"2-3 | K, R, SB",0,0,0,1,0,0,0,1,0,0,2,0,3,0,0,0,1,0,0,0,-.--
141,672386,744957,7,4,0,0,0,.---,0,0-3 | BB,1,2,1,0,0,0,0,0,1,0,0,0,3,0,0,0,5,0,0,0,-.--
141,643396,744957,8,4,4,0,0,.---,0,"3-4 | 2B, K, RBI",0,0,0,1,1,0,0,1,0,0,3,0,4,0,0,1,0,0,0,0,-.--
141,662139,744957,9,4,1,0,0,.---,0,"1-4 | K, R",0,1,1,1,0,0,0,1,0,0,1,0,4,0,0,0,4,0,0,0,-.--
121,607043,747138,1,5,1,0,0,.---,0,"1-5 | 2 K, R",1,1,1,1,0,0,0,2,0,0,1,0,5,0,0,0,2,0,0,0,-.--
121,516782,747138,2,5,1,0,0,.---,0,"1-5 | 2 K, RBI",1,1,1,0,0,0,0,2,0,0,1,0,5,0,0,1,3,0,0,0,-.--
121,596019,747138,3,5,1,0,0,.---,0,1-5,0,3,1,0,0,0,0,0,0,0,1,0,5,1,0,0,3,0,0,0,-.--
121,624413,747138,4,5,6,0,0,.---,0,"2-4 | HR, 2B, BB",0,0,1,1,1,0,1,1,1,0,2,0,4,0,0,3,1,0,0,0,4
121,683146,747138,5,4,1,0,0,.---,0,1-4 | K,1,1,1,0,0,0,0,1,0,0,1,0,4,0,0,0,2,0,0,0,-.--
121,621466,747138,6,2,0,0,0,.---,0,0-1 | BB,1,0,1,0,0,0,0,0,1,0,0,0,1,0,0,0,1,0,0,0,-.--
121,643446,747138,7,4,1,0,0,.---,0,1-4 | K,1,1,1,0,0,0,0,1,0,0,1,0,4,0,0,0,5,0,0,0,-.--
121,664056,747138,8,4,2,0,0,.---,0,2-4 | R,1,0,2,1,0,0,0,0,0,0,2,0,4,0,0,0,1,0,0,0,-.--
121,553882,747138,9,4,3,0,0,.---,0,"2-3 | 2B, BB, K",0,0,0,2,1,0,0,1,1,0,2,0,3,0,0,1,0,0,0,0,-.--
144,660670,747138,1,5,2,0,3,1,0,"2-3 | BB, HBP, 3 R",1,0,1,3,0,0,0,0,1,0,2,1,3,0,0,0,0,0,0,0,-.--
144,645277,747138,2,4,3,0,0,.---,0,"2-4 | 2B, 2 RBI, R",1,1,1,1,1,0,0,0,0,0,2,0,4,0,0,2,3,0,0,0,-.--
144,663586,747138,3,4,2,0,0,.---,0,"2-3 | BB, K, 2 RBI",0,0,0,1,0,0,0,1,1,0,2,0,3,0,0,2,2,0,0,0,-.--
144,621566,747138,4,4,1,0,0,.---,0,1-4 | RBI,0,2,1,0,0,0,0,0,0,0,1,0,4,0,0,1,5,0,0,0,-.--
144,542303,747138,5,4,1,0,0,.---,0,"1-4 | K, RBI",1,1,1,0,0,0,0,1,0,0,1,0,4,0,0,1,1,0,0,0,-.--
144,671739,747138,6,4,1,0,0,.---,0,1-4 | K,0,2,0,0,0,0,0,1,0,0,1,0,4,0,0,0,0,0,0,0,-.--
144,606115,747138,7,4,0,0,0,.---,0,0-3 | HBP,0,3,0,0,0,0,0,0,0,0,0,1,3,0,0,0,3,0,0,0,-.--
144,518595,747138,8,4,1,0,0,.---,0,1-4 | R,1,2,1,1,0,0,0,0,0,0,1,0,4,1,0,0,4,0,0,0,-.--
144,672284,747138,9,4,1,0,0,.---,0,1-4 | 2 K,0,0,1,0,0,0,0,2,0,0,1,0,4,0,0,0,1,0,0,0,-.--
117,514888,746326,1,5,1,0,0,.---,0,"1-4 | BB, K, R",1,0,2,1,0,0,0,1,1,0,1,0,4,0,0,0,1,0,0,0,-.--
117,670541,746326,2,5,5,0,0,.---,0,"4-5 | 2B, 2 RBI",0,1,0,0,1,0,0,0,0,0,4,0,5,0,0,2,0,0,0,0,-.--
117,663656,746326,3,5,2,0,0,.---,0,2-5 | K,0,1,1,0,0,0,0,1,0,0,2,0,5,0,0,0,3,0,0,0,-.--
117,608324,746326,4,5,1,0,0,.---,0,1-5 | K,0,2,1,0,0,0,0,1,0,0,1,0,5,0,0,0,5,0,0,0,-.--
117,673237,746326,5,5,1,0,0,.---,0,"1-5 | 2 K, RBI",0,2,0,0,0,0,0,2,0,0,1,0,5,0,0,1,5,0,0,0,-.--
117,676801,746326,6,5,1,0,0,.---,0,1-5 | 2 K,1,0,2,0,0,0,0,2,0,0,1,0,5,0,0,0,4,0,0,0,-.--
117,547989,746326,7,4,0,0,0,.---,0,0-4 | K,1,2,1,0,0,0,0,1,0,0,0,0,4,0,0,0,3,0,0,0,-.--
117,665161,746326,8,5,2,0,1,1,0,"2-5 | R, SB",0,1,2,1,0,0,0,0,0,0,2,0,5,0,0,0,4,0,0,0,-.--
117,643289,746326,9,3,2,0,0,.---,0,"1-3 | 2B, R",1,1,1,1,1,0,0,0,0,0,1,0,3,0,0,0,1,0,0,0,-.--
118,672580,746326,1,5,0,0,0,.---,0,"0-4 | K, RBI",2,1,3,0,0,0,0,1,0,0,0,0,4,0,0,1,0,0,1,0,-.--
118,677951,746326,2,5,3,0,0,.---,0,"1-5 | 3B, K, RBI",3,0,3,1,0,1,0,1,0,0,1,0,5,0,0,1,0,0,0,0,-.--
118,686469,746326,3,5,0,0,0,.---,0,0-4 | BB,2,1,3,0,0,0,0,0,1,0,0,0,4,0,0,0,0,0,0,0,-.--
118,521692,746326,4,5,2,0,0,.---,0,2-5 | RBI,1,2,1,0,0,0,0,0,0,0,2,0,5,0,0,1,2,0,0,0,-.--
118,669004,746326,5,4,1,0,1,1,0,"1-2 | 2 BB, K, SB",0,0,0,0,0,0,0,1,2,0,1,0,2,0,0,0,1,0,0,0,-.--
118,676369,746326,6,4,3,0,0,.---,0,"2-4 | 2B, 2 K",0,0,0,0,1,0,0,2,0,0,2,0,4,0,0,0,2,0,0,0,-.--
118,624428,746326,7,4,0,0,0,.---,0,"0-3 | BB, K, R",0,2,0,1,0,0,0,1,1,0,0,0,3,0,0,0,5,0,0,0,-.--
118,592669,746326,8,4,1,0,0,.---,0,"1-3 | BB, R",1,1,1,1,0,0,0,0,1,0,1,0,3,0,0,0,4,0,0,0,-.--
118,664728,746326,9,4,0,0,0,.---,0,0-3 | K,1,2,1,0,0,0,0,1,0,0,0,0,3,0,0,0,4,1,0,0,-.--
119,605141,745924,1,5,1,0,0,.---,0,"1-2 | 3 BB, K, R",0,0,0,1,0,0,0,1,3,0,1,0,2,0,0,0,0,0,0,0,-.--
119,660271,745924,2,5,2,0,0,.---,0,"1-5 | 2B, 2 K",1,1,1,0,1,0,0,2,0,0,1,0,5,0,0,0,7,0,0,0,-.--
119,518692,745924,3,5,1,0,0,.---,0,"1-5 | 3 K, R",0,1,0,1,0,0,0,3,0,0,1,0,5,1,0,0,2,0,0,0,-.--
119,669257,745924,4,5,5,0,0,.---,0,"2-5 | HR, K, 3 RBI",0,1,1,2,0,0,1,1,0,0,2,0,5,0,0,3,0,0,0,0,5
119,571970,745924,5,5,0,0,0,.---,0,"0-4 | BB, 2 K",0,1,1,0,0,0,0,2,1,0,0,0,4,0,0,0,1,0,0,0,-.--
119,606192,745924,6,4,1,0,0,.---,0,"1-3 | BB, K, R",0,0,1,1,0,0,0,1,1,0,1,0,3,0,0,0,1,0,0,0,-.--
119,681546,745924,7,4,5,0,0,.---,0,"2-4 | HR, K, 3 RBI",1,0,1,1,0,0,1,1,0,0,2,0,4,0,0,3,1,0,0,0,4
119,621035,745924,8,4,0,0,0,.---,0,0-4 | 3 K,0,1,0,0,0,0,0,3,0,0,0,0,4,0,0,0,3,0,0,0,-.--
119,666158,745924,9,4,1,0,0,.---,0,1-3 | BB,1,1,1,0,0,0,0,0,1,0,1,0,3,0,0,0,0,0,0,0,-.--
142,666397,745924,1,4,0,0,0,.---,0,0-4 | 2 K,0,1,1,0,0,0,0,2,0,0,0,0,4,0,0,0,2,0,0,0,-.--
142,621043,745924,2,4,4,0,0,.---,0,"1-4 | HR, 2 K, RBI",0,0,1,1,0,0,1,2,0,0,1,0,4,0,0,1,1,0,0,0,4
142,666135,745924,3,4,4,0,0,.---,0,"1-4 | HR, K, RBI",1,1,1,1,0,0,1,1,0,0,1,0,4,0,0,1,0,0,0,0,4
142,621439,745924,4,4,1,0,0,.---,0,1-4 | 2 K,0,1,0,0,0,0,0,2,0,0,1,0,4,0,0,0,0,0,0,0,-.--
142,669304,745924,5,4,0,0,0,.---,0,0-4 | 2 K,1,0,2,0,0,0,0,2,0,0,0,0,4,0,0,0,1,0,0,0,-.--
142,670242,745924,6,4,0,0,0,.---,0,0-4 | 3 K,0,1,0,0,0,0,0,3,0,0,0,0,4,0,0,0,1,0,0,0,-.--
142,650489,745924,7,3,0,0,0,.---,0,0-3 | 2 K,0,1,0,0,0,0,0,2,0,0,0,0,3,0,0,0,0,0,0,0,-.--
142,680777,745924,8,3,4,0,0,.---,0,"1-3 | HR, K, RBI",1,0,1,1,0,0,1,1,0,0,1,0,3,0,0,1,0,0,0,0,3
142,668885,745924,9,3,4,0,0,.---,0,2-3 | 2 2B,1,0,1,0,2,0,0,0,0,0,2,0,3,0,0,0,0,0,0,0,-.--
143,656941,745195,1,4,0,0,0,.---,0,"0-3 | BB, K",2,0,2,0,0,0,0,1,1,0,0,0,3,0,0,0,4,0,0,0,-.--
143,607208,745195,2,4,2,0,1,1,0,"2-3 | BB, SB",0,0,1,0,0,0,0,0,1,0,2,0,3,0,0,0,0,0,0,0,-.--
143,547180,745195,3,4,0,0,0,.---,0,0-4 | 3 K,0,1,0,0,0,0,0,3,0,0,0,0,4,1,0,0,4,0,0,0,-.--
143,592663,745195,4,3,0,0,0,.---,0,0-3 | 3 K,0,0,0,0,0,0,0,3,0,0,0,0,3,0,0,0,2,0,0,0,-.--
143,664761,745195,5,4,1,0,0,.---,0,1-4 | K,0,1,1,0,0,0,0,1,0,0,1,0,4,0,0,0,2,0,0,0,-.--
143,681082,745195,6,4,1,0,0,.---,0,1-4 | K,0,2,0,0,0,0,0,1,0,0,1,0,4,1,0,0,1,0,0,0,-.--
143,592206,745195,7,4,2,0,0,.---,0,2-4 | K,0,0,1,0,0,0,0,1,0,0,2,0,4,0,0,0,0,0,0,0,-.--
143,669016,745195,8,4,2,0,0,.---,0,"2-3 | BB, K",0,0,0,0,0,0,0,1,1,0,2,0,3,0,0,0,0,0,0,0,-.--
143,679032,745195,9,2,0,0,0,.---,0,0-1,0,2,0,0,0,0,0,0,0,0,0,0,1,1,0,0,2,1,0,0,-.--
138,680977,745195,1,4,0,0,0,.---,0,0-4 | RBI,2,1,3,0,0,0,0,0,0,0,0,0,4,0,0,1,2,0,0,0,-.--
138,502671,745195,2,4,0,0,0,.---,0,0-4 | 3 K,0,0,1,0,0,0,0,3,0,0,0,0,4,0,0,0,0,0,0,0,-.--
138,575929,745195,3,4,1,0,0,.---,0,1-4 | 2 K,0,1,0,0,0,0,0,2,0,0,1,0,4,0,0,0,0,0,0,0,-.--
138,571448,745195,4,4,0,0,0,.---,0,0-3 | BB,0,3,0,0,0,0,0,0,1,0,0,0,3,0,0,0,0,0,0,0,-.--
138,669357,745195,5,4,5,0,0,.---,0,"2-4 | HR, RBI, R",0,2,0,1,0,0,1,0,0,0,2,0,4,0,0,1,2,0,0,0,4
138,671056,745195,6,4,1,0,0,.---,0,1-4,0,3,0,0,0,0,0,0,0,0,1,0,4,0,0,0,3,0,0,0,-.--
138,676475,745195,7,3,2,0,0,.---,0,"2-2 | BB, R",0,0,0,1,0,0,0,0,1,0,2,0,2,0,0,0,0,0,0,0,-.--
138,691026,745195,8,3,2,0,0,.---,0,"1-3 | 2B, K, R",0,0,1,1,1,0,0,1,0,0,1,0,3,0,0,0,4,0,0,0,-.--
138,687363,745195,9,3,0,0,0,.---,0,0-2 | RBI,1,2,1,0,0,0,0,0,0,0,0,0,2,0,0,1,2,0,1,0,-.--
133,647351,745030,1,4,0,0,0,.---,0,0-4 | 2 K,0,2,0,0,0,0,0,2,0,0,0,0,4,0,0,0,1,0,0,0,-.--
133,680869,745030,2,4,1,0,0,.---,0,1-4 | 2 K,0,1,0,0,0,0,0,2,0,0,1,0,4,0,0,0,1,0,0,0,-.--
133,668709,745030,3,4,1,0,0,.---,0,1-4 | 2 K,1,0,1,0,0,0,0,2,0,0,1,0,4,0,0,0,0,0,0,0,-.--
133,605204,745030,4,4,0,0,0,.---,0,"0-3 | BB, 2 K",0,1,0,0,0,0,0,2,1,0,0,0,3,0,0,0,2,0,0,0,-.--
133,664913,745030,5,4,0,0,0,.---,0,"0-3 | BB, 2 K",1,0,1,0,0,0,0,2,1,0,0,0,3,0,0,0,3,0,0,0,-.--
133,669127,745030,6,4,12,0,0,.---,0,"3-4 | 3 HR, K, 4 RBI",0,0,0,3,0,0,3,1,0,0,3,0,4,0,0,4,1,0,0,0,1.33
133,663527,745030,7,4,0,0,0,.---,0,0-4 | K,1,1,2,0,0,0,0,1,0,0,0,0,4,0,0,0,0,0,0,0,-.--
133,671732,745030,8,4,0,0,0,.---,0,0-4,2,1,3,0,0,0,0,0,0,0,0,0,4,0,0,0,0,0,0,0,-.--
133,669397,745030,9,3,0,0,0,.---,0,"0-2 | BB, K",0,1,0,0,0,0,0,1,1,0,0,0,2,0,0,0,0,0,0,0,-.--
140,543760,745030,1,4,3,0,0,.---,0,"2-4 | 2B, R",0,1,1,1,1,0,0,0,0,0,2,0,4,0,0,0,0,0,0,0,-.--
140,669701,745030,2,4,2,0,0,.---,0,2-4 | RBI,1,1,1,0,0,0,0,0,0,0,2,0,4,0,0,1,0,0,0,0,-.--
140,694671,745030,3,4,1,0,0,.---,0,1-3 | BB,1,1,1,0,0,0,0,0,1,0,1,0,3,0,0,0,0,0,0,0,-.--
140,666969,745030,4,4,0,0,0,.---,0,0-4,0,3,1,0,0,0,0,0,0,0,0,0,4,1,0,0,4,0,0,0,-.--
140,641680,745030,5,4,4,0,0,.---,0,"1-4 | HR, K, RBI",1,1,1,1,0,0,1,1,0,0,1,0,4,0,0,1,2,0,0,0,4
140,677649,745030,6,4,0,0,0,.---,0,0-2 | 2 BB,1,1,1,0,0,0,0,0,2,0,0,0,2,0,0,0,0,0,0,0,-.--
140,673995,745030,7,3,0,0,0,.---,0,0-3,2,1,2,0,0,0,0,0,0,0,0,0,3,0,0,0,2,0,0,0,-.--
140,694497,745030,8,4,4,0,0,.---,0,"1-4 | HR, 2 K, RBI",0,1,0,1,0,0,1,2,0,0,1,0,4,0,0,1,2,0,0,0,4
140,665750,745030,9,3,0,0,0,.---,0,0-3 | K,0,0,2,0,0,0,0,1,0,0,0,0,3,0,0,0,2,0,0,0,-.--
109,682998,746571,1,5,4,0,0,.---,0,"1-4 | HR, BB, K",0,2,0,1,0,0,1,1,1,0,1,0,4,0,0,1,1,0,0,0,4
109,672515,746571,2,5,6,0,0,.---,0,"4-5 | 2 2B, K, R",0,0,0,1,2,0,0,1,0,0,4,0,5,0,0,0,2,0,0,0,-.--
109,592626,746571,3,4,0,0,0,.---,0,0-4,1,2,2,0,0,0,0,0,0,0,0,0,4,1,0,0,6,0,0,0,-.--
109,572233,746571,4,4,2,0,0,.---,0,"2-3 | BB, RBI",0,0,1,0,0,0,0,0,1,0,2,0,3,0,0,1,0,0,0,0,-.--
109,553993,746571,5,4,0,0,0,.---,0,0-4 | 2 K,1,0,2,0,0,0,0,2,0,0,0,0,4,0,0,0,3,0,0,0,-.--
109,607054,746571,6,4,0,0,0,.---,0,0-4 | 2 K,0,1,1,0,0,0,0,2,0,0,0,0,4,0,0,0,3,0,0,0,-.--
109,545341,746571,7,4,4,0,0,.---,0,"1-3 | HR, BB, RBI",0,2,0,1,0,0,1,0,1,0,1,0,3,0,0,1,1,0,0,0,3
109,664983,746571,8,4,0,0,0,.---,0,0-4 | K,1,2,1,0,0,0,0,1,0,0,0,0,4,0,0,0,2,0,0,0,-.--
109,677942,746571,9,4,1,0,0,.---,0,"1-3 | BB, K",1,0,1,0,0,0,0,1,1,0,1,0,3,0,0,0,0,0,0,0,-.--
115,453568,746571,1,4,1,0,0,.---,0,"1-2 | 2 BB, R",0,0,1,1,0,0,0,0,2,0,1,0,2,0,0,0,1,0,0,0,-.--
115,678662,746571,2,4,3,0,0,.---,0,"2-4 | 2B, R",2,0,2,1,1,0,0,0,0,0,2,0,4,0,0,0,1,0,0,0,-.--
115,641857,746571,3,4,1,1,0,0,0,"1-4 | RBI, CS",0,3,0,0,0,0,0,0,0,0,1,0,4,0,0,1,4,0,0,0,-.--
115,553869,746571,4,4,2,0,0,.---,0,"2-4 | K, RBI",0,0,1,0,0,0,0,1,0,0,2,0,4,0,0,1,2,0,0,0,-.--
115,592178,746571,5,4,0,0,0,.---,0,0-3 | BB,0,3,0,0,0,0,0,0,1,0,0,0,3,1,0,0,3,0,0,0,-.--
115,666134,746571,6,4,0,0,0,.---,0,0-4 | 2 K,1,1,1,0,0,0,0,2,0,0,0,0,4,0,0,0,2,0,0,0,-.--
115,663898,746571,7,4,0,0,0,.---,0,0-4 | K,0,2,1,0,0,0,0,1,0,0,0,0,4,0,0,0,0,0,0,0,-.--
115,595909,746571,8,4,0,0,0,.---,0,0-4 | 2 K,0,2,0,0,0,0,0,2,0,0,0,0,4,0,0,0,0,0,0,0,-.--
115,686668,746571,9,3,2,1,0,0,0,2-3 | CS,0,1,0,0,0,0,0,0,0,0,2,0,3,0,0,0,0,0,0,0,-.--
139,650490,746250,1,5,0,0,0,.---,0,0-5 | K,2,1,3,0,0,0,0,1,0,0,0,0,5,0,0,0,4,0,0,0,-.--
139,623912,746250,2,5,1,0,0,.---,0,"1-5 | K, RBI",1,2,1,0,0,0,0,1,0,0,1,0,5,0,0,1,1,0,0,0,-.--
139,668227,746250,3,5,2,0,0,.---,0,"1-5 | 2B, K",2,0,3,0,1,0,0,1,0,0,1,0,5,0,0,0,2,0,0,0,-.--
139,670623,746250,4,5,5,0,0,.---,0,"2-3 | HR, 2 BB, RBI",0,0,1,1,0,0,1,0,2,0,2,0,3,0,0,1,0,0,0,0,3
139,642708,746250,5,5,1,0,0,.---,0,1-5,1,2,2,0,0,0,0,0,0,0,1,0,5,1,0,0,4,0,0,0,-.--
139,678554,746250,6,5,1,0,0,.---,0,"1-4 | BB, 2 K, R",0,1,0,1,0,0,0,2,1,0,1,0,4,0,0,0,1,0,0,0,-.--
139,642350,746250,7,4,2,0,0,.---,0,"1-3 | 2B, BB, 2 K",0,0,0,2,1,0,0,2,1,0,1,0,3,0,0,1,2,0,0,0,-.--
139,676609,746250,8,4,4,0,1,1,0,"3-4 | 2B, 2 RBI, 2 R",0,1,0,2,1,0,0,0,0,0,3,0,4,0,0,2,0,0,0,0,-.--
139,650907,746250,9,4,1,0,0,.---,0,1-4 | 2 K,1,0,1,0,0,0,0,2,0,0,1,0,4,0,0,0,3,0,0,0,-.--
108,543685,746250,1,5,0,0,1,1,0,"0-3 | 2 BB, SB",1,0,3,0,0,0,0,0,2,0,0,0,3,0,0,0,1,0,0,0,-.--
108,666160,746250,2,3,1,0,0,.---,0,"1-3 | K, R",0,1,0,1,0,0,0,1,0,0,1,0,3,0,0,0,1,0,0,0,-.--
108,545361,746250,3,4,4,0,0,.---,0,"1-4 | HR, 2 RBI, R",2,1,2,1,0,0,1,0,0,0,1,0,4,0,0,2,1,0,0,0,4
108,621493,746250,4,4,1,0,0,.---,0,1-4 | 2 K,0,1,0,0,0,0,0,2,0,0,1,0,4,0,0,0,0,0,0,0,-.--
108,592273,746250,5,4,2,0,0,.---,0,"1-4 | 2B, R",0,3,0,1,1,0,0,0,0,0,1,0,4,1,0,0,1,0,0,0,-.--
108,543305,746250,6,4,1,0,0,.---,0,"1-3 | BB, K, R",0,1,0,1,0,0,0,1,1,0,1,0,3,0,0,0,1,0,0,0,-.--
108,694384,746250,7,4,0,0,0,.---,0,0-4 | 2 K,0,2,0,0,0,0,0,2,0,0,0,0,4,0,0,0,2,0,0,0,-.--
108,681351,746250,8,4,1,0,0,.---,0,1-3 | BB,1,1,1,0,0,0,0,0,1,0,1,0,3,0,0,0,1,0,0,0,-.--
108,650859,746250,9,4,1,0,0,.---,0,1-4 | RBI,2,0,3,0,0,0,0,0,0,0,1,0,4,0,0,1,3,0,0,0,-.--
120,682928,745357,1,4,5,1,0,0,0,"2-4 | HR, K, 3 RBI",1,0,1,1,0,0,1,1,0,0,2,0,4,0,0,3,0,0,0,0,4
120,657041,745357,2,4,0,0,0,.---,0,0-4 | K,3,0,3,0,0,0,0,1,0,0,0,0,4,0,0,0,0,0,0,0,-.--
120,608336,745357,3,4,0,0,0,.---,0,"0-3 | HBP, K",0,0,2,0,0,0,0,1,0,0,0,1,3,0,0,0,0,0,0,0,-.--
120,608841,745357,4,4,0,0,0,.---,0,0-4 | 2 K,0,1,1,0,0,0,0,2,0,0,0,0,4,0,0,0,1,0,0,0,-.--
120,608385,745357,5,4,3,0,0,.---,0,"2-3 | 2B, HBP, K",0,0,0,2,1,0,0,1,0,0,2,1,3,0,0,0,0,0,0,0,-.--
120,656180,745357,6,4,3,0,0,.---,0,"2-4 | 2B, K, RBI",0,1,0,0,1,0,0,1,0,0,2,0,4,0,0,1,1,0,0,0,-.--
120,545121,745357,7,4,0,0,0,.---,0,0-4 | K,0,3,0,0,0,0,0,1,0,0,0,0,4,0,0,0,3,0,0,0,-.--
120,702358,745357,8,4,0,0,0,.---,0,0-3 | RBI,1,2,2,0,0,0,0,0,0,0,0,0,3,0,0,1,1,0,1,0,-.--
120,696285,745357,9,4,2,0,3,1,0,"2-4 | K, 2 R, 3 SB",1,0,1,2,0,0,0,1,0,0,2,0,4,0,0,0,2,0,0,0,-.--
137,808982,745357,1,5,2,0,0,.---,0,2-5,0,2,1,0,0,0,0,0,0,0,2,0,5,0,0,0,1,0,0,0,-.--
137,664774,745357,2,2,1,0,0,.---,0,1-2,0,0,1,0,0,0,0,0,0,0,1,0,2,0,0,0,0,0,0,0,-.--
137,624585,745357,3,5,0,0,0,.---,0,"0-3 | 2 BB, 2 K",1,0,1,0,0,0,0,2,2,0,0,0,3,0,0,0,2,0,0,0,-.--
137,624424,745357,4,5,0,0,0,.---,0,0-5,0,5,0,0,0,0,0,0,0,0,0,0,5,0,0,0,6,0,0,0,-.--
137,656305,745357,5,5,1,0,0,.---,0,1-5,1,3,1,0,0,0,0,0,0,0,1,0,5,1,0,0,3,0,0,0,-.--
137,642731,745357,6,4,1,0,0,.---,0,"1-3 | BB, 2 K, R",0,0,0,1,0,0,0,2,1,0,1,0,3,0,0,0,1,0,0,0,-.--
137,573262,745357,7,4,2,0,0,.---,0,2-3 | R,0,2,0,1,0,0,0,0,0,0,2,0,3,0,0,0,1,1,0,0,-.--
137,672275,745357,8,4,1,0,0,.---,0,"1-1 | 2 BB, RBI, R",0,0,1,1,0,0,0,0,2,0,1,0,1,0,0,1,0,0,1,0,-.--
137,605113,745357,9,4,1,0,0,.---,0,"1-4 | K, RBI",0,1,1,0,0,0,0,1,0,0,1,0,4,0,0,1,5,0,0,0,-.--
112,664023,745433,1,5,0,0,0,.---,0,"0-4 | BB, 2 K, R",0,1,1,1,0,0,0,2,1,0,0,0,4,0,0,0,1,0,0,0,-.--
112,673548,745433,2,5,3,0,0,.---,0,"3-5 | K, R",0,1,0,1,0,0,0,1,0,0,3,0,5,0,0,0,1,0,0,0,-.--
112,641355,745433,3,5,0,0,0,.---,0,"0-4 | HBP, 2 K, R",0,1,1,1,0,0,0,2,0,0,0,1,4,0,0,0,2,0,0,0,-.--
112,666624,745433,4,4,5,0,0,.---,0,"2-3 | HR, BB, 4 RBI",0,0,1,1,0,0,1,0,1,0,2,0,3,0,0,4,1,0,0,0,3
112,621020,745433,5,4,0,0,0,.---,0,0-4 | K,0,2,1,0,0,0,0,1,0,0,0,0,4,0,0,0,3,0,0,0,-.--
112,683737,745433,6,4,1,0,0,.---,0,1-4 | 2 K,0,1,0,0,0,0,0,2,0,0,1,0,4,0,0,0,1,0,0,0,-.--
112,663538,745433,7,4,0,0,0,.---,0,0-4,1,1,3,0,0,0,0,0,0,0,0,0,4,0,0,0,1,0,0,0,-.--
112,643265,745433,8,4,1,0,0,.---,0,"1-3 | BB, 2 K",0,0,0,0,0,0,0,2,1,0,1,0,3,0,0,0,1,0,0,0,-.--
112,543228,745433,9,4,5,0,0,.---,0,"2-4 | HR, K, RBI",0,1,0,1,0,0,1,1,0,0,2,0,4,1,0,1,2,0,0,0,4
135,593428,745433,1,4,2,0,0,.---,0,1-4 | 2B,1,1,2,0,1,0,0,0,0,0,1,0,4,0,0,0,2,0,0,0,-.--
135,665487,745433,2,4,0,0,0,.---,0,0-4 | K,1,1,2,0,0,0,0,1,0,0,0,0,4,0,0,0,1,0,0,0,-.--
135,630105,745433,3,4,0,0,0,.---,0,0-4 | 2 K,1,0,2,0,0,0,0,2,0,0,0,0,4,0,0,0,0,0,0,0,-.--
135,592518,745433,4,4,3,0,0,.---,0,"2-4 | 2B, K",0,1,0,0,1,0,0,1,0,0,2,0,4,0,0,0,0,0,0,0,-.--
135,595777,745433,5,3,0,0,0,.---,0,0-3 | K,0,2,0,0,0,0,0,1,0,0,0,0,3,1,0,0,2,0,0,0,-.--
135,673490,745433,6,3,0,0,0,.---,0,0-3 | 3 K,0,0,0,0,0,0,0,3,0,0,0,0,3,0,0,0,0,0,0,0,-.--
135,669134,745433,7,3,0,0,0,.---,0,0-3 | K,0,1,1,0,0,0,0,1,0,0,0,0,3,0,0,0,0,0,0,0,-.--
135,701538,745433,8,3,0,0,0,.---,0,0-3 | 2 K,0,1,0,0,0,0,0,2,0,0,0,0,3,0,0,0,0,0,0,0,-.--
135,642180,745433,9,1,0,0,1,1,0,"0-0 | BB, SB",0,0,0,0,0,0,0,0,1,0,0,0,0,0,0,0,0,0,0,0,-.--
119,605141,745923,1,5,1,0,0,.---,0,1-5 | R,1,1,3,1,0,0,0,0,0,0,1,0,5,0,0,0,2,0,0,0,-.--
119,660271,745923,2,4,1,0,0,.---,0,1-3 | BB,1,1,1,0,0,0,0,0,1,0,1,0,3,0,0,0,1,0,0,0,-.--
119,518692,745923,3,4,2,0,0,.---,0,"1-3 | 2B, BB",2,0,2,0,1,0,0,0,1,0,1,0,3,0,0,0,3,0,0,0,-.--
119,606192,745923,4,4,3,0,0,.---,0,"2-4 | 2B, 2 K, RBI",0,0,0,0,1,0,0,2,0,0,2,0,4,0,0,1,1,0,0,0,-.--
119,571970,745923,5,4,4,0,0,.---,0,"1-4 | HR, 2 K, RBI",0,1,0,1,0,0,1,2,0,0,1,0,4,0,0,1,4,0,0,0,4
119,571771,745923,6,4,1,0,0,.---,0,1-4 | K,1,0,2,0,0,0,0,1,0,0,1,0,4,0,0,0,2,0,0,0,-.--
119,681546,745923,7,3,1,1,0,0,0,"1-3 | K, CS",0,1,0,0,0,0,0,1,0,0,1,0,3,0,0,0,1,0,0,0,-.--
119,500743,745923,8,2,0,0,0,.---,0,0-2 | K,0,1,0,0,0,0,0,1,0,0,0,0,2,0,0,0,1,0,0,0,-.--
119,605131,745923,9,4,0,0,0,.---,0,"0-3 | BB, 2 K",0,1,0,0,0,0,0,2,1,0,0,0,3,0,0,0,2,0,0,0,-.--
142,666397,745923,1,4,9,0,0,.---,0,"3-4 | 2 HR, K, 2 RBI",0,0,0,3,0,0,2,1,0,0,3,0,4,0,0,2,1,0,0,0,2
142,621043,745923,2,4,2,0,0,.---,0,2-4 | K,0,1,0,0,0,0,0,1,0,0,2,0,4,0,0,0,1,0,0,0,-.--
142,666135,745923,3,4,0,0,0,.---,0,"0-3 | BB, K",0,1,1,0,0,0,0,1,1,0,0,0,3,1,0,0,3,0,0,0,-.--
142,621439,745923,4,4,1,0,0,.---,0,"1-4 | 2 K, RBI",0,0,1,0,0,0,0,2,0,0,1,0,4,0,0,1,0,0,0,0,-.--
142,622534,745923,5,4,0,0,0,.---,0,"0-3 | BB, 2 K",0,0,1,0,0,0,0,2,1,0,0,0,3,0,0,0,2,0,0,0,-.--
142,668885,745923,6,3,0,0,0,.---,0,0-2 | BB,0,2,0,0,0,0,0,0,1,0,0,0,2,0,0,0,2,0,0,0,-.--
142,467793,745923,7,3,0,0,0,.---,0,0-3 | 2 K,0,0,1,0,0,0,0,2,0,0,0,0,3,0,0,0,2,0,0,0,-.--
142,543877,745923,8,3,0,0,0,.---,0,"0-2 | BB, K",0,1,0,0,0,0,0,1,1,0,0,0,2,0,0,0,2,0,0,0,-.--
142,571657,745923,9,3,0,0,1,1,0,"0-2 | BB, SB",0,2,0,0,0,0,0,0,1,0,0,0,2,1,0,0,3,0,0,0,-.--
143,656941,745196,1,5,1,0,0,.---,0,"1-4 | BB, 2 K, R",0,0,1,1,0,0,0,2,1,0,1,0,4,0,0,0,3,0,0,0,-.--
143,607208,745196,2,5,0,0,0,.---,0,"0-3 | 2 BB, 3 K",0,0,0,0,0,0,0,3,2,0,0,0,3,0,0,0,6,0,0,0,-.--
143,547180,745196,3,5,0,0,0,.---,0,0-4 | BB,1,1,3,0,0,0,0,0,1,0,0,0,4,0,0,0,2,0,0,0,-.--
143,592663,745196,4,5,2,0,0,.---,0,2-5 | 2 R,1,0,3,2,0,0,0,0,0,0,2,0,5,0,0,0,2,0,0,0,-.--
143,664761,745196,5,5,1,0,0,.---,0,"1-4 | BB, 3 K, RBI",0,0,0,1,0,0,0,3,1,0,1,0,4,0,0,1,3,0,0,0,-.--
143,669016,745196,6,4,1,0,0,.---,0,"1-4 | 2 K, RBI",0,1,0,0,0,0,0,2,0,0,1,0,4,0,0,1,2,0,0,0,-.--
143,592206,745196,7,4,1,0,0,.---,0,"1-4 | 2 K, RBI",1,0,1,0,0,0,0,2,0,0,1,0,4,0,0,1,0,0,0,0,-.--
143,681082,745196,8,4,1,0,0,.---,0,1-4 | K,1,0,2,0,0,0,0,1,0,0,1,0,4,0,0,0,2,0,0,0,-.--
143,679032,745196,9,4,1,0,0,.---,0,1-4,0,0,3,0,0,0,0,0,0,0,1,0,4,0,0,0,1,0,0,0,-.--
138,680977,745196,1,4,4,0,0,.---,0,"1-3 | HR, BB, RBI",1,1,1,1,0,0,1,0,1,0,1,0,3,0,0,1,0,0,0,0,3
138,575929,745196,2,4,1,0,0,.---,0,"1-3 | BB, 2 K, R",0,0,0,1,0,0,0,2,1,0,1,0,3,0,0,0,1,0,0,0,-.--
138,669357,745196,3,4,0,0,0,.---,0,0-2 | 2 BB,0,1,1,0,0,0,0,0,2,0,0,0,2,1,0,0,2,0,0,0,-.--
138,571448,745196,4,4,1,0,0,.---,0,1-4 | RBI,1,2,1,0,0,0,0,0,0,0,1,0,4,0,0,1,2,0,0,0,-.--
138,671056,745196,5,4,4,0,0,.---,0,"1-4 | HR, RBI, R",1,1,2,1,0,0,1,0,0,0,1,0,4,0,0,1,3,0,0,0,4
138,676475,745196,6,4,2,0,0,.---,0,2-4,0,1,1,0,0,0,0,0,0,0,2,0,4,0,0,0,0,0,0,0,-.--
138,543063,745196,7,2,0,0,0,.---,0,0-2 | K,0,1,0,0,0,0,0,1,0,0,0,0,2,0,0,0,1,0,0,0,-.--
138,691023,745196,8,4,0,0,0,.---,0,0-4,1,3,1,0,0,0,0,0,0,0,0,0,4,1,0,0,1,0,0,0,-.--
138,687363,745196,9,3,1,0,0,.---,0,1-3,0,1,1,0,0,0,0,0,0,0,1,0,3,0,0,0,0,0,0,0,-.--
136,641487,744950,1,5,1,0,0,.---,0,"1-4 | BB, RBI, R",1,1,2,1,0,0,0,0,1,0,1,0,4,0,0,1,0,0,0,0,-.--
136,677594,744950,2,5,1,0,0,.---,0,1-5 | 4 K,0,0,0,0,0,0,0,4,0,0,1,0,5,0,0,0,3,0,0,0,-.--
136,664034,744950,3,5,2,0,0,.---,0,"1-5 | 2B, 2 K, RBI",0,0,2,1,1,0,0,2,0,0,1,0,5,0,0,1,2,0,0,0,-.--
136,571745,744950,4,5,1,0,0,.---,0,"1-4 | BB, 2 K, 2 RBI",1,0,1,0,0,0,0,2,1,0,1,0,4,0,0,2,1,0,0,0,-.--
136,593871,744950,5,5,0,0,0,.---,0,0-5 | 3 K,0,2,0,0,0,0,0,3,0,0,0,0,5,0,0,0,3,0,0,0,-.--
136,641598,744950,6,4,1,0,0,.---,0,1-4 | 2 K,0,1,0,0,0,0,0,2,0,0,1,0,4,0,0,0,1,0,0,0,-.--
136,663728,744950,7,4,4,0,0,.---,0,"1-3 | HR, BB, K",0,0,1,1,0,0,1,1,1,0,1,0,3,0,0,2,2,0,0,0,3
136,664238,744950,8,4,0,0,1,1,0,"0-3 | BB, R, SB",2,1,2,1,0,0,0,0,1,0,0,0,3,0,0,0,1,0,0,0,-.--
136,649966,744950,9,2,0,0,0,.---,0,0-2 | K,0,1,0,0,0,0,0,1,0,0,0,0,2,0,0,0,1,0,0,0,-.--
141,543807,744950,1,5,0,0,0,.---,0,"0-4 | BB, 2 K",0,1,1,0,0,0,0,2,1,0,0,0,4,0,0,0,1,0,0,0,-.--
141,665489,744950,2,5,4,0,0,.---,0,"1-4 | HR, BB, RBI",1,0,3,1,0,0,1,0,1,0,1,0,4,0,0,1,2,0,0,0,4
141,666182,744950,3,5,1,0,0,.---,0,1-5 | K,1,1,2,0,0,0,0,1,0,0,1,0,5,0,0,0,2,0,0,0,-.--
141,457759,744950,4,4,2,0,0,.---,0,2-4 | K,1,0,1,0,0,0,0,1,0,0,2,0,4,0,0,0,1,0,0,0,-.--
141,624415,744950,5,4,1,0,0,.---,0,"1-3 | HBP, K",0,0,1,0,0,0,0,1,0,0,1,1,3,0,0,0,1,0,0,0,-.--
141,672386,744950,6,4,0,0,0,.---,0,0-4 | K,0,2,1,0,0,0,0,1,0,0,0,0,4,1,0,0,4,0,0,0,-.--
141,595281,744950,7,3,0,0,0,.---,0,0-3 | 3 K,0,0,0,0,0,0,0,3,0,0,0,0,3,0,0,0,0,0,0,0,-.--
141,676391,744950,8,4,0,0,0,.---,0,0-4,0,2,2,0,0,0,0,0,0,0,0,0,4,0,0,0,3,0,0,0,-.--
141,662139,744950,9,4,1,0,0,.---,0,1-4 | K,0,1,1,0,0,0,0,1,0,0,1,0,4,0,0,0,1,0,0,0,-.--
109,606466,746573,1,5,2,0,0,.---,0,"2-4 | BB, R",0,1,1,1,0,0,0,0,1,0,2,0,4,0,0,0,0,0,0,0,-.--
109,682998,746573,2,5,2,0,0,.---,0,"1-5 | 2B, 2 K, 2 R",0,2,0,2,1,0,0,2,0,0,1,0,5,0,0,0,3,0,0,0,-.--
109,666971,746573,3,5,3,0,1,1,0,"2-5 | 2B, K, 2 RBI",1,1,1,0,1,0,0,1,0,0,2,0,5,0,0,2,2,0,0,0,-.--
109,572233,746573,4,5,1,0,0,.---,0,"1-3 | 2 BB, R",1,1,1,1,0,0,0,0,2,0,1,0,3,0,0,0,2,0,0,0,-.--
109,553993,746573,5,5,2,0,0,.---,0,"1-5 | 2B, 2 RBI",0,2,2,0,1,0,0,0,0,0,1,0,5,0,0,2,3,0,0,0,-.--
109,545341,746573,6,5,0,0,0,.---,0,0-5 | 2 K,3,0,3,0,0,0,0,2,0,0,0,0,5,0,0,0,3,0,0,0,-.--
109,677942,746573,7,3,5,0,0,.---,0,"2-2 | HR, BB, RBI",0,0,0,1,0,0,1,0,1,0,2,0,2,0,0,1,0,0,0,0,2
109,571466,746573,8,4,1,0,0,.---,0,1-4,0,3,0,0,0,0,0,0,0,0,1,0,4,0,0,0,2,0,0,0,-.--
109,621028,746573,9,3,0,0,0,.---,0,0-3,0,3,0,0,0,0,0,0,0,0,0,0,3,0,0,0,1,0,0,0,-.--
115,678662,746573,1,5,4,0,0,.---,0,"3-5 | 2B, K, R",1,0,1,1,1,0,0,1,0,0,3,0,5,0,0,0,2,0,0,0,-.--
115,641857,746573,2,5,0,0,0,.---,0,"0-2 | 3 BB, K",0,1,0,0,0,0,0,1,3,0,0,0,2,0,0,0,1,0,0,0,-.--
115,592178,746573,3,5,0,0,0,.---,0,0-5 | K,4,0,4,0,0,0,0,1,0,0,0,0,5,0,0,0,6,0,0,0,-.--
115,660707,746573,4,4,1,0,0,.---,0,"1-4 | 2 K, RBI",0,1,0,0,0,0,0,2,0,0,1,0,4,0,0,1,0,0,0,0,-.--
115,666134,746573,5,5,0,0,0,.---,0,0-5 | 3 K,1,1,1,0,0,0,0,3,0,0,0,0,5,0,0,0,5,0,0,0,-.--
115,686668,746573,6,4,0,0,0,.---,0,0-3 | BB,3,0,3,0,0,0,0,0,1,0,0,0,3,0,0,0,0,0,0,0,-.--
115,663898,746573,7,4,2,0,0,.---,0,"1-4 | 2B, K, R",0,2,0,1,1,0,0,1,0,0,1,0,4,0,0,0,3,0,0,0,-.--
115,669911,746573,8,4,4,0,0,.---,0,"1-4 | HR, K, 2 RBI",1,0,2,1,0,0,1,1,0,0,1,0,4,0,0,2,1,0,0,0,4
115,607732,746573,9,3,0,0,0,.---,0,0-2 | BB,0,2,0,0,0,0,0,0,1,0,0,0,2,0,0,0,0,0,0,0,-.--
120,682928,745355,1,4,0,0,0,.---,0,0-4,1,2,2,0,0,0,0,0,0,0,0,0,4,0,0,0,1,0,0,0,-.--
120,657041,745355,2,4,0,0,0,.---,0,0-4 | K,1,1,2,0,0,0,0,1,0,0,0,0,4,0,0,0,1,0,0,0,-.--
120,608385,745355,3,4,0,0,1,1,0,"0-3 | BB, K, SB",0,2,0,0,0,0,0,1,1,0,0,0,3,0,0,0,0,0,0,0,-.--
120,608336,745355,4,4,4,0,0,.---,0,"1-3 | HR, BB, K",0,0,1,1,0,0,1,1,1,0,1,0,3,0,0,1,0,0,0,0,3
120,592696,745355,5,3,1,0,0,.---,0,1-3,2,0,2,0,0,0,0,0,0,0,1,0,3,0,0,0,2,0,0,0,-.--
120,702358,745355,6,3,0,0,0,.---,0,"0-2 | HBP, K",0,1,0,0,0,0,0,1,0,0,0,1,2,1,0,0,2,0,0,0,-.--
120,671277,745355,7,3,1,0,0,.---,0,1-3,1,1,1,0,0,0,0,0,0,0,1,0,3,0,0,0,1,0,0,0,-.--
120,686452,745355,8,3,1,0,1,1,0,1-3 | SB,0,2,0,0,0,0,0,0,0,0,1,0,3,1,0,0,1,0,0,0,-.--
120,696285,745355,9,3,0,0,0,.---,0,0-3 | K,2,0,2,0,0,0,0,1,0,0,0,0,3,0,0,0,1,0,0,0,-.--
137,596103,745355,1,3,1,1,0,0,0,"1-3 | K, RBI, CS",0,0,1,0,0,0,0,1,0,0,1,0,3,0,0,1,2,0,0,0,-.--
137,527038,745355,2,4,0,0,0,.---,0,0-3 | RBI,2,1,3,0,0,0,0,0,0,0,0,0,3,0,0,1,0,0,1,0,-.--
137,624424,745355,3,4,2,0,0,.---,0,"2-4 | K, RBI",0,1,0,0,0,0,0,1,0,0,2,0,4,0,0,1,0,0,0,0,-.--
137,624585,745355,4,4,0,0,0,.---,0,0-4 | K,1,2,1,0,0,0,0,1,0,0,0,0,4,0,0,0,2,0,0,0,-.--
137,656305,745355,5,4,2,0,1,1,0,"2-4 | 2 R, SB",1,1,1,2,0,0,0,0,0,0,2,0,4,0,0,0,0,0,0,0,-.--
137,608596,745355,6,4,0,0,0,.---,0,0-4,2,1,3,0,0,0,0,0,0,0,0,0,4,0,0,0,2,0,0,0,-.--
137,642731,745355,7,4,0,0,0,.---,0,0-4,2,2,2,0,0,0,0,0,0,0,0,0,4,0,0,0,2,0,0,0,-.--
137,605113,745355,8,3,5,0,0,.---,0,"3-3 | 3B, 2 RBI, 3 R",0,0,0,3,0,1,0,0,0,0,3,0,3,0,0,2,0,0,0,0,-.--
137,666149,745355,9,3,4,0,2,1,0,"3-3 | 2B, RBI, 2 R",0,0,0,2,1,0,0,0,0,0,3,0,3,0,0,1,0,0,0,0,-.--
139,650490,746247,1,4,1,0,0,.---,0,1-4 | R,1,2,1,1,0,0,0,0,0,0,1,0,4,0,0,0,1,0,0,0,-.--
139,668227,746247,2,4,1,0,0,.---,0,"1-4 | 2 K, R",1,0,1,1,0,0,0,2,0,0,1,0,4,0,0,0,1,0,0,0,-.--
139,680700,746247,3,4,2,0,0,.---,1,"2-4 | 2 K, R",0,0,0,1,0,0,0,2,0,0,2,0,4,0,0,0,0,0,0,0,-.--
139,670623,746247,4,4,0,0,0,.---,0,"0-3 | K, RBI",2,0,3,0,0,0,0,1,0,0,0,0,3,0,0,1,0,0,1,0,-.--
139,678554,746247,5,4,0,0,0,.---,0,0-4 | K,0,2,1,0,0,0,0,1,0,0,0,0,4,0,0,0,0,0,0,0,-.--
139,668853,746247,6,4,0,0,0,.---,0,0-4 | 2 K,0,2,0,0,0,0,0,2,0,0,0,0,4,0,0,0,0,0,0,0,-.--
139,676609,746247,7,3,4,0,0,.---,0,"1-3 | HR, 2 K, RBI",0,0,0,1,0,0,1,2,0,0,1,0,3,0,0,1,0,0,0,0,3
139,642350,746247,8,3,2,0,0,.---,0,"1-3 | 2B, 2 K",0,0,0,0,1,0,0,2,0,0,1,0,3,0,0,0,0,0,0,0,-.--
139,666163,746247,9,3,1,0,0,.---,0,1-3,1,0,2,0,0,0,0,0,0,0,1,0,3,0,0,0,1,0,0,0,-.--
108,650859,746247,1,5,1,0,0,.---,0,1-5 | K,1,2,1,0,0,0,0,1,0,0,1,0,5,0,0,0,2,0,0,0,-.--
108,666160,746247,2,5,0,0,0,.---,0,"0-4 | BB, 3 K",0,0,1,0,0,0,0,3,1,0,0,0,4,0,0,0,1,0,0,0,-.--
108,545361,746247,3,4,3,0,0,.---,0,"2-3 | 2B, BB",1,0,1,0,1,0,0,0,1,0,2,0,3,0,0,0,0,0,0,0,-.--
108,621493,746247,4,4,1,0,0,.---,0,1-3 | BB,1,1,1,0,0,0,0,0,1,0,1,0,3,0,0,0,1,0,0,0,-.--
108,593934,746247,5,4,0,0,0,.---,0,0-4 | 3 K,0,1,0,0,0,0,0,3,0,0,0,0,4,0,0,0,6,0,0,0,-.--
108,592273,746247,6,4,0,0,0,.---,0,0-4 | K,1,0,3,0,0,0,0,1,0,0,0,0,4,0,0,0,5,0,0,0,-.--
108,666176,746247,7,4,5,0,1,1,0,"2-4 | HR, RBI, R",0,2,0,1,0,0,1,0,0,0,2,0,4,0,0,1,0,0,0,0,4
108,642136,746247,8,4,3,0,0,.---,0,"2-4 | 2B, 2 K, R",0,0,0,1,1,0,0,2,0,0,2,0,4,0,0,0,0,0,0,0,-.--
108,687263,746247,9,4,1,0,0,.---,0,"1-4 | 2 K, RBI",1,0,1,0,0,0,0,2,0,0,1,0,4,0,0,1,1,0,0,0,-.--
145,543257,746655,1,5,1,0,1,1,0,"1-3 | 2 BB, 2 R, SB",0,1,1,2,0,0,0,0,2,0,1,0,3,1,0,0,2,0,0,0,-.--
145,672820,746655,2,5,2,0,0,.---,0,"1-4 | 2B, K, R",0,2,1,1,1,0,0,1,0,0,1,0,4,0,0,0,3,1,0,0,-.--
145,657757,746655,3,5,8,0,1,1,0,"3-5 | HR, 2 2B, K",0,1,0,2,2,0,1,1,0,0,3,0,5,0,0,5,2,0,0,0,5
145,683734,746655,4,4,2,0,0,.---,0,"1-3 | 2B, BB, K",0,0,1,0,1,0,0,1,1,0,1,0,3,0,0,0,2,0,0,0,-.--
145,643217,746655,5,5,0,1,0,0,0,"0-5 | 2 K, CS",1,2,1,0,0,0,0,2,0,0,0,0,5,0,0,0,6,0,0,0,-.--
145,686676,746655,6,3,0,0,0,.---,0,0-3 | K,0,1,1,0,0,0,0,1,0,0,0,0,3,0,0,0,0,0,0,0,-.--
145,666150,746655,7,4,1,0,0,.---,1,1-4 | K,1,1,1,0,0,0,0,1,0,0,1,0,4,0,0,0,1,0,0,0,-.--
145,669699,746655,8,3,2,0,0,.---,0,1-3 | 2B,1,1,1,0,1,0,0,0,0,0,1,0,3,0,0,0,1,0,0,0,-.--
145,670032,746655,9,4,1,0,0,.---,0,1-3 | R,0,2,1,1,0,0,0,0,0,0,1,0,3,0,0,0,1,1,0,0,-.--
114,680757,746655,1,5,5,0,0,.---,0,"2-5 | HR, RBI, R",2,0,3,1,0,0,1,0,0,0,2,0,5,0,0,1,0,0,0,0,5
114,665926,746655,2,5,1,0,1,1,0,"1-5 | R, SB",0,2,2,1,0,0,0,0,0,0,1,0,5,0,0,0,1,0,0,0,-.--
114,608070,746655,3,5,0,0,0,.---,0,0-5 | K,2,2,2,0,0,0,0,1,0,0,0,0,5,0,0,0,3,0,0,0,-.--
114,647304,746655,4,5,6,0,0,.---,0,"2-4 | HR, 2B, BB",0,2,0,2,1,0,1,0,1,1,2,0,4,0,0,2,1,0,0,0,4
114,686823,746655,5,5,0,0,0,.---,0,"0-3 | 2 BB, K",1,1,1,0,0,0,0,1,2,1,0,0,3,0,0,0,2,0,0,0,-.--
114,657656,746655,6,5,1,0,0,.---,0,"1-3 | BB, HBP, K",0,1,0,1,0,0,0,1,1,0,1,1,3,0,0,0,0,0,0,0,-.--
114,666310,746655,7,5,5,0,0,.---,0,"2-4 | HR, BB, K",0,1,0,1,0,0,1,1,1,0,2,0,4,0,0,3,3,0,0,0,4
114,664314,746655,8,2,0,0,0,.---,0,0-2 | K,0,1,0,0,0,0,0,1,0,0,0,0,2,0,0,0,1,0,0,0,-.--
114,677587,746655,9,4,0,0,0,.---,0,0-4,0,3,1,0,0,0,0,0,0,0,0,0,4,1,0,0,3,0,0,0,-.--
112,664023,745429,1,4,0,0,0,.---,0,"0-3 | BB, K",2,0,2,0,0,0,0,1,1,0,0,0,3,0,0,0,0,0,0,0,-.--
112,673548,745429,2,4,0,0,0,.---,0,0-4 | 3 K,0,1,0,0,0,0,0,3,0,0,0,0,4,0,0,0,2,0,0,0,-.--
112,641355,745429,3,4,0,0,0,.---,0,0-4,4,0,4,0,0,0,0,0,0,0,0,0,4,0,0,0,0,0,0,0,-.--
112,666624,745429,4,4,0,0,0,.---,0,"0-4 | 2 K, R",0,1,1,1,0,0,0,2,0,0,0,0,4,0,0,0,0,0,0,0,-.--
112,683737,745429,5,4,4,0,0,.---,0,"1-2 | HR, 2 BB, 2 RBI",0,0,1,1,0,0,1,0,2,0,1,0,2,0,0,2,0,0,0,0,2
112,621020,745429,6,4,1,0,0,.---,0,1-4,0,2,1,0,0,0,0,0,0,0,1,0,4,0,0,0,2,0,0,0,-.--
112,643565,745429,7,2,2,0,0,.---,0,"1-2 | 2B, K",0,0,0,0,1,0,0,1,0,0,1,0,2,0,0,0,1,0,0,0,-.--
112,665804,745429,8,3,0,0,0,.---,0,0-3 | 2 K,0,1,0,0,0,0,0,2,0,0,0,0,3,1,0,0,2,0,0,0,-.--
112,670156,745429,9,2,0,0,0,.---,0,0-2,1,0,2,0,0,0,0,0,0,0,0,0,2,0,0,0,1,0,0,0,-.--
135,593428,745429,1,4,0,0,0,.---,0,"0-3 | BB, R",0,3,0,1,0,0,0,0,1,0,0,0,3,0,0,0,0,0,0,0,-.--
135,665487,745429,2,5,1,0,0,.---,0,"1-4 | BB, RBI, R",0,3,0,1,0,0,0,0,1,0,1,0,4,0,0,1,0,0,0,0,-.--
135,630105,745429,3,4,5,0,0,.---,0,"2-4 | HR, 2 RBI, R",1,1,1,1,0,0,1,0,0,0,2,0,4,0,0,2,0,0,0,0,4
135,592518,745429,4,5,2,0,0,.---,0,"2-5 | 3 K, 2 R",0,0,0,2,0,0,0,3,0,0,2,0,5,0,0,0,4,0,0,0,-.--
135,595777,745429,5,3,7,0,0,.---,0,"3-3 | HR, 2B, 3 RBI",0,0,0,2,1,0,1,0,0,0,3,0,3,0,0,3,0,0,0,0,3
135,673490,745429,6,4,4,0,1,1,0,"2-4 | 3B, K, 2 R",0,0,1,2,0,1,0,1,0,0,2,0,4,0,0,0,2,0,0,0,-.--
135,669134,745429,7,4,1,0,0,.---,0,1-4 | 2 RBI,1,2,1,0,0,0,0,0,0,0,1,0,4,0,0,2,2,0,0,0,-.--
135,701538,745429,8,4,0,0,1,1,0,"0-2 | 2 BB, RBI, R",0,1,1,1,0,0,0,0,2,0,0,0,2,0,0,1,1,0,0,0,-.--
135,642180,745429,9,4,0,0,0,.---,0,0-4 | 2 K,1,1,1,0,0,0,0,2,0,0,0,0,4,0,0,0,3,0,0,0,-.--
158,694192,746728,1,5,1,0,1,1,0,"1-3 | BB, K, 2 RBI",2,0,2,2,0,0,0,1,1,0,1,0,3,0,0,2,0,0,1,0,-.--
158,661388,746728,2,5,1,0,0,.---,0,"1-4 | HBP, 2 RBI",0,2,1,0,0,0,0,0,0,0,1,1,4,0,0,2,2,0,0,0,-.--
158,592885,746728,3,5,4,0,0,.---,0,"1-4 | HR, BB, K",1,1,1,1,0,0,1,1,1,0,1,0,4,0,0,2,1,0,0,0,4
158,642715,746728,4,4,0,0,0,.---,0,0-4 | 3 K,0,0,1,0,0,0,0,3,0,0,0,0,4,0,0,0,2,0,0,0,-.--
158,686217,746728,5,4,0,0,0,.---,0,0-4 | K,1,1,2,0,0,0,0,1,0,0,0,0,4,0,0,0,2,0,0,0,-.--
158,641343,746728,6,4,0,0,0,.---,0,"0-3 | HBP, 2 K, R",0,0,1,1,0,0,0,2,0,0,0,1,3,0,0,0,0,0,0,0,-.--
158,663368,746728,7,4,4,0,1,1,0,"1-2 | HR, BB, HBP",0,0,0,2,0,0,1,1,1,0,1,1,2,0,0,1,1,0,0,0,2
158,687401,746728,8,4,1,0,0,.---,0,1-4 | K,1,1,1,0,0,0,0,1,0,0,1,0,4,0,0,0,2,0,0,0,-.--
158,668930,746728,9,4,1,0,0,.---,0,"1-4 | 2 K, R",0,1,0,1,0,0,0,2,0,0,1,0,4,0,0,0,3,0,0,0,-.--
113,663697,746728,1,4,2,0,0,.---,0,1-4 | 2B,0,1,2,0,1,0,0,0,0,0,1,0,4,0,0,0,0,0,0,0,-.--
113,668715,746728,2,4,0,0,0,.---,0,0-3 | BB,1,1,2,0,0,0,0,0,1,0,0,0,3,0,0,0,1,0,0,0,-.--
113,687952,746728,3,4,0,0,0,.---,0,"0-3 | BB, R",2,1,2,1,0,0,0,0,1,0,0,0,3,1,0,0,2,0,0,0,-.--
113,600869,746728,4,4,0,0,0,.---,0,"0-3 | HBP, K",0,1,1,0,0,0,0,1,0,0,0,1,3,0,0,0,1,0,0,0,-.--
113,656413,746728,5,3,1,0,0,.---,0,1-3 | RBI,1,0,2,0,0,0,0,0,0,0,1,0,3,0,0,1,0,0,0,0,-.--
113,682829,746728,6,3,5,0,0,.---,0,"2-3 | HR, RBI, R",0,1,0,1,0,0,1,0,0,0,2,0,3,0,0,1,0,0,0,0,3
113,669289,746728,7,3,0,0,0,.---,0,0-3,1,1,2,0,0,0,0,0,0,0,0,0,3,1,0,0,1,0,0,0,-.--
113,666181,746728,8,3,0,0,0,.---,0,0-3 | K,0,2,0,0,0,0,0,1,0,0,0,0,3,0,0,0,0,0,0,0,-.--
113,571912,746728,9,3,0,0,0,.---,0,0-3,1,2,1,0,0,0,0,0,0,0,0,0,3,0,0,0,0,0,0,0,-.--
146,650333,745763,1,5,2,0,0,.---,0,"2-5 | RBI, R",2,1,2,1,0,0,0,0,0,0,2,0,5,0,0,1,2,0,0,0,-.--
146,605137,745763,2,4,0,0,0,.---,0,"0-3 | BB, K",1,1,1,0,0,0,0,1,1,0,0,0,3,1,0,0,4,0,0,0,-.--
146,669394,745763,3,4,4,0,0,.---,0,"1-4 | HR, 2 K, 3 RBI",0,1,0,1,0,0,1,2,0,0,1,0,4,0,0,3,1,0,0,0,4
146,665862,745763,4,4,0,0,1,1,0,"0-3 | BB, SB",0,3,0,0,0,0,0,0,1,0,0,0,3,0,0,0,1,0,0,0,-.--
146,660821,745763,5,4,0,0,1,1,0,"0-2 | 2 BB, K, SB",0,1,0,0,0,0,0,1,2,0,0,0,2,0,0,0,1,0,0,0,-.--
146,641313,745763,6,4,1,0,0,.---,0,1-4 | R,0,2,1,1,0,0,0,0,0,0,1,0,4,0,0,0,3,0,0,0,-.--
146,650559,745763,7,4,0,0,0,.---,0,0-4 | 3 K,1,0,1,0,0,0,0,3,0,0,0,0,4,0,0,0,2,0,0,0,-.--
146,624503,745763,8,4,1,0,0,.---,0,"1-2 | 2 BB, K, R",0,0,0,1,0,0,0,1,2,0,1,0,2,0,0,0,0,0,0,0,-.--
146,663743,745763,9,4,1,1,0,0,0,"1-3 | RBI, R, CS",0,3,0,1,0,0,0,0,0,0,1,0,3,0,0,1,1,1,0,0,-.--
147,683011,745763,1,5,1,0,0,.---,0,"1-3 | 2 BB, R",0,2,0,1,0,0,0,0,2,0,1,0,3,0,0,0,0,0,0,0,-.--
147,665742,745763,2,5,3,0,0,.---,0,"2-4 | 2B, BB, RBI",1,0,2,0,1,0,0,0,1,0,2,0,4,0,0,1,0,0,0,0,-.--
147,592450,745763,3,5,0,0,0,.---,0,"0-4 | BB, 2 K",1,1,1,0,0,0,0,2,1,0,0,0,4,0,0,0,6,0,0,0,-.--
147,519317,745763,4,4,4,0,0,.---,0,"1-3 | HR, BB, RBI",0,1,1,1,0,0,1,0,1,0,1,0,3,0,0,1,1,0,0,0,3
147,519203,745763,5,4,1,0,0,.---,0,1-4,1,0,3,0,0,0,0,0,0,0,1,0,4,0,0,0,2,0,0,0,-.--
147,650402,745763,6,4,0,0,0,.---,0,"0-2 | 2 BB, 2 K",0,0,0,0,0,0,0,2,2,0,0,0,2,0,0,0,2,0,0,0,-.--
147,657077,745763,7,4,0,0,0,.---,0,0-4 | 2 K,0,2,0,0,0,0,0,2,0,0,0,0,4,1,0,0,3,0,0,0,-.--
147,542932,745763,8,4,1,0,0,.---,0,1-4,0,2,1,0,0,0,0,0,0,0,1,0,4,0,0,0,2,0,0,0,-.--
147,624431,745763,9,4,0,0,0,.---,0,0-4,2,0,4,0,0,0,0,0,0,0,0,0,4,0,0,0,1,0,0,0,-.--
110,683002,746980,1,5,3,0,0,.---,0,"1-4 | 3B, BB, K",1,0,2,0,0,1,0,1,1,0,1,0,4,0,0,0,2,0,0,0,-.--
110,668939,746980,2,5,0,0,0,.---,0,0-5 | 3 K,0,2,0,0,0,0,0,3,0,0,0,0,5,0,0,0,4,0,0,0,-.--
110,623993,746980,3,5,1,0,0,.---,0,1-5 | K,1,0,3,0,0,0,0,1,0,0,1,0,5,0,0,0,1,0,0,0,-.--
110,656811,746980,4,4,1,0,0,.---,0,"1-3 | BB, R",0,1,1,1,0,0,0,0,1,0,1,0,3,0,0,0,3,0,0,0,-.--
110,663624,746980,5,5,2,0,0,.---,0,"2-4 | BB, 2 R",0,1,1,2,0,0,0,0,1,0,2,0,4,0,0,0,0,0,0,0,-.--
110,656775,746980,6,5,1,0,0,.---,0,"1-3 | BB, 2 K, 2 R",0,0,0,2,0,0,0,2,1,0,1,0,3,0,0,0,0,0,0,1,-.--
110,681297,746980,7,5,1,0,1,1,0,"1-4 | BB, 2 K, 2 RBI",0,1,0,1,0,0,0,2,1,0,1,0,4,0,0,2,5,0,0,0,-.--
110,676059,746980,8,4,6,0,0,.---,0,"2-3 | HR, 2B, HBP",1,0,1,1,1,0,1,0,0,0,2,1,3,0,0,3,1,0,0,0,3
110,702616,746980,9,4,0,0,0,.---,0,"0-4 | 2 K, RBI",0,2,0,0,0,0,0,2,0,0,0,0,4,0,0,1,3,0,0,0,-.--
111,680776,746980,1,5,2,0,0,.---,0,"2-5 | K, R",0,2,0,1,0,0,0,1,0,0,2,0,5,0,0,0,0,0,0,0,-.--
111,641933,746980,2,4,1,0,0,.---,0,"1-3 | BB, 2 K, RBI",0,0,0,0,0,0,0,2,1,0,1,0,3,0,0,1,0,0,0,0,-.--
111,646240,746980,3,4,0,0,0,.---,0,"0-2 | 2 BB, K, R",1,0,1,1,0,0,0,1,2,0,0,0,2,0,0,0,3,0,0,0,-.--
111,671213,746980,4,4,5,0,0,.---,0,"2-4 | HR, K, 2 RBI",0,1,0,2,0,0,1,1,0,0,2,0,4,1,0,2,3,0,0,0,4
111,663853,746980,5,4,1,0,0,.---,0,"1-3 | BB, R",0,1,1,1,0,0,0,0,1,0,1,0,3,0,0,0,0,0,0,0,-.--
111,622569,746980,6,2,0,0,0,.---,0,0-2 | K,1,0,1,0,0,0,0,1,0,0,0,0,2,0,0,0,3,0,0,0,-.--
111,807799,746980,7,4,1,0,0,.---,0,1-4,1,2,1,0,0,0,0,0,0,0,1,0,4,1,0,0,3,0,0,0,-.--
111,657136,746980,8,3,1,0,0,.---,0,"1-3 | K, 2 RBI",1,0,1,0,0,0,0,1,0,0,1,0,3,0,0,2,1,0,0,0,-.--
111,678882,746980,9,3,0,0,0,.---,0,0-3 | 2 K,0,1,0,0,0,0,0,2,0,0,0,0,3,0,0,0,2,0,0,0,-.--
117,514888,746323,1,3,2,0,0,.---,0,"1-2 | 2B, BB",1,0,1,0,1,0,0,0,1,0,1,0,2,0,0,0,0,0,0,0,-.--
117,670541,746323,2,3,1,0,0,.---,0,1-3,1,0,2,0,0,0,0,0,0,0,1,0,3,0,0,0,2,0,0,0,-.--
117,663656,746323,3,5,0,0,0,.---,0,0-5 | K,1,2,2,0,0,0,0,1,0,0,0,0,5,0,0,0,5,0,0,0,-.--
117,608324,746323,4,4,4,0,0,.---,0,"2-4 | 2 2B, K, R",0,1,0,1,2,0,0,1,0,0,2,0,4,0,0,0,2,0,0,0,-.--
117,673237,746323,5,4,3,0,0,.---,0,"2-3 | 2B, BB, RBI",1,0,1,1,1,0,0,0,1,0,2,0,3,0,0,1,1,0,0,0,-.--
117,665161,746323,6,4,1,0,0,.---,0,1-4,2,1,2,0,0,0,0,0,0,0,1,0,4,0,0,0,3,0,0,0,-.--
117,676801,746323,7,3,1,0,0,.---,0,1-3,1,1,1,0,0,0,0,0,0,0,1,0,3,0,0,0,3,0,0,0,-.--
117,547989,746323,8,4,0,0,0,.---,0,"0-3 | K, RBI",1,1,2,0,0,0,0,1,0,0,0,0,3,1,0,1,4,0,1,0,-.--
117,676694,746323,9,4,0,0,0,.---,0,0-4,1,2,2,0,0,0,0,0,0,0,0,0,4,0,0,0,3,0,0,0,-.--
118,672580,746323,1,4,0,0,2,1,0,"0-3 | BB, K, R",0,0,2,1,0,0,0,1,1,0,0,0,3,0,0,0,2,0,0,0,-.--
118,677951,746323,2,4,0,0,0,.---,0,"0-3 | BB, 2 K, R",1,0,1,1,0,0,0,2,1,0,0,0,3,0,0,0,1,0,0,0,-.--
118,686469,746323,3,5,7,0,0,.---,0,"3-3 | HR, 2B, BB",0,0,1,2,1,0,1,0,1,0,3,0,3,0,0,5,0,0,1,0,3
118,521692,746323,4,4,1,0,0,.---,0,1-4 | R,2,0,3,1,0,0,0,0,0,0,1,0,4,0,0,0,1,0,0,0,-.--
118,669004,746323,5,4,1,0,0,.---,0,"1-3 | BB, R",1,1,1,1,0,0,0,0,1,0,1,0,3,0,0,0,0,0,0,0,-.--
118,676369,746323,6,4,2,0,0,.---,0,"2-4 | K, 2 RBI, R",0,1,0,1,0,0,0,1,0,0,2,0,4,1,0,2,1,0,0,0,-.--
118,624428,746323,7,4,1,0,1,1,0,"1-3 | BB, RBI, R",1,1,1,1,0,0,0,0,1,0,1,0,3,0,0,1,1,0,0,0,-.--
118,592669,746323,8,4,2,0,0,.---,0,"1-3 | 2B, BB, 2 RBI",1,0,2,1,1,0,0,0,1,0,1,0,3,0,0,2,2,0,0,0,-.--
118,664728,746323,9,3,1,0,1,1,0,"1-3 | K, R, SB",1,0,1,1,0,0,0,1,0,0,1,0,3,0,0,0,2,0,0,0,-.--
133,647351,745024,1,5,3,0,0,.---,0,3-5 | R,0,1,1,1,0,0,0,0,0,0,3,0,5,0,0,0,2,0,0,0,-.--
133,680869,745024,2,5,4,0,0,.---,0,"1-5 | HR, RBI, R",1,2,2,1,0,0,1,0,0,0,1,0,5,0,0,1,3,0,0,0,5
133,605204,745024,3,4,2,0,0,.---,0,"1-4 | 2B, K",0,2,0,0,1,0,0,1,0,0,1,0,4,0,0,0,2,0,0,0,-.--
133,669127,745024,4,4,0,0,0,.---,0,0-4 | 2 K,1,1,1,0,0,0,0,2,0,0,0,0,4,0,0,0,4,0,0,0,-.--
133,663527,745024,5,4,2,0,0,.---,0,"2-4 | K, RBI",0,1,0,0,0,0,0,1,0,0,2,0,4,0,0,1,1,0,0,0,-.--
133,668709,745024,6,4,1,0,0,.---,0,1-4 | K,2,0,2,0,0,0,0,1,0,0,1,0,4,0,0,0,2,0,0,0,-.--
133,669397,745024,7,3,0,0,0,.---,0,0-3 | K,0,0,2,0,0,0,0,1,0,0,0,0,3,0,0,0,0,0,0,0,-.--
133,687231,745024,8,4,1,0,0,.---,0,1-4 | K,1,1,1,0,0,0,0,1,0,0,1,0,4,0,0,0,0,0,0,0,-.--
133,671732,745024,9,4,0,0,0,.---,0,"0-3 | BB, K",1,1,1,0,0,0,0,1,1,0,0,0,3,0,0,0,0,0,0,0,-.--
140,543760,745024,1,4,3,0,0,.---,0,"2-4 | 2B, K, RBI",0,0,1,1,1,0,0,1,0,0,2,0,4,0,0,1,0,0,0,0,-.--
140,608369,745024,2,4,0,0,0,.---,0,"0-3 | BB, K, R",0,2,0,1,0,0,0,1,1,1,0,0,3,1,0,0,2,0,0,0,-.--
140,694497,745024,3,4,2,0,0,.---,0,"1-4 | 2B, K, R",0,1,1,1,1,0,0,1,0,0,1,0,4,0,0,0,3,0,0,0,-.--
140,666969,745024,4,4,5,0,1,1,0,"3-3 | 2 2B, BB, 2 RBI",0,0,0,1,2,0,0,0,1,0,3,0,3,0,0,2,0,0,0,0,-.--
140,669701,745024,5,4,1,0,0,.---,0,"1-4 | K, RBI, R",0,2,0,1,0,0,0,1,0,0,1,0,4,0,0,1,4,0,0,0,-.--
140,641680,745024,6,4,2,0,0,.---,0,2-4 | 2 RBI,1,0,2,0,0,0,0,0,0,0,2,0,4,0,0,2,2,0,0,0,-.--
140,665120,745024,7,4,0,0,0,.---,0,"0-2 | 2 BB, R",1,1,1,1,0,0,0,0,2,0,0,0,2,1,0,0,2,0,0,0,-.--
140,608671,745024,8,4,1,0,0,.---,0,1-4,0,3,0,0,0,0,0,0,0,0,1,0,4,0,0,0,1,0,0,0,-.--
140,665750,745024,9,4,2,1,0,0,1,"2-4 | K, CS",0,1,0,0,0,0,0,1,0,0,2,0,4,1,0,0,3,0,0,0,-.--
121,596019,747139,1,5,5,0,0,.---,0,"2-5 | HR, 3 RBI, 2 R",0,3,0,2,0,0,1,0,0,0,2,0,5,0,0,3,1,0,0,0,5
121,578428,747139,2,5,1,0,1,1,0,"1-5 | K, RBI, R",0,3,0,1,0,0,0,1,0,0,1,0,5,0,0,1,0,0,0,0,-.--
121,668901,747139,3,4,0,0,0,.---,0,"0-3 | K, RBI",1,2,1,0,0,0,0,1,0,0,0,0,3,0,0,1,0,0,1,0,-.--
121,607043,747139,4,4,4,0,0,.---,0,"1-4 | HR, 2 K, 2 RBI",1,0,1,1,0,0,1,2,0,0,1,0,4,0,0,2,0,0,0,0,4
121,624413,747139,5,4,1,0,0,.---,0,1-4 | K,0,1,1,0,0,0,0,1,0,0,1,0,4,0,0,0,0,0,0,0,-.--
121,502110,747139,6,4,1,0,0,.---,0,1-3 | BB,0,1,1,0,0,0,0,0,1,0,1,0,3,0,0,0,0,0,0,0,-.--
121,621438,747139,7,4,3,0,1,1,0,"2-4 | 2B, K, R",1,0,1,1,1,0,0,1,0,0,2,0,4,0,0,0,3,0,0,0,-.--
121,682626,747139,8,4,2,0,0,.---,0,"1-4 | 2B, RBI, R",0,2,1,1,1,0,0,0,0,0,1,0,4,0,0,1,3,0,0,0,-.--
121,664056,747139,9,2,0,0,0,.---,0,0-2,0,2,0,0,0,0,0,0,0,0,0,0,2,0,0,0,3,0,0,0,-.--
144,671739,747139,1,5,1,0,0,.---,0,"1-4 | BB, 2 R",1,1,2,2,0,0,0,0,1,0,1,0,4,0,0,0,2,0,0,0,-.--
144,645277,747139,2,5,6,0,0,.---,0,"2-3 | HR, 2B, 2 BB",0,0,1,1,1,0,1,0,2,0,2,0,3,0,0,5,0,0,0,0,3
144,542303,747139,3,5,0,0,0,.---,0,0-5 | 2 K,1,1,2,0,0,0,0,2,0,0,0,0,5,1,0,0,3,0,0,0,-.--
144,621566,747139,4,5,1,0,0,.---,0,1-5 | 2 K,0,1,1,0,0,0,0,2,0,0,1,0,5,0,0,0,1,0,0,0,-.--
144,624585,747139,5,3,0,0,0,.---,0,0-3,1,2,1,0,0,0,0,0,0,0,0,0,3,0,0,0,1,0,0,0,-.--
144,657656,747139,6,5,6,0,0,.---,0,"3-5 | HR, K, RBI",1,0,1,1,0,0,1,1,0,0,3,0,5,0,0,1,2,0,0,0,5
144,518595,747139,7,5,2,0,0,.---,0,"2-5 | 2 K, R",0,1,0,1,0,0,0,2,0,0,2,0,5,0,0,0,3,0,0,0,-.--
144,570482,747139,8,4,1,0,0,.---,0,1-4 | 2 K,0,1,0,0,0,0,0,2,0,0,1,0,4,0,0,0,4,0,0,0,-.--
144,606115,747139,9,3,0,0,0,.---,0,"0-2 | BB, 2 K",0,0,0,0,0,0,0,2,1,0,0,0,2,0,0,0,2,0,0,0,-.--
121,607043,747137,1,5,5,0,0,.---,0,"2-5 | 3B, 2B, 2 RBI",1,2,1,2,1,1,0,0,0,0,2,0,5,0,0,2,0,0,0,0,-.--
121,516782,747137,2,6,2,0,1,1,0,"2-5 | BB, 2 R, SB",0,3,0,2,0,0,0,0,1,0,2,0,5,0,0,0,0,0,0,0,-.--
121,596019,747137,3,6,1,0,0,.---,0,1-6 | R,1,4,1,1,0,0,0,0,0,0,1,0,6,0,0,0,4,0,0,0,-.--
121,624413,747137,4,5,2,0,0,.---,0,"2-4 | BB, 2 R",1,1,1,2,0,0,0,0,1,0,2,0,4,1,0,0,2,0,0,0,-.--
121,683146,747137,5,5,1,0,0,.---,0,"1-5 | K, RBI",0,3,0,0,0,0,0,1,0,0,1,0,5,0,0,1,5,0,0,0,-.--
121,682626,747137,6,5,3,0,0,.---,0,"2-5 | 2B, K, 2 RBI",0,2,0,2,1,0,0,1,0,0,2,0,5,0,0,2,4,0,0,0,-.--
121,643446,747137,7,5,3,0,0,.---,0,"2-3 | 2B, 2 BB, 3 RBI",0,1,0,2,1,0,0,0,2,0,2,0,3,0,0,3,0,0,0,0,-.--
121,621466,747137,8,5,4,0,0,.---,0,"1-5 | HR, K, 2 RBI",2,1,2,1,0,0,1,1,0,0,1,0,5,0,0,2,4,0,0,0,5
121,664056,747137,9,5,2,0,0,.---,0,2-5 | 3 R,0,3,0,3,0,0,0,0,0,0,2,0,5,0,0,0,1,0,0,0,-.--
144,660670,747137,1,4,0,0,0,.---,0,0-4 | K,1,1,2,0,0,0,0,1,0,0,0,0,4,0,0,0,1,0,0,0,-.--
144,645277,747137,2,5,2,0,0,.---,0,2-5,1,1,2,0,0,0,0,0,0,0,2,0,5,0,0,0,0,0,0,0,-.--
144,663586,747137,3,5,2,0,0,.---,0,"1-5 | 2B, K, R",1,2,1,1,1,0,0,1,0,0,1,0,5,0,0,0,3,0,0,0,-.--
144,621566,747137,4,5,3,0,0,.---,0,"1-5 | 3B, 3 K",1,0,1,0,0,1,0,3,0,0,1,0,5,0,0,0,3,0,0,0,-.--
144,542303,747137,5,4,1,0,0,.---,0,1-2 | 2 BB,0,1,0,0,0,0,0,0,2,0,1,0,2,0,0,0,1,0,0,0,-.--
144,594807,747137,6,4,2,0,0,.---,0,"2-4 | K, RBI, R",0,1,0,1,0,0,0,1,0,0,2,0,4,0,0,1,2,0,0,0,-.--
144,671739,747137,7,4,1,0,0,.---,0,1-4,2,0,3,0,0,0,0,0,0,0,1,0,4,0,0,0,3,0,0,0,-.--
144,606115,747137,8,4,0,0,0,.---,0,"0-3 | BB, R",1,1,2,1,0,0,0,0,1,0,0,0,3,0,0,0,3,0,0,0,-.--
144,644433,747137,9,4,3,0,0,.---,0,"2-4 | 2B, K, 2 RBI",0,1,0,1,1,0,0,1,0,0,2,0,4,0,0,2,0,0,0,0,-.--
117,514888,746322,1,5,4,0,0,.---,0,"3-4 | 2B, BB",0,1,0,0,1,0,0,0,1,0,3,0,4,0,0,0,3,0,0,0,-.--
117,670541,746322,2,4,0,0,0,.---,0,"0-3 | BB, K, RBI",2,0,2,0,0,0,0,1,1,0,0,0,3,0,0,1,2,0,0,0,-.--
117,663656,746322,3,5,0,0,0,.---,0,"0-4 | BB, K",2,0,3,0,0,0,0,1,1,0,0,0,4,0,0,0,6,0,0,0,-.--
117,608324,746322,4,5,1,0,0,.---,0,1-5,0,3,1,0,0,0,0,0,0,0,1,0,5,1,0,0,4,0,0,0,-.--
117,673237,746322,5,5,5,0,0,.---,0,"2-5 | HR, RBI, R",0,3,0,1,0,0,1,0,0,0,2,0,5,0,0,1,0,0,0,0,5
117,572138,746322,6,5,2,0,0,.---,0,"1-3 | 2B, 2 BB, K",0,0,1,0,1,0,0,1,2,0,1,0,3,0,0,0,2,0,0,0,-.--
117,665161,746322,7,5,1,0,0,.---,0,1-5 | R,1,1,3,1,0,0,0,0,0,0,1,0,5,0,0,0,4,0,0,0,-.--
117,605170,746322,8,4,2,0,0,.---,0,"1-4 | 2B, K, R",1,1,1,1,1,0,0,1,0,0,1,0,4,0,0,0,4,0,0,0,-.--
117,643289,746322,9,4,2,0,0,.---,0,"2-4 | K, RBI",0,0,1,0,0,0,0,1,0,0,2,0,4,0,0,1,0,0,0,0,-.--
118,672580,746322,1,5,2,0,0,.---,0,"2-5 | K, 2 RBI, 2 R",0,2,0,2,0,0,0,1,0,0,2,0,5,0,0,2,3,0,0,0,-.--
118,677951,746322,2,5,10,0,1,1,0,"4-5 | 2 HR, 5 RBI, 4 R",0,1,0,4,0,0,2,0,0,0,4,0,5,0,0,5,0,0,0,0,2.5
118,686469,746322,3,5,4,0,0,.---,0,"3-5 | 2B, 3 RBI, R",0,1,1,1,1,0,0,0,0,0,3,0,5,0,0,3,0,0,0,0,-.--
118,521692,746322,4,4,1,0,0,.---,0,"1-3 | HBP, K",0,0,1,0,0,0,0,1,0,0,1,1,3,0,0,0,1,0,0,0,-.--
118,669004,746322,5,5,2,0,0,.---,0,"1-4 | 2B, BB, R",0,3,0,1,1,0,0,0,1,0,1,0,4,1,0,0,2,0,0,0,-.--
118,676369,746322,6,5,1,0,0,.---,0,"1-5 | 2 K, RBI, R",1,1,1,1,0,0,0,2,0,0,1,0,5,0,0,1,4,0,0,0,-.--
118,679845,746322,7,4,1,0,0,.---,0,"1-3 | BB, 2 RBI, 2 R",1,1,1,2,0,0,0,0,1,0,1,0,3,0,0,2,0,0,0,0,-.--
118,666023,746322,8,4,1,0,0,.---,0,1-4 | R,1,1,2,1,0,0,0,0,0,0,1,0,4,0,0,0,1,0,0,0,-.--
118,664728,746322,9,4,2,0,0,.---,0,2-4 | R,1,1,1,1,0,0,0,0,0,0,2,0,4,0,0,0,2,0,0,0,-.--
133,647351,745029,1,4,1,0,0,.---,0,1-4 | 2 K,1,0,1,0,0,0,0,2,0,0,1,0,4,0,0,0,1,0,0,0,-.--
133,680869,745029,2,4,0,0,0,.---,0,0-4 | 2 K,1,1,1,0,0,0,0,2,0,0,0,0,4,0,0,0,2,0,0,0,-.--
133,668709,745029,3,4,0,0,0,.---,0,0-4 | K,0,2,1,0,0,0,0,1,0,0,0,0,4,0,0,0,2,0,0,0,-.--
133,664913,745029,4,4,6,0,0,.---,0,"2-4 | HR, 2B, K",0,1,0,1,1,0,1,1,0,0,2,0,4,0,0,1,0,0,0,0,4
133,663527,745029,5,4,0,0,0,.---,0,"0-3 | BB, 2 K",0,1,0,0,0,0,0,2,1,0,0,0,3,0,0,0,0,0,0,0,-.--
133,676116,745029,6,4,0,0,0,.---,0,0-4 | 2 K,1,1,1,0,0,0,0,2,0,0,0,0,4,0,0,0,2,0,0,0,-.--
133,671732,745029,7,3,0,0,1,1,0,"0-2 | BB, K, SB",1,0,1,0,0,0,0,1,1,0,0,0,2,0,0,0,0,0,0,0,-.--
133,687231,745029,8,3,0,0,0,.---,0,0-3 | 2 K,0,1,0,0,0,0,0,2,0,0,0,0,3,0,0,0,1,0,0,0,-.--
133,668832,745029,9,3,1,0,0,.---,0,1-3 | K,0,1,0,0,0,0,0,1,0,0,1,0,3,0,0,0,1,0,0,0,-.--
140,543760,745029,1,4,0,0,1,1,0,"0-3 | BB, K, SB",0,2,0,0,0,0,0,1,1,0,0,0,3,0,0,0,0,0,0,0,-.--
140,608369,745029,2,4,0,0,0,.---,0,0-4 | 4 K,0,0,0,0,0,0,0,4,0,0,0,0,4,0,0,0,1,0,0,0,-.--
140,694671,745029,3,4,0,0,0,.---,0,0-4,2,1,3,0,0,0,0,0,0,0,0,0,4,0,0,0,1,0,0,0,-.--
140,666969,745029,4,3,1,0,0,.---,0,1-3 | K,0,0,1,0,0,0,0,1,0,0,1,0,3,0,0,0,1,0,0,0,-.--
140,641680,745029,5,3,0,0,0,.---,0,"0-1 | BB, HBP",0,1,0,0,0,0,0,0,1,0,0,1,1,0,0,0,0,0,0,0,-.--
140,677649,745029,6,2,0,0,0,.---,0,0-1 | BB,0,0,1,0,0,0,0,0,1,0,0,0,1,0,0,0,1,0,0,0,-.--
140,673995,745029,7,2,0,0,0,.---,0,0-2,1,0,2,0,0,0,0,0,0,0,0,0,2,0,0,0,2,0,0,0,-.--
140,668800,745029,8,2,0,0,0,.---,0,0-2 | K,0,1,0,0,0,0,0,1,0,0,0,0,2,1,0,0,2,0,0,0,-.--
140,665750,745029,9,3,0,0,0,.---,0,0-3,0,1,2,0,0,0,0,0,0,0,0,0,3,0,0,0,0,0,0,0,-.--
134,656582,745601,1,3,0,0,0,.---,0,0-3,0,2,1,0,0,0,0,0,0,0,0,0,3,0,0,0,1,0,0,0,-.--
134,668804,745601,2,4,1,0,0,.---,0,1-4 | K,1,0,2,0,0,0,0,1,0,0,1,0,4,0,0,0,1,0,0,0,-.--
134,663647,745601,3,4,0,0,0,.---,0,"0-2 | 2 BB, 2 K",0,0,0,0,0,0,0,2,2,0,0,0,2,0,0,0,1,0,0,0,-.--
134,658668,745601,4,4,2,0,0,.---,0,"2-4 | K, R",0,0,1,1,0,0,0,1,0,0,2,0,4,0,0,0,2,0,0,0,-.--
134,457705,745601,5,4,0,0,0,.---,0,0-4 | 3 K,0,0,1,0,0,0,0,3,0,0,0,0,4,0,0,0,2,0,0,0,-.--
134,572191,745601,6,4,1,0,0,.---,0,1-4 | 3 K,0,0,0,0,0,0,0,3,0,0,1,0,4,0,0,0,1,0,0,0,-.--
134,665833,745601,7,4,1,0,0,.---,0,1-4 | 2 K,0,1,0,0,0,0,0,2,0,0,1,0,4,0,0,0,2,0,0,0,-.--
134,669707,745601,8,4,1,0,0,.---,0,"1-4 | K, RBI",0,2,0,0,0,0,0,1,0,0,1,0,4,0,0,1,1,0,0,0,-.--
134,680779,745601,9,4,1,0,0,.---,0,1-4 | K,0,1,1,0,0,0,0,1,0,0,1,0,4,0,0,0,2,0,0,0,-.--
143,656941,745601,1,4,1,0,0,.---,0,1-4 | K,1,0,2,0,0,0,0,1,0,0,1,0,4,0,0,0,0,0,0,0,-.--
143,607208,745601,2,4,1,0,0,.---,0,1-4 | K,0,2,0,0,0,0,0,1,0,0,1,0,4,0,0,0,0,0,0,0,-.--
143,547180,745601,3,4,0,0,0,.---,0,0-4 | 2 K,0,2,0,0,0,0,0,2,0,0,0,0,4,1,0,0,2,0,0,0,-.--
143,592663,745601,4,4,1,0,0,.---,0,"1-4 | 2 K, R",0,0,1,1,0,0,0,2,0,0,1,0,4,0,0,0,1,0,0,0,-.--
143,664761,745601,5,3,5,0,0,.---,0,"2-3 | HR, K, RBI",0,0,0,1,0,0,1,1,0,0,2,0,3,0,0,1,1,0,0,0,3
143,669016,745601,6,3,4,0,0,.---,0,"1-3 | HR, 2 K, 2 RBI",0,0,0,1,0,0,1,2,0,0,1,0,3,0,0,2,1,0,0,0,3
143,592206,745601,7,3,0,0,0,.---,0,0-3 | R,3,0,3,1,0,0,0,0,0,0,0,0,3,0,0,0,1,0,0,0,-.--
143,681082,745601,8,3,4,0,0,.---,0,"1-3 | HR, K, 2 RBI",1,0,1,1,0,0,1,1,0,0,1,0,3,0,0,2,1,0,0,0,3
143,593160,745601,9,3,0,0,0,.---,0,0-3,1,2,1,0,0,0,0,0,0,0,0,0,3,0,0,0,0,0,0,0,-.--
110,683002,746977,1,5,4,0,0,.---,0,"1-5 | HR, 3 K, 2 RBI",0,0,1,1,0,0,1,3,0,0,1,0,5,0,0,2,2,0,0,0,5
110,668939,746977,2,5,1,0,0,.---,0,1-5,3,1,3,0,0,0,0,0,0,0,1,0,5,0,0,0,2,0,0,0,-.--
110,623993,746977,3,4,4,0,0,.---,0,"1-4 | HR, 2 RBI, R",1,1,2,1,0,0,1,0,0,0,1,0,4,0,0,2,1,0,0,0,4
110,656811,746977,4,5,2,0,0,.---,0,"1-4 | 2B, BB, R",0,2,1,1,1,0,0,0,1,0,1,0,4,0,0,0,0,0,0,0,-.--
110,663624,746977,5,5,1,0,0,.---,0,"1-4 | BB, K, R",0,1,1,1,0,0,0,1,1,0,1,0,4,1,0,0,1,0,0,0,-.--
110,656775,746977,6,5,1,0,0,.---,0,"1-3 | 2 BB, RBI, R",0,0,2,1,0,0,0,0,2,0,1,0,3,0,0,1,1,0,0,0,-.--
110,681297,746977,7,5,10,0,0,.---,0,"3-5 | 2 HR, 2B, 4 RBI",0,2,0,2,1,0,2,0,0,0,3,0,5,1,0,4,2,0,0,0,2.5
110,676059,746977,8,5,0,0,1,1,0,"0-3 | 2 BB, K, SB",1,1,1,0,0,0,0,1,2,0,0,0,3,0,0,0,2,0,0,0,-.--
110,702616,746977,9,4,0,0,0,.---,0,"0-4 | 2 K, 2 R",0,2,0,2,0,0,0,2,0,0,0,0,4,0,0,0,3,0,0,0,-.--
111,680776,746977,1,5,4,0,0,.---,0,"2-5 | 2 2B, K, RBI",1,0,2,1,2,0,0,1,0,0,2,0,5,0,0,1,0,0,0,0,-.--
111,641933,746977,2,5,0,0,0,.---,0,"0-4 | BB, K",1,1,2,0,0,0,0,1,1,0,0,0,4,0,0,0,2,0,0,0,-.--
111,807799,746977,3,5,1,0,0,.---,0,1-5 | RBI,1,3,1,0,0,0,0,0,0,0,1,0,5,0,0,1,2,0,0,0,-.--
111,671213,746977,4,5,2,0,0,.---,0,"1-5 | 2B, K, R",0,3,0,1,1,0,0,1,0,0,1,0,5,0,0,0,3,0,0,0,-.--
111,677800,746977,5,3,3,0,0,.---,0,"2-3 | 2B, RBI",0,1,0,0,1,0,0,0,0,0,2,0,3,0,0,1,1,0,0,0,-.--
111,665839,746977,6,3,0,0,0,.---,0,"0-2 | BB, K",1,0,1,0,0,0,0,1,1,0,0,0,2,0,0,0,1,0,0,0,-.--
111,624512,746977,7,4,0,0,0,.---,0,0-4 | 2 K,2,0,2,0,0,0,0,2,0,0,0,0,4,0,0,0,3,0,0,0,-.--
111,666152,746977,8,4,1,0,1,1,0,"1-4 | K, SB",0,2,0,0,0,0,0,1,0,0,1,0,4,0,0,0,1,0,0,0,-.--
111,622569,746977,9,4,0,0,0,.---,0,0-4 | R,1,2,2,1,0,0,0,0,0,0,0,0,4,0,0,0,1,0,0,0,-.--
142,666397,746490,1,5,4,0,0,.---,0,"1-4 | HR, BB, K",1,1,1,2,0,0,1,1,1,0,1,0,4,0,0,1,2,0,0,0,4
142,680777,746490,2,4,2,0,0,.---,0,2-3 | BB,0,1,0,0,0,0,0,0,1,0,2,0,3,0,0,0,1,0,0,0,-.--
142,666135,746490,3,3,0,0,0,.---,0,0-3 | K,0,2,0,0,0,0,0,1,0,0,0,0,3,0,0,0,3,0,0,0,-.--
142,621439,746490,4,4,0,0,0,.---,0,"0-3 | K, RBI",1,1,2,0,0,0,0,1,0,0,0,0,3,0,0,1,3,0,1,0,-.--
142,668885,746490,5,4,1,0,0,.---,0,"1-4 | 2 K, R",1,0,1,1,0,0,0,2,0,0,1,0,4,0,0,0,3,0,0,0,-.--
142,650489,746490,6,4,4,0,0,.---,0,"1-4 | HR, 2 K, 2 RBI",0,0,1,1,0,0,1,2,0,0,1,0,4,0,0,2,2,0,0,0,4
142,670242,746490,7,3,0,0,0,.---,0,0-3 | 2 K,0,0,1,0,0,0,0,2,0,0,0,0,3,0,0,0,0,0,0,0,-.--
142,467793,746490,8,4,2,0,0,.---,0,2-4,2,0,2,0,0,0,0,0,0,0,2,0,4,0,0,0,0,0,0,0,-.--
142,571657,746490,9,4,0,0,0,.---,0,0-4 | K,0,3,0,0,0,0,0,1,0,0,0,0,4,0,0,0,2,0,0,0,-.--
116,682985,746490,1,4,0,0,0,.---,0,0-4 | K,0,3,0,0,0,0,0,1,0,0,0,0,4,0,0,0,0,0,0,0,-.--
116,592192,746490,2,4,0,0,0,.---,0,0-4 | K,2,1,2,0,0,0,0,1,0,0,0,0,4,0,0,0,0,0,0,0,-.--
116,679529,746490,3,4,0,0,0,.---,0,0-4 | K,1,0,3,0,0,0,0,1,0,0,0,0,4,0,0,0,0,0,0,0,-.--
116,681481,746490,4,2,1,0,0,.---,0,"1-2 | K, R",0,0,0,1,0,0,0,1,0,0,1,0,2,0,0,0,0,0,0,0,-.--
116,690993,746490,5,4,0,0,0,.---,0,"0-3 | BB, 2 K",1,0,1,0,0,0,0,2,1,0,0,0,3,0,0,0,1,0,0,0,-.--
116,570482,746490,6,3,0,0,0,.---,0,0-3 | 2 K,0,1,0,0,0,0,0,2,0,0,0,0,3,0,0,0,3,0,0,0,-.--
116,672761,746490,7,3,3,0,1,1,0,"2-3 | 2B, K, SB",0,0,0,0,1,0,0,1,0,0,2,0,3,0,0,0,0,0,0,0,-.--
116,595879,746490,8,3,0,0,0,.---,0,0-2 | RBI,1,1,2,0,0,0,0,0,0,0,0,0,2,0,0,1,2,0,1,0,-.--
116,668670,746490,9,2,0,0,0,.---,0,0-2,0,0,2,0,0,0,0,0,0,0,0,0,2,0,0,0,2,0,0,0,-.--
158,694192,746730,1,5,3,1,0,0,0,"2-5 | 2B, K, CS",0,1,1,0,1,0,0,1,0,0,2,0,5,0,0,0,1,0,0,0,-.--
158,656555,746730,2,3,0,0,0,.---,0,0-3 | K,1,1,1,0,0,0,0,1,0,0,0,0,3,0,0,0,1,0,0,0,-.--
158,661388,746730,3,4,4,0,0,.---,0,"1-4 | HR, K, RBI",0,1,1,1,0,0,1,1,0,0,1,0,4,0,0,1,0,0,0,0,4
158,642715,746730,4,4,5,0,0,.---,0,"2-4 | HR, RBI, 2 R",2,0,2,2,0,0,1,0,0,0,2,0,4,0,0,1,0,0,0,0,4
158,669003,746730,5,3,3,0,0,.---,0,"2-3 | 2B, R",1,0,1,1,1,0,0,0,0,0,2,0,3,0,0,0,0,0,0,0,-.--
158,596142,746730,6,4,0,0,0,.---,0,"0-3 | BB, K",0,1,1,0,0,0,0,1,1,0,0,0,3,1,0,0,3,0,0,0,-.--
158,687401,746730,7,3,0,0,0,.---,0,0-3 | K,0,1,1,0,0,0,0,1,0,0,0,0,3,1,0,0,3,0,0,0,-.--
158,686217,746730,8,4,1,0,0,.---,0,1-4 | 2 RBI,0,3,0,0,0,0,0,0,0,0,1,0,4,1,0,2,1,0,0,0,-.--
158,655316,746730,9,4,1,0,0,.---,0,1-4 | K,1,1,1,0,0,0,0,1,0,0,1,0,4,0,0,0,1,0,0,0,-.--
113,663697,746730,1,5,4,0,0,.---,0,"1-4 | HR, HBP, 2 K",0,1,0,1,0,0,1,2,0,0,1,1,4,0,0,1,1,0,0,0,4
113,682829,746730,2,5,3,1,0,0,0,"2-5 | 2B, K, RBI",0,2,0,1,1,0,0,1,0,0,2,0,5,0,0,1,1,0,0,0,-.--
113,668715,746730,3,5,1,0,0,.---,0,"1-4 | BB, 2 K",1,0,1,0,0,0,0,2,1,0,1,0,4,0,0,0,2,0,0,0,-.--
113,670770,746730,4,5,0,0,0,.---,0,"0-4 | BB, RBI",1,1,3,0,0,0,0,0,1,0,0,0,4,0,0,1,2,0,0,0,-.--
113,664034,746730,5,5,1,0,0,.---,0,1-5,3,1,3,0,0,0,0,0,0,0,1,0,5,0,0,0,4,0,0,0,-.--
113,642086,746730,6,3,1,0,0,.---,0,1-3 | K,0,1,0,0,0,0,0,1,0,0,1,0,3,0,0,0,0,0,0,0,-.--
113,669289,746730,7,4,4,0,0,.---,0,"1-4 | HR, RBI, R",2,1,2,1,0,0,1,0,0,0,1,0,4,0,0,1,1,0,0,0,4
113,666181,746730,8,4,2,0,0,.---,0,"1-4 | 2B, K, R",1,0,2,1,1,0,0,1,0,0,1,0,4,0,0,0,1,0,0,0,-.--
113,571912,746730,9,4,1,0,0,.---,0,1-4 | 2 K,0,0,1,0,0,0,0,2,0,0,1,0,4,0,0,0,2,0,0,0,-.--
142,622534,746491,1,5,1,0,0,.---,0,"1-4 | BB, K",0,0,2,0,0,0,0,1,1,0,1,0,4,0,0,0,2,0,0,0,-.--
142,621043,746491,2,2,0,0,0,.---,0,0-2 | K,0,0,1,0,0,0,0,1,0,0,0,0,2,0,0,0,2,0,0,0,-.--
142,621439,746491,3,3,0,0,0,.---,0,0-3 | 3 K,0,0,0,0,0,0,0,3,0,0,0,0,3,0,0,0,0,0,0,0,-.--
142,680777,746491,4,4,2,0,0,.---,0,"1-4 | 2B, R",1,2,1,1,1,0,0,0,0,0,1,0,4,0,0,0,0,0,0,0,-.--
142,669304,746491,5,3,1,0,0,.---,0,1-3,1,1,1,0,0,0,0,0,0,0,1,0,3,0,0,0,0,0,0,0,-.--
142,571657,746491,6,4,2,0,0,.---,0,"1-2 | 2B, 2 BB, RBI",0,1,0,1,1,0,0,0,2,0,1,0,2,0,0,1,0,0,0,0,-.--
142,668885,746491,7,4,0,0,0,.---,0,0-4,3,1,3,0,0,0,0,0,0,0,0,0,4,0,0,0,4,0,0,0,-.--
142,467793,746491,8,4,0,0,0,.---,0,"0-3 | BB, K",0,1,1,0,0,0,0,1,1,0,0,0,3,0,0,0,1,0,0,0,-.--
142,666397,746491,9,4,2,0,0,.---,0,"2-4 | 2 K, RBI",0,0,0,0,0,0,0,2,0,0,2,0,4,0,0,1,0,0,0,0,-.--
116,682985,746491,1,4,2,0,0,.---,0,"1-3 | 2B, BB, K",0,1,0,2,1,0,0,1,1,0,1,0,3,0,0,1,0,0,0,0,-.--
116,592192,746491,2,4,5,0,0,.---,0,"2-3 | HR, BB, 2 RBI",0,1,0,2,0,0,1,0,1,0,2,0,3,0,0,2,0,0,0,0,3
116,679529,746491,3,5,2,0,0,.---,0,"2-4 | BB, K, 2 RBI",1,0,1,1,0,0,0,1,1,0,2,0,4,0,0,2,1,0,0,0,-.--
116,681481,746491,4,2,2,0,0,.---,0,2-2,0,0,0,0,0,0,0,0,0,0,2,0,2,0,0,0,0,0,0,0,-.--
116,690993,746491,5,5,1,0,0,.---,0,1-5 | 3 K,0,1,0,0,0,0,0,3,0,0,1,0,5,0,0,0,7,0,0,0,-.--
116,570482,746491,6,4,0,0,0,.---,0,"0-3 | BB, K, RBI",0,1,1,0,0,0,0,1,1,0,0,0,3,0,0,1,3,0,0,0,-.--
116,678009,746491,7,4,0,0,0,.---,0,0-4 | 4 K,0,0,0,0,0,0,0,4,0,0,0,0,4,0,0,0,5,0,0,0,-.--
116,595879,746491,8,4,0,0,0,.---,0,0-4 | 3 K,0,0,1,0,0,0,0,3,0,0,0,0,4,0,0,0,3,0,0,0,-.--
116,668670,746491,9,4,0,0,0,.---,0,"0-2 | BB, HBP, K",0,1,0,2,0,0,0,1,1,0,0,1,2,0,0,0,1,0,0,0,-.--
134,656582,745596,1,4,2,0,0,.---,0,2-4 | RBI,1,1,1,0,0,0,0,0,0,0,2,0,4,0,0,1,3,0,0,0,-.--
134,668804,745596,2,5,2,0,1,1,0,"2-5 | K, RBI, SB",0,2,0,0,0,0,0,1,0,0,2,0,5,0,0,1,4,0,0,0,-.--
134,663647,745596,3,5,0,0,0,.---,0,0-5 | 2 K,1,2,1,0,0,0,0,2,0,0,0,0,5,0,0,0,3,0,0,0,-.--
134,658668,745596,4,4,0,0,0,.---,0,0-3 | BB,0,3,0,0,0,0,0,0,1,0,0,0,3,1,0,0,2,0,0,0,-.--
134,457705,745596,5,5,0,0,0,.---,0,"0-3 | 2 BB, K, R",0,2,0,1,0,0,0,1,2,0,0,0,3,0,0,0,1,0,0,0,-.--
134,665833,745596,6,5,0,0,0,.---,0,0-5 | 2 K,0,3,0,0,0,0,0,2,0,0,0,0,5,0,0,0,4,0,0,0,-.--
134,572191,745596,7,4,1,0,0,.---,0,"1-4 | K, R",1,1,1,1,0,0,0,1,0,0,1,0,4,0,0,0,1,0,0,0,-.--
134,669707,745596,8,4,2,0,0,.---,0,"2-3 | BB, R",1,0,1,1,0,0,0,0,1,0,2,0,3,0,0,0,0,0,0,0,-.--
134,680779,745596,9,4,3,0,0,.---,0,"2-3 | 2B, BB, K",0,0,0,2,1,0,0,1,1,0,2,0,3,0,0,2,2,0,0,0,-.--
143,656941,745596,1,4,1,0,0,.---,0,"1-3 | BB, 2 K, R",0,0,0,1,0,0,0,2,1,0,1,0,3,0,0,0,0,0,0,0,-.--
143,607208,745596,2,4,1,0,0,.---,0,1-4 | K,1,1,1,0,0,0,0,1,0,0,1,0,4,1,0,0,1,0,0,0,-.--
143,547180,745596,3,4,3,0,0,.---,0,2-4 | 2B,1,0,2,0,1,0,0,0,0,0,2,0,4,0,0,0,2,0,0,0,-.--
143,592663,745596,4,4,0,0,0,.---,0,"0-3 | BB, K",1,1,1,0,0,0,0,1,1,0,0,0,3,0,0,0,2,0,0,0,-.--
143,664761,745596,5,4,0,0,0,.---,0,"0-3 | BB, K, RBI",2,0,2,0,0,0,0,1,1,0,0,0,3,0,0,1,0,0,0,0,-.--
143,669016,745596,6,4,2,0,0,.---,0,"1-4 | 2B, K, R",1,1,1,1,1,0,0,1,0,0,1,0,4,0,0,0,3,0,0,0,-.--
143,592206,745596,7,4,1,0,0,.---,0,1-4 | K,1,1,1,0,0,0,0,1,0,0,1,0,4,0,0,0,1,0,0,0,-.--
143,681082,745596,8,4,1,0,0,.---,0,1-4 | RBI,1,2,1,0,0,0,0,0,0,0,1,0,4,0,0,1,1,0,0,0,-.--
143,593160,745596,9,4,0,0,0,.---,0,0-4,2,2,2,0,0,0,0,0,0,0,0,0,4,0,0,0,1,0,0,0,-.--
137,808982,745112,1,5,1,0,1,1,0,"1-5 | K, R, SB",0,1,2,1,0,0,0,1,0,0,1,0,5,1,0,0,3,0,0,0,-.--
137,664774,745112,2,3,0,0,1,1,0,"0-2 | BB, SB",1,1,1,0,0,0,0,0,1,0,0,0,2,0,0,0,1,0,0,0,-.--
137,624585,745112,3,4,1,0,0,.---,0,"1-2 | 2 BB, K",0,0,0,0,0,0,0,1,2,0,1,0,2,0,0,0,2,0,0,0,-.--
137,624424,745112,4,4,0,0,0,.---,0,0-4 | 2 K,0,2,0,0,0,0,0,2,0,0,0,0,4,1,0,0,4,0,0,0,-.--
137,656305,745112,5,4,0,0,0,.---,0,0-4 | 3 K,1,0,1,0,0,0,0,3,0,0,0,0,4,0,0,0,0,0,0,0,-.--
137,642731,745112,6,4,3,0,0,.---,0,"2-4 | 2B, K",0,1,0,0,1,0,0,1,0,0,2,0,4,0,0,0,0,0,0,0,-.--
137,573262,745112,7,2,0,0,0,.---,0,0-1 | BB,0,0,1,0,0,0,0,0,1,0,0,0,1,0,0,0,1,0,0,0,-.--
137,672275,745112,8,4,1,0,0,.---,0,1-4,1,1,2,0,0,0,0,0,0,0,1,0,4,0,0,0,4,0,0,0,-.--
137,605113,745112,9,4,1,0,0,.---,0,1-4 | K,2,0,2,0,0,0,0,1,0,0,1,0,4,0,0,0,4,0,0,0,-.--
139,650490,745112,1,4,0,0,0,.---,0,"0-3 | BB, RBI",0,3,0,0,0,0,0,0,1,0,0,0,3,0,0,1,1,0,0,0,-.--
139,668227,745112,2,4,0,0,0,.---,0,0-3 | BB,0,3,0,0,0,0,0,0,1,0,0,0,3,0,0,0,4,0,0,0,-.--
139,680700,745112,3,4,0,0,0,.---,0,0-4 | 2 K,0,0,2,0,0,0,0,2,0,0,0,0,4,0,0,0,1,0,0,0,-.--
139,670623,745112,4,4,0,0,0,.---,0,"0-3 | HBP, K",1,1,1,0,0,0,0,1,0,0,0,1,3,0,0,0,1,0,0,0,-.--
139,623912,745112,5,4,3,0,1,1,0,"3-4 | K, 2 R, SB",0,0,0,2,0,0,0,1,0,0,3,0,4,0,0,0,1,0,0,0,-.--
139,642708,745112,6,4,3,0,0,.---,0,"2-4 | 2B, 2 K, RBI",0,0,0,0,1,0,0,2,0,0,2,0,4,0,0,1,2,0,0,0,-.--
139,676609,745112,7,4,1,0,0,.---,0,1-4 | K,1,0,2,0,0,0,0,1,0,0,1,0,4,0,0,0,2,0,0,0,-.--
139,642350,745112,8,3,0,1,0,0,0,"0-2 | K, CS",1,0,1,0,0,0,0,1,0,0,0,0,2,0,0,0,3,0,0,1,-.--
139,666163,745112,9,3,0,0,0,.---,0,"0-2 | BB, K",1,0,1,0,0,0,0,1,1,0,0,0,2,0,0,0,3,0,0,0,-.--
158,694192,747055,1,6,0,0,0,.---,0,0-6 | 3 K,2,1,2,0,0,0,0,3,0,0,0,0,6,0,0,0,4,0,0,0,-.--
158,661388,747055,2,5,4,0,0,.---,0,"1-4 | HR, BB, 2 RBI",2,1,2,2,0,0,1,0,1,0,1,0,4,0,0,2,1,0,0,0,4
158,592885,747055,3,1,1,0,0,.---,0,1-1,0,0,0,0,0,0,0,0,0,0,1,0,1,0,0,0,0,0,0,0,-.--
158,642715,747055,4,5,7,0,0,.---,0,"3-5 | HR, 2B, K",1,0,1,3,1,0,1,1,0,0,3,0,5,0,0,3,2,0,0,0,5
158,686217,747055,5,5,2,0,0,.---,0,"2-4 | BB, RBI, R",1,0,2,1,0,0,0,0,1,0,2,0,4,0,0,1,1,0,0,0,-.--
158,656555,747055,6,5,3,0,0,.---,0,"2-5 | 2B, RBI, R",1,2,1,1,1,0,0,0,0,0,2,0,5,1,0,1,3,0,0,0,-.--
158,596142,747055,7,5,5,0,0,.---,0,"2-5 | HR, 2 RBI, R",1,1,2,1,0,0,1,0,0,0,2,0,5,0,0,2,1,0,0,0,5
158,655316,747055,8,5,0,0,0,.---,0,"0-4 | BB, R",1,2,2,1,0,0,0,0,1,0,0,0,4,0,0,0,3,0,0,0,-.--
158,687401,747055,9,5,5,0,0,.---,0,"3-5 | 3B, K, 2 RBI",0,0,1,1,0,1,0,1,0,0,3,0,5,0,0,2,0,0,0,0,-.--
110,683002,747055,1,4,0,0,0,.---,0,0-4 | 2 K,0,0,2,0,0,0,0,2,0,0,0,0,4,0,0,0,1,0,0,0,-.--
110,681297,747055,2,4,6,0,0,.---,0,"2-3 | HR, 2B, BB",0,0,1,1,1,0,1,0,1,0,2,0,3,0,0,1,1,0,0,0,3
110,623993,747055,3,3,0,0,0,.---,0,0-3 | K,1,0,2,0,0,0,0,1,0,0,0,0,3,0,0,0,1,0,0,0,-.--
110,656811,747055,4,4,0,0,0,.---,0,0-4 | 2 K,0,2,0,0,0,0,0,2,0,0,0,0,4,0,0,0,3,0,0,0,-.--
110,656775,747055,5,3,1,0,0,.---,0,1-3 | 2 K,0,0,0,0,0,0,0,2,0,0,1,0,3,0,0,0,0,0,0,0,-.--
110,676059,747055,6,4,1,0,1,1,0,"1-4 | 2 K, SB",0,0,1,0,0,0,0,2,0,0,1,0,4,0,0,0,0,0,0,0,-.--
110,669720,747055,7,4,0,0,0,.---,0,0-4 | K,1,2,1,0,0,0,0,1,0,0,0,0,4,0,0,0,2,0,0,0,-.--
110,702616,747055,8,3,0,0,0,.---,0,0-3 | 3 K,0,0,0,0,0,0,0,3,0,0,0,0,3,0,0,0,0,0,0,0,-.--
110,543510,747055,9,3,1,0,0,.---,0,1-3 | K,0,1,0,0,0,0,0,1,0,0,1,0,3,0,0,0,0,0,0,0,-.--
115,678662,744954,1,6,5,0,1,1,0,"2-5 | HR, K, 2 RBI",3,0,3,2,0,0,1,1,0,0,2,0,5,0,0,2,2,0,1,0,5
115,641857,744954,2,6,7,0,0,.---,0,"4-6 | 3 2B, K, 2 RBI",1,0,1,2,3,0,0,1,0,0,4,0,6,0,0,2,1,0,0,0,-.--
115,592178,744954,3,6,3,0,0,.---,0,"2-5 | 2B, HBP, 2 K",0,0,1,0,1,0,0,2,0,0,2,1,5,0,0,2,2,0,0,0,-.--
115,553869,744954,4,5,2,0,0,.---,0,"2-4 | BB, RBI, 2 R",0,1,1,2,0,0,0,0,1,0,2,0,4,0,0,1,3,0,0,0,-.--
115,666134,744954,5,5,6,0,0,.---,0,"2-5 | HR, 2B, K",1,1,1,1,1,0,1,1,0,0,2,0,5,1,0,2,5,0,0,0,5
115,660707,744954,6,5,3,0,0,.---,0,2-5 | 2B,2,1,2,0,1,0,0,0,0,0,2,0,5,1,0,0,3,0,0,0,-.--
115,663898,744954,7,5,6,0,0,.---,0,"3-4 | 3B, 2B, BB",0,0,0,2,1,1,0,1,1,0,3,0,4,0,0,1,1,0,0,0,-.--
115,669911,744954,8,4,0,0,0,.---,0,"0-4 | K, R",1,2,1,1,0,0,0,1,0,0,0,0,4,0,0,0,5,0,0,0,-.--
115,686668,744954,9,5,4,0,0,.---,0,"3-5 | 2B, 2 K, RBI",0,0,0,2,1,0,0,2,0,0,3,0,5,0,0,1,3,0,0,0,-.--
141,543807,744954,1,4,1,0,0,.---,0,1-4 | K,0,2,0,0,0,0,0,1,0,0,1,0,4,0,0,0,3,0,0,0,-.--
141,665489,744954,2,5,0,0,0,.---,0,0-4 | BB,1,2,2,0,0,0,0,0,1,0,0,0,4,1,0,0,2,0,0,0,-.--
141,666182,744954,3,4,1,0,1,1,0,"1-4 | R, SB",0,2,1,1,0,0,0,0,0,0,1,0,4,1,0,0,1,0,0,0,-.--
141,457759,744954,4,3,1,0,0,.---,0,1-2 | BB,0,0,1,0,0,0,0,0,1,0,1,0,2,0,0,0,0,0,0,0,-.--
141,624415,744954,5,4,2,0,0,.---,0,"2-4 | 2 K, RBI",0,0,0,0,0,0,0,2,0,0,2,0,4,0,0,1,1,0,0,0,-.--
141,672386,744954,6,4,0,0,0,.---,0,0-4 | 2 K,1,1,1,0,0,0,0,2,0,0,0,0,4,0,0,0,5,0,0,0,-.--
141,662139,744954,7,4,5,0,0,.---,0,"2-4 | HR, K, RBI",0,1,0,1,0,0,1,1,0,0,2,0,4,0,0,1,1,0,0,0,4
141,643396,744954,8,4,4,0,0,.---,0,"1-4 | HR, K, RBI",0,1,1,1,0,0,1,1,0,0,1,0,4,0,0,1,1,0,0,0,4
141,595281,744954,9,4,3,0,0,.---,0,2-4 | 2B,0,2,0,0,1,0,0,0,0,0,2,0,4,0,0,0,0,0,0,0,-.--
108,543685,746978,1,5,2,0,0,.---,0,"2-5 | K, R",0,0,2,1,0,0,0,1,0,0,2,0,5,0,0,0,0,0,0,0,-.--
108,694384,746978,2,5,2,0,0,.---,0,"2-4 | HBP, RBI, 2 R",0,2,0,2,0,0,0,0,0,0,2,1,4,0,0,1,0,0,0,0,-.--
108,545361,746978,3,5,1,0,0,.---,0,"1-5 | 2 K, R",0,1,1,1,0,0,0,2,0,0,1,0,5,0,0,0,5,0,0,0,-.--
108,621493,746978,4,5,4,0,0,.---,0,"1-5 | HR, 3 RBI, 2 R",2,1,3,2,0,0,1,0,0,0,1,0,5,0,0,3,5,0,0,0,5
108,543305,746978,5,5,2,0,0,.---,0,2-5 | RBI,0,2,1,0,0,0,0,0,0,0,2,0,5,0,0,1,0,0,0,0,-.--
108,592273,746978,6,4,1,0,0,.---,0,"1-4 | K, RBI",0,1,1,0,0,0,0,1,0,0,1,0,4,0,0,1,1,0,0,0,-.--
108,650859,746978,7,4,1,0,0,.---,0,1-4 | K,0,0,2,0,0,0,0,1,0,0,1,0,4,0,0,0,3,0,0,0,-.--
108,681351,746978,8,4,2,0,0,.---,0,"1-4 | 2B, K",0,2,0,0,1,0,0,1,0,0,1,0,4,0,0,0,0,0,0,0,-.--
108,687263,746978,9,4,2,0,0,.---,0,"1-4 | 2B, R",2,0,3,1,1,0,0,0,0,0,1,0,4,0,0,0,2,0,0,0,-.--
111,680776,746978,1,4,2,0,0,.---,0,"1-3 | 2B, BB",1,0,2,0,1,0,0,0,1,0,1,0,3,0,0,0,0,0,0,0,-.--
111,622569,746978,2,4,1,0,0,.---,0,1-4 | K,1,1,1,0,0,0,0,1,0,0,1,0,4,0,0,0,2,0,0,0,-.--
111,641933,746978,3,4,0,0,0,.---,0,0-4 | 2 K,0,1,1,0,0,0,0,2,0,0,0,0,4,1,0,0,2,0,0,0,-.--
111,671213,746978,4,3,0,0,0,.---,0,"0-2 | BB, K",0,0,1,0,0,0,0,1,1,0,0,0,2,0,0,0,0,0,0,0,-.--
111,666915,746978,5,3,0,0,0,.---,0,0-3 | K,0,2,0,0,0,0,0,1,0,0,0,0,3,1,0,0,1,0,0,0,-.--
111,807799,746978,6,3,1,0,0,.---,0,1-3 | K,1,0,1,0,0,0,0,1,0,0,1,0,3,0,0,0,0,0,0,0,-.--
111,657136,746978,7,3,0,0,0,.---,0,0-3 | K,0,1,1,0,0,0,0,1,0,0,0,0,3,0,0,0,1,0,0,0,-.--
111,678882,746978,8,3,0,0,0,.---,0,0-3 | K,1,1,1,0,0,0,0,1,0,0,0,0,3,0,0,0,0,0,0,0,-.--
111,666152,746978,9,3,0,0,0,.---,0,0-3 | 2 K,0,1,0,0,0,0,0,2,0,0,0,0,3,0,0,0,0,0,0,0,-.--
118,672580,745838,1,4,0,0,0,.---,0,"0-3 | BB, K",0,1,1,0,0,0,0,1,1,0,0,0,3,0,0,0,0,0,0,0,-.--
118,677951,745838,2,4,0,0,0,.---,0,0-4 | K,2,0,3,0,0,0,0,1,0,0,0,0,4,0,0,0,2,0,0,0,-.--
118,686469,745838,3,4,1,0,0,.---,0,1-4,1,1,2,0,0,0,0,0,0,0,1,0,4,0,0,0,0,0,0,0,-.--
118,521692,745838,4,4,4,0,0,.---,0,"1-4 | HR, K, RBI",0,2,0,1,0,0,1,1,0,0,1,0,4,0,0,1,1,0,0,0,4
118,669004,745838,5,4,0,0,0,.---,0,0-4 | 3 K,0,1,0,0,0,0,0,3,0,0,0,0,4,0,0,0,1,0,0,0,-.--
118,676369,745838,6,4,1,0,0,.---,0,"1-3 | BB, K",0,1,0,0,0,0,0,1,1,0,1,0,3,0,0,0,1,0,0,0,-.--
118,624428,745838,7,4,0,0,0,.---,0,"0-2 | 2 BB, K",1,0,1,0,0,0,0,1,2,0,0,0,2,0,0,0,1,0,0,0,-.--
118,592669,745838,8,3,0,0,0,.---,0,0-3 | 2 K,0,1,0,0,0,0,0,2,0,0,0,0,3,0,0,0,3,0,0,0,-.--
118,664728,745838,9,3,0,0,0,.---,0,0-3,2,1,2,0,0,0,0,0,0,0,0,0,3,0,0,0,3,0,0,0,-.--
121,607043,745838,1,5,2,0,0,.---,0,"1-4 | 2B, BB, K",1,1,1,1,1,0,0,1,1,0,1,0,4,0,0,1,3,0,0,0,-.--
121,516782,745838,2,4,0,0,0,.---,0,0-4 | 2 K,0,2,0,0,0,0,0,2,0,0,0,0,4,0,0,0,2,0,0,0,-.--
121,596019,745838,3,4,1,0,0,.---,0,"1-3 | BB, R",1,1,1,1,0,0,0,0,1,0,1,0,3,0,0,0,0,0,0,0,-.--
121,624413,745838,4,4,5,0,0,.---,0,"2-4 | HR, RBI, R",1,1,1,1,0,0,1,0,0,0,2,0,4,1,0,1,3,0,0,0,4
121,683146,745838,5,4,3,0,0,.---,0,"2-4 | 2B, 2 RBI, R",0,2,0,1,1,0,0,0,0,0,2,0,4,1,0,2,1,0,0,0,-.--
121,682626,745838,6,4,1,0,0,.---,0,1-4 | R,1,2,1,1,0,0,0,0,0,0,1,0,4,0,0,0,1,0,0,0,-.--
121,643446,745838,7,4,3,0,0,.---,0,3-4 | RBI,1,0,1,0,0,0,0,0,0,0,3,0,4,0,0,1,0,0,0,0,-.--
121,621466,745838,8,3,1,0,0,.---,0,"1-3 | K, RBI",0,1,0,0,0,0,0,1,0,0,1,0,3,1,0,1,1,0,0,0,-.--
121,664056,745838,9,4,2,0,1,1,0,"2-4 | K, R, SB",0,0,1,1,0,0,0,1,0,0,2,0,4,0,0,0,2,0,0,0,-.--
144,660670,746084,1,5,2,0,2,1,0,"2-4 | BB, R, 2 SB",1,1,1,1,0,0,0,0,1,0,2,0,4,0,0,0,1,0,0,0,-.--
144,645277,746084,2,5,2,0,0,.---,0,"2-4 | HBP, RBI, 2 R",1,1,1,2,0,0,0,0,0,0,2,1,4,0,0,1,3,0,0,0,-.--
144,663586,746084,3,5,2,0,0,.---,0,"1-5 | 2B, K, RBI",1,0,3,0,1,0,0,1,0,0,1,0,5,0,0,1,7,0,0,0,-.--
144,621566,746084,4,5,2,0,0,.---,0,"1-4 | 2B, BB, 2 K",0,1,0,1,1,0,0,2,1,0,1,0,4,0,0,1,4,0,0,0,-.--
144,542303,746084,5,5,6,0,0,.---,0,"3-4 | HR, BB, K",0,0,0,2,0,0,1,1,1,0,3,0,4,0,0,3,1,0,0,0,4
144,594807,746084,6,5,0,0,0,.---,0,"0-4 | BB, 2 K",0,1,1,0,0,0,0,2,1,0,0,0,4,1,0,0,3,0,0,0,-.--
144,671739,746084,7,5,1,0,0,.---,0,"1-5 | K, RBI",0,2,1,0,0,0,0,1,0,0,1,0,5,1,0,1,2,0,0,0,-.--
144,606115,746084,8,5,5,0,0,.---,0,"3-5 | 2 2B, RBI, 2 R",0,2,0,2,2,0,0,0,0,0,3,0,5,0,0,1,0,0,0,0,-.--
144,518595,746084,9,4,2,0,0,.---,0,1-4 | 2B,0,3,0,0,1,0,0,0,0,0,1,0,4,0,0,0,5,0,0,0,-.--
146,650333,746084,1,4,1,0,0,.---,0,"1-2 | BB, HBP",0,1,0,0,0,0,0,0,1,0,1,1,2,0,0,0,0,0,0,0,-.--
146,605137,746084,2,4,1,0,0,.---,0,1-4 | 2 K,0,1,0,0,0,0,0,2,0,0,1,0,4,1,0,0,3,0,0,0,-.--
146,669394,746084,3,4,0,0,0,.---,0,0-4 | K,1,2,1,0,0,0,0,1,0,0,0,0,4,0,0,0,3,0,0,0,-.--
146,650559,746084,4,4,1,0,0,.---,0,1-4,1,1,2,0,0,0,0,0,0,0,1,0,4,0,0,0,1,0,0,0,-.--
146,665862,746084,5,4,1,0,0,.---,0,"1-4 | 2 K, R",0,1,0,1,0,0,0,2,0,0,1,0,4,0,0,0,2,0,0,0,-.--
146,541645,746084,6,4,1,0,0,.---,0,1-4 | K,0,2,0,0,0,0,0,1,0,0,1,0,4,0,0,0,0,0,0,0,-.--
146,656896,746084,7,4,1,0,0,.---,0,1-4 | RBI,0,3,0,0,0,0,0,0,0,0,1,0,4,0,0,1,0,0,0,0,-.--
146,663743,746084,8,2,0,0,0,.---,0,0-2,0,1,1,0,0,0,0,0,0,0,0,0,2,0,0,0,0,0,0,0,-.--
146,660644,746084,9,3,0,0,0,.---,0,0-3,0,3,0,0,0,0,0,0,0,0,0,0,3,0,0,0,2,0,0,0,-.--
113,663697,746812,1,6,0,0,0,.---,0,"0-2 | 4 BB, K, R",0,1,0,1,0,0,0,1,4,0,0,0,2,0,0,0,0,0,0,0,-.--
113,666181,746812,2,6,2,0,0,.---,0,"1-5 | 2B, BB, K",1,2,1,1,1,0,0,1,1,0,1,0,5,1,0,0,5,0,0,0,-.--
113,687952,746812,3,5,2,0,0,.---,0,"2-4 | K, 3 RBI, R",1,0,2,1,0,0,0,1,0,0,2,0,4,0,0,3,2,0,1,0,-.--
113,668715,746812,4,5,2,0,0,.---,0,"1-3 | 2B, 2 BB, R",2,0,2,1,1,0,0,0,2,0,1,0,3,0,0,0,4,0,0,0,-.--
113,641584,746812,5,5,2,0,0,.---,0,"2-5 | K, RBI, 2 R",1,1,1,2,0,0,0,1,0,0,2,0,5,0,0,1,2,0,0,0,-.--
113,682829,746812,6,5,5,0,0,.---,0,"2-4 | HR, BB, 3 RBI",0,1,1,2,0,0,1,0,1,0,2,0,4,0,0,3,1,0,0,0,4
113,663886,746812,7,5,4,0,0,.---,0,"1-4 | HR, BB, K",2,0,2,2,0,0,1,1,1,0,1,0,4,0,0,1,3,0,0,0,4
113,605361,746812,8,5,3,0,0,.---,0,"1-5 | 3B, 2 K, R",0,1,1,1,0,1,0,2,0,0,1,0,5,0,0,0,4,0,0,0,-.--
113,669289,746812,9,5,2,0,1,1,0,"2-4 | 3 RBI, SB",2,0,3,0,0,0,0,0,0,0,2,0,4,0,0,3,2,0,1,0,-.--
145,543257,746812,1,4,2,0,0,.---,0,"1-4 | 2B, RBI",2,1,2,0,1,0,0,0,0,0,1,0,4,0,0,1,0,0,0,0,-.--
145,672820,746812,2,4,0,0,0,.---,0,0-4 | 2 K,0,1,1,0,0,0,0,2,0,0,0,0,4,0,0,0,1,0,0,0,-.--
145,683734,746812,3,4,0,0,0,.---,0,0-4,2,1,3,0,0,0,0,0,0,0,0,0,4,0,0,0,0,0,0,0,-.--
145,607680,746812,4,3,2,0,0,.---,0,1-3 | 2B,2,0,2,0,1,0,0,0,0,0,1,0,3,0,0,0,0,0,0,0,-.--
145,643217,746812,5,3,0,0,0,.---,0,0-3,1,1,2,0,0,0,0,0,0,0,0,0,3,0,0,0,1,0,0,0,-.--
145,657557,746812,6,3,0,0,0,.---,0,0-3,2,1,2,0,0,0,0,0,0,0,0,0,3,0,0,0,1,0,0,0,-.--
145,686676,746812,7,3,1,0,0,.---,0,1-3,1,1,1,0,0,0,0,0,0,0,1,0,3,0,0,0,0,0,0,0,-.--
145,621545,746812,8,3,1,0,0,.---,0,"1-3 | 2 K, R",0,0,0,1,0,0,0,2,0,0,1,0,3,0,0,0,1,0,0,0,-.--
145,455117,746812,9,3,0,0,0,.---,0,0-3 | K,1,1,1,0,0,0,0,1,0,0,0,0,3,1,0,0,2,0,0,0,-.--
140,543760,746408,1,6,1,0,0,.---,0,"1-6 | K, R",2,1,3,1,0,0,0,1,0,0,1,0,6,0,0,0,0,0,0,0,-.--
140,608369,746408,2,5,3,0,0,.---,0,"2-4 | 2B, BB, 2 R",2,0,2,2,1,0,0,0,1,0,2,0,4,0,0,0,0,0,0,0,-.--
140,694497,746408,3,5,4,0,0,.---,0,"3-5 | 2B, RBI, 2 R",0,1,1,2,1,0,0,0,0,0,3,0,5,0,0,1,1,0,0,0,-.--
140,666969,746408,4,5,2,0,2,1,0,"2-3 | 2 BB, 2 RBI, 2 R",0,0,1,2,0,0,0,0,2,0,2,0,3,0,0,2,0,0,0,0,-.--
140,669701,746408,5,5,1,0,0,.---,0,"1-3 | BB, HBP, RBI",0,0,2,2,0,0,0,0,1,0,1,1,3,0,0,1,3,0,0,0,-.--
140,694671,746408,6,5,1,0,0,.---,0,"1-3 | BB, HBP, K",0,1,0,2,0,0,0,1,1,0,1,1,3,0,0,1,5,0,0,0,-.--
140,641680,746408,7,5,4,0,0,.---,0,"1-5 | HR, 2 K, 4 RBI",1,1,1,1,0,0,1,2,0,0,1,0,5,0,0,4,6,0,0,0,5
140,665120,746408,8,5,1,0,0,.---,0,"1-5 | 3 K, 2 RBI",1,0,1,0,0,0,0,3,0,0,1,0,5,0,0,2,0,0,0,0,-.--
140,665750,746408,9,5,0,0,0,.---,0,0-5,2,2,3,0,0,0,0,0,0,0,0,0,5,0,0,0,1,0,0,0,-.--
117,514888,746408,1,5,0,0,0,.---,0,"0-4 | BB, K",2,1,2,0,0,0,0,1,1,0,0,0,4,0,0,0,0,0,0,0,-.--
117,670541,746408,2,5,0,0,0,.---,0,"0-3 | 2 HBP, R",3,0,3,1,0,0,0,0,0,0,0,2,3,0,0,0,0,0,0,0,-.--
117,663656,746408,3,5,8,0,0,.---,0,"2-4 | 2 HR, BB, K",0,1,0,2,0,0,2,1,1,0,2,0,4,0,0,3,2,0,0,0,2
117,673237,746408,4,5,1,0,0,.---,0,"1-5 | K, R",1,2,1,1,0,0,0,1,0,0,1,0,5,0,0,0,1,0,0,0,-.--
117,572138,746408,5,5,2,0,0,.---,0,"1-4 | 2B, BB, 2 K",1,0,1,1,1,0,0,2,1,0,1,0,4,0,0,0,1,0,0,0,-.--
117,665161,746408,6,5,3,0,0,.---,0,"3-5 | K, 2 R",0,1,0,2,0,0,0,1,0,0,3,0,5,0,0,0,1,0,0,0,-.--
117,643289,746408,7,5,2,0,0,.---,0,"2-5 | 2 RBI, R",1,1,2,1,0,0,0,0,0,0,2,0,5,0,0,2,2,0,0,0,-.--
117,676694,746408,8,4,3,0,0,.---,0,"2-3 | 2B, BB, 3 RBI",1,0,1,0,1,0,0,0,1,0,2,0,3,0,0,3,0,0,0,0,-.--
117,666197,746408,9,4,0,0,0,.---,0,0-4 | 2 K,0,2,0,0,0,0,0,2,0,0,0,0,4,1,0,0,5,0,0,0,-.--
120,682928,745679,1,5,0,0,0,.---,0,0-5 | 3 K,0,1,1,0,0,0,0,3,0,0,0,0,5,0,0,0,4,0,0,0,-.--
120,657041,745679,2,5,1,1,0,0,0,"1-5 | K, CS",0,0,3,0,0,0,0,1,0,0,1,0,5,0,0,0,0,0,0,0,-.--
120,608336,745679,3,4,0,0,0,.---,0,"0-3 | BB, 2 K",0,1,0,0,0,0,0,2,1,0,0,0,3,0,0,0,1,0,0,0,-.--
120,608841,745679,4,4,1,0,0,.---,0,1-4,0,3,0,0,0,0,0,0,0,0,1,0,4,1,0,0,2,0,0,0,-.--
120,608385,745679,5,4,8,0,0,.---,0,"4-4 | HR, 2B, RBI",0,0,0,1,1,0,1,0,0,0,4,0,4,0,0,1,0,0,0,0,4
120,592696,745679,6,4,0,0,0,.---,0,0-4 | K,0,3,0,0,0,0,0,1,0,0,0,0,4,0,0,0,4,0,0,0,-.--
120,656180,745679,7,4,1,0,0,.---,0,"1-3 | BB, K",0,1,0,0,0,0,0,1,1,0,1,0,3,0,0,0,2,0,0,0,-.--
120,671277,745679,8,4,2,0,0,.---,0,"1-4 | 2B, K",1,0,2,0,1,0,0,1,0,0,1,0,4,0,0,0,5,0,0,0,-.--
120,702358,745679,9,4,0,0,0,.---,0,"0-3 | BB, K",0,2,0,0,0,0,0,1,1,0,0,0,3,1,0,0,2,0,0,0,-.--
133,647351,745679,1,4,0,0,0,.---,0,0-4 | K,2,1,2,0,0,0,0,1,0,0,0,0,4,0,0,0,0,0,0,0,-.--
133,680869,745679,2,4,0,0,1,1,0,0-4 | SB,0,4,0,0,0,0,0,0,0,0,0,0,4,0,0,0,0,0,0,0,-.--
133,668709,745679,3,4,0,0,0,.---,0,0-4 | K,2,0,3,0,0,0,0,1,0,0,0,0,4,0,0,0,1,0,0,0,-.--
133,605204,745679,4,4,0,0,0,.---,0,0-4 | 2 K,0,2,0,0,0,0,0,2,0,0,0,0,4,0,0,0,1,0,0,0,-.--
133,664913,745679,5,4,1,0,0,.---,0,"1-3 | BB, K",0,0,1,0,0,0,0,1,1,0,1,0,3,0,0,0,1,0,0,0,-.--
133,669127,745679,6,4,0,0,0,.---,0,"0-3 | BB, K",0,0,2,0,0,0,0,1,1,1,0,0,3,0,0,0,2,0,0,0,-.--
133,676116,745679,7,2,0,0,0,.---,0,0-2 | 2 K,0,0,0,0,0,0,0,2,0,0,0,0,2,0,0,0,1,0,0,0,-.--
133,671732,745679,8,4,5,0,0,.---,0,"2-3 | HR, BB, K",0,0,0,1,0,0,1,1,1,0,2,0,3,0,0,2,0,0,0,0,3
133,669397,745679,9,3,0,0,0,.---,0,0-3,0,2,1,0,0,0,0,0,0,0,0,0,3,0,0,0,2,0,0,0,-.--
112,664023,745274,1,4,0,0,0,.---,0,"0-3 | BB, K",1,1,1,0,0,0,0,1,1,0,0,0,3,0,0,0,1,0,0,0,-.--
112,673548,745274,2,4,1,0,0,.---,0,1-4 | K,0,1,1,0,0,0,0,1,0,0,1,0,4,0,0,0,1,0,0,0,-.--
112,641355,745274,3,4,0,0,0,.---,0,0-3 | BB,2,0,3,0,0,0,0,0,1,0,0,0,3,0,0,0,1,0,0,0,-.--
112,666624,745274,4,4,0,0,0,.---,0,0-4 | 2 K,1,1,1,0,0,0,0,2,0,0,0,0,4,0,0,0,1,0,0,0,-.--
112,621020,745274,5,4,0,0,0,.---,0,0-4,2,1,3,0,0,0,0,0,0,0,0,0,4,0,0,0,0,0,0,0,-.--
112,683737,745274,6,4,6,0,0,.---,0,"2-4 | HR, 2B, K",0,0,1,1,1,0,1,1,0,0,2,0,4,0,0,1,0,0,0,0,4
112,663538,745274,7,4,1,0,0,.---,0,"1-3 | BB, R",1,0,2,1,0,0,0,0,1,0,1,0,3,0,0,0,1,0,0,0,-.--
112,643565,745274,8,4,0,0,0,.---,0,0-4,2,1,3,0,0,0,0,0,0,0,0,0,4,0,0,0,2,0,0,0,-.--
112,543228,745274,9,3,0,0,0,.---,0,0-3 | 2 K,0,1,0,0,0,0,0,2,0,0,0,0,3,0,0,0,0,0,0,0,-.--
136,641487,745274,1,4,1,0,0,.---,0,"1-3 | BB, R",0,2,0,1,0,0,0,0,1,0,1,0,3,0,0,0,3,0,0,0,-.--
136,677594,745274,2,4,1,0,0,.---,0,"1-4 | 2 K, 2 RBI",1,0,1,0,0,0,0,2,0,0,1,0,4,0,0,2,1,0,0,0,-.--
136,664034,745274,3,4,2,0,0,.---,0,"2-4 | K, RBI",0,1,0,0,0,0,0,1,0,0,2,0,4,0,0,1,0,0,0,0,-.--
136,571745,745274,4,4,1,0,0,.---,0,"1-4 | K, R",1,1,1,1,0,0,0,1,0,0,1,0,4,0,0,0,3,0,0,0,-.--
136,593871,745274,5,4,1,1,0,0,1,"1-3 | BB, K, CS",1,0,1,0,0,0,0,1,1,0,1,0,3,0,0,0,1,0,0,0,-.--
136,641598,745274,6,4,0,0,0,.---,0,"0-2 | 2 BB, K, R",1,0,1,1,0,0,0,1,2,0,0,0,2,0,0,0,1,0,0,0,-.--
136,663728,745274,7,4,0,0,0,.---,0,0-4 | 4 K,0,0,0,0,0,0,0,4,0,0,0,0,4,0,0,0,4,0,0,0,-.--
136,664238,745274,8,4,0,0,0,.---,0,"0-3 | BB, R",2,0,3,1,0,0,0,0,1,0,0,0,3,0,0,0,3,0,0,0,-.--
136,649966,745274,9,3,0,0,0,.---,0,"0-2 | HBP, K, RBI",0,0,1,0,0,0,0,1,0,0,0,1,2,0,0,1,2,0,0,0,-.--
138,680977,747217,1,5,5,0,0,.---,0,"3-4 | 3B, K, RBI",1,0,1,2,0,1,0,1,0,0,3,0,4,0,0,1,0,0,1,0,-.--
138,502671,747217,2,5,1,0,0,.---,0,"1-4 | BB, 2 K, RBI",0,1,0,1,0,0,0,2,1,0,1,0,4,1,0,1,2,0,0,0,-.--
138,669357,747217,3,5,1,0,0,.---,0,1-5 | K,1,1,2,0,0,0,0,1,0,0,1,0,5,0,0,0,4,0,0,0,-.--
138,571448,747217,4,5,6,0,0,.---,0,"3-5 | HR, K, 3 RBI",1,0,1,1,0,0,1,1,0,0,3,0,5,0,0,3,0,0,0,0,5
138,575929,747217,5,5,1,0,0,.---,0,"1-4 | BB, K, R",1,0,2,1,0,0,0,1,1,0,1,0,4,0,0,0,4,0,0,0,-.--
138,663457,747217,6,5,4,0,0,.---,0,"1-4 | HR, BB, K",1,1,1,1,0,0,1,1,1,0,1,0,4,0,0,2,1,0,0,0,4
138,691023,747217,7,4,2,0,0,.---,0,1-4 | 2B,1,1,2,0,1,0,0,0,0,0,1,0,4,0,0,0,1,0,0,0,-.--
138,691026,747217,8,4,4,0,0,.---,0,"2-4 | 3B, K, RBI",0,1,0,2,0,1,0,1,0,0,2,0,4,0,0,1,0,0,0,0,-.--
138,687363,747217,9,4,2,0,0,.---,0,"1-3 | 2B, RBI",1,1,2,0,1,0,0,0,0,0,1,0,3,0,0,1,0,0,1,0,-.--
109,606466,747217,1,5,1,0,0,.---,0,"1-5 | K, RBI, R",0,2,1,1,0,0,0,1,0,0,1,0,5,0,0,1,1,0,0,0,-.--
109,682998,747217,2,4,2,0,1,1,0,2-4 | SB,0,2,0,0,0,0,0,0,0,0,2,0,4,0,0,0,2,0,0,0,-.--
109,666971,747217,3,4,1,0,0,.---,0,"1-4 | RBI, R",1,0,3,1,0,0,0,0,0,0,1,0,4,0,0,1,4,0,0,0,-.--
109,572233,747217,4,4,0,0,0,.---,0,"0-3 | BB, 2 K, R",0,1,0,1,0,0,0,2,1,0,0,0,3,0,0,0,2,0,0,0,-.--
109,553993,747217,5,4,5,0,0,.---,0,"2-4 | HR, 2 K, 3 RBI",0,0,0,1,0,0,1,2,0,0,2,0,4,0,0,3,0,0,0,0,4
109,672515,747217,6,4,1,0,0,.---,0,1-4,0,3,0,0,0,0,0,0,0,0,1,0,4,1,0,0,1,0,0,0,-.--
109,545341,747217,7,3,0,0,0,.---,0,0-3 | K,0,1,1,0,0,0,0,1,0,0,0,0,3,0,0,0,1,0,0,0,-.--
109,677942,747217,8,3,0,0,0,.---,0,"0-3 | K, R",1,1,1,1,0,0,0,1,0,0,0,0,3,0,0,0,1,0,0,0,-.--
109,621028,747217,9,3,3,0,0,.---,0,"2-3 | 2B, RBI, R",0,1,0,1,1,0,0,0,0,0,2,0,3,0,0,1,0,0,0,0,-.--
135,593428,746162,1,5,0,0,0,.---,0,"0-5 | 2 K, RBI",1,1,2,0,0,0,0,2,0,0,0,0,5,0,0,1,2,0,0,0,-.--
135,665487,746162,2,5,6,0,0,.---,0,"3-5 | HR, K, 2 RBI",0,1,0,2,0,0,1,1,0,0,3,0,5,0,0,2,1,0,0,0,5
135,630105,746162,3,5,4,0,0,.---,0,"1-5 | HR, K, RBI",0,2,1,1,0,0,1,1,0,0,1,0,5,1,0,1,3,0,0,0,5
135,592518,746162,4,5,4,0,0,.---,0,"1-4 | HR, BB, K",1,1,1,1,0,0,1,1,1,1,1,0,4,0,0,2,0,0,0,0,4
135,595777,746162,5,5,1,0,0,.---,0,"1-4 | BB, 2 K",0,1,0,0,0,0,0,2,1,0,1,0,4,0,0,0,2,0,0,0,-.--
135,673490,746162,6,5,4,0,0,.---,0,"1-5 | HR, 2 K, RBI",0,0,2,1,0,0,1,2,0,0,1,0,5,0,0,1,3,0,0,0,5
135,669134,746162,7,5,0,0,0,.---,0,0-5,2,1,4,0,0,0,0,0,0,0,0,0,5,0,0,0,2,0,0,0,-.--
135,701538,746162,8,5,2,0,0,.---,0,"2-4 | BB, RBI, R",1,1,1,1,0,0,0,0,1,0,2,0,4,0,0,1,0,0,0,0,-.--
135,642180,746162,9,4,1,0,0,.---,0,"1-4 | K, R",1,1,1,1,0,0,0,1,0,0,1,0,4,0,0,0,1,0,0,0,-.--
119,605141,746162,1,6,4,0,0,.---,0,"1-6 | HR, K, 3 RBI",1,0,4,1,0,0,1,1,0,0,1,0,6,0,0,3,1,0,0,0,6
119,660271,746162,2,5,8,0,0,.---,0,"3-5 | HR, 2 2B, RBI",0,0,2,1,2,0,1,0,0,0,3,0,5,0,0,1,0,0,0,0,5
119,518692,746162,3,5,1,0,0,.---,0,"1-5 | K, R",1,2,1,1,0,0,0,1,0,0,1,0,5,0,0,0,2,0,0,0,-.--
119,669257,746162,4,5,0,0,0,.---,0,"0-4 | BB, K",2,1,2,0,0,0,0,1,1,1,0,0,4,0,0,0,3,0,0,0,-.--
119,571970,746162,5,5,4,0,0,.---,0,"1-3 | HR, 2 BB, 2 K",0,0,0,1,0,0,1,2,2,1,1,0,3,0,0,1,3,0,0,0,3
119,606192,746162,6,5,4,0,0,.---,0,"1-5 | HR, K, 2 RBI",1,2,1,1,0,0,1,1,0,0,1,0,5,0,0,2,4,0,0,0,5
119,681546,746162,7,3,0,0,0,.---,0,"0-2 | BB, R",0,0,2,1,0,0,0,0,1,0,0,0,2,0,0,0,0,0,0,0,-.--
119,621035,746162,8,5,0,0,0,.---,0,0-5 | 3 K,0,1,1,0,0,0,0,3,0,0,0,0,5,0,0,0,2,0,0,0,-.--
119,666158,746162,9,3,0,0,0,.---,0,0-3 | R,0,2,1,1,0,0,0,0,0,0,0,0,3,0,0,0,1,0,0,0,-.--
147,683011,746656,1,5,0,0,1,1,0,"0-4 | BB, SB",0,2,2,0,0,0,0,0,1,0,0,0,4,0,0,0,1,0,0,0,-.--
147,665742,746656,2,5,0,0,0,.---,0,"0-4 | BB, 2 K",0,2,0,0,0,0,0,2,1,0,0,0,4,0,0,0,1,0,0,0,-.--
147,592450,746656,3,5,3,0,0,.---,0,2-5 | 2B,3,0,3,0,1,0,0,0,0,0,2,0,5,0,0,0,1,0,0,0,-.--
147,519203,746656,4,4,3,0,0,.---,0,"2-3 | 2B, BB",1,0,1,0,1,0,0,0,1,0,2,0,3,0,0,0,0,0,0,0,-.--
147,650402,746656,5,4,1,0,0,.---,0,1-4 | K,1,1,1,0,0,0,0,1,0,0,1,0,4,0,0,0,5,0,0,0,-.--
147,657077,746656,6,4,4,0,0,.---,0,"2-3 | 2 2B, BB, K",0,0,0,2,2,0,0,1,1,0,2,0,3,0,0,0,1,0,0,0,-.--
147,665828,746656,7,4,4,0,0,.---,0,"1-3 | HR, BB, K",0,1,0,1,0,0,1,1,1,0,1,0,3,0,0,2,2,0,0,0,3
147,624431,746656,8,4,2,0,0,.---,0,2-3 | BB,1,0,1,0,0,0,0,0,1,0,2,0,3,0,0,0,0,0,0,0,-.--
147,663757,746656,9,4,0,0,0,.---,0,0-4 | K,1,2,1,0,0,0,0,1,0,0,0,0,4,2,0,0,5,0,0,0,-.--
114,680757,746656,1,4,1,0,0,.---,0,"1-3 | BB, 2 K, R",0,0,0,1,0,0,0,2,1,0,1,0,3,0,0,0,0,0,0,0,-.--
114,665926,746656,2,4,2,0,0,.---,0,"2-4 | K, R",0,1,0,1,0,0,0,1,0,0,2,0,4,0,0,0,2,0,0,0,-.--
114,608070,746656,3,4,0,0,0,.---,0,0-4 | 2 K,0,1,1,0,0,0,0,2,0,0,0,0,4,0,0,0,3,0,0,0,-.--
114,647304,746656,4,4,0,0,0,.---,0,"0-1 | 3 BB, K",0,0,0,0,0,0,0,1,3,0,0,0,1,0,0,0,0,0,0,0,-.--
114,671289,746656,5,4,0,0,0,.---,0,0-4 | RBI,1,3,1,0,0,0,0,0,0,0,0,0,4,1,0,1,4,0,0,0,-.--
114,686823,746656,6,2,0,0,0,.---,0,0-2 | K,0,0,1,0,0,0,0,1,0,0,0,0,2,0,0,0,0,0,0,0,-.--
114,666310,746656,7,4,0,1,0,0,0,"0-2 | 2 BB, K, CS",0,0,1,0,0,0,0,1,2,0,0,0,2,0,0,0,1,0,0,0,-.--
114,664314,746656,8,4,0,0,0,.---,0,"0-3 | BB, 2 K",0,0,1,0,0,0,0,2,1,0,0,0,3,0,0,0,2,0,0,0,-.--
114,677587,746656,9,4,2,0,0,.---,0,"1-4 | 2B, K",0,2,0,0,1,0,0,1,0,0,1,0,4,1,0,0,3,0,0,0,-.--
147,683011,746656,1,5,0,0,1,1,0,"0-4 | BB, SB",0,2,2,0,0,0,0,0,1,0,0,0,4,0,0,0,1,0,0,0,-.--
147,665742,746656,2,5,0,0,0,.---,0,"0-4 | BB, 2 K",0,2,0,0,0,0,0,2,1,0,0,0,4,0,0,0,1,0,0,0,-.--
147,592450,746656,3,5,3,0,0,.---,0,2-5 | 2B,3,0,3,0,1,0,0,0,0,0,2,0,5,0,0,0,1,0,0,0,-.--
147,519203,746656,4,4,3,0,0,.---,0,"2-3 | 2B, BB",1,0,1,0,1,0,0,0,1,0,2,0,3,0,0,0,0,0,0,0,-.--
147,650402,746656,5,4,1,0,0,.---,0,1-4 | K,1,1,1,0,0,0,0,1,0,0,1,0,4,0,0,0,5,0,0,0,-.--
147,657077,746656,6,4,4,0,0,.---,0,"2-3 | 2 2B, BB, K",0,0,0,2,2,0,0,1,1,0,2,0,3,0,0,0,1,0,0,0,-.--
147,665828,746656,7,4,4,0,0,.---,0,"1-3 | HR, BB, K",0,1,0,1,0,0,1,1,1,0,1,0,3,0,0,2,2,0,0,0,3
147,624431,746656,8,4,2,0,0,.---,0,2-3 | BB,1,0,1,0,0,0,0,0,1,0,2,0,3,0,0,0,0,0,0,0,-.--
147,663757,746656,9,4,0,0,0,.---,0,0-4 | K,1,2,1,0,0,0,0,1,0,0,0,0,4,2,0,0,5,0,0,0,-.--
114,680757,746656,1,4,1,0,0,.---,0,"1-3 | BB, 2 K, R",0,0,0,1,0,0,0,2,1,0,1,0,3,0,0,0,0,0,0,0,-.--
114,665926,746656,2,4,2,0,0,.---,0,"2-4 | K, R",0,1,0,1,0,0,0,1,0,0,2,0,4,0,0,0,2,0,0,0,-.--
114,608070,746656,3,4,0,0,0,.---,0,0-4 | 2 K,0,1,1,0,0,0,0,2,0,0,0,0,4,0,0,0,3,0,0,0,-.--
114,647304,746656,4,4,0,0,0,.---,0,"0-1 | 3 BB, K",0,0,0,0,0,0,0,1,3,0,0,0,1,0,0,0,0,0,0,0,-.--
114,671289,746656,5,4,0,0,0,.---,0,0-4 | RBI,1,3,1,0,0,0,0,0,0,0,0,0,4,1,0,1,4,0,0,0,-.--
114,686823,746656,6,2,0,0,0,.---,0,0-2 | K,0,0,1,0,0,0,0,1,0,0,0,0,2,0,0,0,0,0,0,0,-.--
114,666310,746656,7,4,0,1,0,0,0,"0-2 | 2 BB, K, CS",0,0,1,0,0,0,0,1,2,0,0,0,2,0,0,0,1,0,0,0,-.--
114,664314,746656,8,4,0,0,0,.---,0,"0-3 | BB, 2 K",0,0,1,0,0,0,0,2,1,0,0,0,3,0,0,0,2,0,0,0,-.--
114,677587,746656,9,4,2,0,0,.---,0,"1-4 | 2B, K",0,2,0,0,1,0,0,1,0,0,1,0,4,1,0,0,3,0,0,0,-.--
147,683011,746658,1,5,2,0,1,1,0,"2-4 | BB, RBI, 2 R",1,0,2,2,0,0,0,0,1,0,2,0,4,0,0,1,1,0,0,0,-.--
147,665742,746658,2,5,4,0,0,.---,0,"1-3 | HR, 2 BB, 3 RBI",0,2,0,2,0,0,1,0,2,0,1,0,3,0,0,3,2,0,0,0,3
147,592450,746658,3,5,2,0,0,.---,0,"1-4 | 2B, BB",0,3,0,0,1,0,0,0,1,0,1,0,4,0,0,0,2,0,0,0,-.--
147,519203,746658,4,5,2,0,0,.---,0,"2-5 | 2 K, RBI",0,1,0,0,0,0,0,2,0,0,2,0,5,0,0,1,3,0,0,0,-.--
147,519317,746658,5,5,0,0,0,.---,0,"0-4 | BB, K, RBI",1,1,2,0,0,0,0,1,1,0,0,0,4,0,0,1,3,0,0,0,-.--
147,650402,746658,6,5,1,0,1,1,0,"1-4 | BB, 2 R, SB",0,2,1,2,0,0,0,0,1,0,1,0,4,0,0,0,5,0,0,0,-.--
147,657077,746658,7,5,1,0,0,.---,0,"1-3 | 2 BB, 2 R",0,2,0,2,0,0,0,0,2,0,1,0,3,1,0,0,3,0,0,0,-.--
147,665828,746658,8,5,2,0,0,.---,0,"1-5 | 2B, K, RBI",1,2,1,0,1,0,0,1,0,0,1,0,5,0,0,1,3,0,0,0,-.--
147,669224,746658,9,4,0,0,0,.---,0,0-3 | RBI,1,0,4,0,0,0,0,0,0,0,0,0,3,0,0,1,3,0,1,0,-.--
114,680757,746658,1,3,1,0,0,.---,0,1-3,1,0,2,0,0,0,0,0,0,0,1,0,3,0,0,0,1,0,0,0,-.--
114,665926,746658,2,4,1,0,0,.---,0,1-4 | K,2,0,2,0,0,0,0,1,0,0,1,0,4,0,0,0,1,0,0,0,-.--
114,608070,746658,3,4,0,0,0,.---,0,0-4,2,2,2,0,0,0,0,0,0,0,0,0,4,0,0,0,2,0,0,0,-.--
114,647304,746658,4,4,5,0,0,.---,0,"2-4 | HR, RBI, R",0,2,0,1,0,0,1,0,0,0,2,0,4,1,0,1,1,0,0,0,4
114,657656,746658,5,4,0,0,0,.---,0,0-4 | 2 K,0,1,1,0,0,0,0,2,0,0,0,0,4,0,0,0,2,0,0,0,-.--
114,664314,746658,6,4,4,0,0,.---,0,"1-3 | HR, BB, K",0,0,1,1,0,0,1,1,1,0,1,0,3,0,0,1,0,0,0,0,3
114,681807,746658,7,3,1,0,0,.---,0,1-3 | K,0,0,1,0,0,0,0,1,0,0,1,0,3,0,0,0,1,0,0,0,-.--
114,672356,746658,8,3,2,0,0,.---,0,"1-3 | 2B, K",0,1,0,0,1,0,0,1,0,0,1,0,3,1,0,0,2,0,0,0,-.--
114,677587,746658,9,3,0,0,0,.---,0,0-3,0,1,2,0,0,0,0,0,0,0,0,0,3,0,0,0,2,0,0,0,-.--
142,666397,746489,1,3,0,0,0,.---,0,0-3 | 2 K,0,1,0,0,0,0,0,2,0,0,0,0,3,0,0,0,2,0,0,0,-.--
142,467793,746489,2,6,0,0,0,.---,0,"0-6 | K, RBI, R",3,1,4,1,0,0,0,1,0,0,0,0,6,0,0,1,6,0,0,0,-.--
142,666135,746489,3,3,2,0,0,.---,0,"1-3 | 2B, K",1,0,1,0,1,0,0,1,0,0,1,0,3,0,0,0,1,0,0,0,-.--
142,622534,746489,4,6,0,0,0,.---,0,"0-5 | BB, R",0,1,4,1,0,0,0,0,1,0,0,0,5,0,0,0,2,0,0,0,-.--
142,670242,746489,5,6,4,0,0,.---,0,"1-5 | HR, HBP, K",0,2,1,1,0,0,1,1,0,0,1,1,5,0,0,3,1,0,0,0,5
142,669304,746489,6,4,1,0,1,1,0,"1-3 | HBP, K, SB",0,0,1,0,0,0,0,1,0,0,1,1,3,0,0,0,0,0,0,0,-.--
142,650489,746489,7,5,2,0,0,.---,0,"1-4 | 2B, BB, K",0,1,1,2,1,0,0,1,1,0,1,0,4,0,0,0,3,0,0,0,-.--
142,543877,746489,8,5,0,0,0,.---,0,"0-4 | 2 K, R",1,2,1,1,0,0,0,2,0,0,0,0,4,0,0,0,2,1,0,0,-.--
142,668885,746489,9,5,3,0,0,.---,0,"2-4 | 2B, BB, K",0,0,1,2,1,0,0,1,1,0,2,0,4,0,0,2,1,0,0,0,-.--
116,682985,746489,1,6,2,0,0,.---,0,"2-5 | BB, 3 K, RBI",0,0,0,0,0,0,0,3,1,1,2,0,5,0,0,1,0,0,0,0,-.--
116,592192,746489,2,6,0,0,0,.---,0,"0-5 | BB, 2 K, R",0,3,0,1,0,0,0,2,1,0,0,0,5,1,0,0,4,0,0,0,-.--
116,679529,746489,3,6,2,0,0,.---,0,"1-6 | 2B, 3 K, 2 R",1,1,1,2,1,0,0,3,0,0,1,0,6,0,0,0,4,0,0,0,-.--
116,681481,746489,4,5,4,0,0,.---,0,"1-4 | HR, K, 2 RBI",1,1,1,1,0,0,1,1,0,0,1,0,4,0,0,2,1,0,0,1,4
116,690993,746489,5,5,2,0,0,.---,0,"2-5 | K, 2 RBI",0,0,2,0,0,0,0,1,0,0,2,0,5,0,0,2,0,0,0,0,-.--
116,663837,746489,6,5,1,0,0,.---,0,1-5 | 3 K,0,0,1,0,0,0,0,3,0,0,1,0,5,0,0,0,3,0,0,0,-.--
116,656716,746489,7,5,1,0,0,.---,0,1-5 | K,1,1,2,0,0,0,0,1,0,0,1,0,5,0,0,0,3,0,0,0,-.--
116,608348,746489,8,5,0,0,0,.---,0,"0-4 | BB, 2 K, R",0,0,2,1,0,0,0,2,1,0,0,0,4,0,0,0,4,0,0,0,-.--
116,678009,746489,9,2,0,0,0,.---,0,0-2 | K,0,0,1,0,0,0,0,1,0,0,0,0,2,0,0,0,0,0,0,0,-.--
142,666397,746490,1,5,4,0,0,.---,0,"1-4 | HR, BB, K",1,1,1,2,0,0,1,1,1,0,1,0,4,0,0,1,2,0,0,0,4
142,680777,746490,2,4,2,0,0,.---,0,2-3 | BB,0,1,0,0,0,0,0,0,1,0,2,0,3,0,0,0,1,0,0,0,-.--
142,666135,746490,3,3,0,0,0,.---,0,0-3 | K,0,2,0,0,0,0,0,1,0,0,0,0,3,0,0,0,3,0,0,0,-.--
142,621439,746490,4,4,0,0,0,.---,0,"0-3 | K, RBI",1,1,2,0,0,0,0,1,0,0,0,0,3,0,0,1,3,0,1,0,-.--
142,668885,746490,5,4,1,0,0,.---,0,"1-4 | 2 K, R",1,0,1,1,0,0,0,2,0,0,1,0,4,0,0,0,3,0,0,0,-.--
142,650489,746490,6,4,4,0,0,.---,0,"1-4 | HR, 2 K, 2 RBI",0,0,1,1,0,0,1,2,0,0,1,0,4,0,0,2,2,0,0,0,4
142,670242,746490,7,3,0,0,0,.---,0,0-3 | 2 K,0,0,1,0,0,0,0,2,0,0,0,0,3,0,0,0,0,0,0,0,-.--
142,467793,746490,8,4,2,0,0,.---,0,2-4,2,0,2,0,0,0,0,0,0,0,2,0,4,0,0,0,0,0,0,0,-.--
142,571657,746490,9,4,0,0,0,.---,0,0-4 | K,0,3,0,0,0,0,0,1,0,0,0,0,4,0,0,0,2,0,0,0,-.--
116,682985,746490,1,4,0,0,0,.---,0,0-4 | K,0,3,0,0,0,0,0,1,0,0,0,0,4,0,0,0,0,0,0,0,-.--
116,592192,746490,2,4,0,0,0,.---,0,0-4 | K,2,1,2,0,0,0,0,1,0,0,0,0,4,0,0,0,0,0,0,0,-.--
116,679529,746490,3,4,0,0,0,.---,0,0-4 | K,1,0,3,0,0,0,0,1,0,0,0,0,4,0,0,0,0,0,0,0,-.--
116,681481,746490,4,2,1,0,0,.---,0,"1-2 | K, R",0,0,0,1,0,0,0,1,0,0,1,0,2,0,0,0,0,0,0,0,-.--
116,690993,746490,5,4,0,0,0,.---,0,"0-3 | BB, 2 K",1,0,1,0,0,0,0,2,1,0,0,0,3,0,0,0,1,0,0,0,-.--
116,570482,746490,6,3,0,0,0,.---,0,0-3 | 2 K,0,1,0,0,0,0,0,2,0,0,0,0,3,0,0,0,3,0,0,0,-.--
116,672761,746490,7,3,3,0,1,1,0,"2-3 | 2B, K, SB",0,0,0,0,1,0,0,1,0,0,2,0,3,0,0,0,0,0,0,0,-.--
116,595879,746490,8,3,0,0,0,.---,0,0-2 | RBI,1,1,2,0,0,0,0,0,0,0,0,0,2,0,0,1,2,0,1,0,-.--
116,668670,746490,9,2,0,0,0,.---,0,0-2,0,0,2,0,0,0,0,0,0,0,0,0,2,0,0,0,2,0,0,0,-.--
118,672580,745839,1,6,0,0,0,.---,0,0-6 | K,2,3,2,0,0,0,0,1,0,0,0,0,6,0,0,0,4,0,0,0,-.--
118,677951,745839,2,6,4,0,0,.---,0,"2-5 | 3B, BB, 4 R",2,1,2,4,0,1,0,0,1,0,2,0,5,0,0,0,2,0,0,0,-.--
118,679845,745839,3,5,2,0,0,.---,0,"2-3 | BB, K, 3 RBI",1,0,1,1,0,0,0,1,1,0,2,0,3,0,0,3,0,0,1,0,-.--
118,521692,745839,4,5,5,0,0,.---,0,"2-5 | HR, 4 RBI, R",1,0,3,1,0,0,1,0,0,0,2,0,5,0,0,4,2,0,0,0,5
118,676369,745839,5,5,2,0,1,1,0,"2-5 | 2 K, RBI, R",0,1,0,1,0,0,0,2,0,0,2,0,5,0,0,1,2,0,0,0,-.--
118,641658,745839,6,5,2,0,2,1,0,"2-5 | 2 K, R, 2 SB",0,0,1,1,0,0,0,2,0,0,2,0,5,0,0,0,3,0,0,0,-.--
118,666023,745839,7,5,1,0,0,.---,0,"1-4 | BB, RBI, R",2,1,2,1,0,0,0,0,1,0,1,0,4,0,0,1,1,0,0,0,-.--
118,592669,745839,8,5,3,0,0,.---,0,"2-4 | 2B, BB, 2 RBI",1,1,1,1,1,0,0,0,1,0,2,0,4,0,0,2,1,0,0,0,-.--
118,680118,745839,9,5,0,0,0,.---,0,"0-3 | BB, HBP, K",1,1,1,1,0,0,0,1,1,0,0,1,3,0,0,0,3,0,0,0,-.--
121,607043,745839,1,5,0,0,0,.---,0,"0-4 | BB, K, R",2,1,2,1,0,0,0,1,1,0,0,0,4,0,0,0,2,0,0,0,-.--
121,516782,745839,2,5,6,0,0,.---,0,"3-5 | HR, RBI, 2 R",0,2,0,2,0,0,1,0,0,0,3,0,5,0,0,1,1,0,0,0,5
121,596019,745839,3,5,0,0,0,.---,0,"0-4 | BB, K, R",1,2,1,1,0,0,0,1,1,0,0,0,4,0,0,0,5,0,0,0,-.--
121,624413,745839,4,4,9,0,0,.---,0,"3-3 | 2 HR, BB, 3 RBI",0,0,0,2,0,0,2,0,1,0,3,0,3,0,0,3,0,0,0,0,1.5
121,683146,745839,5,4,0,0,0,.---,0,"0-4 | K, RBI, R",0,2,1,1,0,0,0,1,0,0,0,0,4,0,0,1,3,0,0,0,-.--
121,621466,745839,6,2,2,0,0,.---,0,"1-2 | 2B, K, RBI",0,0,0,0,1,0,0,1,0,0,1,0,2,0,0,1,0,0,0,0,-.--
121,643446,745839,7,4,0,0,0,.---,0,0-4 | K,0,1,2,0,0,0,0,1,0,0,0,0,4,0,0,0,2,0,0,0,-.--
121,553882,745839,8,4,0,0,0,.---,0,0-4 | K,0,1,2,0,0,0,0,1,0,0,0,0,4,0,0,0,0,0,0,0,-.--
121,621563,745839,9,4,2,0,0,.---,0,2-4,2,0,2,0,0,0,0,0,0,0,2,0,4,0,0,0,0,0,0,0,-.--
113,663697,746811,1,4,0,0,0,.---,0,"0-3 | BB, 2 K, R",0,1,0,1,0,0,0,2,1,0,0,0,3,0,0,0,0,0,0,0,-.--
113,668715,746811,2,4,2,0,0,.---,0,"1-3 | 2B, HBP, 2 K",0,0,0,0,1,0,0,2,0,0,1,1,3,0,0,3,0,0,0,0,-.--
113,687952,746811,3,4,0,0,0,.---,0,0-4 | 3 K,1,0,1,0,0,0,0,3,0,0,0,0,4,0,0,0,2,0,0,0,-.--
113,600869,746811,4,4,2,0,0,.---,0,"1-4 | 2B, 2 K, R",1,0,1,1,1,0,0,2,0,0,1,0,4,0,0,0,1,0,0,0,-.--
113,656413,746811,5,4,1,0,1,1,0,"1-4 | K, R, SB",1,1,1,1,0,0,0,1,0,0,1,0,4,0,0,0,0,0,0,0,-.--
113,682829,746811,6,4,0,1,0,0,1,"0-3 | BB, 2 K, CS",1,0,1,0,0,0,0,2,1,0,0,0,3,0,0,0,2,0,0,0,-.--
113,669289,746811,7,4,0,0,0,.---,0,"0-2 | 2 BB, R",0,2,0,1,0,0,0,0,2,0,0,0,2,0,0,0,0,0,0,0,-.--
113,571912,746811,8,3,1,0,0,.---,0,"1-3 | 2 RBI, R",1,1,1,1,0,0,0,0,0,0,1,0,3,1,0,2,1,0,0,0,-.--
113,669352,746811,9,3,0,0,0,.---,0,0-3 | 3 K,0,0,0,0,0,0,0,3,0,0,0,0,3,0,0,0,2,0,0,0,-.--
145,543257,746811,1,4,1,0,0,.---,0,"1-3 | BB, 2 K",0,0,0,0,0,0,0,2,1,0,1,0,3,0,0,0,0,0,0,0,-.--
145,683734,746811,2,4,0,0,0,.---,0,0-4 | 2 K,1,1,1,0,0,0,0,2,0,0,0,0,4,0,0,0,2,0,0,0,-.--
145,657757,746811,3,4,0,0,0,.---,0,0-4 | 2 K,0,0,2,0,0,0,0,2,0,0,0,0,4,0,0,0,1,0,0,0,-.--
145,607680,746811,4,4,1,0,1,1,1,"1-2 | BB, HBP, K",0,0,0,0,0,0,0,1,1,0,1,1,2,0,0,0,1,0,0,0,-.--
145,672820,746811,5,4,0,0,0,.---,0,"0-3 | BB, 2 K",1,0,1,0,0,0,0,2,1,0,0,0,3,0,0,0,2,0,0,0,-.--
145,657557,746811,6,2,0,0,0,.---,0,0-2 | 2 K,0,0,0,0,0,0,0,2,0,0,0,0,2,0,0,0,1,0,0,0,-.--
145,621545,746811,7,2,0,0,0,.---,0,0-2 | K,0,1,0,0,0,0,0,1,0,0,0,0,2,0,0,0,1,0,0,0,-.--
145,666150,746811,8,3,0,0,0,.---,0,"0-2 | HBP, K",0,1,0,0,0,0,0,1,0,0,0,1,2,0,0,0,0,0,0,0,-.--
145,455117,746811,9,3,0,0,0,.---,0,0-3 | K,2,0,2,0,0,0,0,1,0,0,0,0,3,0,0,0,1,0,0,0,-.--
115,453568,744953,1,4,0,0,0,.---,0,"0-3 | BB, K",1,1,1,0,0,0,0,1,1,0,0,0,3,0,0,0,0,0,0,0,-.--
115,678662,744953,2,4,0,0,0,.---,0,0-4 | 3 K,0,1,0,0,0,0,0,3,0,0,0,0,4,1,0,0,1,0,0,0,-.--
115,641857,744953,3,4,0,0,0,.---,0,"0-3 | BB, 2 K",0,1,0,0,0,0,0,2,1,0,0,0,3,0,0,0,0,0,0,0,-.--
115,592178,744953,4,2,2,0,0,.---,0,"1-2 | 2B, K",0,0,0,0,1,0,0,1,0,0,1,0,2,0,0,0,0,0,0,0,-.--
115,553869,744953,5,4,1,0,0,.---,0,"1-3 | BB, K, R",0,1,0,1,0,0,0,1,1,0,1,0,3,0,0,0,1,0,0,0,-.--
115,666134,744953,6,4,3,0,0,.---,0,"2-3 | 2B, BB, K",0,0,0,1,1,0,0,1,1,0,2,0,3,0,0,0,0,0,0,0,-.--
115,663898,744953,7,4,1,0,0,.---,0,"1-4 | 3 K, 2 RBI",0,0,0,0,0,0,0,3,0,0,1,0,4,0,0,2,4,0,0,0,-.--
115,660707,744953,8,4,1,0,0,.---,0,1-4 | K,1,0,2,0,0,0,0,1,0,0,1,0,4,0,0,0,3,0,0,0,-.--
115,686668,744953,9,4,4,0,0,.---,0,"1-4 | HR, K, RBI",0,1,1,1,0,0,1,1,0,0,1,0,4,1,0,1,4,0,0,0,4
141,543807,744953,1,4,2,0,0,.---,0,2-4 | R,0,1,1,1,0,0,0,0,0,0,2,0,4,0,0,0,1,0,0,0,-.--
141,665489,744953,2,4,1,0,0,.---,0,1-4 | K,1,1,1,0,0,0,0,1,0,0,1,0,4,0,0,0,3,0,0,0,-.--
141,666182,744953,3,4,2,0,0,.---,0,"2-4 | K, R",0,1,0,1,0,0,0,1,0,0,2,0,4,0,0,0,1,0,0,0,-.--
141,596129,744953,4,4,0,0,0,.---,0,"0-3 | BB, K, R",1,1,1,1,0,0,0,1,1,0,0,0,3,0,0,0,0,0,0,0,-.--
141,624415,744953,5,4,1,0,0,.---,0,1-4 | K,1,1,1,0,0,0,0,1,0,0,1,0,4,0,0,0,3,0,0,0,-.--
141,676914,744953,6,4,1,0,0,.---,0,"1-2 | 2 BB, RBI, R",0,1,0,1,0,0,0,0,2,0,1,0,2,0,0,1,0,0,0,0,-.--
141,662139,744953,7,4,4,0,0,.---,0,"1-4 | HR, 2 K, 4 RBI",0,1,0,1,0,0,1,2,0,0,1,0,4,0,0,4,3,0,0,0,4
141,643396,744953,8,4,2,0,0,.---,0,1-4 | 2B,1,1,2,0,1,0,0,0,0,0,1,0,4,0,0,0,2,0,0,0,-.--
141,661531,744953,9,3,0,0,0,.---,0,0-3 | K,1,0,2,0,0,0,0,1,0,0,0,0,3,0,0,0,1,0,0,0,-.--
140,543760,746405,1,4,2,0,0,.---,0,1-4 | 2B,2,1,2,0,1,0,0,0,0,0,1,0,4,0,0,0,1,0,0,0,-.--
140,608369,746405,2,4,0,0,0,.---,0,"0-3 | BB, K",1,0,2,0,0,0,0,1,1,0,0,0,3,0,0,0,0,0,0,0,-.--
140,694497,746405,3,4,1,0,0,.---,0,"1-3 | BB, K, R",1,0,1,1,0,0,0,1,1,0,1,0,3,0,0,0,3,0,0,0,-.--
140,666969,746405,4,4,2,0,0,.---,0,"2-3 | BB, R",0,1,0,1,0,0,0,0,1,0,2,0,3,1,0,0,1,0,0,0,-.--
140,669701,746405,5,4,1,0,0,.---,0,1-4 | RBI,2,0,3,0,0,0,0,0,0,0,1,0,4,0,0,1,2,0,0,0,-.--
140,694671,746405,6,4,2,0,0,.---,0,2-4 | RBI,0,2,0,0,0,0,0,0,0,0,2,0,4,1,0,1,2,0,0,0,-.--
140,641680,746405,7,3,1,0,0,.---,0,1-3 | 2 K,0,0,0,0,0,0,0,2,0,0,1,0,3,0,0,0,1,0,0,0,-.--
140,665120,746405,8,4,0,0,0,.---,0,0-4 | 3 K,0,0,1,0,0,0,0,3,0,0,0,0,4,0,0,0,2,0,0,0,-.--
140,665750,746405,9,4,0,0,0,.---,0,0-3 | BB,1,0,3,0,0,0,0,0,1,0,0,0,3,0,0,0,1,0,0,0,-.--
117,514888,746405,1,6,5,0,0,.---,0,"3-5 | 2 2B, HBP, 2 RBI",1,0,2,2,2,0,0,0,0,0,3,1,5,0,0,2,1,0,0,0,-.--
117,670541,746405,2,5,2,0,0,.---,0,"2-3 | 2 BB, R",1,0,1,1,0,0,0,0,2,1,2,0,3,0,0,0,1,0,0,0,-.--
117,663656,746405,3,5,4,0,0,.---,0,"2-3 | 2 2B, 2 BB, 3 RBI",1,0,1,1,2,0,0,0,2,1,2,0,3,0,0,3,2,0,0,0,-.--
117,673237,746405,4,5,0,0,0,.---,0,"0-3 | BB, RBI",1,3,1,0,0,0,0,0,1,0,0,0,3,0,0,1,6,0,1,0,-.--
117,665161,746405,5,5,1,0,0,.---,0,"1-4 | BB, K, RBI",1,1,1,0,0,0,0,1,1,0,1,0,4,0,0,1,3,0,0,0,-.--
117,572138,746405,6,5,2,0,0,.---,0,"2-5 | K, R",0,1,1,1,0,0,0,1,0,0,2,0,5,0,0,0,7,0,0,0,-.--
117,547989,746405,7,5,3,0,0,.---,0,"2-4 | 2B, BB, 2 R",1,1,1,2,1,0,0,0,1,0,2,0,4,0,0,0,1,0,0,0,-.--
117,676694,746405,8,5,1,0,0,.---,0,1-5 | R,1,2,2,1,0,0,0,0,0,0,1,0,5,0,0,0,3,0,0,0,-.--
117,643289,746405,9,3,0,0,0,.---,0,0-3 | RBI,1,2,1,0,0,0,0,0,0,0,0,0,3,0,0,1,0,0,0,0,-.--
134,665833,745594,1,4,4,0,0,.---,0,"1-4 | HR, K, 2 RBI",0,2,0,1,0,0,1,1,0,0,1,0,4,1,0,2,1,0,0,0,4
134,668804,745594,2,4,1,0,1,1,0,"1-1 | 3 BB, R, SB",0,0,0,1,0,0,0,0,3,0,1,0,1,0,0,0,0,0,0,0,-.--
134,663647,745594,3,4,2,0,0,.---,0,"1-3 | 2B, BB, RBI",1,0,2,0,1,0,0,0,1,0,1,0,3,0,0,1,2,0,0,0,-.--
134,669261,745594,4,4,0,0,0,.---,0,0-4 | 2 K,0,0,2,0,0,0,0,2,0,0,0,0,4,0,0,0,4,0,0,0,-.--
134,658668,745594,5,4,1,0,0,.---,0,1-4 | K,0,1,1,0,0,0,0,1,0,0,1,0,4,0,0,0,2,0,0,0,-.--
134,642133,745594,6,4,0,0,0,.---,0,0-4 | 2 K,2,0,2,0,0,0,0,2,0,0,0,0,4,0,0,0,1,0,0,0,-.--
134,656582,745594,7,4,0,0,0,.---,0,0-4 | 2 K,0,2,0,0,0,0,0,2,0,0,0,0,4,0,0,0,1,0,0,0,-.--
134,680779,745594,8,4,0,0,0,.---,0,0-4 | 2 K,1,0,2,0,0,0,0,2,0,0,0,0,4,0,0,0,1,0,0,0,-.--
134,675961,745594,9,4,1,0,0,.---,0,"1-3 | BB, R",2,0,2,1,0,0,0,0,1,0,1,0,3,0,0,0,0,0,0,0,-.--
143,656941,745594,1,5,6,0,0,.---,0,"3-3 | HR, 2 BB, RBI",0,0,0,2,0,0,1,0,2,0,3,0,3,0,0,1,0,0,0,0,3
143,607208,745594,2,5,2,0,0,.---,0,"1-4 | 2B, BB, R",1,1,2,1,1,0,0,0,1,0,1,0,4,0,0,0,5,0,0,0,-.--
143,547180,745594,3,5,0,0,0,.---,0,"0-4 | BB, 3 K",0,1,0,0,0,0,0,3,1,0,0,0,4,0,0,0,3,0,0,0,-.--
143,664761,745594,4,5,1,0,0,.---,0,"1-3 | 2 BB, RBI",0,1,1,0,0,0,0,0,2,1,1,0,3,0,0,1,1,0,0,0,-.--
143,592206,745594,5,5,2,0,0,.---,0,"2-5 | 2 K, 2 RBI",0,0,1,0,0,0,0,2,0,0,2,0,5,0,0,2,3,0,0,0,-.--
143,624641,745594,6,3,0,0,0,.---,0,0-3 | K,1,1,1,0,0,0,0,1,0,0,0,0,3,0,0,0,2,0,0,0,-.--
143,596117,745594,7,4,0,0,0,.---,0,0-4,1,1,3,0,0,0,0,0,0,0,0,0,4,0,0,0,0,0,0,0,-.--
143,665506,745594,8,4,1,0,0,.---,0,"1-3 | BB, K",0,1,0,0,0,0,0,1,1,0,1,0,3,0,0,0,0,0,0,0,-.--
143,679032,745594,9,3,1,0,0,.---,0,1-3 | K,0,0,1,0,0,0,0,1,0,0,1,0,3,0,0,0,2,0,0,0,-.--
158,686554,747054,1,3,2,0,0,.---,0,"1-3 | 2B, 2 K, R",0,0,0,1,1,0,0,2,0,0,1,0,3,0,0,0,3,0,0,0,-.--
158,661388,747054,2,5,2,0,0,.---,0,"2-4 | HBP, RBI, 3 R",1,1,1,3,0,0,0,0,0,0,2,1,4,0,0,1,0,0,0,0,-.--
158,686217,747054,3,5,3,0,0,.---,0,"2-5 | 2B, K, RBI",1,1,1,2,1,0,0,1,0,0,2,0,5,0,0,1,2,0,0,0,-.--
158,642715,747054,4,5,4,0,0,.---,0,"3-5 | 2B, 2 RBI, 2 R",1,0,2,2,1,0,0,0,0,0,3,0,5,0,0,2,1,0,0,0,-.--
158,641343,747054,5,5,4,0,0,.---,0,"1-5 | HR, K, 4 RBI",2,1,2,1,0,0,1,1,0,0,1,0,5,0,0,4,3,0,0,0,5
158,656555,747054,6,5,5,0,0,.---,0,"2-5 | HR, K, 2 RBI",2,0,2,1,0,0,1,1,0,0,2,0,5,0,0,2,1,0,0,0,5
158,668930,747054,7,5,3,0,0,.---,0,3-5,1,1,1,0,0,0,0,0,0,0,3,0,5,0,0,0,1,0,0,0,-.--
158,694192,747054,8,5,1,0,0,.---,0,1-5,2,2,2,0,0,0,0,0,0,0,1,0,5,0,0,0,3,0,0,0,-.--
158,663368,747054,9,5,0,0,0,.---,0,"0-4 | BB, K",1,2,1,0,0,0,0,1,1,0,0,0,4,0,0,0,1,0,0,0,-.--
110,683002,747054,1,5,1,0,0,.---,1,"1-5 | K, RBI",1,2,1,0,0,0,0,1,0,0,1,0,5,0,0,1,1,0,0,0,-.--
110,668939,747054,2,5,5,0,0,.---,0,"2-5 | HR, 2 K, RBI",1,0,1,1,0,0,1,2,0,0,2,0,5,0,0,1,1,0,0,0,5
110,663624,747054,3,5,5,0,0,.---,0,"2-4 | HR, BB, K",0,0,1,1,0,0,1,1,1,0,2,0,4,0,0,1,1,0,0,0,4
110,623993,747054,4,5,0,0,0,.---,0,"0-3 | BB, HBP, R",2,1,2,1,0,0,0,0,1,0,0,1,3,0,0,0,3,0,0,0,-.--
110,676059,747054,5,5,6,0,0,.---,0,"3-5 | HR, K, 2 RBI",1,0,1,1,0,0,1,1,0,0,3,0,5,0,0,2,1,0,0,0,5
110,669720,747054,6,3,1,0,0,.---,0,1-3 | K,0,0,1,0,0,0,0,1,0,0,1,0,3,0,0,0,1,0,0,0,-.--
110,681297,747054,7,4,1,0,1,1,0,"1-4 | K, R, SB",0,1,1,1,0,0,0,1,0,0,1,0,4,0,0,0,5,0,0,0,-.--
110,543510,747054,8,4,0,0,0,.---,0,0-4 | K,1,2,1,0,0,0,0,1,0,0,0,0,4,0,0,0,5,0,0,0,-.--
110,622761,747054,9,4,1,0,0,.---,0,1-4 | 2 K,1,0,1,0,0,0,0,2,0,0,1,0,4,0,0,0,1,0,0,0,-.--
120,682928,745676,1,5,5,0,0,.---,0,"2-4 | 3B, 2B, BB",0,0,1,0,1,1,0,1,1,1,2,0,4,0,0,1,1,0,0,0,-.--
120,657041,745676,2,5,0,0,0,.---,0,"0-4 | BB, 2 K",0,1,1,0,0,0,0,2,1,0,0,0,4,0,0,0,5,0,0,0,-.--
120,608385,745676,3,4,2,0,1,1,0,"1-4 | 2B, K, R",0,1,1,1,1,0,0,1,0,0,1,0,4,1,0,0,3,0,0,0,-.--
120,608336,745676,4,4,0,0,0,.---,0,0-4 | 3 K,0,0,1,0,0,0,0,3,0,0,0,0,4,0,0,0,2,0,0,0,-.--
120,592696,745676,5,4,0,0,0,.---,0,0-4 | K,2,1,2,0,0,0,0,1,0,0,0,0,4,0,0,0,1,0,0,0,-.--
120,671277,745676,6,4,3,0,0,.---,0,"2-4 | 2B, 2 K, RBI",0,0,0,0,1,0,0,2,0,0,2,0,4,0,0,1,0,0,0,0,-.--
120,702358,745676,7,4,1,0,0,.---,0,"1-4 | K, R",0,2,0,1,0,0,0,1,0,0,1,0,4,0,0,0,2,0,0,0,-.--
120,656180,745676,8,4,2,0,0,.---,0,2-4,0,2,0,0,0,0,0,0,0,0,2,0,4,0,0,0,0,0,0,0,-.--
120,696285,745676,9,4,3,0,0,.---,0,"2-3 | 2B, RBI, R",0,1,1,1,1,0,0,0,0,0,2,0,3,0,0,1,0,1,0,0,-.--
133,647351,745676,1,4,4,0,1,1,0,"3-4 | 2B, K, RBI",0,0,0,0,1,0,0,1,0,0,3,0,4,0,0,1,0,0,0,0,-.--
133,680869,745676,2,4,1,0,0,.---,0,1-4 | 2 K,0,1,0,0,0,0,0,2,0,0,1,0,4,0,0,0,2,0,0,0,-.--
133,605204,745676,3,4,0,0,0,.---,0,0-4 | 3 K,0,1,0,0,0,0,0,3,0,0,0,0,4,0,0,0,3,0,0,0,-.--
133,663527,745676,4,3,1,0,0,.---,0,1-2 | BB,1,0,1,0,0,0,0,0,1,0,1,0,2,0,0,0,2,0,0,0,-.--
133,669127,745676,5,4,0,0,0,.---,0,"0-3 | BB, 2 K",1,0,1,0,0,0,0,2,1,0,0,0,3,0,0,0,3,0,0,0,-.--
133,687231,745676,6,2,1,0,0,.---,0,1-2 | K,0,0,0,0,0,0,0,1,0,0,1,0,2,0,0,0,0,0,0,0,-.--
133,680474,745676,7,3,0,0,0,.---,0,0-3 | 2 K,0,1,0,0,0,0,0,2,0,0,0,0,3,1,0,0,1,0,0,0,-.--
133,669397,745676,8,4,1,0,0,.---,0,"1-4 | 2 K, R",0,0,1,1,0,0,0,2,0,0,1,0,4,0,0,0,0,0,0,0,-.--
133,671732,745676,9,4,0,0,0,.---,0,0-4 | 3 K,1,0,1,0,0,0,0,3,0,0,0,0,4,0,0,0,1,0,0,0,-.--
108,543685,746979,1,4,2,0,0,.---,0,"2-4 | K, R",0,1,0,1,0,0,0,1,0,0,2,0,4,0,0,0,1,0,0,0,-.--
108,694384,746979,2,2,0,0,0,.---,0,0-2 | 2 K,0,0,0,0,0,0,0,2,0,0,0,0,2,0,0,0,1,0,0,0,-.--
108,545361,746979,3,4,0,0,0,.---,0,0-4 | K,0,1,2,0,0,0,0,1,0,0,0,0,4,0,0,0,2,0,0,0,-.--
108,621493,746979,4,4,5,0,0,.---,0,"2-4 | HR, 2 RBI, R",1,1,1,1,0,0,1,0,0,0,2,0,4,0,0,2,1,0,0,0,4
108,543305,746979,5,4,0,0,0,.---,0,0-4 | K,2,0,3,0,0,0,0,1,0,0,0,0,4,0,0,0,1,0,0,0,-.--
108,592273,746979,6,4,1,0,0,.---,0,1-4 | K,0,2,0,0,0,0,0,1,0,0,1,0,4,0,0,0,1,0,0,0,-.--
108,666160,746979,7,3,1,0,0,.---,0,1-3 | K,1,0,1,0,0,0,0,1,0,0,1,0,3,0,0,0,0,0,0,0,-.--
108,681351,746979,8,4,2,0,0,.---,0,2-3 | BB,1,0,1,0,0,0,0,0,1,0,2,0,3,0,0,0,0,0,0,0,-.--
108,687263,746979,9,4,0,0,0,.---,0,"0-3 | BB, K",0,2,0,0,0,0,0,1,1,0,0,0,3,1,0,0,6,0,0,0,-.--
111,680776,746979,1,4,0,0,0,.---,0,0-3 | RBI,1,3,1,0,0,0,0,0,0,0,0,0,3,0,0,1,3,0,1,0,-.--
111,677800,746979,2,4,3,0,1,1,0,"2-4 | 2B, 2 K, RBI",0,0,0,2,1,0,0,2,0,0,2,0,4,0,0,1,0,0,0,0,-.--
111,807799,746979,3,4,2,0,0,.---,0,"2-4 | K, 2 RBI, R",0,1,0,1,0,0,0,1,0,0,2,0,4,0,0,2,0,0,0,0,-.--
111,671213,746979,4,4,4,0,0,.---,0,"1-4 | HR, 2 K, 2 RBI",0,0,1,1,0,0,1,2,0,0,1,0,4,0,0,2,1,0,0,0,4
111,666915,746979,5,4,0,0,0,.---,0,0-4 | 3 K,0,1,0,0,0,0,0,3,0,0,0,0,4,0,0,0,0,0,0,0,-.--
111,665839,746979,6,3,2,1,0,0,1,"1-2 | 2B, BB, K",0,0,0,1,1,0,0,1,1,0,1,0,2,0,0,0,0,0,0,0,-.--
111,678882,746979,7,4,1,1,0,0,0,"1-3 | BB, RBI, CS",2,0,2,0,0,0,0,0,1,0,1,0,3,0,0,1,1,0,0,0,-.--
111,624512,746979,8,4,2,0,0,.---,0,2-4 | K,1,0,1,0,0,0,0,1,0,0,2,0,4,0,0,0,2,0,0,0,-.--
111,666152,746979,9,4,1,0,1,1,0,"1-3 | BB, K, 2 R",0,1,0,2,0,0,0,1,1,0,1,0,3,0,0,0,3,0,0,0,-.--
137,808982,745110,1,5,2,0,0,.---,0,"1-5 | 2B, K, R",0,2,1,1,1,0,0,1,0,0,1,0,5,0,0,0,3,0,0,0,-.--
137,664774,745110,2,5,5,0,0,.---,0,"2-3 | HR, 2 BB, K",0,0,0,2,0,0,1,1,2,0,2,0,3,0,0,2,0,0,0,0,3
137,624585,745110,3,4,4,0,0,.---,0,"1-4 | HR, K, RBI",2,0,2,1,0,0,1,1,0,0,1,0,4,0,0,1,2,0,0,0,4
137,624424,745110,4,4,2,0,0,.---,0,"1-3 | 2B, BB, RBI",2,0,2,1,1,0,0,0,1,0,1,0,3,0,0,1,0,0,0,0,-.--
137,656305,745110,5,5,5,0,0,.---,0,"2-4 | HR, BB, K",0,0,1,3,0,0,1,1,1,0,2,0,4,0,0,1,1,0,0,0,4
137,642731,745110,6,5,9,0,0,.---,0,"3-4 | 2 HR, BB, 3 RBI",1,0,1,3,0,0,2,0,1,0,3,0,4,0,0,3,0,0,0,0,2
137,573262,745110,7,5,1,0,0,.---,0,"1-5 | K, 2 RBI",1,1,2,0,0,0,0,1,0,0,1,0,5,0,0,2,1,0,0,0,-.--
137,672275,745110,8,5,4,0,0,.---,0,"2-5 | 2 2B, K, RBI",0,1,1,0,2,0,0,1,0,0,2,0,5,0,0,1,1,0,0,0,-.--
137,605113,745110,9,3,0,0,0,.---,0,0-3 | 2 K,0,1,0,0,0,0,0,2,0,0,0,0,3,0,0,0,2,0,0,0,-.--
139,650490,745110,1,3,1,0,0,.---,0,1-3 | K,0,1,0,0,0,0,0,1,0,0,1,0,3,1,0,0,1,0,0,0,-.--
139,668227,745110,2,3,0,0,0,.---,0,0-3 | K,0,2,0,0,0,0,0,1,0,0,0,0,3,0,0,0,1,0,0,0,-.--
139,680700,745110,3,4,3,0,0,.---,0,3-4,0,1,0,0,0,0,0,0,0,0,3,0,4,0,0,0,0,0,0,0,-.--
139,670623,745110,4,4,0,0,0,.---,0,0-3 | BB,0,3,0,0,0,0,0,0,1,0,0,0,3,1,0,0,3,0,0,0,-.--
139,623912,745110,5,3,0,0,0,.---,0,0-3,1,2,1,0,0,0,0,0,0,0,0,0,3,0,0,0,1,0,0,0,-.--
139,678554,745110,6,4,1,0,0,.---,0,1-3 | HBP,0,0,2,0,0,0,0,0,0,0,1,1,3,0,0,0,3,0,0,0,-.--
139,676609,745110,7,4,0,0,0,.---,0,0-4,2,2,2,0,0,0,0,0,0,0,0,0,4,0,0,0,2,0,0,0,-.--
139,642350,745110,8,4,1,0,0,.---,0,"1-3 | BB, 2 K, R",0,0,0,1,0,0,0,2,1,0,1,0,3,0,0,0,0,0,0,0,-.--
139,666163,745110,9,4,1,0,0,.---,0,1-4 | 2 K,0,1,0,0,0,0,0,2,0,0,1,0,4,0,0,0,2,0,0,0,-.--
144,660670,746082,1,4,2,0,0,.---,0,"1-4 | 2B, K",1,1,1,0,1,0,0,1,0,0,1,0,4,0,0,0,1,0,0,0,-.--
144,645277,746082,2,4,2,0,0,.---,0,"1-4 | 2B, 2 K",1,0,1,0,1,0,0,2,0,0,1,0,4,0,0,0,1,0,0,0,-.--
144,663586,746082,3,4,3,0,0,.---,0,"1-3 | 3B, HBP, K",0,0,1,1,0,1,0,1,0,0,1,1,3,0,0,0,2,0,0,0,-.--
144,621566,746082,4,4,0,0,0,.---,0,0-4 | 2 K,1,1,1,0,0,0,0,2,0,0,0,0,4,0,0,0,2,0,0,0,-.--
144,542303,746082,5,4,1,0,0,.---,0,1-4 | RBI,0,2,1,0,0,0,0,0,0,0,1,0,4,1,0,1,1,0,0,0,-.--
144,671739,746082,6,4,1,0,0,.---,0,1-4,1,1,2,0,0,0,0,0,0,0,1,0,4,0,0,0,1,0,0,0,-.--
144,606115,746082,7,3,0,0,0,.---,0,0-3,1,1,2,0,0,0,0,0,0,0,0,0,3,1,0,0,2,0,0,0,-.--
144,518595,746082,8,3,1,0,0,.---,0,1-3 | 2 K,0,0,0,0,0,0,0,2,0,0,1,0,3,0,0,0,0,0,0,0,-.--
144,672284,746082,9,3,0,0,0,.---,0,0-3 | 2 K,1,0,1,0,0,0,0,2,0,0,0,0,3,0,0,0,1,0,0,0,-.--
146,650333,746082,1,4,1,0,0,.---,0,1-4 | R,0,3,0,1,0,0,0,0,0,0,1,0,4,1,0,0,2,0,0,0,-.--
146,605137,746082,2,4,4,0,0,.---,0,"1-3 | HR, BB, RBI",1,1,1,2,0,0,1,0,1,0,1,0,3,0,0,1,0,0,0,0,3
146,669394,746082,3,4,0,0,0,.---,0,"0-2 | 2 BB, K, R",0,1,0,1,0,0,0,1,2,0,0,0,2,0,0,0,0,0,0,0,-.--
146,650559,746082,4,4,3,0,0,.---,0,"2-4 | 2B, K, 3 RBI",1,0,1,0,1,0,0,1,0,0,2,0,4,0,0,3,1,0,0,0,-.--
146,665862,746082,5,4,1,0,0,.---,0,1-4 | 2 K,0,0,1,0,0,0,0,2,0,0,1,0,4,0,0,0,2,0,0,0,-.--
146,541645,746082,6,4,1,0,0,.---,0,"1-4 | K, R",0,2,0,1,0,0,0,1,0,0,1,0,4,0,0,0,2,0,0,0,-.--
146,656896,746082,7,4,1,0,0,.---,0,1-4,2,1,2,0,0,0,0,0,0,0,1,0,4,0,0,0,2,0,0,0,-.--
146,542194,746082,8,3,0,0,0,.---,0,0-3 | 2 K,0,1,0,0,0,0,0,2,0,0,0,0,3,0,0,0,2,0,0,0,-.--
146,660644,746082,9,3,1,0,0,.---,0,1-3 | RBI,1,1,1,0,0,0,0,0,0,0,1,0,3,0,0,1,0,0,0,0,-.--
138,680977,747215,1,5,1,0,0,.---,0,1-5 | K,1,1,2,0,0,0,0,1,0,0,1,0,5,0,0,0,1,0,0,0,-.--
138,502671,747215,2,5,2,0,0,.---,0,2-5,1,0,3,0,0,0,0,0,0,0,2,0,5,0,0,0,2,0,0,0,-.--
138,669357,747215,3,4,2,0,0,.---,0,1-4 | 2B,1,2,1,0,1,0,0,0,0,0,1,0,4,0,0,0,1,0,0,0,-.--
138,571448,747215,4,4,1,0,0,.---,0,1-4 | R,1,1,2,1,0,0,0,0,0,0,1,0,4,0,0,0,3,0,0,0,-.--
138,575929,747215,5,4,2,0,0,.---,0,2-4 | K,0,0,1,0,0,0,0,1,0,0,2,0,4,0,0,0,2,0,0,0,-.--
138,663457,747215,6,4,1,0,0,.---,0,"1-3 | BB, RBI",0,2,0,0,0,0,0,0,1,1,1,0,3,0,0,1,1,0,0,0,-.--
138,691023,747215,7,3,3,0,0,.---,0,"1-3 | 3B, 2 K, R",0,0,0,1,0,1,0,2,0,0,1,0,3,0,0,0,4,0,0,0,-.--
138,691026,747215,8,4,2,0,1,1,0,"2-4 | K, RBI, SB",0,1,0,0,0,0,0,1,0,0,2,0,4,0,0,1,3,0,0,0,-.--
138,687363,747215,9,4,0,0,0,.---,0,0-4,2,1,3,0,0,0,0,0,0,0,0,0,4,0,0,0,2,0,0,0,-.--
109,606466,747215,1,4,4,0,0,.---,0,"2-4 | 2 2B, K, 2 R",0,1,0,2,2,0,0,1,0,0,2,0,4,0,0,0,1,0,0,0,-.--
109,682998,747215,2,4,0,0,0,.---,0,"0-3 | BB, R",1,1,2,1,0,0,0,0,1,0,0,0,3,0,0,0,2,0,0,0,-.--
109,666971,747215,3,4,5,0,0,.---,0,"2-4 | HR, K, 3 RBI",1,0,1,1,0,0,1,1,0,0,2,0,4,0,0,3,0,0,0,0,4
109,572233,747215,4,4,0,0,0,.---,0,0-2 | 2 BB,0,2,0,0,0,0,0,0,2,0,0,0,2,0,0,0,0,0,0,0,-.--
109,592626,747215,5,4,1,0,0,.---,0,1-3 | RBI,2,1,2,0,0,0,0,0,0,0,1,0,3,0,0,1,0,0,1,0,-.--
109,553993,747215,6,3,0,0,0,.---,0,0-3 | K,0,2,0,0,0,0,0,1,0,0,0,0,3,0,0,0,4,0,0,0,-.--
109,672515,747215,7,3,1,0,0,.---,0,1-3,1,1,1,0,0,0,0,0,0,0,1,0,3,1,0,0,2,0,0,0,-.--
109,607054,747215,8,3,0,0,0,.---,0,0-2 | BB,0,1,1,0,0,0,0,0,1,0,0,0,2,0,0,0,1,0,0,0,-.--
109,664983,747215,9,3,0,0,0,.---,0,0-3 | 2 K,1,0,1,0,0,0,0,2,0,0,0,0,3,0,0,0,1,0,0,0,-.--
135,701538,746161,1,4,1,0,0,.---,0,1-4 | K,0,1,1,0,0,0,0,1,0,0,1,0,4,0,0,0,0,0,0,0,-.--
135,665487,746161,2,4,2,0,0,.---,0,"1-4 | 2B, K, RBI",0,1,1,0,1,0,0,1,0,0,1,0,4,0,0,1,0,0,0,0,-.--
135,630105,746161,3,4,0,0,0,.---,0,0-4 | K,2,0,3,0,0,0,0,1,0,0,0,0,4,0,0,0,2,0,0,0,-.--
135,592518,746161,4,4,1,0,0,.---,0,1-4 | 2 K,0,1,0,0,0,0,0,2,0,0,1,0,4,0,0,0,0,0,0,0,-.--
135,595777,746161,5,4,1,0,0,.---,0,1-4 | K,1,1,1,0,0,0,0,1,0,0,1,0,4,0,0,0,0,0,0,0,-.--
135,673490,746161,6,4,2,0,0,.---,0,"1-4 | 2B, R",2,1,2,1,1,0,0,0,0,0,1,0,4,0,0,0,2,0,0,0,-.--
135,642180,746161,7,4,1,0,1,1,0,"1-3 | BB, RBI, SB",0,1,1,0,0,0,0,0,1,0,1,0,3,0,0,1,2,0,0,0,-.--
135,666703,746161,8,3,0,0,0,.---,0,0-3 | K,0,2,0,0,0,0,0,1,0,0,0,0,3,1,0,0,2,0,0,0,-.--
135,543309,746161,9,2,1,0,0,.---,0,1-2 | R,1,0,1,1,0,0,0,0,0,0,1,0,2,0,0,0,0,0,0,0,-.--
119,605141,746161,1,5,3,0,0,.---,0,"3-5 | K, 2 RBI",1,0,1,0,0,0,0,1,0,0,3,0,5,0,0,2,1,0,0,0,-.--
119,660271,746161,2,5,0,0,1,1,0,"0-2 | 2 BB, RBI, SB",2,0,3,0,0,0,0,0,2,0,0,0,2,0,0,1,3,0,1,0,-.--
119,518692,746161,3,4,0,0,0,.---,0,0-4 | K,3,0,3,0,0,0,0,1,0,0,0,0,4,0,0,0,4,0,0,0,-.--
119,669257,746161,4,4,0,0,0,.---,0,0-4 | K,0,2,1,0,0,0,0,1,0,0,0,0,4,0,0,0,3,0,0,0,-.--
119,606192,746161,5,4,1,0,0,.---,0,"1-3 | BB, K, R",0,1,0,1,0,0,0,1,1,0,1,0,3,0,0,0,2,0,0,0,-.--
119,571970,746161,6,4,0,0,0,.---,0,"0-2 | HBP, RBI, R",1,0,3,1,0,0,0,0,0,0,0,1,2,0,0,1,1,0,1,0,-.--
119,681546,746161,7,4,1,0,1,1,0,"1-4 | K, R, SB",2,0,2,1,0,0,0,1,0,0,1,0,4,0,0,0,2,0,0,0,-.--
119,571771,746161,8,4,2,0,0,.---,0,"2-4 | K, R",0,1,0,1,0,0,0,1,0,0,2,0,4,0,0,0,2,0,0,0,-.--
119,666158,746161,9,4,1,0,0,.---,0,"1-3 | BB, K, RBI",0,0,1,1,0,0,0,1,1,0,1,0,3,0,0,1,3,0,0,0,-.--
112,664023,745272,1,4,0,0,0,.---,0,0-4,0,1,3,0,0,0,0,0,0,0,0,0,4,0,0,0,0,0,0,0,-.--
112,673548,745272,2,4,4,0,0,.---,0,"1-4 | HR, 3 K, RBI",0,0,0,1,0,0,1,3,0,0,1,0,4,0,0,1,0,0,0,0,4
112,641355,745272,3,4,0,0,0,.---,0,0-4 | K,0,2,1,0,0,0,0,1,0,0,0,0,4,0,0,0,0,0,0,0,-.--
112,666624,745272,4,4,0,0,0,.---,0,0-4,1,3,1,0,0,0,0,0,0,0,0,0,4,0,0,0,1,0,0,0,-.--
112,621020,745272,5,4,1,0,0,.---,0,"1-4 | 3 K, R",0,0,0,1,0,0,0,3,0,0,1,0,4,0,0,0,0,0,0,0,-.--
112,683737,745272,6,4,5,0,0,.---,0,"2-4 | HR, RBI, R",1,0,2,1,0,0,1,0,0,0,2,0,4,0,0,1,0,0,0,0,4
112,663538,745272,7,3,0,0,0,.---,0,"0-2 | K, RBI",0,1,1,0,0,0,0,1,0,0,0,0,2,0,0,1,0,0,1,0,-.--
112,643565,745272,8,3,1,0,0,.---,0,1-3,1,0,2,0,0,0,0,0,0,0,1,0,3,0,0,0,1,0,0,0,-.--
112,665804,745272,9,3,4,0,0,.---,0,"1-3 | HR, RBI, R",1,1,1,1,0,0,1,0,0,0,1,0,3,1,0,1,1,0,0,0,3
136,641487,745272,1,5,1,0,0,.---,0,1-5 | K,0,2,1,0,0,0,0,1,0,0,1,0,5,0,0,0,1,0,0,0,-.--
136,677594,745272,2,4,0,0,0,.---,0,0-4 | K,0,2,1,0,0,0,0,1,0,0,0,0,4,0,0,0,1,0,0,0,-.--
136,664034,745272,3,4,0,0,0,.---,0,0-4 | 2 K,1,1,1,0,0,0,0,2,0,0,0,0,4,0,0,0,1,0,0,0,-.--
136,571745,745272,4,4,1,0,0,.---,0,"1-3 | BB, R",0,2,0,1,0,0,0,0,1,0,1,0,3,0,0,0,0,0,0,0,-.--
136,593871,745272,5,4,1,0,0,.---,0,1-2 | 2 BB,1,0,1,0,0,0,0,0,2,0,1,0,2,0,0,0,1,0,0,0,-.--
136,641598,745272,6,4,1,0,0,.---,0,1-4 | K,0,2,0,0,0,0,0,1,0,0,1,0,4,0,0,0,5,0,0,0,-.--
136,664238,745272,7,4,0,0,0,.---,0,0-4,2,1,3,0,0,0,0,0,0,0,0,0,4,0,0,0,6,0,0,0,-.--
136,649966,745272,8,2,2,0,0,.---,0,"1-2 | 2B, RBI",1,0,1,0,1,0,0,0,0,0,1,0,2,0,0,1,2,0,0,0,-.--
136,664874,745272,9,2,0,0,0,.---,0,0-2 | 2 K,0,0,0,0,0,0,0,2,0,0,0,0,2,0,0,0,2,0,0,0,-.--
108,543685,746975,1,5,2,0,0,.---,0,"2-3 | HBP, K, RBI",1,0,1,0,0,0,0,1,0,0,2,1,3,0,0,1,0,0,1,0,-.--
108,650859,746975,2,5,0,0,1,1,0,"0-5 | 2 K, RBI, SB",0,3,0,0,0,0,0,2,0,0,0,0,5,0,0,1,6,0,0,0,-.--
108,545361,746975,3,5,3,0,0,.---,0,"1-4 | 3B, BB, 2 K",0,1,0,1,0,1,0,2,1,0,1,0,4,0,0,0,3,0,0,0,-.--
108,621493,746975,4,4,1,0,0,.---,0,"1-4 | K, RBI",1,1,1,0,0,0,0,1,0,0,1,0,4,0,0,1,3,0,0,0,-.--
108,543305,746975,5,4,1,0,0,.---,0,1-4 | 3 K,0,0,0,0,0,0,0,3,0,0,1,0,4,0,0,0,2,0,0,0,-.--
108,592273,746975,6,4,5,0,0,.---,0,"2-4 | HR, RBI, R",0,2,0,1,0,0,1,0,0,0,2,0,4,1,0,1,2,0,0,0,4
108,681351,746975,7,4,1,0,0,.---,0,"1-3 | HBP, R",0,1,1,1,0,0,0,0,0,0,1,1,3,1,0,0,1,0,0,0,-.--
108,666176,746975,8,3,0,0,0,.---,0,0-3 | K,0,2,0,0,0,0,0,1,0,0,0,0,3,0,0,0,1,0,0,0,-.--
108,687263,746975,9,4,0,0,0,.---,0,"0-2 | 2 BB, K, R",0,0,1,1,0,0,0,1,2,0,0,0,2,0,0,0,1,0,0,0,-.--
111,680776,746975,1,5,0,0,0,.---,0,"0-3 | 2 BB, 2 K, R",0,1,0,1,0,0,0,2,2,0,0,0,3,0,0,0,2,0,0,0,-.--
111,622569,746975,2,4,2,1,0,0,0,"1-4 | 2B, K, RBI",1,0,2,0,1,0,0,1,0,0,1,0,4,0,0,1,1,0,0,0,-.--
111,641933,746975,3,4,5,0,0,.---,0,"2-3 | HR, BB, RBI",1,0,1,1,0,0,1,0,1,0,2,0,3,0,0,1,1,0,0,0,3
111,671213,746975,4,4,4,0,0,.---,0,"1-2 | HR, 2 BB, K",0,0,0,1,0,0,1,1,2,1,1,0,2,0,0,1,2,0,0,0,2
111,666915,746975,5,2,0,0,0,.---,0,"0-1 | BB, K",0,0,0,0,0,0,0,1,1,0,0,0,1,0,0,0,2,0,0,0,-.--
111,807799,746975,6,4,4,0,0,.---,0,"1-3 | HR, BB, 2 RBI",1,0,2,1,0,0,1,0,1,0,1,0,3,0,0,2,1,0,0,0,3
111,657136,746975,7,4,2,1,0,0,1,2-4 | CS,1,0,2,0,0,0,0,0,0,0,2,0,4,0,0,0,0,0,0,0,-.--
111,678882,746975,8,4,0,0,0,.---,0,0-4,1,2,2,0,0,0,0,0,0,0,0,0,4,0,0,0,3,0,0,0,-.--
111,666152,746975,9,4,0,0,0,.---,0,0-4 | 3 K,1,0,1,0,0,0,0,3,0,0,0,0,4,0,0,0,3,0,0,0,-.--
134,665833,745595,1,5,0,0,0,.---,0,0-5 | 4 K,0,1,0,0,0,0,0,4,0,0,0,0,5,0,0,0,3,0,0,0,-.--
134,668804,745595,2,5,0,0,0,.---,0,0-5 | 2 K,1,1,2,0,0,0,0,2,0,0,0,0,5,0,0,0,3,0,0,0,-.--
134,663647,745595,3,5,3,0,0,.---,0,"2-4 | 2B, BB, K",0,1,0,2,1,0,0,1,1,0,2,0,4,0,0,0,1,0,0,0,-.--
134,642133,745595,4,5,2,0,0,.---,0,"2-4 | BB, R",1,0,2,1,0,0,0,0,1,0,2,0,4,0,0,0,2,0,0,0,-.--
134,457705,745595,5,5,5,0,1,1,0,"2-5 | HR, K, 2 RBI",0,2,0,3,0,0,1,1,0,0,2,0,5,0,0,2,4,0,0,0,5
134,669261,745595,6,5,5,0,0,.---,0,"2-4 | HR, BB, 4 RBI",0,1,1,1,0,0,1,0,1,0,2,0,4,0,0,4,0,0,0,0,4
134,669707,745595,7,5,1,0,1,1,0,"1-5 | 2 K, R, SB",0,2,0,1,0,0,0,2,0,0,1,0,5,0,0,0,3,0,0,0,-.--
134,572191,745595,8,5,0,0,0,.---,0,"0-4 | BB, 4 K",0,0,0,0,0,0,0,4,1,0,0,0,4,0,0,0,2,0,0,0,-.--
134,663698,745595,9,4,4,0,0,.---,0,"1-2 | HR, 2 BB, K",0,0,0,1,0,0,1,1,2,0,1,0,2,0,0,1,0,0,0,0,2
143,656941,745595,1,4,0,0,0,.---,0,0-4 | 2 K,1,1,1,0,0,0,0,2,0,0,0,0,4,0,0,0,1,0,0,0,-.--
143,607208,745595,2,4,6,0,0,.---,0,"3-4 | HR, 2 RBI, R",0,1,0,1,0,0,1,0,0,0,3,0,4,0,0,2,0,0,0,0,4
143,547180,745595,3,4,0,0,0,.---,0,0-4,2,2,2,0,0,0,0,0,0,0,0,0,4,1,0,0,3,0,0,0,-.--
143,592663,745595,4,4,1,0,0,.---,0,1-4 | K,1,1,1,0,0,0,0,1,0,0,1,0,4,0,0,0,1,0,0,0,-.--
143,664761,745595,5,4,0,0,0,.---,0,0-4,0,3,1,0,0,0,0,0,0,0,0,0,4,1,0,0,1,0,0,0,-.--
143,669016,745595,6,4,3,0,0,.---,0,"1-4 | 3B, 2 K",0,1,0,0,0,1,0,2,0,0,1,0,4,0,0,0,0,0,0,0,-.--
143,592206,745595,7,3,1,0,0,.---,0,1-3,1,0,2,0,0,0,0,0,0,0,1,0,3,0,0,0,1,0,0,0,-.--
143,681082,745595,8,3,1,0,0,.---,0,1-3 | K,0,0,1,0,0,0,0,1,0,0,1,0,3,0,0,0,1,0,0,0,-.--
143,679032,745595,9,3,1,0,1,1,0,"1-3 | R, SB",0,2,0,1,0,0,0,0,0,0,1,0,3,1,0,0,1,0,0,0,-.--
158,661388,747056,1,5,5,0,1,1,0,"2-4 | HR, BB, 2 K",0,0,0,1,0,0,1,2,1,0,2,0,4,0,0,1,1,0,0,0,4
158,656555,747056,2,5,2,0,0,.---,0,"1-5 | 2B, K",1,1,2,0,1,0,0,1,0,0,1,0,5,0,0,0,4,0,0,0,-.--
158,686217,747056,3,5,1,1,1,0.5,0,"1-5 | 2 K, SB, CS",0,2,0,0,0,0,0,2,0,0,1,0,5,0,0,0,4,0,0,0,-.--
158,642715,747056,4,4,2,0,0,.---,0,"2-4 | K, R",0,1,0,1,0,0,0,1,0,0,2,0,4,0,0,0,2,0,0,0,-.--
158,596142,747056,5,4,1,0,0,.---,0,1-3 | BB,1,0,2,0,0,0,0,0,1,0,1,0,3,0,0,0,2,0,0,0,-.--
158,668930,747056,6,4,1,0,0,.---,0,1-4,0,2,1,0,0,0,0,0,0,0,1,0,4,0,0,0,2,0,0,0,-.--
158,687401,747056,7,4,1,1,0,0,0,"1-4 | K, CS",0,0,2,0,0,0,0,1,0,0,1,0,4,0,0,0,3,0,0,0,-.--
158,686894,747056,8,3,0,0,0,.---,0,0-3 | K,0,1,1,0,0,0,0,1,0,0,0,0,3,0,0,0,3,0,0,0,-.--
158,663368,747056,9,4,6,0,0,.---,0,"3-4 | HR, K, RBI",0,0,0,2,0,0,1,1,0,0,3,0,4,0,0,1,2,0,0,0,4
110,683002,747056,1,4,2,0,1,1,0,"2-3 | HBP, K, RBI",0,0,0,1,0,0,0,1,0,0,2,1,3,0,0,1,0,0,0,0,-.--
110,668939,747056,2,4,1,0,0,.---,0,1-4 | K,1,1,1,0,0,0,0,1,0,0,1,0,4,1,0,0,2,0,0,0,-.--
110,623993,747056,3,4,0,0,0,.---,0,0-4,1,2,2,0,0,0,0,0,0,0,0,0,4,0,0,0,3,0,0,0,-.--
110,656811,747056,4,3,5,0,0,.---,0,"2-3 | HR, 2 RBI, R",0,0,1,1,0,0,1,0,0,0,2,0,3,0,0,2,0,0,0,0,3
110,663624,747056,5,4,0,0,0,.---,0,0-4,2,2,2,0,0,0,0,0,0,0,0,0,4,1,0,0,3,0,0,0,-.--
110,681297,747056,6,4,4,0,0,.---,0,"1-3 | HR, BB, K",0,1,0,1,0,0,1,1,1,0,1,0,3,0,0,1,2,0,0,0,3
110,656775,747056,7,4,6,0,0,.---,0,"2-4 | HR, 2B, K",0,1,0,1,1,0,1,1,0,0,2,0,4,0,0,1,1,0,0,0,4
110,676059,747056,8,4,1,0,0,.---,0,"1-3 | BB, K, R",0,0,1,1,0,0,0,1,1,0,1,0,3,0,0,0,0,0,0,0,-.--
110,702616,747056,9,4,1,0,0,.---,0,"1-4 | 2 K, R",0,1,0,1,0,0,0,2,0,0,1,0,4,0,0,0,2,0,0,0,-.--
115,453568,744952,1,4,0,0,0,.---,0,0-4 | K,0,1,2,0,0,0,0,1,0,0,0,0,4,0,0,0,2,0,0,0,-.--
115,678662,744952,2,4,1,0,0,.---,0,"1-3 | HBP, K",0,1,0,0,0,0,0,1,0,0,1,1,3,0,0,0,2,0,0,0,-.--
115,641857,744952,3,4,0,0,0,.---,0,"0-3 | BB, K",1,1,1,0,0,0,0,1,1,0,0,0,3,0,0,0,3,0,0,0,-.--
115,553869,744952,4,4,0,0,0,.---,0,0-4 | 2 K,0,1,1,0,0,0,0,2,0,0,0,0,4,0,0,0,3,0,0,0,-.--
115,666134,744952,5,4,0,0,0,.---,0,0-4 | 3 K,0,1,0,0,0,0,0,3,0,0,0,0,4,0,0,0,2,0,0,0,-.--
115,686668,744952,6,4,0,0,0,.---,0,0-4 | 2 K,0,2,0,0,0,0,0,2,0,0,0,0,4,0,0,0,0,0,0,0,-.--
115,663898,744952,7,3,0,0,0,.---,0,0-3,1,1,2,0,0,0,0,0,0,0,0,0,3,0,0,0,0,0,0,0,-.--
115,660707,744952,8,3,1,0,0,.---,0,1-2 | BB,0,0,1,0,0,0,0,0,1,0,1,0,2,0,0,0,0,0,0,0,-.--
115,607732,744952,9,3,0,0,0,.---,0,0-2 | HBP,1,1,1,0,0,0,0,0,0,0,0,1,2,0,0,0,1,0,0,0,-.--
141,543807,744952,1,4,2,0,1,1,0,"2-4 | 2 R, SB",0,1,1,2,0,0,0,0,0,0,2,0,4,0,0,0,1,0,0,0,-.--
141,665489,744952,2,4,1,0,0,.---,0,"1-4 | RBI, R",0,3,0,1,0,0,0,0,0,0,1,0,4,0,0,1,2,0,0,0,-.--
141,666182,744952,3,4,0,0,0,.---,0,0-4,0,4,0,0,0,0,0,0,0,0,0,0,4,0,0,0,3,0,0,0,-.--
141,457759,744952,4,4,4,1,0,0,0,"3-4 | 2B, 3 RBI, CS",1,0,1,0,1,0,0,0,0,0,3,0,4,0,0,3,0,0,0,0,-.--
141,676914,744952,5,4,0,0,0,.---,0,0-4 | 2 K,0,2,0,0,0,0,0,2,0,0,0,0,4,0,0,0,2,0,0,0,-.--
141,676391,744952,6,4,2,0,0,.---,1,"2-4 | K, R",0,1,0,1,0,0,0,1,0,0,2,0,4,0,0,0,0,0,0,0,-.--
141,672386,744952,7,4,2,0,0,.---,0,2-2 | 2 BB,0,0,0,0,0,0,0,0,2,0,2,0,2,0,0,0,0,0,0,0,-.--
141,643396,744952,8,4,1,0,0,.---,0,1-4 | RBI,0,2,1,0,0,0,0,0,0,0,1,0,4,0,0,1,4,0,0,0,-.--
141,595281,744952,9,4,1,0,0,.---,0,"1-4 | K, R",1,1,1,1,0,0,0,1,0,0,1,0,4,0,0,0,4,0,0,0,-.--
118,672580,745841,1,4,0,0,0,.---,0,0-4 | 3 K,1,0,1,0,0,0,0,3,0,0,0,0,4,0,0,0,0,0,0,0,-.--
118,677951,745841,2,4,2,0,0,.---,0,"1-4 | 2B, K",1,1,1,0,1,0,0,1,0,0,1,0,4,0,0,0,0,0,0,0,-.--
118,686469,745841,3,4,4,0,0,.---,0,"1-3 | HR, BB, K",0,0,1,1,0,0,1,1,1,0,1,0,3,0,0,1,1,0,0,0,3
118,521692,745841,4,2,2,0,0,.---,0,1-2 | 2B,0,1,0,0,1,0,0,0,0,0,1,0,2,1,0,0,1,0,0,0,-.--
118,669004,745841,5,3,0,0,0,.---,0,0-3 | K,0,0,2,0,0,0,0,1,0,0,0,0,3,0,0,0,1,0,0,0,-.--
118,676369,745841,6,3,0,0,0,.---,0,0-3 | 2 K,1,0,1,0,0,0,0,2,0,0,0,0,3,0,0,0,1,0,0,0,-.--
118,624428,745841,7,2,0,0,0,.---,0,0-1 | HBP,1,0,1,0,0,0,0,0,0,0,0,1,1,0,0,0,0,0,0,0,-.--
118,592669,745841,8,3,0,0,0,.---,0,0-3 | 3 K,0,0,0,0,0,0,0,3,0,0,0,0,3,0,0,0,2,0,0,0,-.--
118,664728,745841,9,2,0,0,0,.---,0,0-2 | 2 K,0,0,0,0,0,0,0,2,0,0,0,0,2,0,0,0,0,0,0,0,-.--
121,607043,745841,1,5,2,0,0,.---,0,"2-4 | BB, K, RBI",0,1,0,0,0,0,0,1,1,0,2,0,4,0,0,1,2,0,0,0,-.--
121,516782,745841,2,5,1,0,0,.---,0,"1-4 | BB, 2 K",0,1,0,0,0,0,0,2,1,0,1,0,4,0,0,0,4,0,0,0,-.--
121,596019,745841,3,4,2,0,0,.---,0,2-4,1,0,2,0,0,0,0,0,0,0,2,0,4,0,0,0,4,0,0,0,-.--
121,624413,745841,4,4,0,0,0,.---,0,"0-2 | 2 BB, K, R",0,0,1,1,0,0,0,1,2,0,0,0,2,0,0,0,3,0,0,0,-.--
121,621438,745841,5,4,0,0,0,.---,0,0-3 | K,0,1,2,0,0,0,0,1,0,0,0,0,3,0,0,0,4,1,0,0,-.--
121,682626,745841,6,4,0,0,0,.---,0,0-4 | K,1,2,1,0,0,0,0,1,0,0,0,0,4,0,0,0,3,0,0,0,-.--
121,643446,745841,7,4,0,0,0,.---,0,"0-2 | BB, HBP, R",0,2,0,1,0,0,0,0,1,0,0,1,2,0,0,0,0,0,0,0,-.--
121,670097,745841,8,2,0,0,0,.---,0,0-2 | 2 K,0,0,0,0,0,0,0,2,0,0,0,0,2,0,0,0,1,0,0,0,-.--
121,664056,745841,9,4,2,0,0,.---,0,2-4 | RBI,2,0,2,0,0,0,0,0,0,0,2,0,4,0,0,1,1,0,0,0,-.--
137,808982,745113,1,5,1,0,1,1,0,"1-5 | R, SB",2,0,4,1,0,0,0,0,0,0,1,0,5,0,0,0,3,0,0,0,-.--
137,527038,745113,2,4,1,0,0,.---,0,1-4 | K,0,1,1,0,0,0,0,1,0,0,1,0,4,0,0,0,2,0,0,0,-.--
137,664774,745113,3,2,1,0,0,.---,0,1-2 | RBI,0,1,0,0,0,0,0,0,0,0,1,0,2,0,0,1,0,0,0,0,-.--
137,624585,745113,4,4,3,0,0,.---,0,"2-4 | 2B, K, RBI",1,0,1,0,1,0,0,1,0,0,2,0,4,0,0,1,1,0,0,0,-.--
137,656305,745113,5,4,0,0,0,.---,0,0-4 | K,1,0,3,0,0,0,0,1,0,0,0,0,4,0,0,0,4,0,0,0,-.--
137,624424,745113,6,4,4,0,0,.---,0,"1-4 | HR, K, RBI",2,0,2,1,0,0,1,1,0,0,1,0,4,0,0,1,0,0,0,0,4
137,642731,745113,7,4,1,0,0,.---,0,1-4 | K,0,2,0,0,0,0,0,1,0,0,1,0,4,0,0,0,0,0,0,0,-.--
137,608596,745113,8,4,1,0,0,.---,0,"1-4 | 2 K, R",0,1,0,1,0,0,0,2,0,0,1,0,4,0,0,0,1,0,0,0,-.--
137,666149,745113,9,4,5,0,0,.---,0,"2-4 | 3B, 2B, 2 K",0,0,0,1,1,1,0,2,0,0,2,0,4,0,0,1,1,0,0,0,-.--
139,650490,745113,1,4,2,0,0,.---,0,"1-4 | 2B, R",0,3,0,1,1,0,0,0,0,0,1,0,4,0,0,0,0,0,0,0,-.--
139,623912,745113,2,4,1,0,0,.---,0,1-4 | R,0,2,1,1,0,0,0,0,0,0,1,0,4,0,0,0,1,0,0,0,-.--
139,668227,745113,3,4,1,0,1,1,0,"1-4 | RBI, R, SB",0,1,2,1,0,0,0,0,0,0,1,0,4,0,0,1,1,0,0,0,-.--
139,670623,745113,4,4,5,0,0,.---,0,"2-4 | HR, 2 RBI, R",0,0,2,1,0,0,1,0,0,0,2,0,4,0,0,2,1,0,0,0,4
139,642708,745113,5,4,6,0,0,.---,0,"3-4 | HR, 2 RBI, R",1,0,1,1,0,0,1,0,0,0,3,0,4,0,0,2,1,0,0,0,4
139,678554,745113,6,4,0,0,0,.---,0,"0-3 | BB, 2 K, R",0,0,1,1,0,0,0,2,1,0,0,0,3,0,0,0,2,0,0,0,-.--
139,592348,745113,7,4,0,0,0,.---,0,"0-3 | BB, K, R",0,2,0,1,0,0,0,1,1,0,0,0,3,0,0,0,0,0,0,0,-.--
139,642350,745113,8,4,0,0,0,.---,0,0-4 | K,1,1,2,0,0,0,0,1,0,0,0,0,4,0,0,0,2,0,0,0,-.--
139,650907,745113,9,4,8,0,0,.---,0,"2-4 | 2 HR, 2 K, 4 RBI",0,0,0,2,0,0,2,2,0,0,2,0,4,0,0,4,0,0,0,0,2
142,666397,746492,1,5,0,0,0,.---,0,"0-3 | 2 BB, 2 K",0,1,0,0,0,0,0,2,2,0,0,0,3,0,0,0,1,0,0,0,-.--
142,680777,746492,2,5,1,0,0,.---,0,"1-5 | K, 2 RBI",0,3,0,0,0,0,0,1,0,0,1,0,5,0,0,2,3,0,0,0,-.--
142,666135,746492,3,4,1,0,0,.---,0,1-4 | K,2,0,2,0,0,0,0,1,0,0,1,0,4,0,0,0,3,0,0,0,-.--
142,622534,746492,4,4,1,0,0,.---,0,1-4,0,2,1,0,0,0,0,0,0,0,1,0,4,0,0,0,0,0,0,0,-.--
142,650489,746492,5,4,0,0,0,.---,0,0-4 | 2 K,0,1,1,0,0,0,0,2,0,0,0,0,4,0,0,0,2,0,0,0,-.--
142,668885,746492,6,4,1,0,0,.---,0,1-4 | K,0,2,0,0,0,0,0,1,0,0,1,0,4,0,0,0,0,0,0,0,-.--
142,467793,746492,7,4,0,0,0,.---,0,"0-3 | BB, R",1,0,3,1,0,0,0,0,1,0,0,0,3,0,0,0,1,0,0,0,-.--
142,543877,746492,8,3,4,0,0,.---,0,"1-3 | HR, K, RBI",1,0,1,1,0,0,1,1,0,0,1,0,3,0,0,1,2,0,0,0,3
142,571657,746492,9,3,1,0,0,.---,0,"1-2 | HBP, R",0,0,1,1,0,0,0,0,0,0,1,1,2,0,0,0,0,0,0,0,-.--
116,682985,746492,1,4,3,0,0,.---,0,"2-4 | 2B, K, R",0,1,0,1,1,0,0,1,0,0,2,0,4,0,0,0,0,0,0,0,-.--
116,592192,746492,2,4,2,0,0,.---,0,"1-4 | 2B, 2 RBI, R",0,2,1,1,1,0,0,0,0,0,1,0,4,0,0,2,1,0,0,0,-.--
116,679529,746492,3,4,3,0,0,.---,0,"2-4 | 2B, RBI",0,0,2,0,1,0,0,0,0,0,2,0,4,0,0,1,1,0,0,0,-.--
116,681481,746492,4,4,0,0,0,.---,0,"0-3 | BB, K",0,1,1,0,0,0,0,1,1,0,0,0,3,0,0,0,2,0,0,0,-.--
116,690993,746492,5,4,0,0,0,.---,0,0-4 | K,1,2,1,0,0,0,0,1,0,0,0,0,4,0,0,0,3,0,0,0,-.--
116,570482,746492,6,3,1,0,0,.---,0,1-3,0,2,0,0,0,0,0,0,0,0,1,0,3,1,0,0,2,0,0,0,-.--
116,678009,746492,7,2,0,0,0,.---,0,0-2 | K,0,1,0,0,0,0,0,1,0,0,0,0,2,0,0,0,1,0,0,0,-.--
116,595879,746492,8,3,4,0,0,.---,0,"1-3 | HR, RBI, R",1,0,2,1,0,0,1,0,0,0,1,0,3,0,0,1,1,0,0,0,3
116,608348,746492,9,3,1,0,0,.---,0,1-3 | R,1,0,2,1,0,0,0,0,0,0,1,0,3,0,0,0,0,0,0,0,-.--
144,660670,746079,1,5,2,0,1,1,0,"2-4 | BB, RBI, 2 R",0,2,0,2,0,0,0,0,1,0,2,0,4,0,0,1,0,0,0,0,-.--
144,645277,746079,2,5,1,0,1,1,0,"1-5 | K, R, SB",2,1,2,1,0,0,0,1,0,0,1,0,5,0,0,0,2,0,0,0,-.--
144,663586,746079,3,5,1,0,0,.---,0,"1-5 | K, R",2,0,3,1,0,0,0,1,0,0,1,0,5,0,0,0,2,0,0,0,-.--
144,621566,746079,4,5,3,0,0,.---,0,"3-4 | BB, RBI, 2 R",1,0,1,2,0,0,0,0,1,0,3,0,4,0,0,1,0,0,0,0,-.--
144,542303,746079,5,5,7,0,0,.---,0,"3-5 | HR, 2B, 4 RBI",0,1,1,1,1,0,1,0,0,0,3,0,5,0,0,4,1,0,0,0,5
144,594807,746079,6,5,4,0,0,.---,0,"1-3 | HR, HBP, K",1,0,2,1,0,0,1,1,0,0,1,1,3,0,0,2,2,0,1,0,3
144,606115,746079,7,4,0,0,0,.---,0,"0-3 | BB, K",1,1,1,0,0,0,0,1,1,0,0,0,3,0,0,0,1,0,0,0,-.--
144,671739,746079,8,4,2,0,0,.---,0,"1-4 | 2B, 3 K, R",0,0,0,1,1,0,0,3,0,0,1,0,4,0,0,0,3,0,0,0,-.--
144,644433,746079,9,3,0,0,0,.---,0,0-3 | 2 K,0,1,0,0,0,0,0,2,0,0,0,0,3,1,0,0,3,0,0,0,-.--
146,650333,746079,1,5,1,0,0,.---,0,1-5,1,2,2,0,0,0,0,0,0,0,1,0,5,1,0,0,1,0,0,0,-.--
146,605137,746079,2,4,2,0,0,.---,0,"1-4 | 2B, 2 K, R",0,1,0,1,1,0,0,2,0,0,1,0,4,0,0,0,1,0,0,0,-.--
146,669394,746079,3,1,0,0,0,.---,0,0-1,0,1,0,0,0,0,0,0,0,0,0,0,1,0,0,0,0,0,0,0,-.--
146,665862,746079,4,4,2,0,0,.---,0,"1-4 | 2B, 3 K, RBI",0,0,0,1,1,0,0,3,0,0,1,0,4,0,0,1,2,0,0,0,-.--
146,650559,746079,5,4,5,0,0,.---,0,"2-4 | HR, K, 2 RBI",0,1,0,1,0,0,1,1,0,0,2,0,4,0,0,2,1,0,0,0,4
146,660821,746079,6,4,1,0,0,.---,0,"1-4 | 2 K, RBI, R",0,1,0,1,0,0,0,2,0,0,1,0,4,0,0,1,1,0,0,0,-.--
146,624503,746079,7,4,4,0,0,.---,0,"1-4 | HR, 2 K, 2 RBI",1,0,1,1,0,0,1,2,0,0,1,0,4,0,0,2,1,0,0,0,4
146,660644,746079,8,3,2,0,0,.---,0,"1-2 | 2B, BB, K",0,0,0,1,1,0,0,1,1,0,1,0,2,0,0,0,0,0,0,0,-.--
146,663743,746079,9,4,1,0,0,.---,0,1-4 | K,1,1,1,0,0,0,0,1,0,0,1,0,4,0,0,0,1,0,0,0,-.--
147,683011,746648,1,5,4,0,0,.---,0,"3-4 | 2B, BB, RBI",0,0,1,1,1,0,0,0,1,0,3,0,4,0,0,1,0,0,0,0,-.--
147,665742,746648,2,5,2,1,0,0,0,"2-4 | BB, 2 R, CS",0,1,1,2,0,0,0,0,1,0,2,0,4,0,0,0,2,0,0,0,-.--
147,592450,746648,3,5,4,0,0,.---,0,"1-4 | HR, BB, 2 K",0,0,1,2,0,0,1,2,1,1,1,0,4,0,0,3,4,0,0,0,4
147,519317,746648,4,5,2,0,0,.---,0,2-5 | K,2,0,2,0,0,0,0,1,0,0,2,0,5,0,0,0,1,0,0,0,-.--
147,519203,746648,5,5,1,0,0,.---,0,"1-5 | K, 2 RBI",1,0,3,0,0,0,0,1,0,0,1,0,5,0,0,2,0,0,0,0,-.--
147,650402,746648,6,5,1,0,0,.---,0,1-4 | K,0,3,0,0,0,0,0,1,0,0,1,0,4,0,0,0,0,1,0,0,-.--
147,657077,746648,7,5,0,0,0,.---,0,"0-4 | BB, K",1,2,1,0,0,0,0,1,1,0,0,0,4,0,0,0,3,0,0,0,-.--
147,624431,746648,8,4,5,0,0,.---,0,"2-4 | HR, RBI, R",0,1,1,1,0,0,1,0,0,0,2,0,4,0,0,1,1,0,0,0,4
147,665828,746648,9,4,0,0,0,.---,0,"0-4 | K, R",2,1,2,1,0,0,0,1,0,0,0,0,4,0,0,0,1,0,0,0,-.--
114,680757,746648,1,5,1,0,0,.---,0,1-5 | R,2,2,2,1,0,0,0,0,0,0,1,0,5,0,0,0,2,0,0,0,-.--
114,671289,746648,2,4,0,0,0,.---,0,"0-3 | HBP, K",0,1,1,0,0,0,0,1,0,0,0,1,3,0,0,0,1,0,0,0,-.--
114,608070,746648,3,5,5,0,0,.---,0,"2-5 | HR, K, 2 RBI",0,1,1,1,0,0,1,1,0,0,2,0,5,0,0,2,3,0,0,0,5
114,647304,746648,4,5,3,1,0,0,0,"2-5 | 2B, 2 K, 2 RBI",0,1,0,1,1,0,0,2,0,0,2,0,5,0,0,2,2,0,0,0,-.--
114,681807,746648,5,5,2,0,0,.---,0,"1-4 | 2B, BB, 3 K",0,0,0,1,1,0,0,3,1,0,1,0,4,0,0,0,2,0,0,0,-.--
114,657656,746648,6,3,0,0,0,.---,0,0-3 | 2 K,0,0,1,0,0,0,0,2,0,0,0,0,3,0,0,0,3,0,0,0,-.--
114,665926,746648,7,5,0,0,0,.---,0,"0-4 | K, RBI",0,3,1,0,0,0,0,1,0,0,0,0,4,0,0,1,1,0,1,0,-.--
114,595978,746648,8,2,0,0,0,.---,0,0-2 | 2 K,0,0,0,0,0,0,0,2,0,0,0,0,2,0,0,0,2,0,0,0,-.--
114,672356,746648,9,4,5,0,0,.---,0,"2-3 | HR, BB, RBI",1,0,1,2,0,0,1,0,1,0,2,0,3,0,0,1,0,0,0,0,3
140,543760,746404,1,5,6,0,0,.---,0,"2-5 | HR, 2B, 4 RBI",0,1,2,1,1,0,1,0,0,0,2,0,5,0,0,4,0,0,0,0,5
140,608369,746404,2,5,1,0,0,.---,0,"1-4 | BB, K",1,0,2,0,0,0,0,1,1,0,1,0,4,0,0,0,1,0,0,0,-.--
140,694497,746404,3,4,4,0,0,.---,0,"1-4 | HR, K, RBI",2,0,2,1,0,0,1,1,0,0,1,0,4,0,0,1,3,0,0,0,4
140,666969,746404,4,4,1,0,0,.---,0,1-4 | K,1,0,2,0,0,0,0,1,0,0,1,0,4,0,0,0,1,0,0,0,-.--
140,669701,746404,5,4,2,0,0,.---,0,"1-4 | 2B, K",1,1,1,0,1,0,0,1,0,0,1,0,4,0,0,0,2,0,0,0,-.--
140,694671,746404,6,4,1,0,0,.---,0,"1-3 | BB, R",1,0,2,1,0,0,0,0,1,0,1,0,3,0,0,0,0,0,0,0,-.--
140,641680,746404,7,4,1,0,0,.---,0,"1-4 | K, R",2,0,2,1,0,0,0,1,0,0,1,0,4,0,0,0,2,0,0,0,-.--
140,677649,746404,8,4,1,0,0,.---,0,1-4 | K,1,1,1,0,0,0,0,1,0,0,1,0,4,0,0,0,2,0,0,0,-.--
140,665750,746404,9,4,2,0,0,.---,0,"1-4 | 2B, K, R",1,0,2,1,1,0,0,1,0,0,1,0,4,0,0,0,3,0,0,0,-.--
117,514888,746404,1,5,9,0,1,1,0,"3-5 | 2 HR, 2 RBI, 2 R",1,0,2,2,0,0,2,0,0,0,3,0,5,0,0,2,1,0,0,0,2.5
117,670541,746404,2,4,0,0,0,.---,0,"0-2 | 2 BB, R",1,1,1,1,0,0,0,0,2,0,0,0,2,0,0,0,1,0,0,0,-.--
117,663656,746404,3,4,0,0,0,.---,0,"0-2 | 2 BB, R",1,0,2,1,0,0,0,0,2,0,0,0,2,0,0,0,1,0,0,0,-.--
117,673237,746404,4,4,1,0,0,.---,0,1-4 | R,2,1,2,1,0,0,0,0,0,0,1,0,4,0,0,0,5,0,0,0,-.--
117,676801,746404,5,4,3,0,0,.---,0,"2-4 | 2B, K, 2 RBI",0,1,0,1,1,0,0,1,0,0,2,0,4,0,0,2,2,0,0,0,-.--
117,665161,746404,6,4,3,0,0,.---,0,"2-3 | 2B, BB, K",0,0,0,1,1,0,0,1,1,0,2,0,3,0,0,0,0,0,0,0,-.--
117,605170,746404,7,4,2,0,0,.---,0,"1-4 | 2B, K, 2 RBI",0,2,0,1,1,0,0,1,0,0,1,0,4,0,0,2,2,0,0,0,-.--
117,547989,746404,8,4,0,0,0,.---,0,0-4 | K,0,3,0,0,0,0,0,1,0,0,0,0,4,0,0,0,4,0,0,0,-.--
117,643289,746404,9,4,2,0,0,.---,0,"1-4 | 2B, 2 RBI",1,2,1,0,1,0,0,0,0,0,1,0,4,0,0,2,0,0,0,0,-.--
113,663697,746810,1,6,0,0,0,.---,0,"0-5 | K, RBI, R",0,3,2,1,0,0,0,1,0,0,0,0,5,0,0,1,3,0,1,0,-.--
113,666181,746810,2,6,1,0,2,1,0,"1-2 | 4 BB, K, R",0,0,0,1,0,0,0,1,4,0,1,0,2,0,0,0,0,0,0,0,-.--
113,687952,746810,3,5,5,0,0,.---,0,"2-5 | HR, K, 4 RBI",0,0,2,1,0,0,1,1,0,0,2,0,5,0,0,4,3,0,0,0,5
113,668715,746810,4,5,0,0,1,1,0,"0-3 | 2 BB, K, R",0,2,0,1,0,0,0,1,2,0,0,0,3,0,0,0,4,0,0,0,-.--
113,641584,746810,5,5,2,0,3,1,0,"2-3 | 2 BB, 3 R, 3 SB",1,0,1,3,0,0,0,0,2,0,2,0,3,0,0,0,0,0,0,0,-.--
113,682829,746810,6,5,0,0,0,.---,0,0-5 | 2 K,1,2,1,0,0,0,0,2,0,0,0,0,5,0,0,0,7,0,0,0,-.--
113,600869,746810,7,5,2,1,0,0,0,"2-5 | K, 2 RBI, R",1,0,2,1,0,0,0,1,0,0,2,0,5,0,0,2,2,0,0,0,-.--
113,605361,746810,8,5,6,0,0,.---,0,"3-5 | HR, 3 RBI, 2 R",1,1,1,2,0,0,1,0,0,0,3,0,5,0,0,3,2,0,0,0,5
113,663886,746810,9,5,0,0,0,.---,0,"0-4 | RBI, R",1,1,4,1,0,0,0,0,0,0,0,0,4,0,0,1,3,0,1,0,-.--
145,543257,746810,1,5,1,0,0,.---,0,"1-2 | 3 BB, K",0,0,0,0,0,0,0,1,3,0,1,0,2,0,0,0,0,0,0,0,-.--
145,643217,746810,2,5,1,0,0,.---,0,"1-5 | K, RBI",2,1,2,0,0,0,0,1,0,0,1,0,5,1,0,1,3,0,0,0,-.--
145,683734,746810,3,5,1,0,0,.---,0,"1-4 | BB, 3 K, R",0,0,0,1,0,0,0,3,1,0,1,0,4,0,0,0,4,0,0,0,-.--
145,657757,746810,4,5,1,0,0,.---,0,"1-4 | 3 K, RBI",0,0,1,0,0,0,0,3,0,0,1,0,4,0,0,1,4,0,1,0,-.--
145,686676,746810,5,4,0,0,0,.---,0,0-4 | 2 K,0,1,1,0,0,0,0,2,0,0,0,0,4,0,0,0,6,0,0,0,-.--
145,666150,746810,6,4,2,0,0,.---,0,"2-4 | K, RBI, R",0,1,0,1,0,0,0,1,0,0,2,0,4,0,0,1,0,0,0,0,-.--
145,672820,746810,7,4,1,0,0,.---,0,1-4,1,1,2,0,0,0,0,0,0,0,1,0,4,0,0,0,2,0,0,0,-.--
145,657557,746810,8,4,2,0,0,.---,0,"1-4 | 2B, R",0,0,3,1,1,0,0,0,0,0,1,0,4,0,0,0,2,0,0,0,-.--
145,670032,746810,9,4,0,0,0,.---,0,"0-3 | BB, K, R",0,1,1,1,0,0,0,1,1,0,0,0,3,0,0,0,1,0,0,0,-.--
120,696285,745681,1,5,3,0,1,1,0,"2-4 | 2B, HBP, RBI",1,1,1,1,1,0,0,0,0,0,2,1,4,0,0,1,2,0,0,0,-.--
120,682928,745681,2,5,2,0,0,.---,0,"1-4 | 2B, BB, R",0,1,2,1,1,0,0,0,1,0,1,0,4,0,0,0,3,0,0,0,-.--
120,608841,745681,3,5,1,0,0,.---,0,"1-3 | BB, HBP, 2 RBI",0,2,0,1,0,0,0,0,1,1,1,1,3,1,0,2,2,0,0,0,-.--
120,608385,745681,4,5,1,0,0,.---,0,"1-4 | BB, K",1,1,1,0,0,0,0,1,1,0,1,0,4,0,0,0,4,0,0,0,-.--
120,657041,745681,5,5,6,0,1,1,0,"3-5 | HR, K, 3 RBI",0,1,0,1,0,0,1,1,0,0,3,0,5,0,0,3,2,0,0,0,5
120,608336,745681,6,5,0,0,0,.---,0,"0-4 | BB, 4 K",0,0,0,0,0,0,0,4,1,0,0,0,4,0,0,0,2,0,0,0,-.--
120,545121,745681,7,4,1,0,0,.---,0,1-4,1,1,2,0,0,0,0,0,0,0,1,0,4,0,0,0,3,0,0,0,-.--
120,656180,745681,8,4,4,0,0,.---,0,"2-4 | 2 2B, K, R",0,1,0,1,2,0,0,1,0,0,2,0,4,1,0,0,1,0,0,0,-.--
120,702358,745681,9,4,1,1,0,0,0,"1-3 | BB, R, CS",0,1,1,1,0,0,0,0,1,0,1,0,3,0,0,0,2,0,0,0,-.--
133,647351,745681,1,5,1,0,0,.---,0,"1-4 | BB, 2 RBI, R",1,1,2,1,0,0,0,0,1,0,1,0,4,0,0,2,0,0,0,0,-.--
133,680869,745681,2,4,0,0,0,.---,0,0-4 | 2 K,1,1,1,0,0,0,0,2,0,0,0,0,4,0,0,0,3,0,0,0,-.--
133,668709,745681,3,4,4,0,0,.---,0,"3-4 | 2B, K, R",0,0,0,1,1,0,0,1,0,0,3,0,4,0,0,0,0,0,0,0,-.--
133,664913,745681,4,4,1,0,0,.---,0,1-4 | 3 K,0,0,0,0,0,0,0,3,0,0,1,0,4,0,0,0,3,0,0,0,-.--
133,605204,745681,5,2,0,0,0,.---,0,0-2,1,1,1,0,0,0,0,0,0,0,0,0,2,0,0,0,1,0,0,0,-.--
133,671732,745681,6,4,4,0,0,.---,0,"3-3 | 2B, BB, RBI",0,0,0,2,1,0,0,0,1,0,3,0,3,0,0,1,0,0,0,0,-.--
133,669127,745681,7,4,1,0,0,.---,0,"1-3 | BB, RBI, R",0,2,0,1,0,0,0,0,1,0,1,0,3,1,0,1,4,0,0,0,-.--
133,676116,745681,8,4,0,0,0,.---,0,"0-3 | BB, 2 K, R",0,0,1,1,0,0,0,2,1,0,0,0,3,0,0,0,1,0,0,0,-.--
133,687231,745681,9,4,0,0,0,.---,0,"0-3 | BB, K, RBI",0,1,1,0,0,0,0,1,1,0,0,0,3,1,0,1,1,0,0,0,-.--
112,664023,745271,1,4,0,0,0,.---,0,0-4 | 2 K,1,1,1,0,0,0,0,2,0,0,0,0,4,0,0,0,2,0,0,0,-.--
112,673548,745271,2,4,3,1,0,0,0,"2-4 | 2B, K, R",0,1,0,1,1,0,0,1,0,0,2,0,4,0,0,0,0,0,0,0,-.--
112,641355,745271,3,4,1,0,0,.---,0,1-4 | K,2,0,2,0,0,0,0,1,0,0,1,0,4,0,0,0,1,0,0,0,-.--
112,666624,745271,4,4,0,0,0,.---,0,0-4 | 2 K,1,0,2,0,0,0,0,2,0,0,0,0,4,0,0,0,1,0,0,0,-.--
112,621020,745271,5,4,2,0,0,.---,0,"1-4 | 2B, K, R",1,1,1,1,1,0,0,1,0,0,1,0,4,0,0,0,1,0,0,0,-.--
112,683737,745271,6,4,5,0,0,.---,0,"2-4 | HR, 2 K, 2 RBI",0,0,0,1,0,0,1,2,0,0,2,0,4,0,0,2,0,0,0,0,4
112,663538,745271,7,3,1,1,0,0,1,"1-3 | K, CS",0,0,1,0,0,0,0,1,0,0,1,0,3,0,0,0,1,0,0,0,-.--
112,643565,745271,8,3,0,0,0,.---,0,0-3 | K,2,0,2,0,0,0,0,1,0,0,0,0,3,0,0,0,1,0,0,0,-.--
112,543228,745271,9,3,1,0,0,.---,0,1-3 | K,0,1,0,0,0,0,0,1,0,0,1,0,3,0,0,0,0,0,0,0,-.--
136,641487,745271,1,4,1,0,0,.---,0,"1-3 | BB, R",1,0,2,1,0,0,0,0,1,0,1,0,3,0,0,0,1,0,0,0,-.--
136,571745,745271,2,4,1,0,0,.---,0,1-4 | 3 K,0,0,0,0,0,0,0,3,0,0,1,0,4,0,0,0,3,0,0,0,-.--
136,593871,745271,3,4,4,0,0,.---,0,"1-3 | HR, BB, 2 K",0,0,0,1,0,0,1,2,1,0,1,0,3,0,0,2,1,0,0,0,3
136,664034,745271,4,4,0,0,0,.---,0,0-4 | K,0,3,0,0,0,0,0,1,0,0,0,0,4,2,0,0,4,0,0,0,-.--
136,686527,745271,5,0,0,0,0,.---,0,0-0,0,0,0,0,0,0,0,0,0,0,0,0,0,0,0,0,0,0,0,0,-.--
136,641598,745271,6,4,0,0,0,.---,0,"0-3 | BB, 2 K",0,0,1,0,0,0,0,2,1,0,0,0,3,0,0,0,1,0,0,0,-.--
136,663728,745271,7,4,1,0,0,.---,0,1-4,2,0,3,0,0,0,0,0,0,0,1,0,4,0,0,0,3,0,0,0,-.--
136,670042,745271,8,3,0,0,0,.---,0,0-3,0,2,1,0,0,0,0,0,0,0,0,0,3,1,0,0,3,0,0,0,-.--
136,668942,745271,9,3,0,0,0,.---,0,0-1 | 2 BB,1,0,1,0,0,0,0,0,2,0,0,0,1,0,0,0,0,0,0,0,-.--
138,680977,747216,1,4,0,0,0,.---,0,0-3 | BB,1,2,1,0,0,0,0,0,1,0,0,0,3,0,0,0,0,0,0,0,-.--
138,502671,747216,2,4,0,0,0,.---,0,0-4 | K,1,1,2,0,0,0,0,1,0,0,0,0,4,1,0,0,1,0,0,0,-.--
138,669357,747216,3,4,1,0,0,.---,0,1-4 | 2 K,1,0,1,0,0,0,0,2,0,0,1,0,4,0,0,0,0,0,0,0,-.--
138,571448,747216,4,4,2,0,0,.---,0,"1-4 | 2B, K",0,1,1,0,1,0,0,1,0,0,1,0,4,0,0,0,1,0,0,0,-.--
138,575929,747216,5,4,2,0,0,.---,0,"1-4 | 2B, K",1,1,1,0,1,0,0,1,0,0,1,0,4,0,0,0,1,0,0,0,-.--
138,663457,747216,6,4,0,0,0,.---,0,0-2 | 2 BB,0,2,0,0,0,0,0,0,2,0,0,0,2,0,0,0,1,0,0,0,-.--
138,671056,747216,7,3,1,0,0,.---,0,1-3 | K,1,0,1,0,0,0,0,1,0,0,1,0,3,0,0,0,2,0,0,0,-.--
138,543063,747216,8,3,0,0,0,.---,0,0-3 | K,1,0,2,0,0,0,0,1,0,0,0,0,3,0,0,0,5,0,0,0,-.--
138,672279,747216,9,2,0,0,0,.---,0,0-2,0,2,0,0,0,0,0,0,0,0,0,0,2,0,0,0,3,0,0,0,-.--
109,606466,747216,1,4,0,0,0,.---,0,"0-3 | BB, R",0,2,1,1,0,0,0,0,1,0,0,0,3,0,0,0,0,0,0,0,-.--
109,682998,747216,2,4,1,0,1,1,0,"1-4 | 2 RBI, SB",2,1,2,0,0,0,0,0,0,0,1,0,4,0,0,2,0,0,0,0,-.--
109,666971,747216,3,4,0,0,0,.---,0,0-4 | K,0,2,1,0,0,0,0,1,0,0,0,0,4,0,0,0,1,0,0,0,-.--
109,572233,747216,4,4,3,0,0,.---,0,"3-4 | K, R",0,0,0,1,0,0,0,1,0,0,3,0,4,0,0,0,0,0,0,0,-.--
109,592626,747216,5,4,2,0,0,.---,0,"1-3 | 2B, BB, R",1,0,2,1,1,0,0,0,1,0,1,0,3,0,0,0,2,0,0,0,-.--
109,607054,747216,6,4,0,0,0,.---,0,"0-3 | K, RBI",0,2,1,0,0,0,0,1,0,0,0,0,3,1,0,1,3,0,1,0,-.--
109,664983,747216,7,3,3,0,1,1,0,"2-3 | 2B, K, RBI",0,0,0,1,1,0,0,1,0,0,2,0,3,0,0,1,0,0,0,0,-.--
109,677942,747216,8,3,0,0,0,.---,0,0-3,0,3,0,0,0,0,0,0,0,0,0,0,3,0,0,0,3,0,0,0,-.--
109,571466,747216,9,3,0,0,0,.---,0,"0-2 | BB, K, R",0,1,0,1,0,0,0,1,1,0,0,0,2,0,0,0,0,0,0,0,-.--
135,593428,746164,1,5,0,0,0,.---,0,"0-2 | 3 BB, R",1,1,1,1,0,0,0,0,3,0,0,0,2,0,0,0,0,0,0,0,-.--
135,665487,746164,2,5,1,0,0,.---,0,"1-3 | 2 BB, K, R",1,0,1,1,0,0,0,1,2,0,1,0,3,0,0,0,2,0,0,0,-.--
135,630105,746164,3,5,0,0,0,.---,0,"0-3 | 2 BB, R",0,2,1,1,0,0,0,0,2,0,0,0,3,2,0,0,6,0,0,0,-.--
135,592518,746164,4,5,5,0,0,.---,0,"2-4 | HR, BB, RBI",1,0,2,2,0,0,1,0,1,0,2,0,4,0,0,1,4,0,0,0,4
135,595777,746164,5,4,2,0,0,.---,0,"1-3 | 2B, BB, 3 RBI",0,1,1,1,1,0,0,0,1,0,1,0,3,0,0,3,0,0,0,0,-.--
135,673490,746164,6,5,0,1,0,0,0,"0-1 | 4 BB, CS",1,0,1,0,0,0,0,0,4,1,0,0,1,0,0,0,2,0,0,0,-.--
135,669134,746164,7,5,0,0,0,.---,0,0-5 | K,1,3,1,0,0,0,0,1,0,0,0,0,5,2,0,0,6,0,0,0,-.--
135,701538,746164,8,4,3,0,0,.---,0,3-4 | RBI,0,1,0,0,0,0,0,0,0,0,3,0,4,0,0,1,0,0,0,0,-.--
135,666703,746164,9,2,2,0,0,.---,0,"1-2 | 2B, K",0,0,0,0,1,0,0,1,0,0,1,0,2,0,0,0,2,0,0,0,-.--
119,605141,746164,1,4,1,0,1,1,0,1-4 | SB,1,0,3,0,0,0,0,0,0,0,1,0,4,0,0,0,0,0,0,0,-.--
119,660271,746164,2,4,1,0,0,.---,0,1-4 | 2 K,0,0,1,0,0,0,0,2,0,0,1,0,4,0,0,0,1,0,0,0,-.--
119,518692,746164,3,4,2,0,0,.---,0,"1-4 | 2B, R",2,0,3,1,1,0,0,0,0,0,1,0,4,0,0,0,2,0,0,0,-.--
119,669257,746164,4,4,2,0,0,.---,0,"2-3 | BB, RBI, R",0,1,0,1,0,0,0,0,1,0,2,0,3,0,0,1,1,0,0,0,-.--
119,571970,746164,5,4,4,0,0,.---,0,"1-4 | HR, 2 RBI, R",1,0,3,1,0,0,1,0,0,0,1,0,4,0,0,2,4,0,0,0,4
119,606192,746164,6,4,0,0,0,.---,0,0-4,2,2,2,0,0,0,0,0,0,0,0,0,4,0,0,0,1,0,0,0,-.--
119,681546,746164,7,4,0,0,0,.---,0,0-3 | BB,0,0,3,0,0,0,0,0,1,0,0,0,3,0,0,0,1,0,0,0,-.--
119,571771,746164,8,4,0,0,0,.---,0,0-3 | BB,0,2,1,0,0,0,0,0,1,0,0,0,3,1,0,0,1,0,0,0,-.--
119,666158,746164,9,3,0,0,0,.---,0,0-3 | K,1,1,1,0,0,0,0,1,0,0,0,0,3,0,0,0,1,0,0,0,-.--
114,680757,746974,1,5,1,0,0,.---,0,"1-5 | K, R",1,2,1,1,0,0,0,1,0,0,1,0,5,0,0,0,3,0,0,0,-.--
114,665926,746974,2,4,0,0,0,.---,0,0-4 | K,2,0,3,0,0,0,0,1,0,0,0,0,4,0,0,0,3,0,0,0,-.--
114,608070,746974,3,4,2,0,0,.---,0,"1-4 | 2B, K, RBI",1,1,1,0,1,0,0,1,0,0,1,0,4,0,0,1,0,0,0,0,-.--
114,647304,746974,4,4,1,0,0,.---,0,1-4 | R,2,0,3,1,0,0,0,0,0,0,1,0,4,0,0,0,1,0,0,0,-.--
114,666310,746974,5,4,1,0,0,.---,0,1-4 | 2 K,0,1,0,0,0,0,0,2,0,0,1,0,4,0,0,0,1,0,0,0,-.--
114,671289,746974,6,2,0,0,0,.---,0,0-2 | K,1,0,1,0,0,0,0,1,0,0,0,0,2,0,0,0,0,0,0,0,-.--
114,664314,746974,7,4,0,0,0,.---,0,0-3 | K,0,2,1,0,0,0,0,1,0,0,0,0,3,0,0,0,0,1,0,0,-.--
114,672356,746974,8,4,6,0,0,.---,0,"3-4 | 3B, 2B, K",0,0,0,1,1,1,0,1,0,0,3,0,4,0,0,1,0,0,0,0,-.--
114,677587,746974,9,4,1,0,1,1,0,"1-3 | BB, RBI, R",1,1,1,1,0,0,0,0,1,0,1,0,3,0,0,1,2,0,0,0,-.--
111,680776,746974,1,4,1,0,0,.---,0,1-4 | K,0,2,0,0,0,0,0,1,0,0,1,0,4,0,0,0,0,0,0,0,-.--
111,646240,746974,2,4,1,0,0,.---,0,1-4 | K,1,0,2,0,0,0,0,1,0,0,1,0,4,0,0,0,1,0,0,0,-.--
111,641933,746974,3,3,1,0,0,.---,0,1-2 | BB,1,0,1,0,0,0,0,0,1,0,1,0,2,0,0,0,0,0,0,0,-.--
111,671213,746974,4,4,0,0,0,.---,0,0-4,3,1,3,0,0,0,0,0,0,0,0,0,4,0,0,0,3,0,0,0,-.--
111,807799,746974,5,4,0,0,0,.---,0,0-4 | K,2,1,2,0,0,0,0,1,0,0,0,0,4,0,0,0,1,0,0,0,-.--
111,677800,746974,6,3,0,0,1,1,0,"0-2 | BB, 2 K, SB",0,0,0,0,0,0,0,2,1,0,0,0,2,0,0,0,0,0,0,0,-.--
111,665839,746974,7,3,0,0,0,.---,0,0-3 | K,1,1,1,0,0,0,0,1,0,0,0,0,3,0,0,0,1,0,0,0,-.--
111,624512,746974,8,3,0,0,0,.---,0,0-3 | K,0,2,0,0,0,0,0,1,0,0,0,0,3,0,0,0,1,0,0,0,-.--
111,678882,746974,9,3,0,0,0,.---,0,0-3,3,0,3,0,0,0,0,0,0,0,0,0,3,0,0,0,1,0,0,0,-.--
142,622534,747053,1,3,1,0,0,.---,0,1-3,1,1,1,0,0,0,0,0,0,0,1,0,3,0,0,0,0,0,0,0,-.--
142,680777,747053,2,4,5,0,0,.---,0,"3-4 | 2 2B, K, 2 RBI",0,0,0,0,2,0,0,1,0,0,3,0,4,0,0,2,0,0,0,0,-.--
142,621439,747053,3,4,2,0,0,.---,0,"1-4 | 2B, K, R",1,0,2,1,1,0,0,1,0,0,1,0,4,0,0,0,4,0,0,0,-.--
142,571657,747053,4,3,0,0,0,.---,0,0-3,0,1,2,0,0,0,0,0,0,0,0,0,3,0,0,0,2,0,0,0,-.--
142,669304,747053,5,4,6,0,0,.---,0,"3-4 | HR, 2 RBI, R",0,1,0,1,0,0,1,0,0,0,3,0,4,0,0,2,0,0,0,0,4
142,467793,747053,6,4,1,0,0,.---,0,1-4 | K,0,2,0,0,0,0,0,1,0,0,1,0,4,1,0,0,1,0,0,0,-.--
142,543877,747053,7,3,0,0,0,.---,0,0-3 | K,1,1,1,0,0,0,0,1,0,0,0,0,3,1,0,0,2,0,0,0,-.--
142,668885,747053,8,4,1,0,0,.---,0,"1-4 | 2 K, R",0,1,0,1,0,0,0,2,0,0,1,0,4,0,0,0,0,0,0,0,-.--
142,666397,747053,9,4,2,0,0,.---,0,"1-4 | 2B, K, R",1,1,1,1,1,0,0,1,0,0,1,0,4,0,0,0,0,0,0,0,-.--
110,683002,747053,1,5,5,0,0,.---,0,"2-4 | HR, BB, K",0,1,0,1,0,0,1,1,1,0,2,0,4,0,0,1,0,0,0,0,4
110,668939,747053,2,5,2,0,0,.---,0,"2-4 | HBP, R",2,0,2,1,0,0,0,0,0,0,2,1,4,0,0,0,1,0,0,0,-.--
110,656811,747053,3,5,5,0,0,.---,0,"2-5 | HR, K, RBI",0,1,1,2,0,0,1,1,0,0,2,0,5,0,0,1,3,0,0,0,5
110,663624,747053,4,4,2,0,0,.---,0,"2-4 | K, R",0,1,0,1,0,0,0,1,0,0,2,0,4,0,0,0,2,0,0,0,-.--
110,681297,747053,5,4,0,0,0,.---,0,0-4 | 4 K,0,0,0,0,0,0,0,4,0,0,0,0,4,0,0,0,4,0,0,0,-.--
110,676059,747053,6,4,4,0,0,.---,0,"3-4 | 2B, 2 RBI, R",0,1,0,1,1,0,0,0,0,0,3,0,4,0,0,2,0,0,0,0,-.--
110,656775,747053,7,4,4,0,0,.---,0,"1-3 | HR, 3 RBI, R",1,1,2,1,0,0,1,0,0,0,1,0,3,0,0,3,2,0,1,0,3
110,669720,747053,8,4,0,0,0,.---,0,0-4,0,3,1,0,0,0,0,0,0,0,0,0,4,0,0,0,1,0,0,0,-.--
110,702616,747053,9,4,0,0,0,.---,0,0-4 | K,2,1,2,0,0,0,0,1,0,0,0,0,4,0,0,0,0,0,0,0,-.--
140,543760,746488,1,4,1,0,0,.---,0,"1-4 | K, RBI",0,2,0,0,0,0,0,1,0,0,1,0,4,0,0,1,2,0,0,0,-.--
140,608671,746488,2,4,0,0,0,.---,0,0-4,2,1,3,0,0,0,0,0,0,0,0,0,4,0,0,0,3,0,0,0,-.--
140,694497,746488,3,4,0,0,0,.---,0,0-4 | K,1,2,1,0,0,0,0,1,0,0,0,0,4,0,0,0,1,0,0,0,-.--
140,666969,746488,4,4,0,0,0,.---,0,0-4 | 2 K,0,1,1,0,0,0,0,2,0,0,0,0,4,0,0,0,0,0,0,0,-.--
140,669701,746488,5,4,1,0,0,.---,0,1-4 | K,1,1,1,0,0,0,0,1,0,0,1,0,4,0,0,0,0,0,0,0,-.--
140,677649,746488,6,4,2,0,0,.---,0,2-4 | K,0,1,0,0,0,0,0,1,0,0,2,0,4,0,0,0,1,0,0,0,-.--
140,641680,746488,7,4,3,0,1,1,0,"2-4 | 2B, R, SB",1,0,2,1,1,0,0,0,0,0,2,0,4,0,0,0,2,0,0,0,-.--
140,665120,746488,8,3,0,0,0,.---,0,"0-2 | BB, K",0,1,0,0,0,0,0,1,1,0,0,0,2,0,0,0,3,0,0,0,-.--
140,665750,746488,9,3,1,0,0,.---,0,1-3 | K,0,0,1,0,0,0,0,1,0,0,1,0,3,0,0,0,1,0,0,0,-.--
116,682985,746488,1,4,0,0,0,.---,0,"0-2 | 2 BB, K",0,1,0,0,0,0,0,1,2,0,0,0,2,0,0,0,0,0,0,0,-.--
116,592192,746488,2,4,3,0,0,.---,0,2-4 | 2B,0,2,0,0,1,0,0,0,0,0,2,0,4,2,0,0,4,0,0,0,-.--
116,679529,746488,3,4,0,0,0,.---,0,"0-1 | 2 BB, K",0,0,0,0,0,0,0,1,2,0,0,0,1,0,0,0,0,0,0,1,-.--
116,681481,746488,4,4,1,0,0,.---,0,"1-3 | BB, K",0,0,1,0,0,0,0,1,1,0,1,0,3,0,0,0,4,0,0,0,-.--
116,663837,746488,5,2,0,0,0,.---,0,0-2,0,1,1,0,0,0,0,0,0,0,0,0,2,1,0,0,4,0,0,0,-.--
116,690993,746488,6,4,0,0,0,.---,0,0-4 | K,1,2,1,0,0,0,0,1,0,0,0,0,4,0,0,0,2,0,0,0,-.--
116,570482,746488,7,4,1,0,0,.---,0,1-4,0,2,1,0,0,0,0,0,0,0,1,0,4,0,0,0,0,0,0,0,-.--
116,595879,746488,8,4,1,0,0,.---,0,1-4,1,2,1,0,0,0,0,0,0,0,1,0,4,0,0,0,0,0,0,0,-.--
116,608348,746488,9,3,0,0,0,.---,0,0-3 | K,1,0,2,0,0,0,0,1,0,0,0,0,3,0,0,0,2,0,0,0,-.--
115,453568,745597,1,4,0,0,0,.---,0,0-4,1,1,3,0,0,0,0,0,0,0,0,0,4,1,0,0,3,0,0,0,-.--
115,678662,745597,2,4,0,0,0,.---,0,0-4 | 2 K,0,1,1,0,0,0,0,2,0,0,0,0,4,0,0,0,0,0,0,0,-.--
115,641857,745597,3,4,0,0,0,.---,0,0-4 | K,2,0,3,0,0,0,0,1,0,0,0,0,4,0,0,0,0,0,0,0,-.--
115,553869,745597,4,4,3,0,0,.---,0,"2-4 | 2B, K",1,0,1,0,1,0,0,1,0,0,2,0,4,0,0,0,0,0,0,0,-.--
115,666134,745597,5,4,0,0,0,.---,0,"0-3 | BB, 2 K",0,1,0,0,0,0,0,2,1,1,0,0,3,0,0,0,1,0,0,0,-.--
115,660707,745597,6,4,0,0,0,.---,0,0-4 | K,0,2,1,0,0,0,0,1,0,0,0,0,4,0,0,0,1,0,0,0,-.--
115,669911,745597,7,4,4,0,0,.---,0,"1-4 | HR, K, RBI",2,0,2,1,0,0,1,1,0,0,1,0,4,0,0,1,1,0,0,0,4
115,686668,745597,8,4,1,0,0,.---,0,"1-3 | BB, K",1,0,1,0,0,0,0,1,1,0,1,0,3,0,0,0,1,0,0,0,-.--
115,676701,745597,9,3,1,0,0,.---,0,1-3 | K,0,1,0,0,0,0,0,1,0,0,1,0,3,0,0,0,2,0,0,0,-.--
143,656941,745597,1,4,0,0,0,.---,0,"0-3 | BB, K",1,1,1,0,0,0,0,1,1,0,0,0,3,0,0,0,1,0,0,0,-.--
143,607208,745597,2,4,2,0,0,.---,0,"1-4 | 2B, K, R",0,1,1,1,1,0,0,1,0,0,1,0,4,0,0,0,1,0,0,0,-.--
143,547180,745597,3,4,1,1,0,0,0,"1-3 | BB, RBI, CS",2,0,2,0,0,0,0,0,1,0,1,0,3,0,0,1,1,0,0,0,-.--
143,592663,745597,4,4,1,0,0,.---,0,1-4,0,2,1,0,0,0,0,0,0,0,1,0,4,0,0,0,2,0,0,0,-.--
143,669016,745597,5,4,0,0,0,.---,0,0-4 | K,0,3,0,0,0,0,0,1,0,0,0,0,4,0,0,0,1,0,0,0,-.--
143,592206,745597,6,4,0,0,0,.---,0,0-4 | K,2,0,3,0,0,0,0,1,0,0,0,0,4,0,0,0,0,0,0,0,-.--
143,681082,745597,7,4,2,0,1,1,0,"2-3 | BB, R, SB",0,1,0,1,0,0,0,0,1,0,2,0,3,0,0,0,0,0,0,0,-.--
143,593160,745597,8,4,0,0,0,.---,0,0-3,1,2,2,0,0,0,0,0,0,0,0,0,3,0,0,0,3,1,0,0,-.--
143,679032,745597,9,3,0,0,0,.---,0,0-3,1,0,3,0,0,0,0,0,0,0,0,0,3,0,0,0,2,0,0,0,-.--
137,808982,746080,1,5,2,1,0,0,0,"2-4 | BB, K, RBI",1,0,1,1,0,0,0,1,1,0,2,0,4,0,0,1,2,0,0,0,-.--
137,664774,746080,2,3,1,1,0,0,0,"1-3 | 2 K, CS",0,0,0,0,0,0,0,2,0,0,1,0,3,0,0,0,2,0,0,0,-.--
137,624585,746080,3,4,1,0,0,.---,0,"1-3 | HBP, 2 K",0,0,0,0,0,0,0,2,0,0,1,1,3,0,0,0,1,0,0,0,-.--
137,624424,746080,4,4,1,0,0,.---,0,"1-4 | K, RBI",0,1,1,0,0,0,0,1,0,0,1,0,4,0,0,1,4,0,0,0,-.--
137,656305,746080,5,4,0,0,0,.---,0,0-4 | 2 K,0,1,1,0,0,0,0,2,0,0,0,0,4,0,0,0,2,0,0,0,-.--
137,642731,746080,6,4,2,0,0,.---,0,"1-4 | 2B, K, R",0,2,0,1,1,0,0,1,0,0,1,0,4,0,0,0,2,0,0,0,-.--
137,573262,746080,7,4,0,0,0,.---,0,"0-3 | BB, R",0,1,2,1,0,0,0,0,1,0,0,0,3,0,0,0,0,0,0,0,-.--
137,672275,746080,8,4,0,0,0,.---,0,"0-2 | BB, K, RBI",0,0,2,0,0,0,0,1,1,0,0,0,2,0,0,1,0,0,1,0,-.--
137,605113,746080,9,4,1,0,0,.---,0,"1-3 | BB, K, R",0,1,0,1,0,0,0,1,1,0,1,0,3,0,0,0,1,0,0,0,-.--
146,650333,746080,1,5,3,0,0,.---,0,3-4 | R,1,1,1,1,0,0,0,0,0,0,3,0,4,0,0,0,0,1,0,0,-.--
146,650559,746080,2,5,2,0,0,.---,0,"1-5 | 2B, K, 2 RBI",2,1,2,0,1,0,0,1,0,0,1,0,5,0,0,2,3,0,0,0,-.--
146,605137,746080,3,4,0,0,0,.---,0,0-4,1,3,1,0,0,0,0,0,0,0,0,0,4,0,0,0,3,0,0,0,-.--
146,641313,746080,4,4,1,1,0,0,1,"1-3 | BB, CS",1,1,1,0,0,0,0,0,1,0,1,0,3,0,0,0,0,0,0,0,-.--
146,665862,746080,5,4,2,0,1,1,0,2-4 | SB,2,0,2,0,0,0,0,0,0,0,2,0,4,0,0,0,2,0,0,0,-.--
146,541645,746080,6,4,4,0,0,.---,0,"1-4 | HR, 2 K, RBI",1,0,1,1,0,0,1,2,0,0,1,0,4,0,0,1,2,0,0,0,4
146,656896,746080,7,3,1,0,0,.---,0,1-3,2,0,2,0,0,0,0,0,0,0,1,0,3,0,0,0,0,0,0,0,-.--
146,663743,746080,8,3,0,0,0,.---,0,0-3,2,0,3,0,0,0,0,0,0,0,0,0,3,0,0,0,2,0,0,0,-.--
146,672640,746080,9,4,1,0,0,.---,0,"1-4 | 2 K, R",0,1,0,1,0,0,0,2,0,0,1,0,4,0,0,0,0,0,0,0,-.--
108,543685,745106,1,5,4,0,0,.---,0,"3-5 | 2B, 2 R",1,1,1,2,1,0,0,0,0,0,3,0,5,0,0,0,0,0,0,0,-.--
108,545361,745106,2,5,5,0,0,.---,0,"2-5 | HR, 2 RBI, R",0,2,1,1,0,0,1,0,0,0,2,0,5,0,0,2,2,0,0,0,5
108,621493,745106,3,5,5,0,0,.---,0,"2-5 | HR, 2 K, 2 RBI",1,0,1,2,0,0,1,2,0,0,2,0,5,0,0,2,2,0,0,0,5
108,593934,745106,4,5,3,0,0,.---,0,"3-4 | BB, R",0,1,0,1,0,0,0,0,1,0,3,0,4,0,0,0,0,0,0,0,-.--
108,694384,745106,5,5,0,0,0,.---,0,0-5,2,1,4,0,0,0,0,0,0,0,0,0,5,0,0,0,6,0,0,0,-.--
108,592273,745106,6,4,2,0,0,.---,0,"1-3 | 2B, BB",0,0,2,0,1,0,0,0,1,0,1,0,3,0,0,0,0,0,0,0,-.--
108,642136,745106,7,4,2,0,0,.---,0,"1-3 | 2B, BB, 2 K",0,0,0,0,1,0,0,2,1,0,1,0,3,0,0,3,0,0,0,0,-.--
108,666176,745106,8,2,1,1,0,0,0,1-2 | CS,0,1,0,0,0,0,0,0,0,0,1,0,2,0,0,0,0,0,0,0,-.--
108,687263,745106,9,4,0,0,0,.---,0,0-4 | 2 K,1,0,2,0,0,0,0,2,0,0,0,0,4,0,0,0,0,0,0,0,-.--
139,650490,745106,1,4,1,0,0,.---,0,"1-4 | K, R",0,2,0,1,0,0,0,1,0,0,1,0,4,0,0,0,3,0,0,0,-.--
139,623912,745106,2,4,4,0,0,.---,0,"1-4 | HR, 3 RBI, R",1,2,1,1,0,0,1,0,0,0,1,0,4,0,0,3,2,0,0,0,4
139,668227,745106,3,4,0,0,0,.---,0,0-4 | K,1,1,2,0,0,0,0,1,0,0,0,0,4,0,0,0,2,0,0,0,-.--
139,670623,745106,4,4,1,0,0,.---,0,1-3 | BB,1,1,1,0,0,0,0,0,1,0,1,0,3,0,0,0,0,0,0,0,-.--
139,642708,745106,5,4,1,0,0,.---,0,1-4 | K,0,1,1,0,0,0,0,1,0,0,1,0,4,0,0,0,1,0,0,0,-.--
139,676609,745106,6,4,0,0,0,.---,0,0-4 | K,1,2,1,0,0,0,0,1,0,0,0,0,4,0,0,0,3,0,0,0,-.--
139,678554,745106,7,3,1,0,0,.---,0,1-3,0,1,1,0,0,0,0,0,0,0,1,0,3,0,0,0,1,0,0,0,-.--
139,642350,745106,8,4,1,0,0,.---,0,"1-4 | K, R",0,2,0,1,0,0,0,1,0,0,1,0,4,0,0,0,0,0,0,0,-.--
139,650907,745106,9,3,0,0,0,.---,0,0-2 | BB,1,1,1,0,0,0,0,0,1,0,0,0,2,0,0,0,0,0,0,0,-.--
147,683011,744951,1,4,1,0,1,1,0,"1-4 | K, SB",0,2,0,0,0,0,0,1,0,0,1,0,4,0,0,0,0,0,0,0,-.--
147,665742,744951,2,4,0,0,0,.---,0,0-3 | BB,1,0,3,0,0,0,0,0,1,0,0,0,3,0,0,0,1,0,0,0,-.--
147,592450,744951,3,4,0,0,0,.---,0,0-4 | 2 K,0,1,1,0,0,0,0,2,0,0,0,0,4,0,0,0,2,0,0,0,-.--
147,519203,744951,4,4,0,0,0,.---,0,0-4 | K,1,1,2,0,0,0,0,1,0,0,0,0,4,1,0,0,2,0,0,0,-.--
147,650402,744951,5,3,1,0,0,.---,0,"1-3 | K, R",0,0,1,1,0,0,0,1,0,0,1,0,3,0,0,0,0,0,0,0,-.--
147,657077,744951,6,3,1,0,0,.---,0,1-3,0,1,1,0,0,0,0,0,0,0,1,0,3,0,0,0,0,0,0,0,-.--
147,665828,744951,7,3,1,0,0,.---,0,1-3 | RBI,1,1,1,0,0,0,0,0,0,0,1,0,3,0,0,1,0,0,0,0,-.--
147,669224,744951,8,3,0,0,0,.---,0,0-3 | K,1,0,2,0,0,0,0,1,0,0,0,0,3,0,0,0,2,0,0,0,-.--
147,663757,744951,9,3,0,1,0,0,0,"0-2 | BB, CS",1,0,2,0,0,0,0,0,1,0,0,0,2,0,0,0,2,0,0,0,-.--
141,543807,744951,1,4,0,0,1,1,0,"0-2 | 2 BB, K, SB",0,1,0,0,0,0,0,1,2,0,0,0,2,0,0,0,2,0,0,0,-.--
141,665489,744951,2,4,0,0,0,.---,0,"0-2 | 2 BB, K",0,1,0,0,0,0,0,1,2,0,0,0,2,0,0,0,3,0,0,0,-.--
141,666182,744951,3,4,1,0,1,1,1,"1-4 | R, SB",1,2,1,1,0,0,0,0,0,0,1,0,4,1,0,0,4,0,0,0,-.--
141,457759,744951,4,4,0,0,0,.---,0,"0-3 | BB, 2 K",1,0,1,0,0,0,0,2,1,0,0,0,3,0,0,0,3,0,0,0,-.--
141,624415,744951,5,4,2,0,0,.---,0,"1-4 | 2B, 2 K, R",0,0,1,1,1,0,0,2,0,0,1,0,4,0,0,0,2,0,0,0,-.--
141,672386,744951,6,4,3,0,0,.---,0,"2-3 | 2B, BB, RBI",1,0,1,1,1,0,0,0,1,0,2,0,3,0,0,1,0,0,0,0,-.--
141,662139,744951,7,3,0,0,0,.---,0,0-2 | BB,1,0,2,0,0,0,0,0,1,0,0,0,2,0,0,0,2,0,0,0,-.--
141,643396,744951,8,3,0,0,0,.---,0,"0-2 | BB, RBI",1,1,1,0,0,0,0,0,1,0,0,0,2,1,0,1,1,0,0,0,-.--
141,595281,744951,9,3,0,0,0,.---,0,0-3 | 2 K,0,1,0,0,0,0,0,2,0,0,0,0,3,0,0,0,3,0,0,0,-.--
134,665833,745840,1,5,0,0,0,.---,0,"0-4 | BB, 3 K",1,0,1,0,0,0,0,3,1,0,0,0,4,0,0,0,2,0,0,0,-.--
134,668804,745840,2,4,1,0,0,.---,0,1-4,1,2,1,0,0,0,0,0,0,0,1,0,4,0,0,0,1,0,0,0,-.--
134,663647,745840,3,4,0,0,0,.---,0,"0-3 | BB, K, R",0,1,1,1,0,0,0,1,1,0,0,0,3,0,0,0,2,0,0,0,-.--
134,642133,745840,4,4,0,0,0,.---,0,0-4 | 2 K,1,1,1,0,0,0,0,2,0,0,0,0,4,0,0,0,3,0,0,0,-.--
134,457705,745840,5,4,1,0,0,.---,0,"1-3 | BB, K, RBI",0,1,0,1,0,0,0,1,1,0,1,0,3,0,0,1,0,0,0,0,-.--
134,669261,745840,6,4,0,0,0,.---,0,"0-2 | 2 BB, R",0,1,1,1,0,0,0,0,2,0,0,0,2,0,0,0,0,0,0,0,-.--
134,656582,745840,7,4,1,0,0,.---,0,"1-4 | 2 K, RBI",0,1,0,0,0,0,0,2,0,0,1,0,4,0,0,1,2,0,0,0,-.--
134,669707,745840,8,4,0,0,0,.---,0,"0-1 | 2 BB, RBI",0,1,1,0,0,0,0,0,2,0,0,0,1,0,0,1,2,0,1,0,-.--
134,680779,745840,9,4,0,0,0,.---,0,0-4 | K,0,2,1,0,0,0,0,1,0,0,0,0,4,0,0,0,3,0,0,0,-.--
121,607043,745840,1,5,0,0,0,.---,0,0-5 | RBI,1,2,3,0,0,0,0,0,0,0,0,0,5,0,0,1,3,0,0,0,-.--
121,516782,745840,2,5,3,0,0,.---,0,"2-5 | 2B, 2 K, R",0,1,0,1,1,0,0,2,0,0,2,0,5,0,0,0,1,0,0,0,-.--
121,596019,745840,3,5,3,0,0,.---,0,"2-4 | 2B, BB, R",0,2,0,1,1,0,0,0,1,0,2,0,4,0,0,0,2,0,0,0,-.--
121,624413,745840,4,4,0,0,0,.---,0,0-4 | K,1,1,2,0,0,0,0,1,0,0,0,0,4,0,0,0,4,0,0,0,-.--
121,683146,745840,5,4,1,0,0,.---,0,"1-3 | HBP, K, R",0,1,0,1,0,0,0,1,0,0,1,1,3,0,0,0,1,0,0,0,-.--
121,682626,745840,6,4,0,0,0,.---,0,"0-2 | 2 BB, K, RBI",0,0,1,0,0,0,0,1,2,0,0,0,2,0,0,1,1,0,0,0,-.--
121,643446,745840,7,4,0,0,1,1,0,"0-4 | K, R, SB",2,0,3,1,0,0,0,1,0,0,0,0,4,0,0,0,4,0,0,0,-.--
121,621438,745840,8,2,1,0,0,.---,0,1-2,0,0,1,0,0,0,0,0,0,0,1,0,2,0,0,0,1,0,0,0,-.--
121,664056,745840,9,4,2,0,1,1,0,"1-3 | 2B, HBP, 2 RBI",0,1,1,1,1,0,0,0,0,0,1,1,3,1,0,2,1,0,0,0,-.--
118,672580,746813,1,4,0,0,0,.---,0,"0-3 | BB, K",1,0,2,0,0,0,0,1,1,0,0,0,3,0,0,0,0,0,0,0,-.--
118,677951,746813,2,4,0,0,0,.---,0,0-4 | 2 K,2,0,2,0,0,0,0,2,0,0,0,0,4,0,0,0,3,0,0,0,-.--
118,686469,746813,3,4,6,0,0,.---,0,"2-3 | HR, 2B, BB",0,1,0,1,1,0,1,0,1,0,2,0,3,0,0,1,0,0,0,0,3
118,676369,746813,4,4,0,0,0,.---,0,0-3 | BB,1,2,1,0,0,0,0,0,1,0,0,0,3,0,0,0,1,0,0,0,-.--
118,669004,746813,5,4,0,0,0,.---,0,0-4 | K,1,2,1,0,0,0,0,1,0,0,0,0,4,0,0,0,3,0,0,0,-.--
118,679845,746813,6,4,1,0,0,.---,0,"1-4 | K, R",2,0,2,1,0,0,0,1,0,0,1,0,4,0,0,0,1,0,0,0,-.--
118,624428,746813,7,4,0,0,0,.---,0,"0-3 | BB, K",1,0,2,0,0,0,0,1,1,0,0,0,3,0,0,0,0,0,0,0,-.--
118,666023,746813,8,4,1,0,0,.---,0,1-4,1,0,3,0,0,0,0,0,0,0,1,0,4,0,0,0,2,0,0,0,-.--
118,664728,746813,9,4,1,0,0,.---,0,"1-4 | 2 K, RBI",0,1,0,0,0,0,0,2,0,0,1,0,4,0,0,1,1,0,0,0,-.--
145,543257,746813,1,4,0,0,0,.---,0,0-4 | 2 K,2,0,2,0,0,0,0,2,0,0,0,0,4,0,0,0,1,0,0,0,-.--
145,643217,746813,2,4,2,0,0,.---,0,2-4,0,1,1,0,0,0,0,0,0,0,2,0,4,0,0,0,0,0,0,0,-.--
145,683734,746813,3,4,0,0,0,.---,0,0-4 | K,0,1,2,0,0,0,0,1,0,0,0,0,4,1,0,0,2,0,0,0,-.--
145,657757,746813,4,4,0,0,0,.---,0,"0-2 | BB, HBP, K",0,0,1,0,0,0,0,1,1,0,0,1,2,0,0,0,1,0,0,0,-.--
145,672820,746813,5,3,0,0,0,.---,0,0-3,1,2,1,0,0,0,0,0,0,0,0,0,3,0,0,0,1,0,0,0,-.--
145,666150,746813,6,3,1,0,0,.---,0,1-3 | K,1,0,1,0,0,0,0,1,0,0,1,0,3,0,0,0,1,0,0,0,-.--
145,669699,746813,7,3,1,0,1,1,0,1-3 | SB,1,1,1,0,0,0,0,0,0,0,1,0,3,0,0,0,1,0,0,0,-.--
145,455117,746813,8,2,0,0,0,.---,0,0-2 | K,0,0,1,0,0,0,0,1,0,0,0,0,2,0,0,0,2,0,0,0,-.--
145,670032,746813,9,3,0,0,0,.---,0,0-3,2,1,2,0,0,0,0,0,0,0,0,0,3,0,0,0,1,0,0,0,-.--
135,593428,746002,1,5,1,0,0,.---,0,"1-5 | K, R",1,1,2,1,0,0,0,1,0,0,1,0,5,0,0,0,1,0,0,0,-.--
135,665487,746002,2,5,0,0,0,.---,0,"0-4 | BB, K, RBI",1,2,1,0,0,0,0,1,1,0,0,0,4,0,0,1,3,0,0,0,-.--
135,630105,746002,3,5,0,0,0,.---,0,"0-3 | BB, 2 R",1,2,1,2,0,0,0,0,1,0,0,0,3,0,0,0,2,0,0,1,-.--
135,592518,746002,4,5,2,0,0,.---,0,"2-5 | 2 K, RBI, R",1,0,1,1,0,0,0,2,0,0,2,0,5,0,0,1,1,0,0,0,-.--
135,595777,746002,5,5,1,0,0,.---,0,1-5 | K,0,1,2,0,0,0,0,1,0,0,1,0,5,0,0,0,4,0,0,0,-.--
135,673490,746002,6,5,1,0,0,.---,0,"1-3 | 2 BB, RBI, R",0,2,0,1,0,0,0,0,2,0,1,0,3,0,0,1,2,0,0,0,-.--
135,701538,746002,7,5,3,0,1,1,0,"3-5 | 2 RBI, SB",2,0,2,0,0,0,0,0,0,0,3,0,5,0,0,2,2,0,0,0,-.--
135,669134,746002,8,5,2,0,0,.---,0,"2-5 | K, RBI, R",0,1,1,1,0,0,0,1,0,0,2,0,5,0,0,1,5,0,0,0,-.--
135,642180,746002,9,3,1,0,0,.---,0,"1-3 | K, R",0,1,0,1,0,0,0,1,0,0,1,0,3,0,0,0,2,0,0,0,-.--
158,694192,746002,1,5,5,0,1,1,0,"2-4 | HR, BB, 2 RBI",1,1,1,2,0,0,1,0,1,0,2,0,4,0,0,2,0,0,0,0,4
158,661388,746002,2,5,2,0,0,.---,0,"2-3 | 2 BB, K",0,0,0,0,0,0,0,1,2,0,2,0,3,0,0,0,0,0,0,0,-.--
158,686217,746002,3,5,1,0,0,.---,0,1-5 | 2 K,1,0,2,0,0,0,0,2,0,0,1,0,5,0,0,0,7,0,0,0,-.--
158,642715,746002,4,4,1,0,0,.---,0,"1-2 | 2 BB, RBI",0,1,0,0,0,0,0,0,2,0,1,0,2,0,0,1,0,0,0,0,-.--
158,656555,746002,5,4,1,0,0,.---,0,1-4,1,1,2,0,0,0,0,0,0,0,1,0,4,1,0,0,4,0,0,0,-.--
158,668930,746002,6,4,0,0,1,1,0,0-4 | SB,0,3,1,0,0,0,0,0,0,0,0,0,4,1,0,0,5,0,0,0,-.--
158,596142,746002,7,3,0,0,0,.---,0,0-3 | K,1,1,1,0,0,0,0,1,0,0,0,0,3,0,0,0,2,0,0,0,-.--
158,663368,746002,8,4,1,0,0,.---,0,1-4 | K,0,2,0,0,0,0,0,1,0,0,1,0,4,0,0,0,0,0,0,0,-.--
158,687401,746002,9,3,1,0,0,.---,0,1-3 | R,0,0,2,1,0,0,0,0,0,0,1,0,3,0,0,0,0,0,0,0,-.--
144,660670,746406,1,5,3,0,0,.---,0,"2-4 | 2B, BB, 2 K",0,0,0,1,1,0,0,2,1,0,2,0,4,0,0,0,0,0,0,0,-.--
144,645277,746406,2,5,1,0,0,.---,0,"1-3 | BB, HBP, 2 K",0,0,0,1,0,0,0,2,1,0,1,1,3,0,0,1,0,0,0,0,-.--
144,663586,746406,3,5,4,0,0,.---,0,"3-5 | 2B, K, RBI",0,1,0,0,1,0,0,1,0,0,3,0,5,0,0,1,5,0,0,0,-.--
144,621566,746406,4,5,1,0,0,.---,0,1-5 | 2 K,0,2,0,0,0,0,0,2,0,0,1,0,5,0,0,0,7,0,0,0,-.--
144,542303,746406,5,5,1,0,0,.---,0,"1-4 | BB, K, RBI",1,1,1,0,0,0,0,1,1,0,1,0,4,0,0,1,2,0,0,0,-.--
144,671739,746406,6,5,0,0,0,.---,0,0-5 | RBI,0,4,1,0,0,0,0,0,0,0,0,0,5,1,0,1,4,0,0,0,-.--
144,518595,746406,7,5,2,0,0,.---,0,"1-5 | 2B, R",1,3,1,1,1,0,0,0,0,0,1,0,5,0,0,0,3,0,0,0,-.--
144,672284,746406,8,3,0,0,0,.---,0,"0-2 | BB, R",1,1,1,1,0,0,0,0,1,0,0,0,2,0,0,0,0,0,0,0,-.--
144,641645,746406,9,3,1,0,0,.---,0,1-3 | 2 K,0,0,0,0,0,0,0,2,0,0,1,0,3,0,0,0,0,0,0,0,-.--
117,514888,746406,1,4,3,0,0,.---,0,3-4,0,1,0,0,0,0,0,0,0,0,3,0,4,0,0,0,1,0,0,0,-.--
117,670541,746406,2,4,0,0,0,.---,0,0-4,0,2,2,0,0,0,0,0,0,0,0,0,4,1,0,0,4,0,0,0,-.--
117,663656,746406,3,4,0,0,1,1,0,"0-3 | BB, R, SB",1,1,2,1,0,0,0,0,1,0,0,0,3,0,0,0,0,0,0,0,-.--
117,608324,746406,4,4,2,0,0,.---,0,2-4 | RBI,1,1,1,0,0,0,0,0,0,0,2,0,4,0,0,1,0,0,0,0,-.--
117,673237,746406,5,4,0,0,0,.---,0,"0-3 | BB, K",0,2,0,0,0,0,0,1,1,0,0,0,3,0,0,0,1,0,0,0,-.--
117,676801,746406,6,4,0,0,0,.---,0,"0-3 | BB, 2 K",1,0,1,0,0,0,0,2,1,0,0,0,3,0,0,0,3,0,0,0,-.--
117,665161,746406,7,4,1,1,0,0,1,"1-4 | K, CS",1,0,2,0,0,0,0,1,0,0,1,0,4,0,0,0,1,0,0,0,-.--
117,547989,746406,8,4,0,0,0,.---,0,0-4 | 2 K,1,1,1,0,0,0,0,2,0,0,0,0,4,0,0,0,1,0,0,0,-.--
117,643289,746406,9,4,1,0,1,1,0,"1-3 | BB, K, SB",0,1,0,0,0,0,0,1,1,0,1,0,3,0,0,0,1,0,0,0,-.--
112,664023,747213,1,6,1,0,0,.---,0,1-6 | K,1,2,2,0,0,0,0,1,0,0,1,0,6,0,0,0,7,0,0,0,-.--
112,621020,747213,2,5,0,0,0,.---,0,0-5 | K,0,2,2,0,0,0,0,1,0,0,0,0,5,0,0,0,3,0,0,0,-.--
112,641355,747213,3,5,1,0,0,.---,0,1-3 | 2 BB,1,0,2,0,0,0,0,0,2,1,1,0,3,0,0,0,1,0,0,0,-.--
112,666624,747213,4,4,0,0,0,.---,0,0-4 | K,0,1,2,0,0,0,0,1,0,0,0,0,4,0,0,0,2,0,0,0,-.--
112,683737,747213,5,5,4,0,0,.---,0,"1-3 | HR, 2 BB, 2 K",0,0,0,1,0,0,1,2,2,0,1,0,3,0,0,1,1,0,0,0,3
112,643265,747213,6,5,2,0,0,.---,0,2-5,1,1,2,0,0,0,0,0,0,0,2,0,5,0,0,0,1,0,0,0,-.--
112,663538,747213,7,5,2,0,0,.---,0,"2-4 | BB, K, RBI",0,1,0,1,0,0,0,1,1,0,2,0,4,0,0,1,1,0,0,0,-.--
112,643565,747213,8,5,1,0,0,.---,0,1-5 | 3 K,0,1,0,0,0,0,0,3,0,0,1,0,5,0,0,0,5,0,0,0,-.--
112,665804,747213,9,3,1,0,0,.---,0,1-3,2,0,2,0,0,0,0,0,0,0,1,0,3,0,0,0,2,0,0,0,-.--
109,606466,747213,1,5,0,0,0,.---,0,0-4 | BB,1,1,3,0,0,0,0,0,1,1,0,0,4,0,0,0,2,0,0,0,-.--
109,682998,747213,2,5,1,0,0,.---,0,"1-5 | K, RBI",1,1,2,0,0,0,0,1,0,0,1,0,5,0,0,1,1,0,0,0,-.--
109,666971,747213,3,5,0,0,0,.---,0,0-5,3,0,5,0,0,0,0,0,0,0,0,0,5,0,0,0,3,0,0,0,-.--
109,572233,747213,4,5,0,0,0,.---,0,"0-4 | BB, K, R",0,2,1,1,0,0,0,1,1,0,0,0,4,0,0,0,1,0,0,0,-.--
109,592626,747213,5,4,0,0,0,.---,0,"0-3 | BB, K",2,0,2,0,0,0,0,1,1,0,0,0,3,0,0,0,1,0,0,0,-.--
109,553993,747213,6,4,0,0,0,.---,0,0-4 | K,1,2,1,0,0,0,0,1,0,0,0,0,4,0,0,0,1,0,0,0,-.--
109,672515,747213,7,4,0,0,0,.---,0,0-2 | 2 BB,1,1,1,0,0,0,0,0,2,0,0,0,2,0,0,0,0,0,0,0,-.--
109,664983,747213,8,2,1,0,0,.---,0,"1-2 | K, RBI",0,0,0,0,0,0,0,1,0,0,1,0,2,0,0,1,0,0,0,0,-.--
109,621028,747213,9,4,0,0,0,.---,0,0-4 | 2 K,1,1,1,0,0,0,0,2,0,0,0,0,4,0,0,0,5,0,0,0,-.--
138,680977,745677,1,5,0,0,0,.---,0,"0-4 | HBP, 2 K",0,1,1,0,0,0,0,2,0,0,0,1,4,0,0,0,2,0,0,0,-.--
138,502671,745677,2,4,0,0,0,.---,0,"0-3 | BB, K, R",0,0,2,1,0,0,0,1,1,0,0,0,3,0,0,0,1,0,0,0,-.--
138,663457,745677,3,4,2,0,0,.---,0,"1-3 | 2B, R",1,2,1,1,1,0,0,0,0,0,1,0,3,1,0,0,1,1,0,0,-.--
138,571448,745677,4,4,3,0,0,.---,0,"2-4 | 2B, RBI",1,0,2,0,1,0,0,0,0,0,2,0,4,0,0,1,1,0,0,0,-.--
138,575929,745677,5,4,4,0,0,.---,0,"2-4 | 2 2B, RBI, R",0,0,2,1,2,0,0,0,0,0,2,0,4,0,0,1,1,0,0,0,-.--
138,669357,745677,6,4,0,0,0,.---,0,0-4 | 2 K,1,1,1,0,0,0,0,2,0,0,0,0,4,0,0,0,3,0,0,0,-.--
138,691026,745677,7,4,3,0,0,.---,0,"2-3 | 2B, BB",0,0,1,0,1,0,0,0,1,0,2,0,3,0,0,0,0,0,0,0,-.--
138,691023,745677,8,3,1,0,0,.---,0,"1-3 | K, RBI",0,0,1,0,0,0,0,1,0,0,1,0,3,0,0,1,1,0,0,0,-.--
138,687363,745677,9,4,0,0,0,.---,0,0-4 | K,1,1,2,0,0,0,0,1,0,0,0,0,4,0,0,0,4,0,0,0,-.--
133,647351,745677,1,4,2,0,0,.---,0,"1-4 | 2B, 2 K",1,0,1,0,1,0,0,2,0,0,1,0,4,0,0,0,0,0,0,0,-.--
133,680869,745677,2,4,2,1,0,0,0,"2-4 | K, CS",0,1,0,0,0,0,0,1,0,0,2,0,4,0,0,0,1,0,0,0,-.--
133,668709,745677,3,4,1,0,0,.---,0,1-4 | 2 K,1,0,1,0,0,0,0,2,0,0,1,0,4,0,0,0,1,0,0,0,-.--
133,663527,745677,4,4,0,0,0,.---,0,"0-3 | BB, K",1,1,1,0,0,0,0,1,1,0,0,0,3,0,0,0,2,0,0,0,-.--
133,664913,745677,5,3,0,0,0,.---,0,0-3 | 3 K,0,0,0,0,0,0,0,3,0,0,0,0,3,0,0,0,3,0,0,0,-.--
133,669127,745677,6,3,0,0,0,.---,0,0-3,1,1,2,0,0,0,0,0,0,0,0,0,3,1,0,0,1,0,0,0,-.--
133,671732,745677,7,2,0,0,0,.---,0,0-2,0,1,1,0,0,0,0,0,0,0,0,0,2,0,0,0,0,0,0,0,-.--
133,687231,745677,8,3,0,0,0,.---,0,0-3,0,2,1,0,0,0,0,0,0,0,0,0,3,0,0,0,0,0,0,0,-.--
133,676116,745677,9,2,0,0,0,.---,0,0-2 | K,1,0,1,0,0,0,0,1,0,0,0,0,2,0,0,0,0,0,0,0,-.--
113,663697,745268,1,4,0,0,0,.---,0,0-4 | 2 K,1,0,2,0,0,0,0,2,0,0,0,0,4,0,0,0,0,0,0,0,-.--
113,666181,745268,2,4,3,0,1,1,0,"2-4 | 2B, 2 K, SB",0,0,0,0,1,0,0,2,0,0,2,0,4,0,0,0,0,0,0,0,-.--
113,687952,745268,3,4,4,0,0,.---,0,"2-4 | 2 2B, R",0,1,1,1,2,0,0,0,0,0,2,0,4,0,0,0,2,0,0,0,-.--
113,668715,745268,4,4,0,0,0,.---,0,0-4 | K,0,1,2,0,0,0,0,1,0,0,0,0,4,0,0,0,3,0,0,0,-.--
113,641584,745268,5,4,6,1,0,0,0,"2-4 | HR, 2B, K",0,0,1,1,1,0,1,1,0,0,2,0,4,0,0,2,0,0,0,0,4
113,682829,745268,6,4,0,0,0,.---,0,0-4 | K,0,2,1,0,0,0,0,1,0,0,0,0,4,0,0,0,1,0,0,0,-.--
113,600869,745268,7,3,4,0,0,.---,0,"1-3 | HR, RBI, R",2,0,2,1,0,0,1,0,0,0,1,0,3,0,0,1,0,0,0,0,3
113,605361,745268,8,3,0,0,0,.---,0,0-3 | 2 K,1,0,1,0,0,0,0,2,0,0,0,0,3,0,0,0,0,0,0,0,-.--
113,663886,745268,9,3,0,0,0,.---,0,0-3 | K,1,1,1,0,0,0,0,1,0,0,0,0,3,0,0,0,0,0,0,0,-.--
136,641487,745268,1,5,0,0,0,.---,0,"0-4 | BB, 3 K, R",0,1,0,1,0,0,0,3,1,0,0,0,4,0,0,0,3,0,0,0,-.--
136,677594,745268,2,5,1,0,1,1,0,"1-4 | BB, K, 2 R",1,1,1,2,0,0,0,1,1,0,1,0,4,0,0,0,1,0,0,0,-.--
136,593871,745268,3,5,4,0,0,.---,0,"1-3 | HR, 2 BB, K",0,1,0,3,0,0,1,1,2,0,1,0,3,0,0,3,1,0,0,0,3
136,571745,745268,4,4,6,0,0,.---,0,"2-3 | HR, 2B, BB",0,1,0,2,1,0,1,0,1,0,2,0,3,0,0,3,0,0,0,0,3
136,664034,745268,5,4,2,0,0,.---,0,"1-3 | 2B, RBI, R",1,1,2,1,1,0,0,0,0,0,1,0,3,1,0,1,1,0,1,0,-.--
136,663728,745268,6,4,1,0,0,.---,0,1-3 | BB,2,0,2,0,0,0,0,0,1,0,1,0,3,0,0,0,1,0,0,0,-.--
136,670042,745268,7,4,4,0,0,.---,0,"2-4 | 3B, K, RBI",0,0,1,0,0,1,0,1,0,0,2,0,4,0,0,1,2,0,0,0,-.--
136,682729,745268,8,4,1,0,0,.---,0,"1-4 | K, RBI",2,0,2,0,0,0,0,1,0,0,1,0,4,0,0,1,3,0,0,0,-.--
136,668942,745268,9,4,2,0,0,.---,0,1-4 | 2B,0,1,2,0,1,0,0,0,0,0,1,0,4,0,0,0,2,0,0,0,-.--
120,682928,746158,1,5,6,0,0,.---,0,"2-5 | HR, 2B, K",0,2,0,2,1,0,1,1,0,0,2,0,5,0,0,1,0,0,0,0,5
120,608385,746158,2,4,3,0,0,.---,0,"2-4 | 2B, K, 2 R",1,0,1,2,1,0,0,1,0,0,2,0,4,0,0,0,1,0,0,0,-.--
120,657041,746158,3,4,0,0,0,.---,0,0-4,1,3,1,0,0,0,0,0,0,0,0,0,4,0,0,0,3,0,0,0,-.--
120,608336,746158,4,4,2,0,0,.---,0,"1-3 | 2B, BB, K",0,0,1,1,1,0,0,1,1,0,1,0,3,0,0,1,0,0,0,0,-.--
120,671277,746158,5,4,4,0,0,.---,0,"1-4 | HR, 3 RBI, R",0,0,3,1,0,0,1,0,0,0,1,0,4,0,0,3,1,0,0,0,4
120,669222,746158,6,4,1,0,0,.---,0,"1-3 | BB, K",1,0,1,0,0,0,0,1,1,0,1,0,3,0,0,0,1,0,0,0,-.--
120,592696,746158,7,4,2,0,0,.---,0,1-4 | 2B,0,3,0,0,1,0,0,0,0,0,1,0,4,0,0,0,1,0,0,0,-.--
120,656180,746158,8,4,0,0,0,.---,0,0-4 | 3 K,0,0,1,0,0,0,0,3,0,0,0,0,4,0,0,0,2,0,0,0,-.--
120,696285,746158,9,4,0,0,0,.---,0,0-4,0,4,0,0,0,0,0,0,0,0,0,0,4,0,0,0,2,0,0,0,-.--
119,605141,746158,1,5,1,0,0,.---,0,1-5 | 2 K,0,1,1,0,0,0,0,2,0,0,1,0,5,0,0,0,0,0,0,0,-.--
119,660271,746158,2,4,1,0,1,1,0,"1-3 | K, 2 R, SB",0,0,1,2,0,0,0,1,0,0,1,0,3,0,0,0,2,0,0,1,-.--
119,518692,746158,3,4,1,0,0,.---,0,1-4 | K,0,1,1,0,0,0,0,1,0,0,1,0,4,0,0,0,1,0,0,0,-.--
119,669257,746158,4,4,1,0,0,.---,0,"1-3 | K, 2 RBI",0,1,1,0,0,0,0,1,0,0,1,0,3,0,0,2,0,0,1,0,-.--
119,606192,746158,5,4,3,0,0,.---,0,"2-4 | 2B, K, R",1,0,1,1,1,0,0,1,0,0,2,0,4,0,0,0,2,0,0,0,-.--
119,571970,746158,6,4,3,0,0,.---,0,"2-4 | 2B, RBI, R",1,1,1,1,1,0,0,0,0,0,2,0,4,0,0,1,2,0,0,0,-.--
119,571771,746158,7,2,0,0,0,.---,0,0-2,2,0,2,0,0,0,0,0,0,0,0,0,2,0,0,0,2,0,0,0,-.--
119,621035,746158,8,2,0,0,0,.---,0,0-1 | RBI,2,0,2,0,0,0,0,0,0,0,0,0,1,0,0,1,0,0,1,0,-.--
119,500743,746158,9,2,0,0,0,.---,0,0-2,1,1,1,0,0,0,0,0,0,0,0,0,2,0,0,0,0,0,0,0,-.--
140,543760,746486,1,4,1,0,0,.---,0,"1-4 | K, RBI",1,0,2,0,0,0,0,1,0,0,1,0,4,0,0,1,1,0,0,0,-.--
140,608369,746486,2,4,0,0,0,.---,0,0-4 | K,3,0,3,0,0,0,0,1,0,0,0,0,4,0,0,0,2,0,0,0,-.--
140,694497,746486,3,4,0,0,0,.---,0,0-4 | 3 K,0,1,0,0,0,0,0,3,0,0,0,0,4,0,0,0,0,0,0,0,-.--
140,694671,746486,4,4,1,0,0,.---,0,1-4 | 2 K,0,1,0,0,0,0,0,2,0,0,1,0,4,0,0,0,0,0,0,0,-.--
140,669701,746486,5,4,1,0,0,.---,0,"1-3 | BB, R",0,2,0,1,0,0,0,0,1,0,1,0,3,0,0,0,0,0,0,0,-.--
140,677649,746486,6,4,1,0,0,.---,0,"1-4 | K, RBI, R",1,0,2,1,0,0,0,1,0,0,1,0,4,0,0,1,2,0,0,0,-.--
140,665120,746486,7,3,0,0,0,.---,0,0-3 | 2 K,1,0,1,0,0,0,0,2,0,0,0,0,3,0,0,0,1,0,0,0,-.--
140,668800,746486,8,3,1,0,0,.---,0,1-3,1,1,1,0,0,0,0,0,0,0,1,0,3,0,0,0,0,0,0,0,-.--
140,665750,746486,9,3,1,0,0,.---,0,1-3,1,1,1,0,0,0,0,0,0,0,1,0,3,0,0,0,2,0,0,0,-.--
116,682985,746486,1,4,0,0,0,.---,0,"0-3 | BB, 3 K, R",0,0,0,1,0,0,0,3,1,0,0,0,3,0,0,0,0,0,0,0,-.--
116,679529,746486,2,4,0,0,0,.---,0,"0-3 | BB, 2 K",1,0,1,0,0,0,0,2,1,0,0,0,3,0,0,0,1,0,0,0,-.--
116,656716,746486,3,4,1,0,0,.---,0,"1-3 | BB, K, 2 R",0,1,0,2,0,0,0,1,1,0,1,0,3,0,0,0,1,0,0,0,-.--
116,681481,746486,4,3,5,0,0,.---,0,"2-3 | 3B, 2B, RBI",0,1,0,0,1,1,0,0,0,0,2,0,3,0,0,1,1,0,0,0,-.--
116,570482,746486,5,4,1,0,0,.---,0,"1-4 | K, RBI",0,1,1,0,0,0,0,1,0,0,1,0,4,0,0,1,2,0,0,0,-.--
116,672761,746486,6,4,0,0,0,.---,0,0-4 | K,0,1,2,0,0,0,0,1,0,0,0,0,4,0,0,0,3,0,0,0,-.--
116,595879,746486,7,3,0,0,0,.---,0,"0-2 | BB, K",0,0,1,0,0,0,0,1,1,0,0,0,2,0,0,0,0,0,0,0,-.--
116,678009,746486,8,3,0,0,0,.---,0,0-3 | K,2,0,2,0,0,0,0,1,0,0,0,0,3,0,0,0,2,0,0,0,-.--
116,668670,746486,9,3,0,0,0,.---,0,0-3,0,2,1,0,0,0,0,0,0,0,0,0,3,0,0,0,0,0,0,0,-.--
142,666397,747051,1,4,0,0,0,.---,0,"0-3 | BB, K",2,0,2,0,0,0,0,1,1,0,0,0,3,0,0,0,1,0,0,0,-.--
142,680777,747051,2,4,3,0,0,.---,0,"2-4 | 2B, 2 K, R",0,0,0,1,1,0,0,2,0,0,2,0,4,0,0,0,2,0,0,0,-.--
142,666135,747051,3,4,1,0,0,.---,0,"1-4 | K, RBI, R",0,2,0,1,0,0,0,1,0,0,1,0,4,1,0,1,3,0,0,0,-.--
142,621439,747051,4,3,3,0,0,.---,0,"1-3 | 3B, K, RBI",0,0,1,0,0,1,0,1,0,0,1,0,3,0,0,1,1,0,0,0,-.--
142,663616,747051,5,4,1,0,0,.---,0,1-4 | K,0,0,2,0,0,0,0,1,0,0,1,0,4,0,0,0,2,0,0,0,-.--
142,669304,747051,6,4,1,0,0,.---,0,"1-4 | K, RBI",1,1,1,0,0,0,0,1,0,0,1,0,4,0,0,1,0,0,0,0,-.--
142,650489,747051,7,4,0,0,0,.---,0,"0-3 | BB, 2 K",0,1,0,0,0,0,0,2,1,0,0,0,3,0,0,0,2,0,0,0,-.--
142,622534,747051,8,4,0,0,0,.---,0,"0-3 | BB, K",0,1,1,0,0,0,0,1,1,0,0,0,3,0,0,0,3,0,0,0,-.--
142,543877,747051,9,4,1,0,0,.---,0,1-4,0,3,0,0,0,0,0,0,0,0,1,0,4,1,0,0,4,0,0,0,-.--
110,683002,747051,1,5,6,0,0,.---,0,"3-5 | HR, K, 3 RBI",0,1,0,1,0,0,1,1,0,0,3,0,5,0,0,3,1,0,0,0,5
110,668939,747051,2,5,1,0,0,.---,0,"1-4 | BB, 2 R",1,1,2,2,0,0,0,0,1,0,1,0,4,0,0,0,3,0,0,0,-.--
110,656811,747051,3,5,5,0,0,.---,0,"2-5 | HR, 2 RBI, 2 R",1,0,3,2,0,0,1,0,0,0,2,0,5,0,0,2,2,0,0,0,5
110,623993,747051,4,5,2,0,0,.---,0,"2-4 | HBP, RBI, R",1,1,1,1,0,0,0,0,0,0,2,1,4,0,0,1,1,0,0,0,-.--
110,656775,747051,5,5,1,0,1,1,0,"1-5 | K, R, SB",2,1,2,1,0,0,0,1,0,0,1,0,5,0,0,0,4,0,0,0,-.--
110,681297,747051,6,4,2,0,0,.---,0,"2-4 | K, 2 RBI, R",0,1,0,1,0,0,0,1,0,0,2,0,4,0,0,2,2,0,0,0,-.--
110,676059,747051,7,4,6,0,0,.---,0,"2-4 | HR, 2B, K",0,1,0,1,1,0,1,1,0,0,2,0,4,0,0,2,2,0,0,0,4
110,702616,747051,8,4,0,0,0,.---,0,"0-3 | BB, 2 K, R",0,0,1,1,0,0,0,2,1,0,0,0,3,0,0,0,2,0,0,0,-.--
110,543510,747051,9,4,3,0,0,.---,0,"2-4 | 2B, RBI, R",0,1,1,1,1,0,0,0,0,0,2,0,4,0,0,1,1,0,0,0,-.--
115,453568,745593,1,4,1,0,0,.---,0,1-4 | K,0,1,1,0,0,0,0,1,0,0,1,0,4,0,0,0,1,0,0,0,-.--
115,678662,745593,2,4,0,0,0,.---,0,"0-3 | BB, 3 K",0,0,0,0,0,0,0,3,1,0,0,0,3,0,0,0,2,0,0,0,-.--
115,641857,745593,3,4,2,0,0,.---,0,2-4 | K,0,1,0,0,0,0,0,1,0,0,2,0,4,0,0,0,1,0,0,0,-.--
115,553869,745593,4,4,1,0,0,.---,0,1-4 | K,0,1,1,0,0,0,0,1,0,0,1,0,4,0,0,0,3,0,0,0,-.--
115,666134,745593,5,4,0,0,0,.---,0,0-4,0,4,0,0,0,0,0,0,0,0,0,0,4,0,0,0,3,0,0,0,-.--
115,660707,745593,6,3,1,0,0,.---,0,1-3,0,2,0,0,0,0,0,0,0,0,1,0,3,1,0,0,1,0,0,0,-.--
115,686668,745593,7,3,1,0,0,.---,0,1-3,1,1,1,0,0,0,0,0,0,0,1,0,3,0,0,0,0,0,0,0,-.--
115,669911,745593,8,3,0,0,0,.---,0,0-3 | 2 K,0,1,0,0,0,0,0,2,0,0,0,0,3,0,0,0,1,0,0,0,-.--
115,676701,745593,9,3,1,0,0,.---,0,1-3,1,1,1,0,0,0,0,0,0,0,1,0,3,0,0,0,0,0,0,0,-.--
143,656941,745593,1,4,0,0,0,.---,0,0-4 | 2 K,0,2,0,0,0,0,0,2,0,0,0,0,4,0,0,0,1,0,0,0,-.--
143,607208,745593,2,4,3,0,0,.---,0,"2-4 | 2B, 2 R",0,1,1,2,1,0,0,0,0,0,2,0,4,0,0,0,1,0,0,0,-.--
143,547180,745593,3,4,6,0,0,.---,0,"2-4 | HR, 2B, K",0,0,1,1,1,0,1,1,0,0,2,0,4,0,0,3,1,0,0,0,4
143,592663,745593,4,4,4,0,0,.---,0,"1-4 | HR, 2 K, 2 RBI",0,1,0,1,0,0,1,2,0,0,1,0,4,0,0,2,1,0,0,0,4
143,664761,745593,5,3,1,1,0,0,0,"1-3 | K, CS",1,0,1,0,0,0,0,1,0,0,1,0,3,0,0,0,1,0,0,0,-.--
143,592206,745593,6,3,0,0,0,.---,0,0-3,0,3,0,0,0,0,0,0,0,0,0,0,3,0,0,0,0,0,0,0,-.--
143,681082,745593,7,3,1,0,0,.---,0,1-3,0,2,0,0,0,0,0,0,0,0,1,0,3,0,0,0,0,0,0,0,-.--
143,669016,745593,8,3,0,0,0,.---,0,0-3 | 2 K,0,1,0,0,0,0,0,2,0,0,0,0,3,0,0,0,1,0,0,0,-.--
143,679032,745593,9,3,0,0,1,1,0,"0-2 | BB, R, SB",0,2,0,1,0,0,0,0,1,0,0,0,2,0,0,0,1,0,0,0,-.--
137,596103,746081,1,3,1,0,0,.---,0,"1-3 | K, R",0,0,1,1,0,0,0,1,0,0,1,0,3,0,0,0,1,0,0,0,-.--
137,527038,746081,2,5,2,0,0,.---,0,"1-4 | 2B, BB, RBI",0,1,2,0,1,0,0,0,1,1,1,0,4,1,0,1,4,0,0,0,-.--
137,808982,746081,3,4,1,0,0,.---,0,1-4 | K,1,0,2,0,0,0,0,1,0,0,1,0,4,0,0,0,3,0,0,0,-.--
137,624585,746081,4,4,0,0,0,.---,0,0-4 | 2 K,0,0,2,0,0,0,0,2,0,0,0,0,4,0,0,0,1,0,0,0,-.--
137,608596,746081,5,3,0,0,0,.---,0,0-3 | 3 K,0,0,0,0,0,0,0,3,0,0,0,0,3,0,0,0,0,0,0,0,-.--
137,656305,746081,6,4,6,0,0,.---,0,"2-4 | HR, 2B, K",0,0,1,1,1,0,1,1,0,0,2,0,4,0,0,1,1,0,0,0,4
137,624424,746081,7,4,1,0,0,.---,0,"1-4 | 2 K, R",1,0,1,1,0,0,0,2,0,0,1,0,4,0,0,0,1,0,0,0,-.--
137,605113,746081,8,4,3,0,0,.---,0,"2-3 | 2B, BB, K",0,0,0,0,1,0,0,1,1,0,2,0,3,0,0,0,0,0,0,0,-.--
137,666149,746081,9,4,0,0,1,1,0,"0-3 | BB, K, SB",0,1,1,0,0,0,0,1,1,0,0,0,3,0,0,0,3,0,0,0,-.--
146,650333,746081,1,5,3,0,0,.---,0,"2-5 | 2B, 2 RBI, R",1,2,1,1,1,0,0,0,0,0,2,0,5,0,0,2,1,0,0,0,-.--
146,665862,746081,2,5,1,0,0,.---,0,1-5 | 2 K,0,2,0,0,0,0,0,2,0,0,1,0,5,0,0,0,4,0,0,0,-.--
146,650559,746081,3,4,2,0,1,1,0,"1-4 | 2B, 2 K, RBI",0,1,0,1,1,0,0,2,0,0,1,0,4,1,0,1,2,0,0,0,-.--
146,605137,746081,4,4,3,0,0,.---,0,"2-3 | 2B, BB, R",0,1,0,1,1,0,0,0,1,0,2,0,3,0,0,0,0,0,0,0,-.--
146,660821,746081,5,4,1,0,1,1,0,"1-4 | K, RBI, R",0,2,0,1,0,0,0,1,0,0,1,0,4,0,0,1,2,0,0,0,-.--
146,641313,746081,6,4,0,0,0,.---,0,"0-3 | BB, 2 K, RBI",0,1,0,1,0,0,0,2,1,0,0,0,3,0,0,1,3,0,0,0,-.--
146,624503,746081,7,4,1,0,0,.---,0,"1-3 | BB, RBI",1,1,1,0,0,0,0,0,1,0,1,0,3,0,0,1,1,0,0,0,-.--
146,656896,746081,8,4,0,0,1,1,0,"0-3 | BB, R, SB",2,1,2,1,0,0,0,0,1,0,0,0,3,0,0,0,5,0,0,0,-.--
146,663743,746081,9,4,0,0,0,.---,0,0-2 | 2 BB,0,2,0,0,0,0,0,0,2,0,0,0,2,0,0,0,0,0,0,0,-.--
108,543685,745108,1,6,0,0,1,1,0,"0-5 | BB, 2 K, SB",1,1,2,0,0,0,0,2,1,0,0,0,5,0,0,0,1,0,0,0,-.--
108,545361,745108,2,6,1,0,1,1,0,"1-5 | BB, K, SB",1,0,3,0,0,0,0,1,1,0,1,0,5,0,0,0,4,0,0,0,-.--
108,621493,745108,3,6,0,0,0,.---,0,"0-5 | K, RBI",2,1,4,0,0,0,0,1,0,0,0,0,5,0,0,1,3,0,1,0,-.--
108,593934,745108,4,4,1,0,0,.---,0,"1-4 | K, R",0,0,2,1,0,0,0,1,0,0,1,0,4,0,0,0,1,0,0,0,-.--
108,666160,745108,5,3,4,0,0,.---,0,"1-3 | HR, K, 2 RBI",1,0,1,1,0,0,1,1,0,0,1,0,3,0,0,2,0,0,0,0,3
108,681351,745108,6,5,4,0,0,.---,0,"1-4 | HR, K, RBI",0,2,1,1,0,0,1,1,0,0,1,0,4,0,0,1,1,1,0,0,4
108,650859,745108,7,5,0,0,1,1,0,"0-5 | K, R, SB",0,3,1,1,0,0,0,1,0,0,0,0,5,0,0,0,1,0,0,0,-.--
108,666176,745108,8,5,1,1,0,0,0,"1-5 | 3 K, R, CS",0,0,1,1,0,0,0,3,0,0,1,0,5,0,0,0,1,0,0,0,-.--
108,687263,745108,9,5,1,0,2,1,0,"1-4 | HBP, 2 K, RBI",0,1,0,0,0,0,0,2,0,0,1,1,4,0,0,1,0,0,0,0,-.--
139,650490,745108,1,5,0,0,0,.---,0,0-4 | BB,1,3,1,0,0,0,0,0,1,0,0,0,4,0,0,0,0,0,0,0,-.--
139,668227,745108,2,6,0,0,0,.---,0,"0-5 | BB, 2 K, R",0,1,2,1,0,0,0,2,1,0,0,0,5,0,0,0,4,0,0,0,-.--
139,680700,745108,3,6,3,0,0,.---,0,"2-6 | 2B, K, RBI",2,1,2,2,1,0,0,1,0,0,2,0,6,0,0,1,1,0,0,0,-.--
139,670623,745108,4,6,1,0,0,.---,0,1-4 | 2 BB,2,0,3,0,0,0,0,0,2,1,1,0,4,0,0,0,2,0,0,0,-.--
139,623912,745108,5,6,1,0,0,.---,0,"1-5 | BB, RBI, R",0,4,0,1,0,0,0,0,1,0,1,0,5,1,0,1,3,0,0,0,-.--
139,642708,745108,6,6,2,0,0,.---,0,"2-6 | K, RBI, R",1,2,1,1,0,0,0,1,0,0,2,0,6,0,0,1,2,0,0,0,-.--
139,676609,745108,7,5,3,0,0,.---,0,"1-5 | 3B, 3 K, 2 RBI",1,0,1,0,0,1,0,3,0,0,1,0,5,0,0,2,2,0,0,0,-.--
139,642350,745108,8,5,0,0,0,.---,0,"0-5 | 4 K, R",0,0,1,1,0,0,0,4,0,0,0,0,5,0,0,0,2,0,0,0,-.--
139,666163,745108,9,2,0,0,0,.---,0,0-0 | 2 BB,0,0,0,0,0,0,0,0,2,0,0,0,0,0,0,0,0,0,0,0,-.--
147,683011,744944,1,4,0,0,0,.---,0,0-4 | 4 K,0,0,0,0,0,0,0,4,0,0,0,0,4,0,0,0,1,0,0,0,-.--
147,665742,744944,2,4,1,0,0,.---,0,1-4 | K,1,1,1,0,0,0,0,1,0,0,1,0,4,0,0,0,0,0,0,0,-.--
147,592450,744944,3,4,0,0,0,.---,0,0-4 | 2 K,1,0,2,0,0,0,0,2,0,0,0,0,4,0,0,0,1,0,0,0,-.--
147,519317,744944,4,4,1,0,0,.---,0,"1-4 | K, R",0,1,1,1,0,0,0,1,0,0,1,0,4,0,0,0,1,0,0,0,-.--
147,519203,744944,5,4,0,0,0,.---,0,0-4,3,0,4,0,0,0,0,0,0,0,0,0,4,0,0,0,2,0,0,0,-.--
147,650402,744944,6,4,0,0,0,.---,0,"0-1 | 2 BB, HBP, K",0,0,0,2,0,0,0,1,2,0,0,1,1,0,0,0,0,0,0,0,-.--
147,657077,744944,7,4,4,0,0,.---,0,"2-4 | 2 2B, K, R",0,0,1,1,2,0,0,1,0,0,2,0,4,0,0,0,2,0,0,0,-.--
147,624431,744944,8,4,1,0,0,.---,0,1-4 | 3 RBI,0,2,1,0,0,0,0,0,0,0,1,0,4,0,0,3,2,0,0,0,-.--
147,665828,744944,9,4,2,0,0,.---,0,"1-3 | 2B, RBI",0,2,1,0,1,0,0,0,0,0,1,0,3,0,0,1,3,0,1,0,-.--
141,543807,744944,1,5,1,0,0,.---,0,1-3 | 2 BB,1,0,2,0,0,0,0,0,2,0,1,0,3,0,0,0,0,0,0,0,-.--
141,665489,744944,2,5,2,0,0,.---,0,"2-3 | 2 BB, 2 RBI",1,0,1,0,0,0,0,0,2,0,2,0,3,0,0,2,2,0,0,0,-.--
141,666182,744944,3,5,1,0,0,.---,0,"1-4 | BB, K, RBI",1,1,1,0,0,0,0,1,1,0,1,0,4,0,0,1,6,0,0,0,-.--
141,457759,744944,4,4,1,1,0,0,0,"1-3 | K, RBI, CS",1,0,2,0,0,0,0,1,0,0,1,0,3,0,0,1,4,0,1,0,-.--
141,676914,744944,5,4,0,0,0,.---,0,0-4 | 2 K,0,0,2,0,0,0,0,2,0,0,0,0,4,0,0,0,5,0,0,0,-.--
141,643376,744944,6,4,0,0,0,.---,0,"0-3 | BB, 2 K",1,0,1,0,0,0,0,2,1,0,0,0,3,0,0,0,1,0,0,0,-.--
141,676391,744944,7,4,3,0,1,1,0,"2-4 | 2B, 2 R, SB",0,1,1,2,1,0,0,0,0,0,2,0,4,0,0,0,1,0,0,0,-.--
141,643396,744944,8,4,0,0,1,1,0,"0-4 | 2 K, R, SB",0,1,1,1,0,0,0,2,0,0,0,0,4,0,0,0,3,0,0,0,-.--
141,662139,744944,9,4,2,0,1,1,0,"1-3 | 2B, BB, K",0,0,1,2,1,0,0,1,1,0,1,0,3,0,0,0,2,0,0,0,-.--
114,680757,746976,1,6,3,0,0,.---,0,"3-5 | BB, 2 R",1,1,1,2,0,0,0,0,1,0,3,0,5,0,0,0,3,0,0,0,-.--
114,665926,746976,2,6,2,0,0,.---,0,"2-4 | BB, RBI, 2 R",1,2,1,2,0,0,0,0,1,0,2,0,4,0,0,1,1,1,0,0,-.--
114,608070,746976,3,6,1,0,0,.---,0,"1-4 | BB, 2 RBI, R",2,1,3,1,0,0,0,0,1,1,1,0,4,0,0,2,3,0,1,0,-.--
114,647304,746976,4,5,1,0,0,.---,0,1-5 | K,0,3,0,0,0,0,0,1,0,0,1,0,5,0,0,0,5,0,0,0,-.--
114,666310,746976,5,6,1,0,1,1,0,"1-5 | BB, K, SB",0,1,2,0,0,0,0,1,1,1,1,0,5,0,0,0,1,0,0,0,-.--
114,657656,746976,6,3,0,0,0,.---,0,"0-2 | BB, R",0,2,0,1,0,0,0,0,1,0,0,0,2,0,0,0,0,0,0,0,-.--
114,686823,746976,7,6,2,0,0,.---,0,"1-5 | 2B, BB, RBI",1,2,2,1,1,0,0,0,1,1,1,0,5,0,0,1,2,0,0,0,-.--
114,672356,746976,8,6,3,0,0,.---,0,"2-6 | 2B, 3 K, 2 RBI",0,0,1,0,1,0,0,3,0,0,2,0,6,0,0,2,2,0,0,0,-.--
114,671289,746976,9,5,6,0,0,.---,0,"2-5 | HR, 2B, 2 K",1,0,1,2,1,0,1,2,0,0,2,0,5,0,0,1,4,0,0,0,5
111,680776,746976,1,6,2,0,0,.---,0,"1-5 | 2B, BB, K",2,1,2,1,1,0,0,1,1,0,1,0,5,0,0,0,2,0,0,0,-.--
111,646240,746976,2,4,2,0,0,.---,0,"1-2 | 2B, 2 BB, 2 RBI",1,0,1,0,1,0,0,0,2,0,1,0,2,0,0,2,0,0,0,0,-.--
111,807799,746976,3,6,0,0,0,.---,0,0-6 | K,1,2,3,0,0,0,0,1,0,0,0,0,6,0,0,0,5,0,0,0,-.--
111,671213,746976,4,5,6,1,0,0,0,"2-4 | HR, 2B, BB",0,1,0,1,1,0,1,1,1,0,2,0,4,0,0,1,0,0,0,0,4
111,677800,746976,5,5,0,0,1,1,0,"0-4 | BB, K, 2 R",1,1,2,2,0,0,0,1,1,0,0,0,4,0,0,0,1,0,0,0,-.--
111,665839,746976,6,4,5,0,0,.---,0,"2-4 | HR, K, RBI",1,0,1,1,0,0,1,1,0,0,2,0,4,0,0,1,2,0,0,0,4
111,657136,746976,7,5,5,0,0,.---,0,"2-4 | HR, K, 3 RBI",1,1,1,1,0,0,1,1,0,0,2,0,4,0,0,3,1,0,1,0,4
111,666152,746976,8,5,3,0,0,.---,0,"2-5 | 2B, 2 K",0,1,0,0,1,0,0,2,0,0,2,0,5,0,0,0,2,0,0,0,-.--
111,678882,746976,9,5,2,0,0,.---,0,"1-5 | 2B, K, R",2,0,3,1,1,0,0,1,0,0,1,0,5,0,0,0,2,0,0,0,-.--
134,656582,745837,1,4,1,0,1,1,0,"1-3 | BB, SB",1,1,1,0,0,0,0,0,1,0,1,0,3,1,0,0,3,0,0,0,-.--
134,668804,745837,2,4,1,0,0,.---,0,"1-3 | BB, K, RBI",0,0,1,0,0,0,0,1,1,0,1,0,3,0,0,1,3,0,0,0,-.--
134,669707,745837,3,4,0,0,0,.---,0,0-4 | 2 K,0,2,0,0,0,0,0,2,0,0,0,0,4,0,0,0,4,0,0,0,-.--
134,658668,745837,4,3,0,0,0,.---,0,0-3 | 2 K,0,0,1,0,0,0,0,2,0,0,0,0,3,0,0,0,1,0,0,0,-.--
134,457705,745837,5,4,1,0,0,.---,0,1-4 | K,1,1,1,0,0,0,0,1,0,0,1,0,4,0,0,0,0,0,0,0,-.--
134,572191,745837,6,3,0,0,0,.---,0,0-3 | K,1,1,1,0,0,0,0,1,0,0,0,0,3,0,0,0,1,0,0,0,-.--
134,665833,745837,7,4,0,0,0,.---,0,0-4 | 2 K,0,1,1,0,0,0,0,2,0,0,0,0,4,0,0,0,1,0,0,0,-.--
134,680779,745837,8,4,1,0,0,.---,0,"1-3 | BB, K",0,1,0,0,0,0,0,1,1,0,1,0,3,0,0,0,0,0,0,0,-.--
134,675961,745837,9,3,2,0,0,.---,0,"1-2 | 2B, BB, K",0,0,0,1,1,0,0,1,1,0,1,0,2,0,0,0,1,0,0,0,-.--
121,607043,745837,1,4,0,0,0,.---,0,0-4 | 2 K,0,1,1,0,0,0,0,2,0,0,0,0,4,0,0,0,3,0,0,0,-.--
121,516782,745837,2,4,0,0,0,.---,0,0-4 | K,1,2,1,0,0,0,0,1,0,0,0,0,4,0,0,0,0,0,0,0,-.--
121,596019,745837,3,4,0,0,0,.---,0,"0-3 | BB, 2 K, R",0,1,0,1,0,0,0,2,1,0,0,0,3,0,0,0,0,0,0,0,-.--
121,624413,745837,4,4,3,0,0,.---,0,"2-4 | 2B, R",1,1,1,1,1,0,0,0,0,0,2,0,4,0,0,0,0,0,0,0,-.--
121,683146,745837,5,2,0,0,0,.---,0,0-2,0,2,0,0,0,0,0,0,0,0,0,0,2,0,0,0,1,0,0,0,-.--
121,682626,745837,6,3,0,0,0,.---,0,0-3 | 2 K,1,0,1,0,0,0,0,2,0,0,0,0,3,0,0,0,3,0,0,0,-.--
121,643446,745837,7,3,2,0,0,.---,0,"1-3 | 2B, K, RBI",0,0,1,0,1,0,0,1,0,0,1,0,3,0,0,1,1,0,0,0,-.--
121,664056,745837,8,3,0,0,0,.---,0,"0-2 | BB, K",0,0,1,0,0,0,0,1,1,1,0,0,2,0,0,0,0,0,0,0,-.--
121,553882,745837,9,3,0,0,0,.---,0,0-2 | BB,2,0,2,0,0,0,0,0,1,0,0,0,2,0,0,0,0,0,0,0,-.--
135,593428,746004,1,5,1,0,0,.---,0,"1-5 | K, R",1,2,1,1,0,0,0,1,0,0,1,0,5,1,0,0,1,0,0,0,-.--
135,665487,746004,2,5,3,0,1,1,0,"3-4 | BB, K, 2 R",0,0,0,2,0,0,0,1,1,0,3,0,4,0,0,0,0,0,0,0,-.--
135,595777,746004,3,5,2,0,0,.---,0,"2-4 | BB, K, 2 R",0,1,0,2,0,0,0,1,1,0,2,0,4,1,0,0,1,0,0,0,-.--
135,592518,746004,4,5,1,0,0,.---,0,"1-4 | BB, 2 K, RBI",0,1,0,0,0,0,0,2,1,0,1,0,4,0,0,1,4,0,0,0,-.--
135,673490,746004,5,5,4,0,0,.---,0,"1-3 | HR, BB, 3 RBI",0,2,1,1,0,0,1,0,1,1,1,0,3,0,0,3,3,1,0,0,3
135,669134,746004,6,4,1,0,0,.---,0,"1-4 | K, RBI",0,2,0,0,0,0,0,1,0,0,1,0,4,0,0,1,4,0,0,0,-.--
135,701538,746004,7,4,0,0,1,1,0,"0-4 | K, RBI, SB",1,2,1,0,0,0,0,1,0,0,0,0,4,0,0,1,7,0,0,0,-.--
135,666703,746004,8,4,1,0,0,.---,0,1-4 | K,1,0,2,0,0,0,0,1,0,0,1,0,4,0,0,0,2,0,0,0,-.--
135,640492,746004,9,4,1,0,0,.---,0,1-4 | 2 K,1,0,1,0,0,0,0,2,0,0,1,0,4,0,0,0,2,0,0,0,-.--
158,686217,746004,1,5,3,0,0,.---,0,3-4 | BB,0,1,0,0,0,0,0,0,1,0,3,0,4,0,0,0,0,0,0,0,-.--
158,661388,746004,2,5,1,0,0,.---,0,1-5 | 2 RBI,0,3,1,0,0,0,0,0,0,0,1,0,5,1,0,2,5,0,0,0,-.--
158,642715,746004,3,5,0,0,0,.---,0,"0-3 | 2 BB, K, R",1,1,1,1,0,0,0,1,2,0,0,0,3,0,0,0,2,0,0,0,-.--
158,641343,746004,4,3,2,0,0,.---,0,"1-3 | 2B, K, RBI",0,0,1,0,1,0,0,1,0,0,1,0,3,0,0,1,0,0,0,0,-.--
158,656555,746004,5,4,0,0,0,.---,0,"0-3 | BB, 2 K",0,0,1,0,0,0,0,2,1,0,0,0,3,0,0,0,1,0,0,0,-.--
158,663368,746004,6,4,0,0,0,.---,0,0-4 | 2 K,1,0,2,0,0,0,0,2,0,0,0,0,4,0,0,0,1,0,0,0,-.--
158,668930,746004,7,2,0,0,0,.---,0,0-1 | BB,1,0,1,0,0,0,0,0,1,0,0,0,1,0,0,0,0,0,0,0,-.--
158,694192,746004,8,4,0,0,0,.---,0,0-4 | 2 K,2,0,2,0,0,0,0,2,0,0,0,0,4,0,0,0,1,0,0,0,-.--
158,687401,746004,9,1,0,0,0,.---,0,0-0 | BB,0,0,0,0,0,0,0,0,1,0,0,0,0,0,0,0,0,0,0,0,-.--
144,660670,746400,1,5,1,1,1,0.5,0,"1-4 | HBP, K, SB",0,1,1,0,0,0,0,1,0,0,1,1,4,0,0,0,1,0,0,0,-.--
144,671739,746400,2,5,1,1,0,0,0,"1-5 | K, CS",0,2,1,0,0,0,0,1,0,0,1,0,5,0,0,0,4,0,0,0,-.--
144,663586,746400,3,5,2,0,0,.---,0,"1-4 | 2B, BB, R",2,0,3,1,1,0,0,0,1,0,1,0,4,0,0,0,2,0,0,0,-.--
144,621566,746400,4,5,0,0,0,.---,0,"0-3 | 2 BB, K",1,1,1,0,0,0,0,1,2,0,0,0,3,0,0,0,4,0,0,0,-.--
144,542303,746400,5,4,1,0,0,.---,0,"1-3 | BB, R",0,2,0,1,0,0,0,0,1,0,1,0,3,1,0,0,1,0,0,0,-.--
144,606115,746400,6,4,5,0,0,.---,0,"2-3 | HR, 2 RBI, 2 R",1,1,1,2,0,0,1,0,0,0,2,0,3,0,0,2,0,0,1,0,3
144,672284,746400,7,4,2,0,0,.---,0,"2-4 | 2 K, R",0,0,0,1,0,0,0,2,0,0,2,0,4,0,0,0,2,0,0,0,-.--
144,641645,746400,8,4,2,0,0,.---,0,"1-4 | 2B, 2 RBI, R",0,3,0,1,1,0,0,0,0,0,1,0,4,0,0,2,3,0,0,0,-.--
144,644433,746400,9,4,4,0,0,.---,0,"2-4 | 2 2B, 2 RBI",0,1,1,0,2,0,0,0,0,0,2,0,4,0,0,2,0,0,0,0,-.--
117,514888,746400,1,4,0,0,0,.---,0,0-4 | 3 K,0,1,0,0,0,0,0,3,0,0,0,0,4,0,0,0,1,0,0,0,-.--
117,670541,746400,2,4,0,0,0,.---,0,0-4 | K,1,2,1,0,0,0,0,1,0,0,0,0,4,0,0,0,1,0,0,0,-.--
117,663656,746400,3,4,4,0,0,.---,0,"1-3 | HR, BB, RBI",2,0,2,1,0,0,1,0,1,0,1,0,3,0,0,1,1,0,0,0,3
117,608324,746400,4,4,0,0,0,.---,0,0-4,1,0,4,0,0,0,0,0,0,0,0,0,4,0,0,0,1,0,0,0,-.--
117,673237,746400,5,4,1,0,0,.---,0,1-4,1,2,1,0,0,0,0,0,0,0,1,0,4,0,0,0,0,0,0,0,-.--
117,665161,746400,6,4,4,0,0,.---,0,"2-4 | 2 2B, K, R",1,0,1,1,2,0,0,1,0,0,2,0,4,0,0,0,1,0,0,0,-.--
117,572138,746400,7,3,1,0,0,.---,0,1-3 | K,0,1,0,0,0,0,0,1,0,0,1,0,3,0,0,0,1,0,0,0,-.--
117,676801,746400,8,4,0,0,0,.---,0,"0-3 | BB, 3 K",0,0,0,0,0,0,0,3,1,0,0,0,3,0,0,0,3,0,0,0,-.--
117,676694,746400,9,3,2,0,0,.---,0,"1-3 | 2B, K",0,1,0,0,1,0,0,1,0,0,1,0,3,0,0,0,0,0,0,0,-.--
112,663538,747214,1,5,7,0,0,.---,0,"4-5 | 3B, 2B, RBI",0,1,0,2,1,1,0,0,0,0,4,0,5,0,0,1,1,0,0,0,-.--
112,621020,747214,2,5,1,0,0,.---,0,"1-5 | 2 K, R",1,1,1,1,0,0,0,2,0,0,1,0,5,0,0,0,4,0,0,0,-.--
112,641355,747214,3,5,3,0,0,.---,0,"1-5 | 3B, K, RBI",1,0,3,0,0,1,0,1,0,0,1,0,5,0,0,1,5,0,0,0,-.--
112,666624,747214,4,5,1,1,0,0,0,"1-3 | BB, K, RBI",1,0,2,0,0,0,0,1,1,0,1,0,3,0,0,1,1,0,1,0,-.--
112,643265,747214,5,5,1,0,0,.---,0,"1-5 | K, RBI, R",0,2,1,1,0,0,0,1,0,0,1,0,5,0,0,1,3,0,0,0,-.--
112,683737,747214,6,5,0,0,0,.---,0,"0-4 | BB, 2 K, R",2,0,2,1,0,0,0,2,1,0,0,0,4,0,0,0,2,0,0,0,-.--
112,664023,747214,7,5,7,0,0,.---,0,"3-5 | HR, 2B, 4 RBI",0,2,0,3,1,0,1,0,0,0,3,0,5,0,0,4,1,0,0,0,5
112,665804,747214,8,5,5,0,0,.---,0,"2-5 | 3B, 2B, K",0,1,1,1,1,1,0,1,0,0,2,0,5,0,0,2,1,0,0,0,-.--
112,672744,747214,9,2,2,0,0,.---,0,"1-2 | 2B, RBI, R",0,0,1,1,1,0,0,0,0,0,1,0,2,0,0,1,1,0,0,0,-.--
109,606466,747214,1,6,7,0,0,.---,0,"4-6 | HR, K, RBI",0,1,0,3,0,0,1,1,0,0,4,0,6,0,0,1,1,0,0,0,6
109,682998,747214,2,6,1,0,2,1,0,"1-4 | 2 BB, R, 2 SB",0,0,3,1,0,0,0,0,2,0,1,0,4,0,0,0,2,0,0,0,-.--
109,666971,747214,3,6,4,0,0,.---,0,"1-3 | HR, 3 BB, 2 RBI",0,1,1,2,0,0,1,0,3,0,1,0,3,1,0,2,3,0,0,0,3
109,572233,747214,4,6,0,0,0,.---,0,"0-3 | 3 BB, K, 2 R",0,1,1,2,0,0,0,1,3,0,0,0,3,0,0,0,3,0,0,0,-.--
109,592626,747214,5,5,4,0,0,.---,0,"1-2 | HR, BB, HBP",1,1,1,3,0,0,1,0,1,0,1,1,2,0,0,2,2,0,1,0,2
109,553993,747214,6,5,1,0,0,.---,0,"1-3 | BB, RBI, R",3,0,3,1,0,0,0,0,1,0,1,0,3,0,0,1,2,0,1,0,-.--
109,677942,747214,7,5,3,0,0,.---,0,"2-5 | 2B, K, 3 RBI",0,2,0,0,1,0,0,1,0,0,2,0,5,0,0,3,3,0,0,0,-.--
109,664983,747214,8,5,1,0,1,1,0,"1-5 | K, SB",1,1,2,0,0,0,0,1,0,0,1,0,5,0,0,0,2,0,0,0,-.--
109,571466,747214,9,4,0,0,0,.---,0,0-4 | K,0,3,0,0,0,0,0,1,0,0,0,0,4,0,0,0,4,0,0,0,-.--
113,663697,745270,1,4,0,0,0,.---,0,0-4 | 2 K,1,1,1,0,0,0,0,2,0,0,0,0,4,0,0,0,0,0,0,0,-.--
113,666181,745270,2,4,0,0,0,.---,0,"0-3 | BB, 2 K",0,1,0,0,0,0,0,2,1,0,0,0,3,0,0,0,0,0,0,0,-.--
113,687952,745270,3,4,0,0,0,.---,0,0-4 | K,2,0,3,0,0,0,0,1,0,0,0,0,4,0,0,0,1,0,0,0,-.--
113,668715,745270,4,4,1,0,0,.---,0,1-4,2,0,3,0,0,0,0,0,0,0,1,0,4,0,0,0,1,0,0,0,-.--
113,641584,745270,5,4,1,1,1,0.5,0,"1-3 | BB, R, SB",0,2,0,1,0,0,0,0,1,0,1,0,3,0,0,0,2,0,0,0,-.--
113,682829,745270,6,4,1,0,1,1,0,"1-2 | 2 BB, K, SB",0,0,0,0,0,0,0,1,2,0,1,0,2,0,0,0,1,0,0,0,-.--
113,656413,745270,7,2,0,0,0,.---,0,0-2 | RBI,0,2,0,0,0,0,0,0,0,0,0,0,2,0,0,1,1,0,0,0,-.--
113,669289,745270,8,3,0,0,0,.---,0,0-3 | K,0,2,0,0,0,0,0,1,0,0,0,0,3,0,0,0,1,0,0,0,-.--
113,571912,745270,9,3,0,0,0,.---,0,0-3 | 2 K,1,0,1,0,0,0,0,2,0,0,0,0,3,0,0,0,0,0,0,0,-.--
136,641487,745270,1,5,2,0,0,.---,0,"2-5 | K, R",0,1,1,1,0,0,0,1,0,0,2,0,5,0,0,0,2,0,0,0,-.--
136,677594,745270,2,5,2,0,1,1,0,"2-5 | 3 K, R, SB",0,0,0,1,0,0,0,3,0,0,2,0,5,0,0,0,1,0,0,0,-.--
136,593871,745270,3,5,0,0,0,.---,0,"0-3 | 2 BB, 2 K",1,0,1,0,0,0,0,2,2,0,0,0,3,0,0,0,1,0,0,0,-.--
136,571745,745270,4,4,2,0,0,.---,0,"2-4 | 2 K, RBI",0,0,0,0,0,0,0,2,0,0,2,0,4,0,0,1,3,0,0,0,-.--
136,663728,745270,5,4,0,0,0,.---,0,"0-2 | 2 BB, K",1,0,1,0,0,0,0,1,2,0,0,0,2,0,0,0,2,0,0,0,-.--
136,641598,745270,6,4,0,0,0,.---,0,"0-2 | BB, HBP, RBI",2,0,2,1,0,0,0,0,1,0,0,1,2,0,0,1,1,0,0,0,-.--
136,670042,745270,7,3,0,0,0,.---,0,0-3 | 3 K,0,0,0,0,0,0,0,3,0,0,0,0,3,0,0,0,5,0,0,0,-.--
136,682729,745270,8,4,2,0,0,.---,0,"1-4 | 2B, 2 K, RBI",1,0,1,0,1,0,0,2,0,0,1,0,4,0,0,1,4,0,0,0,-.--
136,668942,745270,9,4,1,1,0,0,0,"1-3 | BB, K, CS",1,0,1,0,0,0,0,1,1,0,1,0,3,0,0,0,1,0,0,0,-.--
138,680977,745674,1,5,0,1,0,0,0,"0-4 | BB, RBI, CS",0,3,1,0,0,0,0,0,1,0,0,0,4,0,0,1,1,0,0,0,-.--
138,502671,745674,2,4,1,0,0,.---,0,1-3 | K,1,0,1,0,0,0,0,1,0,0,1,0,3,0,0,0,1,0,0,1,-.--
138,575929,745674,3,4,1,0,0,.---,0,1-4 | K,0,2,0,0,0,0,0,1,0,0,1,0,4,0,0,0,3,0,0,0,-.--
138,571448,745674,4,4,2,0,0,.---,0,2-4 | R,0,1,1,1,0,0,0,0,0,0,2,0,4,0,0,0,1,0,0,0,-.--
138,671056,745674,5,4,0,0,0,.---,0,"0-3 | BB, K, R",2,0,2,1,0,0,0,1,1,0,0,0,3,0,0,0,1,0,0,0,-.--
138,663457,745674,6,4,0,0,0,.---,0,"0-3 | BB, 2 K",1,0,1,0,0,0,0,2,1,0,0,0,3,0,0,0,1,0,0,0,-.--
138,691026,745674,7,4,0,0,1,1,0,"0-1 | 2 BB, K, RBI",1,0,1,1,0,0,0,1,2,0,0,0,1,0,0,1,0,0,1,0,-.--
138,691023,745674,8,3,0,0,0,.---,0,"0-1 | BB, RBI",2,0,2,0,0,0,0,0,1,0,0,0,1,0,0,1,2,0,1,0,-.--
138,672279,745674,9,4,0,0,0,.---,0,0-3,0,3,1,0,0,0,0,0,0,0,0,0,3,0,0,0,1,1,0,0,-.--
133,647351,745674,1,4,0,0,0,.---,0,0-4,2,2,2,0,0,0,0,0,0,0,0,0,4,0,0,0,0,0,0,0,-.--
133,680869,745674,2,4,0,0,0,.---,0,0-4,1,3,1,0,0,0,0,0,0,0,0,0,4,0,0,0,0,0,0,0,-.--
133,668709,745674,3,3,0,0,0,.---,0,0-3,0,2,1,0,0,0,0,0,0,0,0,0,3,0,0,0,0,0,0,0,-.--
133,664913,745674,4,4,3,0,0,.---,0,2-4 | 2B,1,0,2,0,1,0,0,0,0,0,2,0,4,0,0,0,0,0,0,0,-.--
133,663527,745674,5,4,1,0,0,.---,0,"1-4 | K, R",0,2,0,1,0,0,0,1,0,0,1,0,4,0,0,0,2,0,0,0,-.--
133,671732,745674,6,4,0,0,0,.---,0,0-4 | K,2,0,3,0,0,0,0,1,0,0,0,0,4,0,0,0,2,0,0,0,-.--
133,668832,745674,7,3,5,0,0,.---,0,"2-3 | HR, 2 RBI, R",0,1,0,1,0,0,1,0,0,0,2,0,3,0,0,2,0,0,0,0,3
133,687231,745674,8,3,0,0,0,.---,0,0-2 | BB,1,1,1,0,0,0,0,0,1,0,0,0,2,0,0,0,1,0,0,0,-.--
133,676116,745674,9,3,0,0,0,.---,0,0-3,1,1,2,0,0,0,0,0,0,0,0,0,3,0,0,0,1,0,0,0,-.--
120,682928,746157,1,4,1,0,0,.---,0,1-3 | BB,0,0,2,0,0,0,0,0,1,0,1,0,3,0,0,0,1,0,0,0,-.--
120,608385,746157,2,4,6,0,0,.---,0,"2-3 | HR, 2B, HBP",0,0,1,1,1,0,1,0,0,0,2,1,3,0,0,2,0,0,0,0,3
120,657041,746157,3,4,1,0,1,1,0,1-4 | SB,1,1,2,0,0,0,0,0,0,0,1,0,4,0,0,0,2,0,0,0,-.--
120,608336,746157,4,4,0,0,0,.---,0,0-4 | 3 K,0,0,1,0,0,0,0,3,0,0,0,0,4,0,0,0,2,0,0,0,-.--
120,671277,746157,5,4,0,0,0,.---,0,0-4,0,3,1,0,0,0,0,0,0,0,0,0,4,0,0,0,2,0,0,0,-.--
120,669222,746157,6,4,1,0,0,.---,0,1-4,0,2,1,0,0,0,0,0,0,0,1,0,4,0,0,0,0,0,0,0,-.--
120,592696,746157,7,4,0,0,0,.---,0,0-4 | K,1,1,2,0,0,0,0,1,0,0,0,0,4,0,0,0,1,0,0,0,-.--
120,686452,746157,8,3,0,0,0,.---,0,0-3 | K,1,1,1,0,0,0,0,1,0,0,0,0,3,0,0,0,0,0,0,0,-.--
120,696285,746157,9,3,1,0,1,1,0,"1-3 | R, SB",0,1,1,1,0,0,0,0,0,0,1,0,3,0,0,0,0,0,0,0,-.--
119,605141,746157,1,5,7,0,0,.---,0,"5-5 | 2 2B, 2 RBI, 2 R",0,0,0,2,2,0,0,0,0,0,5,0,5,0,0,2,0,0,0,0,-.--
119,660271,746157,2,5,2,0,0,.---,0,2-5,1,2,1,0,0,0,0,0,0,0,2,0,5,0,0,0,5,0,0,0,-.--
119,518692,746157,3,5,0,0,0,.---,0,"0-2 | 3 BB, K",0,0,1,0,0,0,0,1,3,1,0,0,2,0,0,0,2,0,0,0,-.--
119,606192,746157,4,4,1,0,0,.---,0,1-4 | RBI,0,3,0,0,0,0,0,0,0,0,1,0,4,1,0,1,2,0,0,0,-.--
119,571771,746157,5,3,4,0,0,.---,0,"1-3 | HR, 2 K, RBI",0,0,0,1,0,0,1,2,0,0,1,0,3,0,0,1,1,0,0,0,3
119,621035,746157,6,3,0,1,0,0,1,"0-2 | BB, K, CS",0,1,0,0,0,0,0,1,1,0,0,0,2,0,0,0,0,0,0,0,-.--
119,681624,746157,7,4,1,0,0,.---,0,"1-4 | 2 K, R",0,0,1,1,0,0,0,2,0,0,1,0,4,0,0,0,0,0,0,0,-.--
119,500743,746157,8,4,3,0,0,.---,0,"2-3 | 2B, BB, 2 R",0,1,0,2,1,0,0,0,1,0,2,0,3,0,0,0,0,0,0,0,-.--
119,605131,746157,9,4,1,0,0,.---,0,1-4 | RBI,2,0,3,0,0,0,0,0,0,0,1,0,4,0,0,1,2,0,0,0,-.--
118,641658,746809,1,4,1,0,0,.---,0,1-4 | K,0,1,1,0,0,0,0,1,0,0,1,0,4,0,0,0,0,0,0,0,-.--
118,677951,746809,2,4,1,0,0,.---,0,1-4,2,1,2,0,0,0,0,0,0,0,1,0,4,1,0,0,1,0,0,0,-.--
118,686469,746809,3,4,2,0,0,.---,0,"1-2 | 2B, 2 BB",0,1,0,0,1,0,0,0,2,0,1,0,2,0,0,0,1,0,0,0,-.--
118,521692,746809,4,4,0,0,0,.---,0,0-2 | 2 BB,1,0,2,0,0,0,0,0,2,0,0,0,2,0,0,0,0,0,0,0,-.--
118,669004,746809,5,4,0,0,0,.---,0,0-4 | 2 K,1,0,2,0,0,0,0,2,0,0,0,0,4,0,0,0,4,0,0,0,-.--
118,679845,746809,6,4,2,0,0,.---,0,"2-4 | K, R",1,0,1,1,0,0,0,1,0,0,2,0,4,0,0,0,0,0,0,0,-.--
118,624428,746809,7,4,0,0,0,.---,0,0-4 | K,0,2,1,0,0,0,0,1,0,0,0,0,4,0,0,0,2,0,0,0,-.--
118,592669,746809,8,3,0,0,0,.---,0,0-3 | RBI,1,2,1,0,0,0,0,0,0,0,0,0,3,0,0,1,0,0,0,0,-.--
118,666023,746809,9,3,0,0,0,.---,0,0-3 | K,1,0,2,0,0,0,0,1,0,0,0,0,3,0,0,0,0,0,0,0,-.--
145,543257,746809,1,4,0,0,0,.---,0,0-4 | 2 K,0,1,1,0,0,0,0,2,0,0,0,0,4,0,0,0,4,0,0,0,-.--
145,683734,746809,2,4,2,0,0,.---,0,"1-4 | 2B, R",3,0,3,1,1,0,0,0,0,0,1,0,4,0,0,0,3,0,0,0,-.--
145,657757,746809,3,4,4,0,0,.---,0,"1-3 | HR, BB, RBI",1,0,2,1,0,0,1,0,1,0,1,0,3,0,0,1,1,0,0,0,3
145,650391,746809,4,4,0,0,0,.---,0,0-2 | 2 BB,1,1,1,0,0,0,0,0,2,0,0,0,2,0,0,0,0,0,0,0,-.--
145,666150,746809,5,4,1,0,0,.---,0,1-4 | RBI,2,1,2,0,0,0,0,0,0,0,1,0,4,0,0,1,2,0,0,0,-.--
145,672820,746809,6,4,0,0,0,.---,0,0-4 | K,0,1,2,0,0,0,0,1,0,0,0,0,4,1,0,0,4,0,0,0,-.--
145,657557,746809,7,3,2,0,0,.---,0,2-3 | K,0,0,0,0,0,0,0,1,0,0,2,0,3,0,0,0,2,0,0,0,-.--
145,686676,746809,8,3,0,0,0,.---,0,0-2 | BB,1,1,1,0,0,0,0,0,1,0,0,0,2,0,0,0,2,0,0,0,-.--
145,670032,746809,9,3,1,0,0,.---,0,1-2,0,2,0,0,0,0,0,0,0,0,1,0,2,0,0,0,1,1,0,0,-.--
137,596103,746076,1,3,0,0,0,.---,0,0-3 | 2 K,0,1,0,0,0,0,0,2,0,0,0,0,3,0,0,0,1,0,0,0,-.--
137,527038,746076,2,4,0,0,0,.---,0,0-4,0,3,1,0,0,0,0,0,0,0,0,0,4,0,0,0,1,0,0,0,-.--
137,808982,746076,3,4,2,0,0,.---,0,"2-4 | K, R",0,1,0,1,0,0,0,1,0,0,2,0,4,0,0,0,0,0,0,0,-.--
137,624585,746076,4,4,2,0,0,.---,0,"2-3 | BB, R",0,0,1,1,0,0,0,0,1,0,2,0,3,0,0,0,0,0,0,0,-.--
137,656305,746076,5,4,2,0,0,.---,0,"1-4 | 2B, K, RBI",1,1,1,0,1,0,0,1,0,0,1,0,4,0,0,1,4,0,0,0,-.--
137,642731,746076,6,4,3,0,0,.---,0,"2-4 | 2B, K, RBI",0,1,0,1,1,0,0,1,0,0,2,0,4,0,0,1,2,0,0,0,-.--
137,672275,746076,7,4,1,0,1,1,0,"1-3 | BB, K, SB",0,0,1,0,0,0,0,1,1,0,1,0,3,0,0,0,1,0,0,0,-.--
137,605113,746076,8,4,0,0,0,.---,0,0-4 | 2 K,0,2,0,0,0,0,0,2,0,0,0,0,4,1,0,0,3,0,0,0,-.--
137,666149,746076,9,4,1,0,0,.---,0,1-4 | 2 K,1,0,1,0,0,0,0,2,0,0,1,0,4,0,0,0,1,0,0,0,-.--
146,650333,746076,1,4,0,0,0,.---,0,0-4,1,3,1,0,0,0,0,0,0,0,0,0,4,1,0,0,2,0,0,0,-.--
146,650559,746076,2,4,5,0,0,.---,0,"2-4 | HR, RBI, R",1,1,1,1,0,0,1,0,0,0,2,0,4,0,0,1,0,0,0,0,4
146,665862,746076,3,4,0,1,0,0,0,"0-3 | BB, K, CS",1,0,2,0,0,0,0,1,1,0,0,0,3,0,0,0,1,0,0,0,-.--
146,605137,746076,4,4,0,0,0,.---,0,0-4 | 2 K,1,1,1,0,0,0,0,2,0,0,0,0,4,0,0,0,1,0,0,0,-.--
146,660821,746076,5,3,1,0,0,.---,0,1-3,1,1,1,0,0,0,0,0,0,0,1,0,3,0,0,0,0,0,0,0,-.--
146,641313,746076,6,3,1,0,0,.---,0,1-3 | K,1,0,1,0,0,0,0,1,0,0,1,0,3,0,0,0,1,0,0,0,-.--
146,624503,746076,7,3,0,0,0,.---,0,0-3 | K,0,1,1,0,0,0,0,1,0,0,0,0,3,0,0,0,2,0,0,0,-.--
146,672640,746076,8,2,0,0,0,.---,0,0-2,0,2,0,0,0,0,0,0,0,0,0,0,2,1,0,0,2,0,0,0,-.--
146,640902,746076,9,2,0,0,0,.---,0,0-2 | K,0,1,0,0,0,0,0,1,0,0,0,0,2,0,0,0,0,0,0,0,-.--
142,666397,747049,1,4,0,0,0,.---,0,0-4 | 3 K,1,0,1,0,0,0,0,3,0,0,0,0,4,0,0,0,1,0,0,0,-.--
142,680777,747049,2,4,0,0,0,.---,0,0-3 | HBP,1,1,2,0,0,0,0,0,0,0,0,1,3,0,0,0,0,0,0,0,-.--
142,621439,747049,3,4,0,0,0,.---,0,0-4 | 2 K,1,1,1,0,0,0,0,2,0,0,0,0,4,0,0,0,1,0,0,0,-.--
142,666135,747049,4,4,2,0,0,.---,0,"1-3 | 2B, BB",1,1,1,0,1,0,0,0,1,0,1,0,3,0,0,0,1,0,0,0,-.--
142,669304,747049,5,4,2,0,0,.---,0,"1-4 | 2B, K",0,1,1,0,1,0,0,1,0,0,1,0,4,0,0,0,2,0,0,0,-.--
142,663616,747049,6,2,0,0,0,.---,0,0-2,0,1,1,0,0,0,0,0,0,0,0,0,2,0,0,0,1,0,0,0,-.--
142,668885,747049,7,4,1,0,0,.---,0,"1-4 | RBI, R",1,2,1,1,0,0,0,0,0,0,1,0,4,0,0,1,1,0,0,0,-.--
142,650489,747049,8,4,1,0,0,.---,0,1-4 | K,0,0,2,0,0,0,0,1,0,0,1,0,4,0,0,0,1,0,0,0,-.--
142,571657,747049,9,3,1,0,0,.---,0,"1-3 | K, RBI",1,0,1,0,0,0,0,1,0,0,1,0,3,0,0,1,1,0,0,0,-.--
110,683002,747049,1,4,5,0,0,.---,0,"2-4 | HR, 2 K, RBI",0,0,0,1,0,0,1,2,0,0,2,0,4,0,0,1,1,0,0,0,4
110,668939,747049,2,4,0,0,0,.---,0,0-4 | K,1,0,3,0,0,0,0,1,0,0,0,0,4,0,0,0,2,0,0,0,-.--
110,656811,747049,3,2,0,0,0,.---,0,0-2,1,1,1,0,0,0,0,0,0,0,0,0,2,0,0,0,0,0,0,0,-.--
110,623993,747049,4,4,4,0,0,.---,0,"1-4 | HR, K, RBI",1,0,2,1,0,0,1,1,0,0,1,0,4,0,0,1,0,0,0,0,4
110,663624,747049,5,4,2,0,0,.---,0,"2-4 | K, R",0,1,0,1,0,0,0,1,0,0,2,0,4,0,0,0,0,0,0,0,-.--
110,656775,747049,6,4,4,0,0,.---,0,"1-4 | HR, 2 K, 2 RBI",0,0,1,1,0,0,1,2,0,0,1,0,4,0,0,2,1,0,0,0,4
110,681297,747049,7,3,1,0,1,1,0,"1-3 | K, SB",0,1,0,0,0,0,0,1,0,0,1,0,3,0,0,0,0,0,0,0,-.--
110,676059,747049,8,3,1,0,0,.---,0,1-3 | K,0,0,1,0,0,0,0,1,0,0,1,0,3,0,0,0,2,0,0,0,-.--
110,702616,747049,9,3,0,0,0,.---,0,0-3 | 2 K,1,0,1,0,0,0,0,2,0,0,0,0,3,0,0,0,1,0,0,0,-.--
134,665833,745836,1,4,2,0,0,.---,0,2-4 | K,0,1,0,0,0,0,0,1,0,0,2,0,4,1,0,0,2,0,0,0,-.--
134,668804,745836,2,4,1,0,0,.---,0,"1-3 | BB, K, RBI",1,0,1,0,0,0,0,1,1,0,1,0,3,0,0,1,1,0,0,0,-.--
134,656582,745836,3,4,0,0,0,.---,0,0-3 | BB,0,2,1,0,0,0,0,0,1,0,0,0,3,2,0,0,3,0,0,0,-.--
134,642133,745836,4,4,1,0,0,.---,0,1-4 | K,0,1,1,0,0,0,0,1,0,0,1,0,4,0,0,0,2,0,0,0,-.--
134,658668,745836,5,4,0,0,0,.---,0,"0-3 | BB, K",1,1,1,0,0,0,0,1,1,0,0,0,3,0,0,0,1,0,0,0,-.--
134,669261,745836,6,4,0,0,0,.---,0,0-4,1,2,2,0,0,0,0,0,0,0,0,0,4,0,0,0,2,0,0,0,-.--
134,669707,745836,7,3,0,0,0,.---,0,0-3 | 2 K,0,1,0,0,0,0,0,2,0,0,0,0,3,0,0,0,2,0,0,0,-.--
134,680779,745836,8,3,0,0,0,.---,0,"0-2 | K, R",1,0,1,1,0,0,0,1,0,0,0,0,2,0,0,0,1,0,0,1,-.--
134,675961,745836,9,3,1,0,0,.---,0,1-3,0,1,1,0,0,0,0,0,0,0,1,0,3,0,0,0,0,0,0,0,-.--
121,607043,745836,1,5,2,0,0,.---,0,"2-5 | K, 2 RBI",1,0,2,0,0,0,0,1,0,0,2,0,5,0,0,2,1,0,0,0,-.--
121,516782,745836,2,5,4,0,0,.---,0,"1-5 | HR, 2 K, 2 RBI",1,1,1,1,0,0,1,2,0,0,1,0,5,0,0,2,3,0,0,0,5
121,596019,745836,3,4,1,0,0,.---,0,1-4 | R,1,0,3,1,0,0,0,0,0,0,1,0,4,0,0,0,1,0,0,0,-.--
121,624413,745836,4,4,0,0,0,.---,0,"0-2 | 2 BB, 2 R",2,0,2,2,0,0,0,0,2,0,0,0,2,0,0,0,1,0,0,0,-.--
121,643446,745836,5,4,2,0,0,.---,0,"1-3 | 2B, K, R",0,1,1,1,1,0,0,1,0,0,1,0,3,0,0,0,0,1,0,0,-.--
121,682626,745836,6,4,1,0,1,1,0,"1-4 | RBI, R, SB",0,2,1,1,0,0,0,0,0,0,1,0,4,0,0,1,3,0,0,0,-.--
121,621438,745836,7,4,3,0,1,1,0,"3-4 | 2 RBI, R, SB",0,0,1,1,0,0,0,0,0,0,3,0,4,0,0,2,1,0,0,0,-.--
121,664056,745836,8,4,4,0,0,.---,0,"1-4 | HR, 2 K, 2 RBI",1,0,1,1,0,0,1,2,0,0,1,0,4,0,0,2,5,0,0,0,4
121,670097,745836,9,4,0,0,0,.---,0,"0-3 | BB, 2 K, R",0,0,1,1,0,0,0,2,1,0,0,0,3,0,0,0,3,0,0,0,-.--
140,543760,746487,1,4,0,0,0,.---,0,0-4 | 2 R,1,3,1,2,0,0,0,0,0,0,0,0,4,1,0,0,1,0,0,0,-.--
140,608369,746487,2,4,2,0,0,.---,0,2-4 | R,0,2,0,1,0,0,0,0,0,0,2,0,4,0,0,0,0,0,0,0,-.--
140,694671,746487,3,4,0,0,0,.---,0,"0-3 | BB, K",0,1,1,0,0,0,0,1,1,0,0,0,3,0,0,0,2,0,0,0,-.--
140,666969,746487,4,4,2,0,0,.---,0,"1-3 | 2B, 2 RBI, R",1,1,2,1,1,0,0,0,0,0,1,0,3,0,0,2,0,0,1,0,-.--
140,641680,746487,5,4,1,0,0,.---,0,1-4 | 2 RBI,1,2,1,0,0,0,0,0,0,0,1,0,4,0,0,2,2,0,0,0,-.--
140,677649,746487,6,4,1,0,0,.---,0,"1-4 | 3 K, R",0,0,0,1,0,0,0,3,0,0,1,0,4,0,0,0,3,0,0,0,-.--
140,694497,746487,7,4,0,0,0,.---,0,"0-3 | HBP, K",0,2,0,0,0,0,0,1,0,0,0,1,3,0,0,0,2,0,0,0,-.--
140,673995,746487,8,3,0,0,0,.---,0,0-3,1,2,1,0,0,0,0,0,0,0,0,0,3,1,0,0,1,0,0,0,-.--
140,665750,746487,9,4,1,0,0,.---,0,1-4 | K,1,0,2,0,0,0,0,1,0,0,1,0,4,0,0,0,2,0,0,0,-.--
116,682985,746487,1,5,1,0,0,.---,0,"1-3 | 2 BB, 2 K",0,0,0,0,0,0,0,2,2,0,1,0,3,0,0,0,0,0,0,0,-.--
116,592192,746487,2,5,0,0,0,.---,0,"0-3 | 2 BB, K",2,0,2,0,0,0,0,1,2,0,0,0,3,0,0,0,3,0,0,0,-.--
116,679529,746487,3,5,2,0,0,.---,0,"1-4 | 2B, BB, K",1,1,1,1,1,0,0,1,1,0,1,0,4,1,0,0,3,0,0,0,-.--
116,681481,746487,4,5,4,0,0,.---,0,"1-5 | HR, 3 K, RBI",1,0,1,1,0,0,1,3,0,0,1,0,5,0,0,1,4,0,0,0,5
116,656716,746487,5,2,0,0,0,.---,0,0-2 | K,0,1,0,0,0,0,0,1,0,0,0,0,2,0,0,0,0,0,0,0,-.--
116,690993,746487,6,4,1,0,0,.---,0,1-4,1,2,1,0,0,0,0,0,0,0,1,0,4,0,0,0,1,0,0,0,-.--
116,595879,746487,7,4,1,0,0,.---,0,1-4 | RBI,0,2,1,0,0,0,0,0,0,0,1,0,4,0,0,1,2,0,0,0,-.--
116,678009,746487,8,4,4,0,0,.---,0,"1-3 | HR, BB, RBI",1,1,1,1,0,0,1,0,1,0,1,0,3,0,0,1,1,0,0,0,3
116,668670,746487,9,3,0,0,0,.---,0,0-3 | K,2,0,2,0,0,0,0,1,0,0,0,0,3,0,0,0,0,0,0,0,-.--
135,593428,746005,1,4,0,0,0,.---,0,0-4 | 2 K,0,2,0,0,0,0,0,2,0,0,0,0,4,0,0,0,2,0,0,0,-.--
135,665487,746005,2,4,0,0,0,.---,0,"0-3 | BB, K",0,2,0,0,0,0,0,1,1,0,0,0,3,0,0,0,1,0,0,0,-.--
135,595777,746005,3,4,0,0,0,.---,0,0-3 | BB,0,2,1,0,0,0,0,0,1,0,0,0,3,1,0,0,1,0,0,0,-.--
135,592518,746005,4,4,1,0,0,.---,0,1-4,1,2,1,0,0,0,0,0,0,0,1,0,4,0,0,0,1,0,0,0,-.--
135,673490,746005,5,4,1,0,0,.---,0,1-4,0,1,2,0,0,0,0,0,0,0,1,0,4,1,0,0,1,0,0,0,-.--
135,701538,746005,6,3,3,0,0,.---,0,1-3 | 3B,0,2,0,0,0,1,0,0,0,0,1,0,3,0,0,0,2,0,0,0,-.--
135,642180,746005,7,3,0,0,0,.---,0,0-3,1,1,2,0,0,0,0,0,0,0,0,0,3,0,0,0,1,0,0,0,-.--
135,676946,746005,8,3,3,0,0,.---,0,1-3 | 3B,0,2,0,0,0,1,0,0,0,0,1,0,3,0,0,0,0,0,0,0,-.--
135,543309,746005,9,3,2,0,0,.---,0,1-3 | 2B,0,1,1,0,1,0,0,0,0,0,1,0,3,0,0,0,1,0,0,0,-.--
158,686217,746005,1,4,0,0,0,.---,0,0-4 | 2 K,0,1,1,0,0,0,0,2,0,0,0,0,4,0,0,0,1,0,0,0,-.--
158,661388,746005,2,3,0,0,0,.---,0,0-3 | 2 K,1,0,1,0,0,0,0,2,0,0,0,0,3,0,0,0,0,0,0,0,-.--
158,641343,746005,3,3,0,0,0,.---,0,0-3 | K,1,1,1,0,0,0,0,1,0,0,0,0,3,0,0,0,0,0,0,0,-.--
158,642715,746005,4,3,1,0,0,.---,0,"1-2 | BB, K",0,0,0,0,0,0,0,1,1,0,1,0,2,0,0,0,0,0,0,0,-.--
158,686554,746005,5,3,0,0,0,.---,0,0-3 | K,0,1,1,0,0,0,0,1,0,0,0,0,3,1,0,0,2,0,0,0,-.--
158,656555,746005,6,3,0,0,0,.---,0,"0-2 | BB, K",0,1,0,0,0,0,0,1,1,0,0,0,2,0,0,0,0,0,0,0,-.--
158,668930,746005,7,3,1,0,1,1,0,"1-3 | R, SB",1,1,1,1,0,0,0,0,0,0,1,0,3,0,0,0,1,0,0,0,-.--
158,694192,746005,8,3,0,0,0,.---,0,0-3 | 2 K,1,0,1,0,0,0,0,2,0,0,0,0,3,0,0,0,1,0,0,0,-.--
158,663368,746005,9,3,1,0,0,.---,0,"1-3 | K, RBI",0,1,0,0,0,0,0,1,0,0,1,0,3,0,0,1,0,0,0,0,-.--
144,660670,746401,1,5,5,0,0,.---,0,"2-5 | HR, 2 K, RBI",0,1,0,1,0,0,1,2,0,0,2,0,5,0,0,1,0,0,0,0,5
144,671739,746401,2,5,1,0,0,.---,0,"1-5 | K, 2 R",1,1,2,2,0,0,0,1,0,0,1,0,5,0,0,0,2,0,0,0,-.--
144,663586,746401,3,5,2,0,0,.---,0,"1-5 | 2B, K, R",1,1,2,1,1,0,0,1,0,0,1,0,5,0,0,0,3,0,0,0,-.--
144,621566,746401,4,5,0,0,0,.---,0,"0-3 | 2 BB, K, RBI",0,2,0,0,0,0,0,1,2,1,0,0,3,0,0,1,2,0,0,0,-.--
144,542303,746401,5,5,4,0,0,.---,0,"1-5 | HR, K, RBI",0,1,2,1,0,0,1,1,0,0,1,0,5,0,0,1,6,0,0,0,5
144,606115,746401,6,5,3,0,0,.---,0,"2-4 | 2B, K, 2 RBI",1,0,2,0,1,0,0,1,0,0,2,0,4,0,0,2,0,0,1,0,-.--
144,518595,746401,7,5,0,0,0,.---,0,"0-4 | BB, 2 K",0,2,0,0,0,0,0,2,1,0,0,0,4,0,0,0,4,0,0,0,-.--
144,672284,746401,8,4,0,0,0,.---,0,0-4 | 2 K,1,1,1,0,0,0,0,2,0,0,0,0,4,0,0,0,4,0,0,0,-.--
144,641645,746401,9,3,0,0,0,.---,0,0-3 | K,2,0,2,0,0,0,0,1,0,0,0,0,3,0,0,0,2,0,0,0,-.--
117,514888,746401,1,5,2,0,1,1,0,"2-4 | BB, R, SB",1,1,1,1,0,0,0,0,1,0,2,0,4,0,0,0,0,0,0,0,-.--
117,670541,746401,2,5,5,0,0,.---,0,"2-5 | HR, K, RBI",0,1,1,2,0,0,1,1,0,0,2,0,5,1,0,1,2,0,0,0,5
117,608324,746401,3,5,1,0,0,.---,0,"1-2 | 3 BB, RBI",0,0,1,0,0,0,0,0,3,0,1,0,2,0,0,1,0,0,0,0,-.--
117,663656,746401,4,5,2,0,0,.---,0,"1-4 | 2B, BB, 2 K",0,0,1,0,1,0,0,2,1,0,1,0,4,0,0,1,3,0,0,0,-.--
117,673237,746401,5,5,2,0,0,.---,0,2-5 | K,1,1,1,0,0,0,0,1,0,0,2,0,5,0,0,0,5,0,0,0,-.--
117,665161,746401,6,5,0,0,0,.---,0,0-5 | K,1,3,1,0,0,0,0,1,0,0,0,0,5,1,0,0,8,0,0,0,-.--
117,643289,746401,7,4,4,0,0,.---,0,"1-4 | HR, RBI, R",1,2,1,1,0,0,1,0,0,0,1,0,4,0,0,1,1,0,0,0,4
117,547989,746401,8,3,0,0,0,.---,0,"0-2 | BB, K",0,1,0,0,0,0,0,1,1,0,0,0,2,0,0,0,1,0,0,0,-.--
117,605170,746401,9,4,0,0,0,.---,0,0-4,1,2,2,0,0,0,0,0,0,0,0,0,4,1,0,0,1,0,0,0,-.--
118,672580,746807,1,4,0,0,0,.---,0,0-4,1,3,1,0,0,0,0,0,0,0,0,0,4,0,0,0,1,0,0,0,-.--
118,677951,746807,2,4,2,0,1,1,0,"2-4 | K, R, SB",0,1,0,1,0,0,0,1,0,0,2,0,4,0,0,0,0,0,0,0,-.--
118,686469,746807,3,4,2,0,0,.---,0,"1-4 | 2B, K",2,0,2,0,1,0,0,1,0,0,1,0,4,0,0,0,2,0,0,0,-.--
118,521692,746807,4,4,4,0,0,.---,0,"1-4 | HR, K, 2 RBI",1,0,2,1,0,0,1,1,0,0,1,0,4,0,0,2,1,0,0,0,4
118,669004,746807,5,4,0,0,0,.---,0,"0-3 | BB, K",0,2,0,0,0,0,0,1,1,0,0,0,3,0,0,0,0,0,0,0,-.--
118,676369,746807,6,4,2,0,0,.---,0,"1-4 | 2B, R",1,1,2,1,1,0,0,0,0,0,1,0,4,0,0,0,2,0,0,0,-.--
118,624428,746807,7,4,1,0,0,.---,0,"1-3 | BB, K, RBI",0,0,1,0,0,0,0,1,1,0,1,0,3,0,0,1,0,0,0,0,-.--
118,592669,746807,8,4,4,0,0,.---,0,"1-3 | HR, BB, RBI",0,1,1,1,0,0,1,0,1,0,1,0,3,0,0,1,1,0,0,0,3
118,664728,746807,9,4,0,0,0,.---,0,0-4,1,0,4,0,0,0,0,0,0,0,0,0,4,0,0,0,1,0,0,0,-.--
145,666150,746807,1,4,0,0,0,.---,0,0-4 | 2 K,0,1,1,0,0,0,0,2,0,0,0,0,4,0,0,0,1,0,0,0,-.--
145,683734,746807,2,4,0,0,0,.---,0,0-4 | 3 K,0,0,1,0,0,0,0,3,0,0,0,0,4,0,0,0,1,0,0,0,-.--
145,657757,746807,3,4,0,0,0,.---,0,0-4 | K,2,0,3,0,0,0,0,1,0,0,0,0,4,0,0,0,0,0,0,0,-.--
145,650391,746807,4,4,0,0,0,.---,0,"0-3 | BB, K, R",0,1,1,1,0,0,0,1,1,0,0,0,3,0,0,0,0,0,0,0,-.--
145,643217,746807,5,4,1,0,0,.---,0,1-4,1,1,2,0,0,0,0,0,0,0,1,0,4,0,0,0,1,0,0,0,-.--
145,657557,746807,6,4,7,0,0,.---,0,"3-3 | HR, 2B, BB",0,0,0,1,1,0,1,0,1,0,3,0,3,0,0,2,0,0,0,0,3
145,669699,746807,7,3,0,0,0,.---,0,0-3,1,2,1,0,0,0,0,0,0,0,0,0,3,0,0,0,2,0,0,0,-.--
145,670032,746807,8,3,1,0,0,.---,0,1-2 | BB,0,1,0,0,0,0,0,0,1,0,1,0,2,0,0,0,1,0,0,0,-.--
145,455117,746807,9,3,0,0,0,.---,0,0-2 | 2 K,0,1,0,0,0,0,0,2,0,0,0,0,2,0,0,0,2,1,0,0,-.--
118,641658,746809,1,4,1,0,0,.---,0,1-4 | K,0,1,1,0,0,0,0,1,0,0,1,0,4,0,0,0,0,0,0,0,-.--
118,677951,746809,2,4,1,0,0,.---,0,1-4,2,1,2,0,0,0,0,0,0,0,1,0,4,1,0,0,1,0,0,0,-.--
118,686469,746809,3,4,2,0,0,.---,0,"1-2 | 2B, 2 BB",0,1,0,0,1,0,0,0,2,0,1,0,2,0,0,0,1,0,0,0,-.--
118,521692,746809,4,4,0,0,0,.---,0,0-2 | 2 BB,1,0,2,0,0,0,0,0,2,0,0,0,2,0,0,0,0,0,0,0,-.--
118,669004,746809,5,4,0,0,0,.---,0,0-4 | 2 K,1,0,2,0,0,0,0,2,0,0,0,0,4,0,0,0,4,0,0,0,-.--
118,679845,746809,6,4,2,0,0,.---,0,"2-4 | K, R",1,0,1,1,0,0,0,1,0,0,2,0,4,0,0,0,0,0,0,0,-.--
118,624428,746809,7,4,0,0,0,.---,0,0-4 | K,0,2,1,0,0,0,0,1,0,0,0,0,4,0,0,0,2,0,0,0,-.--
118,592669,746809,8,3,0,0,0,.---,0,0-3 | RBI,1,2,1,0,0,0,0,0,0,0,0,0,3,0,0,1,0,0,0,0,-.--
118,666023,746809,9,3,0,0,0,.---,0,0-3 | K,1,0,2,0,0,0,0,1,0,0,0,0,3,0,0,0,0,0,0,0,-.--
145,543257,746809,1,4,0,0,0,.---,0,0-4 | 2 K,0,1,1,0,0,0,0,2,0,0,0,0,4,0,0,0,4,0,0,0,-.--
145,683734,746809,2,4,2,0,0,.---,0,"1-4 | 2B, R",3,0,3,1,1,0,0,0,0,0,1,0,4,0,0,0,3,0,0,0,-.--
145,657757,746809,3,4,4,0,0,.---,0,"1-3 | HR, BB, RBI",1,0,2,1,0,0,1,0,1,0,1,0,3,0,0,1,1,0,0,0,3
145,650391,746809,4,4,0,0,0,.---,0,0-2 | 2 BB,1,1,1,0,0,0,0,0,2,0,0,0,2,0,0,0,0,0,0,0,-.--
145,666150,746809,5,4,1,0,0,.---,0,1-4 | RBI,2,1,2,0,0,0,0,0,0,0,1,0,4,0,0,1,2,0,0,0,-.--
145,672820,746809,6,4,0,0,0,.---,0,0-4 | K,0,1,2,0,0,0,0,1,0,0,0,0,4,1,0,0,4,0,0,0,-.--
145,657557,746809,7,3,2,0,0,.---,0,2-3 | K,0,0,0,0,0,0,0,1,0,0,2,0,3,0,0,0,2,0,0,0,-.--
145,686676,746809,8,3,0,0,0,.---,0,0-2 | BB,1,1,1,0,0,0,0,0,1,0,0,0,2,0,0,0,2,0,0,0,-.--
145,670032,746809,9,3,1,0,0,.---,0,1-2,0,2,0,0,0,0,0,0,0,0,1,0,2,0,0,0,1,1,0,0,-.--
147,683011,744948,1,5,0,0,0,.---,0,0-5,2,2,3,0,0,0,0,0,0,0,0,0,5,0,0,0,4,0,0,0,-.--
147,665742,744948,2,5,7,0,0,.---,0,"3-3 | HR, 2B, 2 BB",0,0,0,1,1,0,1,0,2,0,3,0,3,0,0,2,0,0,0,0,3
147,592450,744948,3,5,1,0,0,.---,0,"1-5 | 3 K, 2 RBI",0,1,0,0,0,0,0,3,0,0,1,0,5,1,0,2,3,0,0,0,-.--
147,519203,744948,4,5,1,0,0,.---,0,1-5 | 3 K,0,0,1,0,0,0,0,3,0,0,1,0,5,0,0,0,2,0,0,0,-.--
147,519317,744948,5,4,4,0,0,.---,0,"1-3 | HR, BB, K",0,1,0,1,0,0,1,1,1,0,1,0,3,0,0,1,0,0,0,0,3
147,650402,744948,6,4,1,0,0,.---,0,"1-4 | 3 K, R",0,0,0,1,0,0,0,3,0,0,1,0,4,0,0,0,3,0,0,0,-.--
147,657077,744948,7,4,2,0,0,.---,0,"1-4 | 2B, K, R",0,2,0,1,1,0,0,1,0,0,1,0,4,0,0,0,0,0,0,0,-.--
147,665828,744948,8,4,3,0,0,.---,0,"2-4 | 2B, R",1,1,1,1,1,0,0,0,0,0,2,0,4,0,0,0,2,0,0,0,-.--
147,669224,744948,9,3,0,0,1,1,0,"0-2 | BB, SB",0,1,1,0,0,0,0,0,1,0,0,0,2,1,0,0,2,0,0,0,-.--
141,543807,744948,1,5,1,0,0,.---,0,1-5,0,4,0,0,0,0,0,0,0,0,1,0,5,0,0,0,3,0,0,0,-.--
141,665489,744948,2,5,1,0,0,.---,0,"1-4 | BB, K",0,2,0,0,0,0,0,1,1,0,1,0,4,0,0,0,3,0,0,0,-.--
141,666182,744948,3,4,2,0,0,.---,0,"1-2 | 2B, BB, RBI",1,1,1,0,1,0,0,0,1,0,1,0,2,0,0,1,0,0,1,0,-.--
141,457759,744948,4,4,0,0,0,.---,0,0-4 | K,0,2,1,0,0,0,0,1,0,0,0,0,4,1,0,0,5,0,0,0,-.--
141,624415,744948,5,2,0,0,0,.---,0,0-2 | K,0,1,0,0,0,0,0,1,0,0,0,0,2,0,0,0,0,0,0,0,-.--
141,676914,744948,6,4,1,0,0,.---,0,"1-4 | K, R",1,0,2,1,0,0,0,1,0,0,1,0,4,0,0,0,1,0,0,0,-.--
141,662139,744948,7,4,8,0,0,.---,0,"2-4 | 2 HR, 3 RBI, 2 R",0,2,0,2,0,0,2,0,0,0,2,0,4,0,0,3,0,0,0,0,2
141,672386,744948,8,3,0,0,0,.---,0,0-2 | BB,1,0,2,0,0,0,0,0,1,0,0,0,2,0,0,0,0,0,0,0,-.--
141,595281,744948,9,4,3,0,0,.---,0,"3-3 | BB, R",0,0,0,1,0,0,0,0,1,0,3,0,3,0,0,0,0,0,0,0,-.--
120,682928,746159,1,4,4,0,0,.---,0,"1-4 | HR, K, RBI",0,1,1,1,0,0,1,1,0,0,1,0,4,0,0,1,0,0,0,0,4
120,608385,746159,2,4,1,0,0,.---,0,"1-4 | 2 K, R",1,0,1,1,0,0,0,2,0,0,1,0,4,0,0,0,0,0,0,0,-.--
120,657041,746159,3,4,0,0,0,.---,0,0-4 | 2 K,2,0,2,0,0,0,0,2,0,0,0,0,4,0,0,0,1,0,0,0,-.--
120,671277,746159,4,4,1,0,2,1,0,"1-3 | BB, 2 SB",1,1,1,0,0,0,0,0,1,0,1,0,3,0,0,0,0,0,0,0,-.--
120,608841,746159,5,4,0,0,1,1,0,"0-2 | BB, RBI, SB",1,2,1,0,0,0,0,0,1,0,0,0,2,0,0,1,0,0,1,0,-.--
120,608336,746159,6,4,0,0,0,.---,0,"0-2 | BB, HBP, 2 K",0,0,0,0,0,0,0,2,1,0,0,1,2,0,0,0,2,0,0,0,-.--
120,669222,746159,7,4,0,0,0,.---,0,0-4 | 2 K,0,2,0,0,0,0,0,2,0,0,0,0,4,0,0,0,3,0,0,0,-.--
120,592696,746159,8,3,1,1,0,0,0,"1-2 | BB, K, CS",0,0,0,0,0,0,0,1,1,0,1,0,2,0,0,0,0,0,0,0,-.--
120,656180,746159,9,3,0,0,0,.---,0,0-3 | K,0,2,0,0,0,0,0,1,0,0,0,0,3,1,0,0,1,0,0,0,-.--
119,605141,746159,1,4,0,0,0,.---,0,0-4,2,1,3,0,0,0,0,0,0,0,0,0,4,0,0,0,0,0,0,0,-.--
119,660271,746159,2,4,3,0,1,1,0,3-4 | SB,1,0,1,0,0,0,0,0,0,0,3,0,4,0,0,0,0,0,0,0,-.--
119,518692,746159,3,4,0,0,0,.---,0,0-3 | BB,0,3,0,0,0,0,0,0,1,0,0,0,3,1,0,0,2,0,0,0,-.--
119,669257,746159,4,4,0,0,0,.---,0,0-4 | 2 K,1,1,1,0,0,0,0,2,0,0,0,0,4,0,0,0,2,0,0,0,-.--
119,571970,746159,5,4,2,0,0,.---,0,"1-4 | 2B, K",1,1,1,0,1,0,0,1,0,0,1,0,4,0,0,0,2,0,0,0,-.--
119,606192,746159,6,4,0,0,0,.---,0,"0-3 | BB, 2 K",0,1,0,0,0,0,0,2,1,0,0,0,3,0,0,0,1,0,0,0,-.--
119,681546,746159,7,2,2,0,0,.---,0,1-2 | 2B,0,1,0,0,1,0,0,0,0,0,1,0,2,0,0,0,1,0,0,0,-.--
119,681624,746159,8,3,0,0,0,.---,0,0-3 | 2 K,0,1,0,0,0,0,0,2,0,0,0,0,3,0,0,0,2,0,0,0,-.--
119,666158,746159,9,3,0,0,0,.---,0,0-3 | 2 K,0,1,0,0,0,0,0,2,0,0,0,0,3,0,0,0,1,0,0,0,-.--
138,680977,745671,1,5,1,0,0,.---,0,1-5 | 2 K,0,1,1,0,0,0,0,2,0,0,1,0,5,0,0,0,1,0,0,0,-.--
138,502671,745671,2,4,0,0,0,.---,0,"0-3 | BB, K",1,1,1,0,0,0,0,1,1,0,0,0,3,0,0,0,0,0,0,0,-.--
138,663457,745671,3,4,1,0,1,1,0,"1-3 | BB, R, SB",0,2,0,1,0,0,0,0,1,0,1,0,3,1,0,0,2,0,0,0,-.--
138,571448,745671,4,4,1,0,0,.---,0,"1-3 | BB, 2 K, R",0,0,0,1,0,0,0,2,1,0,1,0,3,0,0,0,1,0,0,0,-.--
138,575929,745671,5,4,4,0,0,.---,0,"2-4 | 2 2B, K, RBI",0,1,0,1,2,0,0,1,0,0,2,0,4,0,0,1,2,0,0,0,-.--
138,669357,745671,6,4,0,0,0,.---,0,0-4 | 2 K,1,1,1,0,0,0,0,2,0,0,0,0,4,0,0,0,3,0,0,0,-.--
138,671056,745671,7,4,1,0,0,.---,0,"1-3 | BB, K, 2 RBI",0,1,0,0,0,0,0,1,1,0,1,0,3,0,0,2,1,0,0,0,-.--
138,691026,745671,8,4,0,0,0,.---,0,"0-2 | 2 BB, 2 K",0,0,0,0,0,0,0,2,2,0,0,0,2,0,0,0,1,0,0,0,-.--
138,672279,745671,9,2,0,0,0,.---,0,0-2 | K,0,1,0,0,0,0,0,1,0,0,0,0,2,1,0,0,2,0,0,0,-.--
133,665923,745671,1,5,4,0,1,1,0,"1-5 | HR, 2 RBI, 2 R",1,1,3,2,0,0,1,0,0,0,1,0,5,0,0,2,4,0,0,0,5
133,663527,745671,2,4,4,0,0,.---,0,"3-4 | 2B, RBI, R",0,1,0,1,1,0,0,0,0,0,3,0,4,0,0,1,0,0,0,0,-.--
133,680869,745671,3,4,1,0,0,.---,0,"1-3 | BB, 2 K, R",0,0,0,1,0,0,0,2,1,0,1,0,3,0,0,0,2,0,0,0,-.--
133,669127,745671,4,4,2,0,0,.---,0,"1-4 | 2B, RBI, R",2,1,2,1,1,0,0,0,0,0,1,0,4,0,0,1,2,0,0,0,-.--
133,647351,745671,5,4,1,0,0,.---,0,"1-4 | K, RBI",0,1,1,0,0,0,0,1,0,0,1,0,4,0,0,1,2,0,0,0,-.--
133,687231,745671,6,4,1,0,0,.---,0,"1-3 | K, RBI",0,1,1,0,0,0,0,1,0,0,1,0,3,1,0,1,1,0,1,0,-.--
133,676116,745671,7,4,1,0,0,.---,0,1-3 | BB,0,1,1,0,0,0,0,0,1,0,1,0,3,0,0,0,0,0,0,0,-.--
133,669397,745671,8,4,1,0,0,.---,0,1-3 | BB,1,0,2,0,0,0,0,0,1,0,1,0,3,0,0,0,3,0,0,0,-.--
133,680474,745671,9,2,0,0,0,.---,0,"0-1 | BB, K, R",0,0,0,1,0,0,0,1,1,0,0,0,1,0,0,0,2,0,0,0,-.--
112,664023,747212,1,5,0,0,0,.---,0,0-4 | BB,3,1,3,0,0,0,0,0,1,0,0,0,4,0,0,0,0,0,0,0,-.--
112,621020,747212,2,5,2,0,1,1,0,"2-5 | K, R, SB",2,0,2,1,0,0,0,1,0,0,2,0,5,0,0,0,1,0,0,0,-.--
112,641355,747212,3,4,5,0,0,.---,0,"2-4 | HR, RBI, 2 R",1,1,1,2,0,0,1,0,0,0,2,0,4,0,0,1,1,0,0,0,4
112,666624,747212,4,4,0,0,0,.---,0,"0-3 | BB, 2 K",0,0,1,0,0,0,0,2,1,1,0,0,3,0,0,0,1,0,0,0,-.--
112,683737,747212,5,4,2,0,0,.---,0,"2-4 | K, RBI",1,0,1,0,0,0,0,1,0,0,2,0,4,0,0,1,0,0,0,0,-.--
112,663538,747212,6,4,0,0,0,.---,0,0-4 | R,1,2,2,1,0,0,0,0,0,0,0,0,4,0,0,0,3,0,0,0,-.--
112,643565,747212,7,4,3,0,0,.---,0,"2-4 | 2B, K, RBI",0,1,0,1,1,0,0,1,0,0,2,0,4,0,0,1,3,0,0,0,-.--
112,543228,747212,8,4,1,0,0,.---,0,"1-4 | 2 K, RBI",0,1,0,0,0,0,0,2,0,0,1,0,4,0,0,1,2,0,0,0,-.--
112,670156,747212,9,4,0,0,0,.---,0,0-4,1,3,1,0,0,0,0,0,0,0,0,0,4,1,0,0,2,0,0,0,-.--
109,606466,747212,1,4,7,0,0,.---,0,"3-4 | HR, 2B, 2 RBI",0,1,0,1,1,0,1,0,0,0,3,0,4,0,0,2,0,0,0,0,4
109,682998,747212,2,4,0,0,1,1,0,"0-2 | BB, HBP, SB",0,2,0,0,0,0,0,0,1,0,0,1,2,0,0,0,1,0,0,0,-.--
109,666971,747212,3,4,0,0,0,.---,0,0-4 | 2 K,1,0,2,0,0,0,0,2,0,0,0,0,4,0,0,0,5,0,0,0,-.--
109,572233,747212,4,4,0,0,0,.---,0,0-4 | K,2,1,2,0,0,0,0,1,0,0,0,0,4,1,0,0,5,0,0,0,-.--
109,553993,747212,5,4,0,0,0,.---,0,0-4 | 2 K,0,2,0,0,0,0,0,2,0,0,0,0,4,0,0,0,1,0,0,0,-.--
109,545341,747212,6,4,2,0,0,.---,0,1-4 | 2B,1,1,2,0,1,0,0,0,0,0,1,0,4,0,0,0,0,0,0,0,-.--
109,677942,747212,7,2,1,0,0,.---,0,1-2 | K,0,0,0,0,0,0,0,1,0,0,1,0,2,0,0,0,0,0,0,0,-.--
109,571466,747212,8,3,2,0,0,.---,0,"1-3 | 2B, K, R",0,1,0,1,1,0,0,1,0,0,1,0,3,0,0,0,2,0,0,0,-.--
109,621028,747212,9,2,0,0,0,.---,0,0-2,0,2,0,0,0,0,0,0,0,0,0,0,2,0,0,0,2,0,0,0,-.--
113,663697,745267,1,4,0,0,0,.---,0,0-4 | 3 K,0,1,0,0,0,0,0,3,0,0,0,0,4,0,0,0,0,0,0,0,-.--
113,666181,745267,2,4,0,0,0,.---,0,0-4 | K,2,1,2,0,0,0,0,1,0,0,0,0,4,0,0,0,0,0,0,0,-.--
113,656413,745267,3,3,0,0,0,.---,0,0-3,1,1,2,0,0,0,0,0,0,0,0,0,3,0,0,0,0,0,0,0,-.--
113,668715,745267,4,3,0,0,0,.---,0,0-3 | K,0,2,0,0,0,0,0,1,0,0,0,0,3,0,0,0,0,0,0,0,-.--
113,641584,745267,5,3,0,0,0,.---,0,0-3 | K,0,2,0,0,0,0,0,1,0,0,0,0,3,0,0,0,0,0,0,0,-.--
113,682829,745267,6,3,4,0,0,.---,0,"1-3 | HR, 2 K, RBI",0,0,0,1,0,0,1,2,0,0,1,0,3,0,0,1,0,0,0,0,3
113,663886,745267,7,3,0,0,0,.---,0,"0-2 | BB, K",0,1,0,0,0,0,0,1,1,0,0,0,2,0,0,0,0,0,0,0,-.--
113,605361,745267,8,3,0,0,0,.---,0,0-3 | 3 K,0,0,0,0,0,0,0,3,0,0,0,0,3,0,0,0,1,0,0,0,-.--
113,669289,745267,9,3,0,0,0,.---,0,0-3,0,3,0,0,0,0,0,0,0,0,0,0,3,0,0,0,0,0,0,0,-.--
136,677594,745267,1,5,4,0,0,.---,0,"2-5 | 2 2B, 2 K",0,1,0,0,2,0,0,2,0,0,2,0,5,0,0,0,1,0,0,0,-.--
136,571745,745267,2,5,1,0,0,.---,0,"1-5 | 2 K, RBI, R",0,2,0,1,0,0,0,2,0,0,1,0,5,0,0,1,2,0,0,0,-.--
136,593871,745267,3,4,0,0,0,.---,0,0-4 | K,2,0,3,0,0,0,0,1,0,0,0,0,4,0,0,0,2,0,0,0,-.--
136,641598,745267,4,4,4,0,0,.---,0,"1-3 | HR, BB, RBI",1,1,1,1,0,0,1,0,1,0,1,0,3,0,0,1,0,0,0,0,3
136,664034,745267,5,4,0,0,0,.---,0,"0-1 | 3 BB, K",0,0,0,0,0,0,0,1,3,0,0,0,1,0,0,0,0,0,0,0,-.--
136,663728,745267,6,4,4,0,0,.---,0,"1-2 | HR, 2 BB, 2 RBI",1,0,1,1,0,0,1,0,2,0,1,0,2,0,0,2,1,0,0,0,2
136,664238,745267,7,4,3,0,0,.---,0,"1-4 | 3B, K",1,0,2,0,0,1,0,1,0,0,1,0,4,0,0,0,6,0,0,0,-.--
136,649966,745267,8,2,0,0,0,.---,0,0-2 | K,0,0,1,0,0,0,0,1,0,0,0,0,2,0,0,0,1,0,0,0,-.--
136,682729,745267,9,4,0,0,1,1,0,"0-3 | BB, K, R",1,1,1,1,0,0,0,1,1,0,0,0,3,0,0,0,0,0,0,0,-.--
115,678662,745591,1,5,3,0,0,.---,0,"3-5 | K, 2 RBI, R",1,0,1,1,0,0,0,1,0,0,3,0,5,0,0,2,2,0,0,0,-.--
115,686668,745591,2,5,2,0,1,1,0,"2-5 | R, SB",0,1,2,1,0,0,0,0,0,0,2,0,5,0,0,0,4,0,0,0,-.--
115,641857,745591,3,5,2,0,0,.---,0,"2-5 | 3 K, R",0,0,0,1,0,0,0,3,0,0,2,0,5,0,0,0,3,0,0,0,-.--
115,553869,745591,4,5,1,0,0,.---,0,"1-5 | K, RBI, R",0,2,1,1,0,0,0,1,0,0,1,0,5,0,0,1,3,0,0,0,-.--
115,660707,745591,5,5,1,0,0,.---,0,"1-4 | 2 K, RBI",0,1,1,0,0,0,0,2,0,0,1,0,4,0,0,1,1,0,1,0,-.--
115,656248,745591,6,5,1,0,0,.---,0,"1-3 | 2 BB, K, R",0,0,1,1,0,0,0,1,2,0,1,0,3,0,0,0,1,0,0,0,-.--
115,669911,745591,7,4,0,0,0,.---,0,"0-3 | BB, 2 K, RBI",0,1,0,1,0,0,0,2,1,0,0,0,3,0,0,1,2,0,0,0,-.--
115,676701,745591,8,3,0,0,0,.---,0,0-3 | 2 K,0,1,0,0,0,0,0,2,0,0,0,0,3,1,0,0,2,0,0,0,-.--
115,607732,745591,9,4,2,0,0,.---,0,2-3 | BB,1,0,1,0,0,0,0,0,1,0,2,0,3,0,0,0,0,0,0,0,-.--
143,656941,745591,1,5,8,0,0,.---,0,"2-5 | 2 HR, 2 K, 3 RBI",0,0,1,2,0,0,2,2,0,0,2,0,5,0,0,3,2,0,0,0,2.5
143,607208,745591,2,5,7,0,0,.---,0,"3-5 | HR, 2B, RBI",0,2,0,2,1,0,1,0,0,0,3,0,5,0,0,1,1,0,0,0,5
143,547180,745591,3,4,1,0,0,.---,0,1-4 | 2 K,0,1,0,0,0,0,0,2,0,0,1,0,4,0,0,0,2,0,0,0,-.--
143,592663,745591,4,4,1,0,0,.---,0,"1-4 | 2 K, RBI, R",0,1,0,1,0,0,0,2,0,0,1,0,4,0,0,1,3,0,0,0,-.--
143,664761,745591,5,4,2,0,0,.---,0,"1-3 | 2B, BB, K",1,0,1,1,1,0,0,1,1,0,1,0,3,0,0,1,0,0,0,0,-.--
143,669016,745591,6,4,2,0,0,.---,0,2-4 | RBI,1,0,2,0,0,0,0,0,0,0,2,0,4,0,0,1,2,0,0,0,-.--
143,592206,745591,7,4,0,0,0,.---,0,0-4 | 2 K,0,2,0,0,0,0,0,2,0,0,0,0,4,0,0,0,4,0,0,0,-.--
143,681082,745591,8,4,0,0,0,.---,0,0-4 | 2 K,0,2,0,0,0,0,0,2,0,0,0,0,4,0,0,0,1,0,0,0,-.--
143,679032,745591,9,4,3,0,1,1,0,"2-3 | 2B, BB, R",0,1,0,1,1,0,0,0,1,0,2,0,3,0,0,0,0,0,0,0,-.--
108,543685,745105,1,5,2,0,0,.---,0,"2-5 | 2 K, 2 RBI, R",1,0,1,1,0,0,0,2,0,0,2,0,5,0,0,2,2,0,0,0,-.--
108,545361,745105,2,5,4,0,0,.---,0,"1-4 | HR, BB, 2 K",0,0,1,1,0,0,1,2,1,1,1,0,4,0,0,1,1,0,0,0,4
108,621493,745105,3,5,3,0,1,1,0,"3-5 | K, RBI, SB",1,0,1,0,0,0,0,1,0,0,3,0,5,0,0,1,1,0,0,0,-.--
108,681351,745105,4,5,1,0,0,.---,0,"1-5 | 2 K, R",2,0,2,1,0,0,0,2,0,0,1,0,5,0,0,0,4,0,0,0,-.--
108,543305,745105,5,4,0,0,0,.---,0,0-4,0,3,1,0,0,0,0,0,0,0,0,0,4,0,0,0,3,0,0,0,-.--
108,666160,745105,6,4,0,0,0,.---,0,0-4 | K,2,1,2,0,0,0,0,1,0,0,0,0,4,0,0,0,2,0,0,0,-.--
108,650859,745105,7,4,2,0,1,1,0,"1-4 | 2B, RBI, SB",0,2,1,0,1,0,0,0,0,0,1,0,4,0,0,1,0,0,0,0,-.--
108,694384,745105,8,4,3,0,0,.---,0,"3-4 | K, R",0,0,0,1,0,0,0,1,0,0,3,0,4,0,0,0,1,0,0,0,-.--
108,687263,745105,9,4,1,0,1,1,0,"1-3 | BB, SB",0,1,1,0,0,0,0,0,1,0,1,0,3,0,0,0,1,0,0,0,-.--
139,650490,745105,1,5,3,0,0,.---,0,"2-5 | 2B, R",2,0,3,1,1,0,0,0,0,0,2,0,5,0,0,0,3,0,0,0,-.--
139,623912,745105,2,4,1,0,0,.---,0,1-4 | K,1,1,1,0,0,0,0,1,0,0,1,0,4,0,0,0,1,0,0,0,-.--
139,668227,745105,3,4,1,0,1,1,0,"1-4 | K, RBI, SB",0,1,1,0,0,0,0,1,0,0,1,0,4,0,0,1,1,0,0,0,-.--
139,670623,745105,4,4,2,0,0,.---,0,"2-4 | K, R",0,0,1,1,0,0,0,1,0,0,2,0,4,0,0,0,2,0,0,0,-.--
139,642708,745105,5,4,5,0,0,.---,0,"2-4 | HR, K, 2 RBI",0,1,0,2,0,0,1,1,0,0,2,0,4,1,0,2,3,0,0,0,4
139,676609,745105,6,4,1,1,0,0,1,"1-3 | BB, CS",0,1,1,0,0,0,0,0,1,0,1,0,3,0,0,0,2,0,0,0,-.--
139,642350,745105,7,4,0,0,0,.---,0,"0-3 | 3 K, RBI",1,0,1,0,0,0,0,3,0,0,0,0,3,0,0,1,0,0,1,0,-.--
139,678554,745105,8,4,1,0,0,.---,0,1-4,2,1,2,0,0,0,0,0,0,0,1,0,4,0,0,0,1,0,0,0,-.--
139,650907,745105,9,3,0,0,0,.---,0,"0-2 | HBP, K",0,1,0,0,0,0,0,1,0,0,0,1,2,0,0,0,0,0,0,0,-.--
114,680757,746973,1,4,0,0,0,.---,0,0-4,1,2,2,0,0,0,0,0,0,0,0,0,4,0,0,0,0,0,0,0,-.--
114,665926,746973,2,4,0,0,0,.---,0,0-4 | K,0,3,0,0,0,0,0,1,0,0,0,0,4,0,0,0,0,0,0,0,-.--
114,608070,746973,3,3,1,0,0,.---,0,1-3,1,1,1,0,0,0,0,0,0,0,1,0,3,0,0,0,0,0,0,0,-.--
114,647304,746973,4,3,1,0,0,.---,0,1-3,1,1,1,0,0,0,0,0,0,0,1,0,3,0,0,0,1,0,0,0,-.--
114,686823,746973,5,3,0,0,0,.---,0,0-3 | K,1,1,1,0,0,0,0,1,0,0,0,0,3,1,0,0,1,0,0,0,-.--
114,664314,746973,6,3,0,0,0,.---,0,0-3 | 3 K,0,0,0,0,0,0,0,3,0,0,0,0,3,0,0,0,0,0,0,0,-.--
114,672356,746973,7,3,1,0,0,.---,0,1-3 | 2 K,0,0,0,0,0,0,0,2,0,0,1,0,3,0,0,0,0,0,0,0,-.--
114,595978,746973,8,3,0,0,0,.---,0,0-3 | K,1,1,1,0,0,0,0,1,0,0,0,0,3,0,0,0,1,0,0,0,-.--
114,677587,746973,9,3,0,0,0,.---,0,0-3 | K,0,2,0,0,0,0,0,1,0,0,0,0,3,0,0,0,0,0,0,0,-.--
111,680776,746973,1,4,3,0,0,.---,0,2-4 | 2B,0,1,1,0,1,0,0,0,0,0,2,0,4,0,0,0,0,0,0,0,-.--
111,646240,746973,2,4,0,0,0,.---,0,0-4 | 3 K,1,0,1,0,0,0,0,3,0,0,0,0,4,0,0,0,2,0,0,0,-.--
111,671213,746973,3,3,0,0,0,.---,0,0-3 | 2 K,0,1,0,0,0,0,0,2,0,0,0,0,3,0,0,0,1,0,0,0,-.--
111,677800,746973,4,3,0,0,1,1,0,"0-2 | BB, SB",0,1,1,0,0,0,0,0,1,0,0,0,2,0,0,0,0,0,0,0,-.--
111,665839,746973,5,3,0,0,0,.---,0,0-3 | 2 K,1,0,1,0,0,0,0,2,0,0,0,0,3,0,0,0,1,0,0,0,-.--
111,657136,746973,6,3,5,0,0,.---,0,"2-3 | HR, RBI, R",0,0,1,1,0,0,1,0,0,0,2,0,3,0,0,1,1,0,0,0,3
111,666152,746973,7,3,0,0,0,.---,0,0-3,1,1,2,0,0,0,0,0,0,0,0,0,3,0,0,0,2,0,0,0,-.--
111,622569,746973,8,3,1,0,0,.---,0,"1-3 | 2 K, R",0,0,0,1,0,0,0,2,0,0,1,0,3,0,0,0,1,0,0,0,-.--
111,678882,746973,9,3,0,0,0,.---,0,0-3 | 2 K,1,0,1,0,0,0,0,2,0,0,0,0,3,0,0,0,1,0,0,0,-.--
108,543685,745104,1,4,1,0,0,.---,0,1-4 | K,2,0,2,0,0,0,0,1,0,0,1,0,4,0,0,0,2,0,0,0,-.--
108,545361,745104,2,4,0,0,2,1,0,"0-3 | BB, K, R",1,0,2,1,0,0,0,1,1,0,0,0,3,0,0,0,2,0,0,0,-.--
108,621493,745104,3,4,0,0,0,.---,0,0-4 | K,1,1,2,0,0,0,0,1,0,0,0,0,4,0,0,0,3,0,0,0,-.--
108,593934,745104,4,4,1,0,0,.---,0,"1-2 | BB, K, RBI",1,0,1,0,0,0,0,1,1,0,1,0,2,0,0,1,0,0,1,0,-.--
108,642136,745104,5,3,0,0,0,.---,0,"0-2 | BB, K",1,0,1,0,0,0,0,1,1,0,0,0,2,0,0,0,1,0,0,0,-.--
108,666160,745104,6,2,0,0,0,.---,0,0-2,1,1,1,0,0,0,0,0,0,0,0,0,2,1,0,0,2,0,0,0,-.--
108,650859,745104,7,4,2,0,0,.---,0,2-4 | K,0,1,0,0,0,0,0,1,0,0,2,0,4,0,0,0,0,0,0,0,-.--
108,694384,745104,8,3,1,0,0,.---,0,1-3 | K,1,0,1,0,0,0,0,1,0,0,1,0,3,0,0,0,2,0,0,0,-.--
108,687263,745104,9,3,1,0,0,.---,0,1-3 | 2 K,0,0,0,0,0,0,0,2,0,0,1,0,3,0,0,0,1,0,0,0,-.--
139,650490,745104,1,4,2,0,0,.---,0,2-4,1,1,1,0,0,0,0,0,0,0,2,0,4,0,0,0,0,0,0,0,-.--
139,680700,745104,2,3,1,0,0,.---,0,"1-2 | BB, R",0,1,0,1,0,0,0,0,1,0,1,0,2,0,0,0,1,0,0,0,-.--
139,642708,745104,3,4,4,0,0,.---,0,"2-4 | 3B, K, RBI",0,0,1,1,0,1,0,1,0,0,2,0,4,0,0,1,2,0,0,0,-.--
139,623912,745104,4,3,0,0,0,.---,0,"0-2 | K, RBI",1,1,1,0,0,0,0,1,0,0,0,0,2,0,0,1,2,0,1,0,-.--
139,676609,745104,5,3,0,0,0,.---,0,"0-2 | HBP, K",0,1,0,0,0,0,0,1,0,0,0,1,2,1,0,0,2,0,0,0,-.--
139,668853,745104,6,3,0,0,0,.---,0,0-3 | K,1,1,1,0,0,0,0,1,0,0,0,0,3,0,0,0,1,0,0,0,-.--
139,678554,745104,7,3,0,0,0,.---,0,0-3 | K,0,1,1,0,0,0,0,1,0,0,0,0,3,0,0,0,1,0,0,0,-.--
139,642350,745104,8,3,0,0,0,.---,0,0-3 | K,0,1,1,0,0,0,0,1,0,0,0,0,3,0,0,0,0,0,0,0,-.--
139,650907,745104,9,3,0,0,0,.---,0,0-3 | K,2,0,2,0,0,0,0,1,0,0,0,0,3,0,0,0,0,0,0,0,-.--
140,543760,746485,1,6,7,0,0,.---,0,"3-6 | HR, 2B, RBI",0,2,1,2,1,0,1,0,0,0,3,0,6,0,0,1,3,0,0,0,6
140,608369,746485,2,5,2,0,0,.---,0,2-5 | RBI,2,1,2,0,0,0,0,0,0,0,2,0,5,0,0,1,3,0,0,0,-.--
140,694497,746485,3,5,0,0,0,.---,0,"0-4 | 2 K, RBI",1,2,1,0,0,0,0,2,0,0,0,0,4,1,0,1,4,0,1,0,-.--
140,666969,746485,4,5,5,0,0,.---,0,"2-5 | HR, RBI, R",0,3,0,1,0,0,1,0,0,0,2,0,5,0,0,1,2,0,0,0,5
140,669701,746485,5,5,1,0,0,.---,0,"1-3 | BB, HBP, 2 K",0,0,0,2,0,0,0,2,1,0,1,1,3,0,0,0,0,0,0,0,-.--
140,694671,746485,6,5,2,0,0,.---,0,"1-4 | 2B, BB, K",1,0,2,2,1,0,0,1,1,0,1,0,4,0,0,1,4,0,0,0,-.--
140,641680,746485,7,5,5,0,0,.---,0,"2-5 | HR, 2 K, 2 RBI",1,0,1,1,0,0,1,2,0,0,2,0,5,0,0,2,4,0,0,0,5
140,677649,746485,8,5,0,0,0,.---,0,0-4 | BB,0,2,2,0,0,0,0,0,1,0,0,0,4,0,0,0,1,0,0,0,-.--
140,665750,746485,9,5,3,0,0,.---,0,"2-5 | 2B, RBI, R",1,2,1,1,1,0,0,0,0,0,2,0,5,0,0,1,2,0,0,0,-.--
116,682985,746485,1,5,5,0,0,.---,0,"2-4 | 3B, 2B, BB",0,1,0,2,1,1,0,1,1,0,2,0,4,0,0,1,0,0,0,0,-.--
116,592192,746485,2,5,2,0,0,.---,0,"2-3 | 2 BB, RBI, R",0,1,0,1,0,0,0,0,2,0,2,0,3,0,0,1,0,0,0,0,-.--
116,681481,746485,3,5,3,0,0,.---,0,"1-5 | 3B, 3 K, 2 RBI",1,0,1,1,0,1,0,3,0,0,1,0,5,0,0,2,4,0,0,0,-.--
116,679529,746485,4,5,2,0,0,.---,0,"1-3 | 2B, 2 BB, K",0,1,0,0,1,0,0,1,2,0,1,0,3,0,0,1,3,0,0,0,-.--
116,663837,746485,5,5,0,0,0,.---,0,0-5 | K,2,1,3,0,0,0,0,1,0,0,0,0,5,0,0,0,4,0,0,0,-.--
116,690993,746485,6,5,1,0,0,.---,0,"1-4 | BB, R",3,0,3,1,0,0,0,0,1,0,1,0,4,0,0,0,0,0,0,0,-.--
116,570482,746485,7,5,2,0,0,.---,0,2-5 | R,3,0,3,1,0,0,0,0,0,0,2,0,5,0,0,0,2,0,0,0,-.--
116,595879,746485,8,5,4,0,0,.---,0,"2-5 | 2 2B, RBI, R",1,2,1,1,2,0,0,0,0,0,2,0,5,0,0,1,3,0,0,0,-.--
116,608348,746485,9,3,0,0,0,.---,0,0-3 | RBI,1,2,1,0,0,0,0,0,0,0,0,0,3,0,0,1,2,0,0,0,-.--
114,665926,746970,1,5,2,0,0,.---,0,2-5 | 2 RBI,0,2,1,0,0,0,0,0,0,0,2,0,5,1,0,2,1,0,0,0,-.--
114,681807,746970,2,4,2,0,0,.---,0,"1-3 | 2B, HBP, R",0,2,0,1,1,0,0,0,0,0,1,1,3,0,0,0,0,0,0,0,-.--
114,608070,746970,3,4,0,0,1,1,0,"0-4 | K, RBI, SB",1,1,2,0,0,0,0,1,0,0,0,0,4,0,0,1,3,0,0,0,-.--
114,647304,746970,4,4,1,0,0,.---,0,1-4 | RBI,0,2,1,0,0,0,0,0,0,0,1,0,4,0,0,1,2,0,0,0,-.--
114,671289,746970,5,4,2,0,0,.---,1,"1-3 | 2B, BB, R",0,2,0,1,1,0,0,0,1,0,1,0,3,0,0,0,1,0,0,0,-.--
114,666310,746970,6,4,1,0,0,.---,0,1-4 | K,0,1,1,0,0,0,0,1,0,0,1,0,4,0,0,0,2,0,0,0,-.--
114,657656,746970,7,4,1,0,0,.---,0,"1-4 | K, RBI, R",0,2,0,1,0,0,0,1,0,0,1,0,4,0,0,1,1,0,0,0,-.--
114,672356,746970,8,4,0,0,0,.---,0,"0-4 | 2 K, R",1,1,1,1,0,0,0,2,0,0,0,0,4,0,0,0,2,0,0,0,-.--
114,677587,746970,9,4,1,0,0,.---,0,"1-3 | BB, K, R",0,1,0,1,0,0,0,1,1,0,1,0,3,0,0,0,2,0,0,0,-.--
111,680776,746970,1,5,3,0,1,1,0,"1-4 | 3B, BB, K",0,2,0,2,0,1,0,1,1,0,1,0,4,0,0,2,1,0,0,0,-.--
111,671213,746970,2,5,1,0,0,.---,0,1-5 | 3 K,0,1,0,0,0,0,0,3,0,0,1,0,5,0,0,0,1,0,0,0,-.--
111,677800,746970,3,4,2,0,0,.---,0,"1-4 | 2B, K, RBI",0,2,0,0,1,0,0,1,0,0,1,0,4,0,0,1,1,0,0,0,-.--
111,665839,746970,4,3,1,0,0,.---,0,1-3,1,0,2,0,0,0,0,0,0,0,1,0,3,0,0,0,2,0,0,0,-.--
111,657136,746970,5,4,0,0,0,.---,0,0-4 | K,0,1,2,0,0,0,0,1,0,0,0,0,4,0,0,0,4,0,0,0,-.--
111,666152,746970,6,4,0,0,0,.---,0,0-3 | BB,1,2,1,0,0,0,0,0,1,0,0,0,3,0,0,0,1,0,0,0,-.--
111,622569,746970,7,4,0,0,0,.---,0,0-4 | K,2,1,2,0,0,0,0,1,0,0,0,0,4,0,0,0,3,0,0,0,-.--
111,624512,746970,8,4,1,0,0,.---,0,"1-3 | BB, R",0,2,0,1,0,0,0,0,1,0,1,0,3,0,0,0,0,0,0,0,-.--
111,678882,746970,9,4,1,0,0,.---,0,"1-4 | 2 K, R",0,0,1,1,0,0,0,2,0,0,1,0,4,0,0,0,1,0,0,0,-.--
109,606466,745356,1,4,1,0,0,.---,0,1-4 | 2 K,0,1,0,0,0,0,0,2,0,0,1,0,4,0,0,0,0,0,0,0,-.--
109,682998,745356,2,4,1,0,0,.---,0,1-4 | 3 K,0,0,0,0,0,0,0,3,0,0,1,0,4,0,0,0,0,0,0,0,-.--
109,592626,745356,3,4,0,0,0,.---,0,0-4 | K,0,2,1,0,0,0,0,1,0,0,0,0,4,0,0,0,2,0,0,0,-.--
109,572233,745356,4,3,0,1,0,0,1,"0-2 | BB, K, CS",0,1,0,0,0,0,0,1,1,0,0,0,2,0,0,0,2,0,0,0,-.--
109,553993,745356,5,3,0,0,0,.---,0,0-3,0,3,0,0,0,0,0,0,0,0,0,0,3,0,0,0,2,0,0,0,-.--
109,672515,745356,6,3,0,0,0,.---,0,0-3,0,2,1,0,0,0,0,0,0,0,0,0,3,0,0,0,0,0,0,0,-.--
109,607054,745356,7,3,0,0,0,.---,0,0-3,0,3,0,0,0,0,0,0,0,0,0,0,3,0,0,0,0,0,0,0,-.--
109,545341,745356,8,3,1,0,0,.---,0,1-3 | K,0,1,0,0,0,0,0,1,0,0,1,0,3,0,0,0,0,0,0,0,-.--
109,664983,745356,9,3,0,0,0,.---,0,0-3,1,2,1,0,0,0,0,0,0,0,0,0,3,0,0,0,1,0,0,0,-.--
137,808982,745356,1,4,2,0,0,.---,0,2-4 | R,0,2,0,1,0,0,0,0,0,0,2,0,4,0,0,0,1,0,0,0,-.--
137,664774,745356,2,4,0,0,0,.---,0,"0-1 | 2 BB, RBI, R",0,1,1,1,0,0,0,0,2,0,0,0,1,1,0,1,1,0,1,0,-.--
137,624585,745356,3,4,1,0,0,.---,0,"1-4 | K, R",0,1,1,1,0,0,0,1,0,0,1,0,4,0,0,0,4,0,0,0,-.--
137,624424,745356,4,3,0,0,0,.---,0,0-3,0,3,0,0,0,0,0,0,0,0,0,0,3,0,0,0,3,0,0,0,-.--
137,656305,745356,5,4,0,0,0,.---,0,0-3 | BB,1,2,1,0,0,0,0,0,1,1,0,0,3,0,0,0,1,0,0,0,-.--
137,642731,745356,6,4,1,0,0,.---,0,1-4 | K,1,1,1,0,0,0,0,1,0,0,1,0,4,0,0,0,3,0,0,0,-.--
137,573262,745356,7,4,1,0,0,.---,0,1-4 | 2 RBI,0,1,2,0,0,0,0,0,0,0,1,0,4,0,0,2,1,0,0,0,-.--
137,672275,745356,8,4,2,0,0,.---,0,"1-4 | 2B, 2 K, R",0,0,1,1,1,0,0,2,0,0,1,0,4,0,0,0,2,0,0,0,-.--
137,605113,745356,9,3,2,0,0,.---,0,1-3 | 2B,0,2,0,0,1,0,0,0,0,0,1,0,3,0,0,0,1,0,0,0,-.--
146,650333,746891,1,4,0,0,0,.---,0,0-4 | K,0,3,0,0,0,0,0,1,0,0,0,0,4,0,0,0,1,0,0,0,-.--
146,650559,746891,2,4,0,0,0,.---,0,0-4 | 3 K,0,0,1,0,0,0,0,3,0,0,0,0,4,0,0,0,0,0,0,0,-.--
146,605137,746891,3,4,5,0,0,.---,0,"2-4 | HR, K, RBI",0,1,0,2,0,0,1,1,0,0,2,0,4,0,0,1,0,0,0,0,4
146,641313,746891,4,4,2,0,0,.---,0,"1-4 | 2B, K, RBI",2,0,2,1,1,0,0,1,0,0,1,0,4,0,0,1,1,0,0,0,-.--
146,665862,746891,5,4,1,0,0,.---,0,"1-4 | K, RBI",0,2,0,0,0,0,0,1,0,0,1,0,4,0,0,1,0,0,0,0,-.--
146,541645,746891,6,4,2,0,0,.---,0,2-4,0,2,0,0,0,0,0,0,0,0,2,0,4,1,0,0,1,0,0,0,-.--
146,656896,746891,7,4,2,0,0,.---,0,2-4,1,1,1,0,0,0,0,0,0,0,2,0,4,0,0,0,2,0,0,0,-.--
146,672640,746891,8,3,0,0,0,.---,0,0-3,0,2,1,0,0,0,0,0,0,0,0,0,3,0,0,0,2,0,0,0,-.--
146,640902,746891,9,2,0,0,0,.---,0,0-2,2,0,2,0,0,0,0,0,0,0,0,0,2,0,0,0,1,0,0,0,-.--
112,663538,746891,1,4,1,0,0,.---,0,1-4 | R,0,3,0,1,0,0,0,0,0,0,1,0,4,1,0,0,1,0,0,0,-.--
112,641355,746891,2,4,4,0,0,.---,0,"1-4 | HR, K, RBI",2,0,2,1,0,0,1,1,0,0,1,0,4,0,0,1,1,0,0,0,4
112,666624,746891,3,4,1,0,0,.---,0,"1-3 | BB, R",0,1,1,1,0,0,0,0,1,0,1,0,3,0,0,0,0,0,0,0,-.--
112,683737,746891,4,4,2,0,0,.---,0,"2-4 | 2 K, 2 RBI, R",0,0,0,1,0,0,0,2,0,0,2,0,4,0,0,2,1,0,0,0,-.--
112,643265,746891,5,4,1,0,0,.---,0,"1-4 | 2 K, RBI",0,1,0,0,0,0,0,2,0,0,1,0,4,1,0,1,2,0,0,0,-.--
112,643565,746891,6,3,0,0,0,.---,0,0-3 | K,1,1,1,0,0,0,0,1,0,0,0,0,3,0,0,0,1,0,0,0,-.--
112,663611,746891,7,3,0,0,0,.---,0,0-2 | BB,1,0,2,0,0,0,0,0,1,0,0,0,2,0,0,0,0,0,0,0,-.--
112,543228,746891,8,3,0,0,0,.---,0,0-3 | 2 K,1,0,1,0,0,0,0,2,0,0,0,0,3,0,0,0,2,0,0,0,-.--
112,672744,746891,9,3,4,0,0,.---,0,"1-2 | HR, BB, RBI",0,1,0,1,0,0,1,0,1,0,1,0,2,0,0,1,0,0,0,0,2
146,650333,746892,1,4,0,0,0,.---,0,0-4,1,2,2,0,0,0,0,0,0,0,0,0,4,0,0,0,0,0,0,0,-.--
146,650559,746892,2,4,4,0,0,.---,0,"1-4 | HR, 2 K, RBI",1,0,1,1,0,0,1,2,0,0,1,0,4,0,0,1,1,0,0,0,4
146,665862,746892,3,4,3,0,0,.---,0,"2-4 | 2B, 2 K",0,0,0,0,1,0,0,2,0,0,2,0,4,0,0,0,1,0,0,0,-.--
146,605137,746892,4,4,0,0,0,.---,0,"0-3 | BB, R",0,2,1,1,0,0,0,0,1,0,0,0,3,0,0,0,2,0,0,0,-.--
146,660821,746892,5,4,0,0,0,.---,0,0-4 | 2 K,0,2,0,0,0,0,0,2,0,0,0,0,4,0,0,0,4,0,0,0,-.--
146,641313,746892,6,3,0,0,0,.---,0,0-3 | K,1,0,2,0,0,0,0,1,0,0,0,0,3,0,0,0,0,0,0,0,-.--
146,624503,746892,7,4,1,0,0,.---,0,1-4 | 2 RBI,1,2,1,0,0,0,0,0,0,0,1,0,4,0,0,2,0,0,0,0,-.--
146,656896,746892,8,4,1,0,0,.---,0,1-4 | 2 K,0,1,0,0,0,0,0,2,0,0,1,0,4,0,0,0,1,0,0,0,-.--
146,663743,746892,9,3,0,0,0,.---,0,0-3,0,2,1,0,0,0,0,0,0,0,0,0,3,0,0,0,1,0,0,0,-.--
112,663538,746892,1,5,4,0,0,.---,0,"2-5 | 2 2B, RBI, R",2,1,2,1,2,0,0,0,0,0,2,0,5,0,0,1,3,0,0,0,-.--
112,621550,746892,2,5,0,0,0,.---,0,"0-4 | BB, 2 K, R",2,0,2,1,0,0,0,2,1,0,0,0,4,0,0,0,3,0,0,0,-.--
112,641355,746892,3,4,2,0,0,.---,0,"2-4 | RBI, R",2,0,2,1,0,0,0,0,0,0,2,0,4,0,0,1,0,0,0,0,-.--
112,666624,746892,4,4,0,0,0,.---,0,"0-3 | BB, R",0,3,0,1,0,0,0,0,1,0,0,0,3,1,0,0,2,0,0,0,-.--
112,621020,746892,5,4,3,0,0,.---,0,"2-3 | 2B, BB, K",0,0,0,2,1,0,0,1,1,0,2,0,3,0,0,1,0,0,0,0,-.--
112,664023,746892,6,3,0,0,0,.---,0,"0-2 | BB, 2 K",0,0,0,0,0,0,0,2,1,0,0,0,2,0,0,0,4,0,0,0,-.--
112,643265,746892,7,4,1,0,0,.---,0,"1-3 | BB, K, RBI",0,1,0,0,0,0,0,1,1,0,1,0,3,0,0,1,2,0,0,0,-.--
112,663611,746892,8,2,0,0,0,.---,0,"0-1 | HBP, RBI, 2 R",0,1,0,2,0,0,0,0,0,0,0,1,1,0,0,1,2,0,0,0,-.--
112,665804,746892,9,4,2,0,0,.---,0,"1-4 | 2B, 2 K, 2 RBI",0,1,0,0,1,0,0,2,0,0,1,0,4,1,0,2,5,0,0,0,-.--
108,543685,746729,1,4,1,0,1,1,0,"1-3 | BB, SB",0,1,1,0,0,0,0,0,1,0,1,0,3,0,0,0,0,0,0,0,-.--
108,545361,746729,2,4,0,0,0,.---,0,0-4 | K,1,0,3,0,0,0,0,1,0,0,0,0,4,0,0,0,2,0,0,0,-.--
108,621493,746729,3,4,2,0,0,.---,0,"1-4 | 2B, K",1,1,1,0,1,0,0,1,0,0,1,0,4,0,0,0,2,0,0,0,-.--
108,593934,746729,4,4,0,0,0,.---,0,0-4,0,2,2,0,0,0,0,0,0,0,0,0,4,0,0,0,3,0,0,0,-.--
108,592273,746729,5,4,1,0,0,.---,0,1-4 | K,0,1,1,0,0,0,0,1,0,0,1,0,4,0,0,0,0,0,0,0,-.--
108,681351,746729,6,4,0,0,0,.---,0,0-4 | 2 K,0,1,1,0,0,0,0,2,0,0,0,0,4,0,0,0,1,0,0,0,-.--
108,650859,746729,7,4,3,0,1,1,0,"2-4 | 2B, K, R",0,1,0,1,1,0,0,1,0,0,2,0,4,0,0,0,0,0,0,0,-.--
108,666176,746729,8,3,2,0,1,1,0,"2-3 | K, RBI, SB",0,0,0,0,0,0,0,1,0,0,2,0,3,0,0,1,2,0,0,0,-.--
108,687263,746729,9,3,0,0,0,.---,0,0-3 | 2 K,1,0,1,0,0,0,0,2,0,0,0,0,3,0,0,0,4,0,0,0,-.--
113,663697,746729,1,4,1,0,0,.---,0,"1-3 | BB, R",0,1,1,1,0,0,0,0,1,0,1,0,3,0,0,0,0,0,0,0,-.--
113,668715,746729,2,4,1,0,0,.---,0,"1-4 | K, R",1,0,2,1,0,0,0,1,0,0,1,0,4,0,0,0,1,0,0,0,-.--
113,656413,746729,3,4,0,0,0,.---,0,0-3 | K,1,2,1,0,0,0,0,1,0,0,0,0,3,0,0,0,1,1,0,0,-.--
113,663886,746729,4,4,4,0,0,.---,0,"1-2 | HR, 2 BB, RBI",1,0,1,2,0,0,1,0,2,0,1,0,2,0,0,1,0,0,0,0,2
113,605361,746729,5,4,0,0,0,.---,0,"0-3 | HBP, RBI, R",2,1,2,1,0,0,0,0,0,0,0,1,3,0,0,1,1,0,0,0,-.--
113,682829,746729,6,4,5,0,3,1,0,"2-4 | HR, 3 RBI, 2 R",0,2,0,2,0,0,1,0,0,0,2,0,4,0,0,3,1,0,0,0,4
113,641584,746729,7,4,0,0,0,.---,0,0-2 | 2 BB,1,0,2,0,0,0,0,0,2,0,0,0,2,0,0,0,1,0,0,0,-.--
113,669289,746729,8,4,0,0,0,.---,0,0-3 | BB,0,2,1,0,0,0,0,0,1,0,0,0,3,0,0,0,2,0,0,0,-.--
113,666181,746729,9,4,0,0,0,.---,0,0-4 | K,3,0,3,0,0,0,0,1,0,0,0,0,4,0,0,0,2,0,0,0,-.--
111,680776,745518,1,5,0,0,0,.---,0,0-5,0,4,1,0,0,0,0,0,0,0,0,0,5,0,0,0,1,0,0,0,-.--
111,677800,745518,2,5,7,0,0,.---,0,"3-5 | HR, 2B, RBI",1,1,1,2,1,0,1,0,0,0,3,0,5,0,0,1,0,0,0,0,5
111,608701,745518,3,5,6,0,0,.---,0,"2-5 | HR, 2B, 2 RBI",0,2,1,2,1,0,1,0,0,0,2,0,5,0,0,2,1,0,0,0,5
111,671213,745518,4,5,4,0,0,.---,0,"1-4 | HR, BB, K",1,1,1,1,0,0,1,1,1,0,1,0,4,0,0,1,1,0,0,0,4
111,657136,745518,5,5,2,0,0,.---,0,2-5 | 2 K,0,1,0,0,0,0,0,2,0,0,2,0,5,0,0,0,1,0,0,0,-.--
111,807799,745518,6,5,1,0,0,.---,0,"1-3 | BB, HBP, K",0,1,0,1,0,0,0,1,1,0,1,1,3,0,0,0,2,0,0,0,-.--
111,666915,745518,7,4,2,0,0,.---,0,"1-3 | 2B, BB, K",0,1,0,1,1,0,0,1,1,0,1,0,3,0,0,0,2,0,0,0,-.--
111,665839,745518,8,4,2,0,0,.---,0,"1-4 | 2B, 2 RBI",1,2,1,0,1,0,0,0,0,0,1,0,4,0,0,2,1,0,0,0,-.--
111,678882,745518,9,4,4,0,1,1,0,"1-4 | HR, 2 RBI, R",1,2,1,1,0,0,1,0,0,0,1,0,4,0,0,2,1,0,0,0,4
134,665833,745518,1,4,0,0,0,.---,0,0-4 | 2 K,1,1,1,0,0,0,0,2,0,0,0,0,4,0,0,0,2,0,0,0,-.--
134,668804,745518,2,4,0,0,0,.---,0,"0-2 | 2 BB, K",1,0,1,0,0,0,0,1,2,0,0,0,2,0,0,0,2,0,0,0,-.--
134,663647,745518,3,4,0,0,0,.---,0,0-4 | K,0,1,2,0,0,0,0,1,0,0,0,0,4,0,0,0,4,0,0,0,-.--
134,642133,745518,4,3,0,0,0,.---,0,0-3 | K,0,2,0,0,0,0,0,1,0,0,0,0,3,0,0,0,2,0,0,0,-.--
134,457705,745518,5,4,0,0,0,.---,0,0-4 | 2 K,0,2,0,0,0,0,0,2,0,0,0,0,4,0,0,0,3,0,0,0,-.--
134,669261,745518,6,3,2,0,0,.---,0,"1-3 | 2B, K",0,1,0,0,1,0,0,1,0,0,1,0,3,0,0,0,0,0,0,0,-.--
134,669707,745518,7,4,0,0,0,.---,0,0-4,0,1,3,0,0,0,0,0,0,0,0,0,4,0,0,0,1,0,0,0,-.--
134,572191,745518,8,3,1,0,0,.---,0,1-3 | K,0,1,0,0,0,0,0,1,0,0,1,0,3,0,0,0,1,0,0,0,-.--
134,680779,745518,9,3,1,0,0,.---,0,1-3 | K,0,1,0,0,0,0,0,1,0,0,1,0,3,0,0,0,1,0,0,0,-.--
145,666150,745592,1,3,0,0,0,.---,0,0-3 | K,1,1,1,0,0,0,0,1,0,0,0,0,3,0,0,0,0,0,0,0,-.--
145,650391,745592,2,4,0,0,0,.---,0,0-4 | K,0,2,1,0,0,0,0,1,0,0,0,0,4,0,0,0,2,0,0,0,-.--
145,657757,745592,3,4,1,0,0,.---,0,1-4,1,1,2,0,0,0,0,0,0,0,1,0,4,0,0,0,0,0,0,0,-.--
145,683734,745592,4,4,0,0,0,.---,0,"0-3 | BB, 2 K",1,0,1,0,0,0,0,2,1,0,0,0,3,0,0,0,0,0,0,0,-.--
145,643217,745592,5,4,0,0,0,.---,0,0-4,1,2,2,0,0,0,0,0,0,0,0,0,4,0,0,0,2,0,0,0,-.--
145,657557,745592,6,3,0,0,0,.---,0,"0-2 | BB, K",1,0,1,0,0,0,0,1,1,0,0,0,2,0,0,0,2,0,0,0,-.--
145,669699,745592,7,2,0,0,0,.---,0,0-2,0,2,0,0,0,0,0,0,0,0,0,0,2,0,0,0,1,0,0,0,-.--
145,670032,745592,8,3,1,0,0,.---,0,1-3 | K,0,1,0,0,0,0,0,1,0,0,1,0,3,0,0,0,0,0,0,0,-.--
145,455117,745592,9,3,0,0,0,.---,0,"0-2 | BB, K",1,0,1,0,0,0,0,1,1,0,0,0,2,0,0,0,0,0,0,0,-.--
143,656941,745592,1,4,0,0,0,.---,0,0-4 | 3 K,0,0,1,0,0,0,0,3,0,0,0,0,4,0,0,0,0,0,0,0,-.--
143,607208,745592,2,4,4,0,0,.---,0,"3-4 | 2B, K, 2 R",0,0,0,2,1,0,0,1,0,0,3,0,4,0,0,0,0,0,0,0,-.--
143,547180,745592,3,4,1,0,0,.---,0,"1-2 | 2 BB, 2 R",1,0,1,2,0,0,0,0,2,0,1,0,2,0,0,0,1,0,0,0,-.--
143,592663,745592,4,4,0,0,0,.---,0,0-4 | K,1,1,2,0,0,0,0,1,0,0,0,0,4,0,0,0,6,0,0,0,-.--
143,664761,745592,5,4,8,0,0,.---,0,"2-4 | 2 HR, 6 RBI, 2 R",1,1,1,2,0,0,2,0,0,0,2,0,4,1,0,6,2,0,0,0,2
143,592206,745592,6,3,0,0,0,.---,0,0-3 | K,1,0,2,0,0,0,0,1,0,0,0,0,3,0,0,0,0,0,0,0,-.--
143,593160,745592,7,3,4,0,0,.---,0,"1-3 | HR, RBI, R",1,1,1,1,0,0,1,0,0,0,1,0,3,0,0,1,0,0,0,0,3
143,624641,745592,8,3,0,0,0,.---,0,0-3 | K,2,0,2,0,0,0,0,1,0,0,0,0,3,0,0,0,0,0,0,0,-.--
143,665506,745592,9,3,0,0,0,.---,0,0-3,1,1,2,0,0,0,0,0,0,0,0,0,3,0,0,0,0,0,0,0,-.--
117,514888,744872,1,5,1,0,1,1,0,"1-5 | K, SB",1,2,1,0,0,0,0,1,0,0,1,0,5,1,0,0,2,0,0,0,-.--
117,670541,744872,2,5,0,0,0,.---,0,0-5 | K,2,2,2,0,0,0,0,1,0,0,0,0,5,0,0,0,3,0,0,0,-.--
117,608324,744872,3,5,0,0,0,.---,0,0-5 | K,2,0,4,0,0,0,0,1,0,0,0,0,5,0,0,0,0,0,0,0,-.--
117,663656,744872,4,5,3,0,2,1,0,"2-3 | 2B, 2 BB, 2 R",1,0,1,2,1,0,0,0,2,0,2,0,3,0,0,0,0,0,0,0,-.--
117,673237,744872,5,4,3,0,0,.---,0,"2-4 | 2B, RBI, R",1,1,1,1,1,0,0,0,0,0,2,0,4,0,0,1,2,0,0,0,-.--
117,665161,744872,6,4,4,0,1,1,0,"3-4 | 2B, K, RBI",0,0,0,1,1,0,0,1,0,0,3,0,4,0,0,1,1,0,0,0,-.--
117,676801,744872,7,4,2,0,1,1,0,"2-3 | 2 RBI, R, SB",1,1,1,1,0,0,0,0,0,0,2,0,3,0,0,2,2,0,1,0,-.--
117,547989,744872,8,4,0,0,0,.---,0,0-4,0,3,1,0,0,0,0,0,0,0,0,0,4,0,0,0,4,0,0,0,-.--
117,643289,744872,9,4,3,0,0,.---,0,"3-4 | K, RBI",0,0,0,0,0,0,0,1,0,0,3,0,4,0,0,1,1,0,0,0,-.--
120,696285,744872,1,3,1,0,0,.---,0,1-3 | K,0,1,0,0,0,0,0,1,0,0,1,0,3,0,0,0,0,0,0,0,-.--
120,682928,744872,2,4,3,0,0,.---,0,"1-4 | 3B, R",0,0,3,1,0,1,0,0,0,0,1,0,4,0,0,0,1,0,0,0,-.--
120,608385,744872,3,4,0,0,0,.---,0,"0-3 | 2 K, RBI",2,0,2,0,0,0,0,2,0,0,0,0,3,0,0,1,0,0,1,0,-.--
120,657041,744872,4,4,1,0,0,.---,0,1-4 | 2 K,0,0,1,0,0,0,0,2,0,0,1,0,4,0,0,0,0,0,0,0,-.--
120,671277,744872,5,4,1,0,1,1,0,"1-3 | BB, SB",0,1,1,0,0,0,0,0,1,0,1,0,3,0,0,0,0,0,0,0,-.--
120,608841,744872,6,4,0,0,0,.---,0,0-4 | K,1,1,2,0,0,0,0,1,0,0,0,0,4,0,0,0,3,0,0,0,-.--
120,592696,744872,7,3,0,0,0,.---,0,0-3,1,1,2,0,0,0,0,0,0,0,0,0,3,0,0,0,1,0,0,0,-.--
120,656180,744872,8,3,6,0,0,.---,0,"2-3 | HR, 2B, RBI",0,1,0,2,1,0,1,0,0,0,2,0,3,0,0,1,0,0,0,0,3
120,545121,744872,9,3,2,2,0,0,1,"2-3 | RBI, 2 CS",0,1,0,0,0,0,0,0,0,0,2,0,3,0,0,1,0,0,0,0,-.--
139,650490,745758,1,5,1,0,0,.---,0,1-5 | K,0,3,0,0,0,0,0,1,0,0,1,0,5,1,0,0,2,0,0,0,-.--
139,668227,745758,2,5,1,0,0,.---,0,"1-4 | BB, K, R",1,1,1,1,0,0,0,1,1,0,1,0,4,0,0,0,3,0,0,0,-.--
139,680700,745758,3,5,6,0,0,.---,0,"2-4 | HR, 2B, HBP",1,0,2,2,1,0,1,0,0,0,2,1,4,0,0,1,2,0,0,0,4
139,670623,745758,4,4,2,0,0,.---,0,2-4 | 2 RBI,1,1,1,0,0,0,0,0,0,0,2,0,4,1,0,2,2,0,0,0,-.--
139,623912,745758,5,4,2,0,1,1,0,"2-4 | K, SB",0,0,1,0,0,0,0,1,0,0,2,0,4,0,0,0,2,0,0,0,-.--
139,642708,745758,6,4,1,0,1,1,0,1-4 | SB,1,0,3,0,0,0,0,0,0,0,1,0,4,0,0,0,3,0,0,0,-.--
139,678554,745758,7,4,1,0,0,.---,0,1-4 | 2 K,0,0,1,0,0,0,0,2,0,0,1,0,4,0,0,0,4,0,0,0,-.--
139,676609,745758,8,4,2,0,1,1,1,"2-4 | K, SB",0,1,0,0,0,0,0,1,0,0,2,0,4,0,0,0,4,0,0,0,-.--
139,666163,745758,9,4,2,0,0,.---,0,2-4 | 2 K,0,0,0,0,0,0,0,2,0,0,2,0,4,0,0,0,3,0,0,0,-.--
147,683011,745758,1,4,1,0,0,.---,0,"1-3 | K, RBI, R",0,2,0,1,0,0,0,1,0,0,1,0,3,0,0,1,1,1,0,0,-.--
147,665742,745758,2,4,4,0,0,.---,0,"1-4 | HR, 3 RBI, R",2,1,2,1,0,0,1,0,0,0,1,0,4,0,0,3,1,0,0,0,4
147,592450,745758,3,4,1,0,1,1,0,"1-3 | BB, K, SB",1,0,1,0,0,0,0,1,1,0,1,0,3,0,0,0,1,0,0,0,-.--
147,519317,745758,4,4,0,0,0,.---,0,0-4 | K,1,2,1,0,0,0,0,1,0,0,0,0,4,0,0,0,2,0,0,0,-.--
147,519203,745758,5,4,0,0,0,.---,0,0-3 | HBP,0,1,2,0,0,0,0,0,0,0,0,1,3,0,0,0,1,0,0,0,-.--
147,650402,745758,6,4,0,0,0,.---,0,0-4 | 3 K,1,0,1,0,0,0,0,3,0,0,0,0,4,0,0,0,1,0,0,0,-.--
147,657077,745758,7,4,0,0,1,1,0,"0-3 | HBP, R, SB",0,2,1,1,0,0,0,0,0,0,0,1,3,0,0,0,1,0,0,0,-.--
147,624431,745758,8,4,1,0,0,.---,0,"1-3 | BB, R",1,0,2,1,0,0,0,0,1,0,1,0,3,0,0,0,2,0,0,0,-.--
147,665828,745758,9,3,1,0,0,.---,0,"1-3 | K, R",0,1,0,1,0,0,0,1,0,0,1,0,3,0,0,0,2,0,0,0,-.--
133,647351,746650,1,4,4,0,0,.---,0,"1-3 | HR, BB, RBI",0,1,1,1,0,0,1,0,1,0,1,0,3,0,0,1,3,0,0,0,3
133,680869,746650,2,4,0,0,0,.---,0,0-4 | 2 K,1,1,1,0,0,0,0,2,0,0,0,0,4,0,0,0,1,0,0,0,-.--
133,668709,746650,3,4,1,0,0,.---,0,1-4,0,1,2,0,0,0,0,0,0,0,1,0,4,0,0,0,1,0,0,0,-.--
133,664913,746650,4,4,0,0,0,.---,0,0-4 | 2 K,0,2,0,0,0,0,0,2,0,0,0,0,4,0,0,0,1,0,0,0,-.--
133,663527,746650,5,4,1,0,0,.---,0,1-4 | K,1,1,1,0,0,0,0,1,0,0,1,0,4,0,0,0,0,0,0,0,-.--
133,671732,746650,6,2,0,0,0,.---,0,0-2,1,0,2,0,0,0,0,0,0,0,0,0,2,0,0,0,1,0,0,0,-.--
133,669127,746650,7,4,1,0,0,.---,0,1-4 | 2 K,0,1,0,0,0,0,0,2,0,0,1,0,4,0,0,0,1,0,0,0,-.--
133,676116,746650,8,4,2,0,0,.---,0,"1-3 | 2B, BB, K",0,0,1,0,1,0,0,1,1,0,1,0,3,0,0,0,1,0,0,0,-.--
133,669397,746650,9,4,0,0,0,.---,0,"0-3 | BB, K",0,1,1,0,0,0,0,1,1,0,0,0,3,0,0,0,1,0,0,0,-.--
114,680757,746650,1,4,2,0,0,.---,0,"1-4 | 2B, 2 RBI, R",0,3,0,1,1,0,0,0,0,0,1,0,4,1,0,2,2,0,0,0,-.--
114,665926,746650,2,4,1,0,1,1,0,"1-4 | 2 RBI, R, SB",0,2,1,1,0,0,0,0,0,0,1,0,4,0,0,2,1,0,0,0,-.--
114,608070,746650,3,4,1,0,0,.---,0,1-4 | RBI,1,1,2,0,0,0,0,0,0,0,1,0,4,0,0,1,0,0,0,0,-.--
114,647304,746650,4,4,4,0,0,.---,0,"1-4 | HR, K, RBI",1,0,2,1,0,0,1,1,0,0,1,0,4,0,0,1,0,0,0,0,4
114,686823,746650,5,4,0,0,0,.---,0,"0-3 | BB, R",0,2,1,1,0,0,0,0,1,0,0,0,3,0,0,0,0,0,0,0,-.--
114,671289,746650,6,4,5,0,0,.---,0,"2-4 | HR, K, 2 RBI",0,1,0,2,0,0,1,1,0,0,2,0,4,0,0,2,0,0,0,0,4
114,666310,746650,7,4,0,0,0,.---,0,"0-3 | BB, K, 2 R",1,0,2,2,0,0,0,1,1,0,0,0,3,0,0,0,0,0,0,0,-.--
114,664314,746650,8,4,4,0,0,.---,0,"3-4 | 2B, RBI, R",1,0,1,1,1,0,0,0,0,0,3,0,4,0,0,1,0,0,0,0,-.--
114,677587,746650,9,4,0,0,0,.---,0,"0-2 | 2 BB, R",0,1,1,1,0,0,0,0,2,0,0,0,2,0,0,0,2,0,0,0,-.--
140,543760,747136,1,4,5,0,0,.---,0,"2-4 | HR, K, RBI",0,0,1,2,0,0,1,1,0,0,2,0,4,0,0,1,1,0,0,0,4
140,608369,747136,2,4,1,0,0,.---,0,1-4 | K,1,1,1,0,0,0,0,1,0,0,1,0,4,0,0,0,2,0,0,0,-.--
140,694671,747136,3,4,1,0,0,.---,0,"1-4 | K, R",1,0,2,1,0,0,0,1,0,0,1,0,4,0,0,0,2,0,0,0,-.--
140,666969,747136,4,4,2,0,0,.---,0,"1-4 | 2B, 2 K, 2 RBI",0,1,0,0,1,0,0,2,0,0,1,0,4,0,0,2,1,0,0,0,-.--
140,641680,747136,5,4,0,0,0,.---,0,0-4,1,2,2,0,0,0,0,0,0,0,0,0,4,0,0,0,1,0,0,0,-.--
140,677649,747136,6,3,0,0,0,.---,0,0-3 | 2 K,0,0,1,0,0,0,0,2,0,0,0,0,3,0,0,0,1,0,0,0,-.--
140,669701,747136,7,4,0,0,0,.---,0,0-3 | BB,0,2,1,0,0,0,0,0,1,0,0,0,3,0,0,0,0,0,0,0,-.--
140,673995,747136,8,3,0,0,0,.---,0,0-3 | K,1,1,1,0,0,0,0,1,0,0,0,0,3,0,0,0,1,0,0,0,-.--
140,665750,747136,9,3,1,0,0,.---,0,1-3 | K,0,1,0,0,0,0,0,1,0,0,1,0,3,0,0,0,0,0,0,0,-.--
144,660670,747136,1,4,0,0,0,.---,0,"0-2 | 2 BB, K, R",0,1,0,1,0,0,0,1,2,0,0,0,2,0,0,0,0,0,0,0,-.--
144,606115,747136,2,4,0,0,0,.---,0,0-4 | 2 K,0,0,2,0,0,0,0,2,0,0,0,0,4,0,0,0,2,0,0,0,-.--
144,663586,747136,3,4,0,0,0,.---,0,0-3 | BB,1,1,2,0,0,0,0,0,1,0,0,0,3,0,0,0,1,0,0,0,-.--
144,621566,747136,4,4,0,0,0,.---,0,"0-3 | BB, R",1,0,3,1,0,0,0,0,1,0,0,0,3,0,0,0,3,0,0,0,-.--
144,542303,747136,5,4,1,0,0,.---,0,"1-3 | BB, RBI, R",1,0,2,1,0,0,0,0,1,0,1,0,3,0,0,1,0,0,0,0,-.--
144,594807,747136,6,4,0,0,0,.---,0,0-4 | 2 K,0,0,2,0,0,0,0,2,0,0,0,0,4,0,0,0,4,0,0,0,-.--
144,671739,747136,7,4,5,0,0,.---,0,"2-4 | HR, K, RBI",0,0,1,2,0,0,1,1,0,0,2,0,4,0,0,1,0,0,0,0,4
144,518595,747136,8,4,12,0,0,.---,0,"3-4 | 3 HR, 6 RBI, 3 R",0,1,0,3,0,0,3,0,0,0,3,0,4,0,0,6,0,0,0,0,1.33
144,664058,747136,9,3,0,0,0,.---,0,0-3 | K,1,1,1,0,0,0,0,1,0,0,0,0,3,0,0,0,0,0,0,0,-.--
110,683002,746325,1,5,0,0,0,.---,1,"0-4 | HBP, 2 K",1,1,1,0,0,0,0,2,0,0,0,1,4,0,0,0,4,0,0,0,-.--
110,668939,746325,2,5,6,0,0,.---,0,"3-5 | HR, K, 4 RBI",0,0,1,1,0,0,1,1,0,0,3,0,5,0,0,4,1,0,0,0,5
110,656811,746325,3,5,0,0,0,.---,0,0-5 | K,1,3,1,0,0,0,0,1,0,0,0,0,5,0,0,0,4,0,0,0,-.--
110,623993,746325,4,4,2,0,0,.---,0,"1-2 | 2B, 2 BB",1,0,1,0,1,0,0,0,2,0,1,0,2,0,0,0,1,0,0,0,-.--
110,663624,746325,5,4,0,0,0,.---,0,"0-3 | BB, K",0,1,1,0,0,0,0,1,1,0,0,0,3,0,0,0,2,0,0,0,-.--
110,656775,746325,6,4,1,0,0,.---,0,1-4 | R,1,2,1,1,0,0,0,0,0,0,1,0,4,0,0,0,4,0,0,0,-.--
110,681297,746325,7,2,0,0,0,.---,0,0-2 | K,0,1,0,0,0,0,0,1,0,0,0,0,2,0,0,0,3,0,0,0,-.--
110,676059,746325,8,4,1,0,0,.---,0,"1-4 | K, R",0,2,0,1,0,0,0,1,0,0,1,0,4,0,0,0,2,0,0,0,-.--
110,702616,746325,9,2,0,0,0,.---,0,0-2 | K,1,0,1,0,0,0,0,1,0,0,0,0,2,0,0,0,0,0,0,0,-.--
118,672580,746325,1,5,1,0,1,1,0,"1-5 | K, SB",1,2,1,0,0,0,0,1,0,0,1,0,5,0,0,0,0,0,0,0,-.--
118,677951,746325,2,4,0,0,0,.---,0,"0-3 | BB, R",1,2,1,1,0,0,0,0,1,0,0,0,3,0,0,0,1,0,0,0,-.--
118,686469,746325,3,4,4,0,0,.---,0,"1-3 | HR, BB, RBI",0,1,1,3,0,0,1,0,1,0,1,0,3,0,0,1,1,0,0,0,3
118,521692,746325,4,4,1,0,0,.---,0,"1-3 | BB, R",2,0,2,1,0,0,0,0,1,0,1,0,3,0,0,0,2,0,0,0,-.--
118,669004,746325,5,4,5,0,0,.---,0,"2-4 | HR, K, 4 RBI",0,1,0,2,0,0,1,1,0,0,2,0,4,0,0,4,1,0,0,0,4
118,676369,746325,6,4,1,0,0,.---,0,"1-3 | BB, K, R",0,0,1,1,0,0,0,1,1,0,1,0,3,0,0,0,0,0,0,0,-.--
118,686681,746325,7,4,3,0,0,.---,0,"2-4 | 2B, 2 RBI, R",0,2,0,1,1,0,0,0,0,0,2,0,4,0,0,2,1,0,0,0,-.--
118,592669,746325,8,4,2,0,0,.---,0,"1-4 | 2B, K, 2 RBI",0,1,1,0,1,0,0,1,0,0,1,0,4,0,0,2,1,0,0,0,-.--
118,664728,746325,9,4,0,0,0,.---,0,0-4 | K,1,1,2,0,0,0,0,1,0,0,0,0,4,0,0,0,2,0,0,0,-.--
116,592192,745922,1,5,0,0,0,.---,0,"0-4 | BB, 3 K",0,1,0,0,0,0,0,3,1,1,0,0,4,0,0,0,2,0,0,0,-.--
116,672761,745922,2,5,5,0,1,1,0,"3-5 | 3B, 2 K, 2 RBI",0,0,0,2,0,1,0,2,0,0,3,0,5,0,0,2,0,0,0,0,-.--
116,681481,745922,3,5,5,0,0,.---,0,"4-5 | 2B, K, 2 RBI",0,0,0,1,1,0,0,1,0,0,4,0,5,0,0,2,2,0,0,0,-.--
116,679529,745922,4,4,3,0,0,.---,0,3-4,0,1,0,0,0,0,0,0,0,0,3,0,4,0,0,0,1,0,0,0,-.--
116,570482,745922,5,1,0,0,0,.---,0,0-1,0,1,0,0,0,0,0,0,0,0,0,0,1,0,0,0,0,0,0,0,-.--
116,690993,745922,6,4,0,0,0,.---,0,0-4 | K,0,3,0,0,0,0,0,1,0,0,0,0,4,1,0,0,4,0,0,0,-.--
116,656716,745922,7,4,0,0,0,.---,0,0-4 | K,2,1,2,0,0,0,0,1,0,0,0,0,4,0,0,0,0,0,0,0,-.--
116,608348,745922,8,4,1,0,0,.---,0,1-4 | 2 K,0,0,1,0,0,0,0,2,0,0,1,0,4,0,0,0,0,0,0,0,-.--
116,678009,745922,9,4,1,0,1,1,0,"1-3 | BB, 2 R, SB",2,0,2,2,0,0,0,0,1,0,1,0,3,0,0,0,1,0,0,0,-.--
142,666397,745922,1,3,0,0,0,.---,0,"0-2 | BB, R",0,1,1,1,0,0,0,0,1,0,0,0,2,0,0,0,0,0,0,0,-.--
142,680777,745922,2,4,0,0,0,.---,0,"0-4 | K, R",3,0,3,1,0,0,0,1,0,0,0,0,4,0,0,0,1,0,0,0,-.--
142,666135,745922,3,3,2,0,0,.---,0,"1-3 | 2B, 2 K, R",0,0,0,1,1,0,0,2,0,0,1,0,3,0,0,0,2,0,0,0,-.--
142,663616,745922,4,4,5,0,0,.---,0,"2-4 | HR, K, 2 RBI",0,1,0,1,0,0,1,1,0,0,2,0,4,0,0,2,2,0,0,0,4
142,621439,745922,5,4,2,0,0,.---,0,"1-4 | 2B, 3 K, 2 RBI",0,0,0,0,1,0,0,3,0,0,1,0,4,0,0,2,1,0,0,0,-.--
142,467793,745922,6,4,0,0,0,.---,0,0-4 | K,1,1,2,0,0,0,0,1,0,0,0,0,4,0,0,0,2,0,0,0,-.--
142,650489,745922,7,4,1,0,1,1,0,"1-3 | BB, K, SB",1,0,1,0,0,0,0,1,1,0,1,0,3,0,0,0,0,0,0,0,-.--
142,543877,745922,8,4,0,0,0,.---,0,0-3 | K,1,2,1,0,0,0,0,1,0,0,0,0,3,0,0,0,1,1,0,0,-.--
142,571657,745922,9,3,0,0,0,.---,0,0-3 | 2 K,0,0,1,0,0,0,0,2,0,0,0,0,3,0,0,0,1,0,0,0,-.--
158,686217,745189,1,3,0,0,0,.---,0,0-1 | 2 BB,0,0,1,0,0,0,0,0,2,0,0,0,1,0,0,0,0,0,0,0,-.--
158,661388,745189,2,5,3,0,0,.---,0,"2-5 | 2B, 2 K, 2 RBI",0,1,0,0,1,0,0,2,0,0,2,0,5,0,0,2,1,0,0,0,-.--
158,642715,745189,3,5,1,0,1,1,0,"1-5 | K, SB",1,2,1,0,0,0,0,1,0,0,1,0,5,0,0,0,3,0,0,0,-.--
158,686554,745189,4,3,0,0,0,.---,0,0-3 | K,1,1,1,0,0,0,0,1,0,0,0,0,3,0,0,0,1,0,0,0,-.--
158,656555,745189,5,4,0,0,0,.---,0,"0-3 | BB, K",0,0,2,0,0,0,0,1,1,0,0,0,3,0,0,0,2,0,0,0,-.--
158,668930,745189,6,4,0,0,0,.---,0,0-2 | 2 BB,0,2,0,0,0,0,0,0,2,0,0,0,2,0,0,0,1,0,0,0,-.--
158,596142,745189,7,4,0,0,0,.---,0,0-4 | K,0,3,0,0,0,0,0,1,0,0,0,0,4,2,0,0,3,0,0,0,-.--
158,663368,745189,8,4,4,0,0,.---,0,"2-4 | 2 2B, K, 2 R",0,1,0,2,2,0,0,1,0,0,2,0,4,0,0,0,0,0,0,0,-.--
158,694192,745189,9,4,0,0,0,.---,0,0-4 | K,0,2,1,0,0,0,0,1,0,0,0,0,4,0,0,0,3,0,0,0,-.--
138,680977,745189,1,5,0,0,0,.---,0,"0-4 | BB, K, RBI",3,0,3,0,0,0,0,1,1,0,0,0,4,0,0,1,0,0,0,0,-.--
138,502671,745189,2,5,0,0,0,.---,0,0-5 | K,0,3,1,0,0,0,0,1,0,0,0,0,5,0,0,0,3,0,0,0,-.--
138,663457,745189,3,5,1,0,0,.---,0,"1-4 | BB, K",0,2,0,0,0,0,0,1,1,0,1,0,4,0,0,0,1,0,0,0,-.--
138,571448,745189,4,5,1,0,0,.---,0,1-5,0,2,2,0,0,0,0,0,0,0,1,0,5,0,0,0,2,0,0,0,-.--
138,575929,745189,5,5,1,0,1,1,0,"1-2 | 3 BB, SB",1,0,1,0,0,0,0,0,3,1,1,0,2,0,0,0,0,0,0,0,-.--
138,669357,745189,6,5,0,0,0,.---,0,0-5 | 4 K,0,1,0,0,0,0,0,4,0,0,0,0,5,0,0,0,7,0,0,0,-.--
138,691026,745189,7,4,1,0,0,.---,0,"1-3 | BB, K, R",0,0,1,1,0,0,0,1,1,0,1,0,3,0,0,0,0,0,0,0,-.--
138,691023,745189,8,3,0,0,0,.---,0,0-3 | 2 K,1,0,1,0,0,0,0,2,0,0,0,0,3,0,0,0,0,0,0,0,-.--
138,687363,745189,9,3,0,0,0,.---,0,0-3 | K,0,2,0,0,0,0,0,1,0,0,0,0,3,0,0,0,0,0,0,0,-.--
141,666182,745430,1,5,2,0,1,1,0,"2-5 | K, R, SB",1,1,1,1,0,0,0,1,0,0,2,0,5,0,0,0,1,0,0,0,-.--
141,665489,745430,2,5,2,0,0,.---,0,"2-5 | 2 K, RBI",0,0,1,0,0,0,0,2,0,0,2,0,5,0,0,1,2,0,0,0,-.--
141,457759,745430,3,4,5,0,0,.---,0,"2-4 | HR, 2 RBI, R",1,1,1,1,0,0,1,0,0,0,2,0,4,0,0,2,2,0,0,0,4
141,676914,745430,4,4,1,0,0,.---,0,1-4,0,1,2,0,0,0,0,0,0,0,1,0,4,0,0,0,3,0,0,0,-.--
141,662139,745430,5,4,0,0,0,.---,0,0-4 | 2 K,0,1,1,0,0,0,0,2,0,0,0,0,4,0,0,0,1,0,0,0,-.--
141,643376,745430,6,4,4,0,0,.---,0,"2-4 | 2 2B, R",2,0,2,1,2,0,0,0,0,0,2,0,4,0,0,0,0,0,0,0,-.--
141,624415,745430,7,4,0,0,0,.---,0,"0-3 | BB, 3 K, R",0,0,0,1,0,0,0,3,1,0,0,0,3,0,0,0,1,0,0,0,-.--
141,643396,745430,8,4,3,0,0,.---,0,1-4 | 3B,2,0,3,0,0,1,0,0,0,0,1,0,4,0,0,0,2,0,0,0,-.--
141,595281,745430,9,4,1,0,0,.---,0,"1-4 | K, RBI, R",1,1,1,1,0,0,0,1,0,0,1,0,4,0,0,1,1,0,0,0,-.--
135,593428,745430,1,4,0,0,0,.---,0,0-4 | 3 K,1,0,1,0,0,0,0,3,0,0,0,0,4,0,0,0,0,0,0,0,-.--
135,665487,745430,2,4,4,0,0,.---,0,"1-3 | HR, BB, K",1,0,1,1,0,0,1,1,1,0,1,0,3,0,0,1,0,0,0,0,3
135,630105,745430,3,4,1,0,0,.---,0,1-4 | 2 K,0,1,0,0,0,0,0,2,0,0,1,0,4,0,0,0,1,0,0,0,-.--
135,592518,745430,4,4,0,0,0,.---,0,0-4 | K,0,2,1,0,0,0,0,1,0,0,0,0,4,0,0,0,2,0,0,0,-.--
135,595777,745430,5,4,1,0,0,.---,0,1-4 | K,0,1,1,0,0,0,0,1,0,0,1,0,4,0,0,0,1,0,0,0,-.--
135,673490,745430,6,4,1,0,0,.---,0,"1-3 | BB, K",1,0,1,0,0,0,0,1,1,0,1,0,3,0,0,0,1,0,0,0,-.--
135,701538,745430,7,4,2,0,0,.---,0,"1-4 | 2B, 2 K",1,0,1,0,1,0,0,2,0,0,1,0,4,0,0,0,2,0,0,0,-.--
135,642180,745430,8,2,0,0,0,.---,0,0-2,1,0,2,0,0,0,0,0,0,0,0,0,2,0,0,0,2,0,0,0,-.--
135,543309,745430,9,2,0,0,0,.---,0,0-2 | 2 K,0,0,0,0,0,0,0,2,0,0,0,0,2,0,0,0,2,0,0,0,-.--
121,607043,746160,1,5,0,0,0,.---,0,"0-3 | 2 BB, 3 K, R",0,0,0,1,0,0,0,3,2,0,0,0,3,0,0,0,2,0,0,0,-.--
121,516782,746160,2,5,3,0,1,1,0,"2-5 | 2B, K, 2 RBI",1,1,1,2,1,0,0,1,0,0,2,0,5,0,0,2,2,0,0,0,-.--
121,596019,746160,3,5,5,0,1,1,0,"2-5 | HR, K, 2 RBI",2,0,2,2,0,0,1,1,0,0,2,0,5,0,0,2,2,0,0,0,5
121,624413,746160,4,5,1,0,0,.---,0,"1-5 | 2 K, RBI",0,2,0,0,0,0,0,2,0,0,1,0,5,0,0,1,1,0,0,0,-.--
121,621466,746160,5,5,5,0,0,.---,0,"2-4 | HR, K, 3 RBI",2,0,2,1,0,0,1,1,0,0,2,0,4,0,0,3,0,0,1,0,4
121,682626,746160,6,1,0,0,0,.---,0,0-1 | R,0,1,0,1,0,0,0,0,0,0,0,0,1,0,0,0,0,0,0,0,-.--
121,643446,746160,7,5,2,0,0,.---,0,"2-5 | K, R",0,0,2,1,0,0,0,1,0,0,2,0,5,0,0,0,1,0,0,0,-.--
121,664056,746160,8,5,5,0,1,1,0,"4-5 | 2B, K, RBI",0,0,0,1,1,0,0,1,0,0,4,0,5,0,0,1,2,0,0,0,-.--
121,621563,746160,9,4,1,0,0,.---,0,1-4 | 3 K,0,0,0,0,0,0,0,3,0,0,1,0,4,0,0,0,4,0,0,0,-.--
119,605141,746160,1,5,0,0,0,.---,0,0-4 | BB,2,0,4,0,0,0,0,0,1,0,0,0,4,0,0,0,4,0,0,0,-.--
119,660271,746160,2,5,1,0,1,1,0,"1-4 | BB, K, RBI",0,2,0,1,0,0,0,1,1,0,1,0,4,0,0,1,1,0,0,0,-.--
119,518692,746160,3,5,0,0,0,.---,0,0-5 | 3 K,1,0,2,0,0,0,0,3,0,0,0,0,5,0,0,0,4,0,0,0,-.--
119,669257,746160,4,5,3,0,0,.---,0,"2-4 | 2B, BB, R",1,1,1,1,1,0,0,0,1,0,2,0,4,0,0,0,1,0,0,0,-.--
119,606192,746160,5,5,1,0,0,.---,0,"1-4 | K, RBI",1,0,2,0,0,0,0,1,0,0,1,0,4,0,0,1,4,0,0,1,-.--
119,571771,746160,6,3,0,0,0,.---,0,0-3 | R,1,2,1,1,0,0,0,0,0,0,0,0,3,0,0,0,3,0,0,0,-.--
119,681624,746160,7,4,2,0,0,.---,0,"1-3 | 2B, HBP, K",0,1,0,1,1,0,0,1,0,0,1,1,3,0,0,0,1,0,0,0,-.--
119,500743,746160,8,2,0,0,0,.---,0,0-1 | BB,0,1,0,0,0,0,0,0,1,0,0,0,1,0,0,0,1,0,0,0,-.--
119,621035,746160,9,4,1,0,0,.---,0,"1-3 | BB, K, 2 RBI",0,1,0,0,0,0,0,1,1,0,1,0,3,1,0,2,1,0,0,0,-.--
109,606466,745352,1,6,5,0,0,.---,0,"4-6 | 2B, K, RBI",0,1,0,1,1,0,0,1,0,0,4,0,6,1,0,1,2,0,0,0,-.--
109,682998,745352,2,6,2,0,0,.---,0,"2-6 | K, 2 R",0,2,1,2,0,0,0,1,0,0,2,0,6,0,0,0,4,0,0,0,-.--
109,666971,745352,3,5,2,0,0,.---,0,2-5 | RBI,0,3,0,0,0,0,0,0,0,0,2,0,5,0,0,1,3,0,0,0,-.--
109,572233,745352,4,6,4,0,0,.---,0,"3-6 | 2B, K, RBI",1,1,1,3,1,0,0,1,0,0,3,0,6,0,0,1,3,0,0,0,-.--
109,553993,745352,5,6,2,0,0,.---,0,"2-3 | 3 BB, RBI, 3 R",0,1,0,3,0,0,0,0,3,0,2,0,3,0,0,1,0,0,0,0,-.--
109,545341,745352,6,4,3,0,0,.---,0,"2-4 | 2B, 2 RBI, R",1,1,1,1,1,0,0,0,0,0,2,0,4,0,0,2,3,0,0,0,-.--
109,672515,745352,7,6,3,0,0,.---,0,"2-5 | 2B, BB, K",1,1,1,2,1,0,0,1,1,0,2,0,5,0,0,3,3,0,0,0,-.--
109,677942,745352,8,6,8,0,0,.---,0,"3-5 | HR, 2 2B, BB",1,1,1,2,2,0,1,0,1,0,3,0,5,0,0,5,2,0,0,0,5
109,621028,745352,9,5,1,0,0,.---,0,"1-5 | K, RBI",3,0,3,0,0,0,0,1,0,0,1,0,5,0,0,1,3,0,0,0,-.--
137,596103,745352,1,4,0,0,0,.---,0,0-3 | BB,2,1,2,0,0,0,0,0,1,0,0,0,3,0,0,0,2,0,0,0,-.--
137,527038,745352,2,4,0,0,0,.---,0,0-3 | BB,0,3,0,0,0,0,0,0,1,0,0,0,3,0,0,0,1,0,0,0,-.--
137,624585,745352,3,4,4,0,0,.---,0,"1-4 | HR, RBI, R",1,2,1,1,0,0,1,0,0,0,1,0,4,0,0,1,2,0,0,0,4
137,656305,745352,4,4,2,0,0,.---,0,"1-3 | 2B, BB",0,1,1,0,1,0,0,0,1,0,1,0,3,0,0,0,0,0,0,0,-.--
137,624424,745352,5,4,0,0,0,.---,0,0-4 | K,1,2,1,0,0,0,0,1,0,0,0,0,4,0,0,0,2,0,0,0,-.--
137,608596,745352,6,4,0,0,0,.---,0,0-4 | 3 K,0,1,0,0,0,0,0,3,0,0,0,0,4,0,0,0,2,0,0,0,-.--
137,642731,745352,7,4,0,0,0,.---,0,0-4,1,2,2,0,0,0,0,0,0,0,0,0,4,0,0,0,2,0,0,0,-.--
137,666149,745352,8,3,0,0,0,.---,0,0-3 | K,2,0,2,0,0,0,0,1,0,0,0,0,3,0,0,0,0,0,0,0,-.--
137,605113,745352,9,3,2,0,0,.---,0,2-3,0,1,0,0,0,0,0,0,0,0,2,0,3,0,0,0,0,0,0,0,-.--
136,641487,746572,1,5,3,0,0,.---,0,"1-5 | 3B, 2 K, 3 RBI",0,2,0,2,0,1,0,2,0,0,1,0,5,0,0,3,2,0,0,0,-.--
136,677594,746572,2,4,2,0,0,.---,0,"2-4 | K, RBI, R",0,0,1,1,0,0,0,1,0,0,2,0,4,0,0,1,1,0,0,0,-.--
136,663728,746572,3,5,5,0,0,.---,0,"2-4 | HR, K, 3 RBI",1,1,1,1,0,0,1,1,0,0,2,0,4,0,0,3,1,0,1,0,4
136,664034,746572,4,5,2,0,0,.---,0,"1-5 | 2B, R",0,2,2,1,1,0,0,0,0,0,1,0,5,0,0,0,4,0,0,0,-.--
136,593871,746572,5,5,1,0,0,.---,0,"1-5 | 2 K, R",2,0,2,1,0,0,0,2,0,0,1,0,5,0,0,0,0,0,0,0,-.--
136,664238,746572,6,5,0,0,0,.---,0,"0-4 | K, RBI",3,0,4,0,0,0,0,1,0,0,0,0,4,0,0,1,0,0,1,0,-.--
136,670042,746572,7,5,2,0,0,.---,0,"2-4 | HBP, K, R",1,0,1,1,0,0,0,1,0,0,2,1,4,0,0,0,0,0,0,0,-.--
136,649966,746572,8,1,0,0,0,.---,0,"0-0 | HBP, R",0,0,0,1,0,0,0,0,0,0,0,1,0,0,0,0,0,0,0,0,-.--
136,664874,746572,9,4,4,0,0,.---,0,"3-4 | 2B, RBI, 2 R",1,0,1,2,1,0,0,0,0,0,3,0,4,0,0,1,0,0,0,0,-.--
115,678662,746572,1,4,0,0,0,.---,0,0-4 | R,2,2,2,1,0,0,0,0,0,0,0,0,4,0,0,0,1,0,0,0,-.--
115,641857,746572,2,4,0,0,0,.---,0,"0-2 | 2 BB, K, R",0,0,1,1,0,0,0,1,2,0,0,0,2,0,0,0,0,0,0,0,-.--
115,553869,746572,3,4,3,0,0,.---,0,"2-4 | 2B, 2 RBI",1,0,2,0,1,0,0,0,0,0,2,0,4,0,0,2,1,0,0,0,-.--
115,666134,746572,4,4,0,0,0,.---,0,0-4,3,1,3,0,0,0,0,0,0,0,0,0,4,0,0,0,3,0,0,0,-.--
115,663898,746572,5,4,1,0,0,.---,0,1-4 | K,0,2,0,0,0,0,0,1,0,0,1,0,4,0,0,0,2,0,0,0,-.--
115,660707,746572,6,4,2,0,0,.---,0,2-4,1,0,2,0,0,0,0,0,0,0,2,0,4,0,0,0,3,0,0,0,-.--
115,595909,746572,7,4,0,0,0,.---,0,0-4 | K,0,3,0,0,0,0,0,1,0,0,0,0,4,1,0,0,2,0,0,0,-.--
115,656248,746572,8,4,2,0,0,.---,0,"1-4 | 2B, 2 K",0,1,0,0,1,0,0,2,0,0,1,0,4,0,0,0,0,0,0,0,-.--
115,669911,746572,9,3,0,0,0,.---,0,0-3 | K,0,2,0,0,0,0,0,1,0,0,0,0,3,0,0,0,1,0,0,0,-.--
139,650490,745760,1,5,2,0,0,.---,0,2-5 | K,0,2,0,0,0,0,0,1,0,0,2,0,5,0,0,0,1,0,0,0,-.--
139,668227,745760,2,5,0,0,0,.---,0,0-5 | 3 K,0,0,2,0,0,0,0,3,0,0,0,0,5,0,0,0,2,0,0,0,-.--
139,623912,745760,3,4,1,0,0,.---,0,1-4 | K,1,1,1,0,0,0,0,1,0,0,1,0,4,0,0,0,0,0,0,0,-.--
139,670623,745760,4,4,0,0,0,.---,0,0-4 | 2 K,1,1,1,0,0,0,0,2,0,0,0,0,4,0,0,0,2,0,0,0,-.--
139,642708,745760,5,4,2,0,1,1,0,"2-4 | K, SB",0,1,0,0,0,0,0,1,0,0,2,0,4,0,0,0,2,0,0,0,-.--
139,678554,745760,6,4,1,0,0,.---,0,1-4 | K,1,0,2,0,0,0,0,1,0,0,1,0,4,0,0,0,1,0,0,0,-.--
139,676609,745760,7,4,2,0,1,1,0,"1-3 | 2B, 2 K, RBI",0,1,0,1,1,0,0,2,0,0,1,0,3,0,0,1,0,1,0,0,-.--
139,642350,745760,8,4,0,0,0,.---,0,0-4 | 2 K,1,1,1,0,0,0,0,2,0,0,0,0,4,0,0,0,3,0,0,0,-.--
139,650907,745760,9,2,1,0,0,.---,0,1-2 | K,0,0,0,0,0,0,0,1,0,0,1,0,2,0,0,0,2,0,0,0,-.--
147,683011,745760,1,4,0,0,0,.---,0,0-4 | K,0,3,0,0,0,0,0,1,0,0,0,0,4,0,0,0,1,0,0,0,-.--
147,665742,745760,2,4,3,0,0,.---,0,2-4 | 2B,1,0,2,0,1,0,0,0,0,0,2,0,4,0,0,0,0,0,0,0,-.--
147,592450,745760,3,4,0,0,0,.---,0,0-4 | 4 K,0,0,0,0,0,0,0,4,0,0,0,0,4,0,0,0,2,0,0,0,-.--
147,519203,745760,4,4,1,0,0,.---,0,1-4,1,0,3,0,0,0,0,0,0,0,1,0,4,0,0,0,0,0,0,0,-.--
147,657077,745760,5,4,1,0,0,.---,0,1-4,1,2,1,0,0,0,0,0,0,0,1,0,4,0,0,0,3,0,0,0,-.--
147,663757,745760,6,2,0,0,0,.---,0,0-2,0,2,0,0,0,0,0,0,0,0,0,0,2,0,0,0,0,0,0,0,-.--
147,665828,745760,7,4,0,0,0,.---,0,0-4 | K,1,2,1,0,0,0,0,1,0,0,0,0,4,0,0,0,1,0,0,0,-.--
147,663330,745760,8,3,0,0,0,.---,0,0-3 | 2 K,0,1,0,0,0,0,0,2,0,0,0,0,3,0,0,0,0,0,0,0,-.--
147,669224,745760,9,3,0,0,0,.---,0,"0-2 | BB, K",1,0,1,0,0,0,0,1,1,0,0,0,2,0,0,0,0,0,0,0,-.--
116,682985,745921,1,4,0,0,0,.---,0,"0-2 | 2 BB, 2 R",1,0,2,2,0,0,0,0,2,0,0,0,2,0,0,0,0,0,0,0,-.--
116,672761,745921,2,4,3,0,0,.---,0,"1-4 | 3B, 2 K, RBI",0,0,1,0,0,1,0,2,0,0,1,0,4,0,0,1,1,0,0,0,-.--
116,679529,745921,3,4,0,0,0,.---,0,0-4,2,1,3,0,0,0,0,0,0,0,0,0,4,0,0,0,2,0,0,0,-.--
116,681481,745921,4,4,1,0,0,.---,0,"1-4 | K, RBI",1,1,1,0,0,0,0,1,0,0,1,0,4,0,0,1,0,0,0,0,-.--
116,663837,745921,5,4,2,0,0,.---,0,2-4 | R,1,0,2,1,0,0,0,0,0,0,2,0,4,0,0,0,1,0,0,0,-.--
116,690993,745921,6,2,0,0,0,.---,0,0-2 | K,0,0,1,0,0,0,0,1,0,0,0,0,2,0,0,0,1,0,0,0,-.--
116,595879,745921,7,4,2,0,0,.---,0,"1-4 | 2B, 2 K, RBI",0,1,0,0,1,0,0,2,0,0,1,0,4,0,0,1,1,0,0,0,-.--
116,678009,745921,8,4,0,0,0,.---,0,0-4 | K,2,0,3,0,0,0,0,1,0,0,0,0,4,0,0,0,2,0,0,0,-.--
116,668670,745921,9,2,0,0,0,.---,0,0-2 | K,1,0,1,0,0,0,0,1,0,0,0,0,2,0,0,0,0,0,0,0,-.--
142,666397,745921,1,4,1,0,0,.---,0,"1-3 | BB, K",0,1,0,0,0,0,0,1,1,0,1,0,3,0,0,0,2,0,0,0,-.--
142,680777,745921,2,4,0,0,0,.---,0,"0-1 | 2 BB, RBI, R",0,0,2,1,0,0,0,0,2,0,0,0,1,0,0,1,1,0,1,0,-.--
142,666135,745921,3,3,0,0,0,.---,0,0-3 | K,0,1,1,0,0,0,0,1,0,0,0,0,3,0,0,0,2,0,0,0,-.--
142,663616,745921,4,3,1,0,0,.---,0,"1-2 | K, RBI",1,0,1,0,0,0,0,1,0,0,1,0,2,0,0,1,1,0,1,0,-.--
142,621439,745921,5,4,3,0,0,.---,0,"2-4 | 2B, R",0,1,1,1,1,0,0,0,0,0,2,0,4,0,0,0,1,0,0,0,-.--
142,669304,745921,6,3,0,0,0,.---,0,0-3,1,2,1,0,0,0,0,0,0,0,0,0,3,1,0,0,3,0,0,0,-.--
142,650489,745921,7,4,1,0,0,.---,0,"1-2 | HBP, K, RBI",1,0,1,0,0,0,0,1,0,0,1,1,2,0,0,1,0,0,1,0,-.--
142,665856,745921,8,4,0,0,0,.---,0,0-4 | 2 K,0,2,0,0,0,0,0,2,0,0,0,0,4,0,0,0,4,0,0,0,-.--
142,668885,745921,9,4,3,0,0,.---,0,"2-4 | 2B, 2 R",1,0,2,2,1,0,0,0,0,0,2,0,4,0,0,0,2,0,0,0,-.--
158,686217,745190,1,6,2,0,0,.---,0,"2-6 | K, R",0,3,0,1,0,0,0,1,0,0,2,0,6,1,0,0,1,0,0,0,-.--
158,661388,745190,2,6,3,0,0,.---,0,"3-6 | K, RBI, 2 R",2,0,2,2,0,0,0,1,0,0,3,0,6,0,0,1,4,0,0,0,-.--
158,642715,745190,3,6,3,0,0,.---,0,"2-6 | 2B, K, RBI",2,0,3,1,1,0,0,1,0,0,2,0,6,0,0,1,2,0,0,0,-.--
158,656555,745190,4,5,5,0,0,.---,0,"2-5 | HR, K, 3 RBI",1,1,1,1,0,0,1,1,0,0,2,0,5,0,0,3,1,0,0,0,5
158,686554,745190,5,5,1,0,0,.---,0,1-5 | K,2,1,2,0,0,0,0,1,0,0,1,0,5,0,0,0,2,0,0,0,-.--
158,596142,745190,6,5,3,0,0,.---,0,"2-5 | 2B, K",1,1,1,0,1,0,0,1,0,0,2,0,5,0,0,0,3,0,0,0,-.--
158,663368,745190,7,5,3,0,0,.---,0,"2-4 | 2B, HBP, 2 R",0,2,0,2,1,0,0,0,0,0,2,1,4,0,0,0,1,0,0,0,-.--
158,668930,745190,8,5,6,0,0,.---,0,"2-5 | HR, 2B, 2 RBI",0,3,0,2,1,0,1,0,0,0,2,0,5,0,0,2,2,0,0,0,5
158,694192,745190,9,5,5,0,1,1,0,"2-3 | HR, 2 BB, K",0,0,0,3,0,0,1,1,2,0,2,0,3,0,0,2,2,0,0,0,3
138,680977,745190,1,5,0,0,0,.---,0,"0-4 | 2 K, RBI",0,0,3,0,0,0,0,2,0,0,0,0,4,0,0,1,2,0,1,0,-.--
138,502671,745190,2,5,1,0,0,.---,0,"1-4 | BB, 2 K, RBI",0,1,0,0,0,0,0,2,1,0,1,0,4,0,0,1,1,0,0,0,-.--
138,575929,745190,3,5,1,0,0,.---,0,"1-3 | BB, HBP, RBI",1,1,1,1,0,0,0,0,1,0,1,1,3,0,0,1,1,0,0,0,-.--
138,571448,745190,4,5,2,0,0,.---,0,"1-2 | 2B, 2 BB, 2 RBI",1,0,2,0,1,0,0,0,2,0,1,0,2,0,0,2,0,0,1,0,-.--
138,671056,745190,5,5,0,0,0,.---,0,"0-4 | BB, 3 K",0,1,0,0,0,0,0,3,1,0,0,0,4,0,0,0,5,0,0,0,-.--
138,691026,745190,6,4,0,0,0,.---,0,0-4,0,3,1,0,0,0,0,0,0,0,0,0,4,0,0,0,3,0,0,0,-.--
138,663457,745190,7,4,2,0,0,.---,0,"1-3 | 2B, BB, R",0,1,1,1,1,0,0,0,1,0,1,0,3,0,0,0,0,0,0,0,-.--
138,691023,745190,8,3,0,0,0,.---,0,"0-2 | BB, R",1,0,2,1,0,0,0,0,1,0,0,0,2,0,0,0,0,0,0,0,-.--
138,672279,745190,9,4,2,0,0,.---,0,"2-3 | BB, 2 R",0,1,0,2,0,0,0,0,1,0,2,0,3,0,0,0,0,0,0,0,-.--
146,650333,746893,1,5,4,0,0,.---,0,"3-5 | 2B, R",1,1,1,1,1,0,0,0,0,0,3,0,5,0,0,0,0,0,0,0,-.--
146,650559,746893,2,5,4,0,0,.---,0,"1-3 | HR, BB, K",1,1,1,1,0,0,1,1,1,0,1,0,3,0,0,3,0,0,1,0,3
146,665862,746893,3,5,0,0,0,.---,0,0-5 | K,3,1,3,0,0,0,0,1,0,0,0,0,5,0,0,0,4,0,0,0,-.--
146,605137,746893,4,5,0,0,0,.---,0,"0-4 | BB, 2 K",0,1,1,0,0,0,0,2,1,0,0,0,4,0,0,0,2,0,0,0,-.--
146,660821,746893,5,4,2,0,0,.---,0,2-4,0,1,1,0,0,0,0,0,0,0,2,0,4,1,0,0,3,0,0,0,-.--
146,624503,746893,6,4,3,0,0,.---,0,2-4 | 2B,1,1,1,0,1,0,0,0,0,0,2,0,4,0,0,0,1,0,0,0,-.--
146,656896,746893,7,4,0,0,0,.---,0,"0-1 | 2 BB, HBP, K",0,0,0,1,0,0,0,1,2,0,0,1,1,0,0,0,0,0,0,0,-.--
146,660644,746893,8,4,0,0,0,.---,0,0-3 | BB,1,1,2,0,0,0,0,0,1,0,0,0,3,0,0,0,5,0,0,0,-.--
146,663743,746893,9,2,0,0,0,.---,0,0-2 | K,0,0,1,0,0,0,0,1,0,0,0,0,2,0,0,0,2,0,0,0,-.--
112,663538,746893,1,5,2,0,0,.---,0,"2-5 | K, R",1,1,1,1,0,0,0,1,0,0,2,0,5,0,0,0,2,0,0,0,-.--
112,621550,746893,2,4,3,0,0,.---,0,"1-4 | 3B, 2 K, 2 RBI",1,0,1,0,0,1,0,2,0,0,1,0,4,0,0,2,2,0,0,0,-.--
112,666624,746893,3,4,0,0,0,.---,0,"0-3 | BB, K",0,1,1,0,0,0,0,1,1,0,0,0,3,0,0,0,0,0,0,0,-.--
112,621020,746893,4,4,0,1,0,0,0,"0-3 | BB, K, CS",0,2,0,0,0,0,0,1,1,0,0,0,3,0,0,0,2,0,0,0,-.--
112,643265,746893,5,4,0,0,0,.---,0,"0-3 | BB, K",2,0,2,0,0,0,0,1,1,0,0,0,3,0,0,0,2,0,0,0,-.--
112,643565,746893,6,4,1,0,0,.---,0,1-4,1,1,2,0,0,0,0,0,0,0,1,0,4,0,0,0,5,0,0,0,-.--
112,663611,746893,7,4,1,0,0,.---,0,1-4,1,2,1,0,0,0,0,0,0,0,1,0,4,0,0,0,1,0,0,0,-.--
112,665804,746893,8,4,1,0,0,.---,0,1-3 | 2 K,0,1,0,0,0,0,0,2,0,0,1,0,3,0,0,0,0,1,0,0,-.--
112,672744,746893,9,4,1,0,0,.---,0,"1-4 | 3 K, R",0,0,0,1,0,0,0,3,0,0,1,0,4,0,0,0,3,0,0,0,-.--
146,650333,746891,1,4,0,0,0,.---,0,0-4 | K,0,3,0,0,0,0,0,1,0,0,0,0,4,0,0,0,1,0,0,0,-.--
146,650559,746891,2,4,0,0,0,.---,0,0-4 | 3 K,0,0,1,0,0,0,0,3,0,0,0,0,4,0,0,0,0,0,0,0,-.--
146,605137,746891,3,4,5,0,0,.---,0,"2-4 | HR, K, RBI",0,1,0,2,0,0,1,1,0,0,2,0,4,0,0,1,0,0,0,0,4
146,641313,746891,4,4,2,0,0,.---,0,"1-4 | 2B, K, RBI",2,0,2,1,1,0,0,1,0,0,1,0,4,0,0,1,1,0,0,0,-.--
146,665862,746891,5,4,1,0,0,.---,0,"1-4 | K, RBI",0,2,0,0,0,0,0,1,0,0,1,0,4,0,0,1,0,0,0,0,-.--
146,541645,746891,6,4,2,0,0,.---,0,2-4,0,2,0,0,0,0,0,0,0,0,2,0,4,1,0,0,1,0,0,0,-.--
146,656896,746891,7,4,2,0,0,.---,0,2-4,1,1,1,0,0,0,0,0,0,0,2,0,4,0,0,0,2,0,0,0,-.--
146,672640,746891,8,3,0,0,0,.---,0,0-3,0,2,1,0,0,0,0,0,0,0,0,0,3,0,0,0,2,0,0,0,-.--
146,640902,746891,9,2,0,0,0,.---,0,0-2,2,0,2,0,0,0,0,0,0,0,0,0,2,0,0,0,1,0,0,0,-.--
112,663538,746891,1,4,1,0,0,.---,0,1-4 | R,0,3,0,1,0,0,0,0,0,0,1,0,4,1,0,0,1,0,0,0,-.--
112,641355,746891,2,4,4,0,0,.---,0,"1-4 | HR, K, RBI",2,0,2,1,0,0,1,1,0,0,1,0,4,0,0,1,1,0,0,0,4
112,666624,746891,3,4,1,0,0,.---,0,"1-3 | BB, R",0,1,1,1,0,0,0,0,1,0,1,0,3,0,0,0,0,0,0,0,-.--
112,683737,746891,4,4,2,0,0,.---,0,"2-4 | 2 K, 2 RBI, R",0,0,0,1,0,0,0,2,0,0,2,0,4,0,0,2,1,0,0,0,-.--
112,643265,746891,5,4,1,0,0,.---,0,"1-4 | 2 K, RBI",0,1,0,0,0,0,0,2,0,0,1,0,4,1,0,1,2,0,0,0,-.--
112,643565,746891,6,3,0,0,0,.---,0,0-3 | K,1,1,1,0,0,0,0,1,0,0,0,0,3,0,0,0,1,0,0,0,-.--
112,663611,746891,7,3,0,0,0,.---,0,0-2 | BB,1,0,2,0,0,0,0,0,1,0,0,0,2,0,0,0,0,0,0,0,-.--
112,543228,746891,8,3,0,0,0,.---,0,0-3 | 2 K,1,0,1,0,0,0,0,2,0,0,0,0,3,0,0,0,2,0,0,0,-.--
112,672744,746891,9,3,4,0,0,.---,0,"1-2 | HR, BB, RBI",0,1,0,1,0,0,1,0,1,0,1,0,2,0,0,1,0,0,0,0,2
117,514888,744865,1,5,1,0,0,.---,0,1-5 | R,0,3,1,1,0,0,0,0,0,0,1,0,5,0,0,0,2,0,0,0,-.--
117,670541,744865,2,5,3,0,0,.---,0,3-5 | 2 R,1,1,1,2,0,0,0,0,0,0,3,0,5,0,0,0,1,0,0,0,-.--
117,608324,744865,3,5,0,0,0,.---,0,"0-2 | 2 BB, RBI, R",3,0,3,1,0,0,0,0,2,0,0,0,2,0,0,1,1,0,1,0,-.--
117,663656,744865,4,4,2,0,0,.---,0,2-4 | 2 RBI,1,1,1,0,0,0,0,0,0,0,2,0,4,1,0,2,1,0,0,0,-.--
117,673237,744865,5,4,0,0,0,.---,0,0-4 | K,0,3,0,0,0,0,0,1,0,0,0,0,4,0,0,0,4,0,0,0,-.--
117,665161,744865,6,4,2,0,1,1,0,"2-4 | K, RBI, SB",1,0,1,0,0,0,0,1,0,0,2,0,4,0,0,1,0,0,0,0,-.--
117,676801,744865,7,4,1,0,0,.---,0,1-4 | 3 K,0,0,0,0,0,0,0,3,0,0,1,0,4,0,0,0,3,0,0,0,-.--
117,547989,744865,8,4,1,0,0,.---,0,1-4,0,3,0,0,0,0,0,0,0,0,1,0,4,0,0,0,2,0,0,0,-.--
117,643289,744865,9,4,0,0,0,.---,0,0-4 | K,2,1,2,0,0,0,0,1,0,0,0,0,4,0,0,0,2,0,0,0,-.--
120,682928,744865,1,5,6,0,0,.---,0,"2-5 | HR, 2B, RBI",0,3,0,2,1,0,1,0,0,0,2,0,5,0,0,1,5,0,0,0,5
120,608385,744865,2,5,1,0,0,.---,0,"1-4 | BB, K, 2 RBI",1,0,2,0,0,0,0,1,1,0,1,0,4,0,0,2,0,0,0,0,-.--
120,657041,744865,3,5,0,0,1,1,0,"0-5 | K, SB",0,4,0,0,0,0,0,1,0,0,0,0,5,0,0,0,2,0,0,0,-.--
120,671277,744865,4,5,1,0,0,.---,0,1-5 | K,0,2,1,0,0,0,0,1,0,0,1,0,5,0,0,0,1,0,0,0,-.--
120,608336,744865,5,5,2,0,0,.---,0,"1-3 | 2B, 2 BB, 2 K",0,0,0,1,1,0,0,2,2,0,1,0,3,0,0,0,1,0,0,0,-.--
120,608841,744865,6,5,3,0,0,.---,0,"3-5 | K, RBI",0,1,0,0,0,0,0,1,0,0,3,0,5,0,0,1,3,0,0,0,-.--
120,592696,744865,7,4,0,0,0,.---,0,"0-3 | BB, K",2,0,2,0,0,0,0,1,1,0,0,0,3,0,0,0,5,0,0,0,-.--
120,656180,744865,8,4,0,0,0,.---,0,"0-2 | BB, 2 K, RBI",1,0,1,0,0,0,0,2,1,0,0,0,2,0,0,1,3,0,1,0,-.--
120,669222,744865,9,4,1,0,0,.---,0,"1-3 | K, R",0,0,1,1,0,0,0,1,0,0,1,0,3,0,0,0,3,0,0,1,-.--
121,607043,746156,1,5,0,0,1,1,0,"0-1 | 2 BB, 2 HBP, K",0,0,0,2,0,0,0,1,2,0,0,2,1,0,0,0,0,0,0,0,-.--
121,516782,746156,2,5,5,0,1,1,0,"2-5 | HR, K, 4 RBI",0,2,0,2,0,0,1,1,0,0,2,0,5,0,0,4,2,0,0,0,5
121,596019,746156,3,5,3,0,0,.---,0,"2-5 | 2B, K, 2 RBI",1,0,2,0,1,0,0,1,0,0,2,0,5,0,0,2,2,0,0,0,-.--
121,624413,746156,4,5,0,0,0,.---,0,0-5,1,3,2,0,0,0,0,0,0,0,0,0,5,0,0,0,4,0,0,0,-.--
121,621466,746156,5,5,0,0,0,.---,0,"0-2 | 3 BB, K",1,0,1,0,0,0,0,1,3,0,0,0,2,0,0,0,1,0,0,0,-.--
121,643446,746156,6,5,4,0,0,.---,0,"2-4 | 2 2B, BB",0,2,0,0,2,0,0,0,1,0,2,0,4,0,0,0,0,0,0,0,-.--
121,664056,746156,7,5,0,0,0,.---,0,0-5,1,2,3,0,0,0,0,0,0,0,0,0,5,0,0,0,7,0,0,0,-.--
121,621563,746156,8,2,2,0,1,1,0,"2-2 | R, SB",0,0,0,1,0,0,0,0,0,0,2,0,2,0,0,0,0,0,0,0,-.--
121,553882,746156,9,3,0,0,0,.---,0,0-2,0,3,0,0,0,0,0,0,0,0,0,0,2,1,0,0,2,1,0,0,-.--
119,605141,746156,1,5,2,0,2,1,0,"1-2 | 2B, 3 BB, R",1,0,1,1,1,0,0,0,3,0,1,0,2,0,0,0,0,0,0,0,-.--
119,660271,746156,2,5,2,0,0,.---,0,"1-2 | 2B, 3 BB, K",0,0,0,1,1,0,0,1,3,0,1,0,2,0,0,0,3,0,0,0,-.--
119,518692,746156,3,5,2,0,0,.---,0,"2-3 | 2 BB, 3 RBI",0,1,0,0,0,0,0,0,2,0,2,0,3,0,0,3,1,0,0,0,-.--
119,606192,746156,4,5,0,0,0,.---,0,"0-3 | BB, HBP, 3 K",0,0,0,0,0,0,0,3,1,0,0,1,3,0,0,0,8,0,0,0,-.--
119,571970,746156,5,5,0,0,0,.---,0,"0-3 | BB, K, RBI",2,1,2,0,0,0,0,1,1,0,0,0,3,0,0,1,6,0,1,0,-.--
119,681546,746156,6,5,1,0,0,.---,0,1-5 | 3 K,1,0,1,0,0,0,0,3,0,0,1,0,5,0,0,0,4,0,0,0,-.--
119,681624,746156,7,5,0,0,0,.---,0,"0-4 | HBP, 3 K, R",0,1,0,1,0,0,0,3,0,0,0,1,4,0,0,0,4,0,0,0,-.--
119,666158,746156,8,5,1,0,0,.---,0,"1-5 | K, R",0,3,0,1,0,0,0,1,0,0,1,0,5,0,0,0,0,0,0,0,-.--
119,605131,746156,9,3,0,0,0,.---,0,0-3 | 2 K,0,0,1,0,0,0,0,2,0,0,0,0,3,0,0,0,2,0,0,0,-.--
111,680776,745515,1,5,3,0,0,.---,0,"1-5 | 3B, R",0,3,1,1,0,1,0,0,0,0,1,0,5,0,0,0,0,0,0,0,-.--
111,677800,745515,2,5,1,0,0,.---,0,"1-2 | 3 BB, K, RBI",0,0,0,0,0,0,0,1,3,0,1,0,2,0,0,1,0,0,0,0,-.--
111,608701,745515,3,5,2,0,0,.---,0,"1-4 | 2B, BB, K",0,2,0,1,1,0,0,1,1,0,1,0,4,0,0,0,2,0,0,0,-.--
111,671213,745515,4,1,0,0,0,.---,0,0-0 | BB,0,0,0,0,0,0,0,0,1,0,0,0,0,0,0,0,0,0,0,0,-.--
111,807799,745515,5,4,5,0,0,.---,0,"2-4 | HR, 2 RBI, R",1,0,2,1,0,0,1,0,0,0,2,0,4,0,0,2,1,0,0,0,4
111,666915,745515,6,4,0,0,0,.---,0,"0-4 | 2 K, RBI",1,1,1,0,0,0,0,2,0,0,0,0,4,0,0,1,3,0,0,0,-.--
111,665839,745515,7,4,1,0,0,.---,0,"1-3 | BB, K",1,0,1,0,0,0,0,1,1,0,1,0,3,0,0,0,3,0,0,0,-.--
111,624512,745515,8,4,0,0,0,.---,0,0-4,2,2,2,0,0,0,0,0,0,0,0,0,4,1,0,0,3,0,0,0,-.--
111,678882,745515,9,4,0,0,0,.---,0,0-4 | K,0,3,0,0,0,0,0,1,0,0,0,0,4,0,0,0,0,0,0,0,-.--
134,658668,745515,1,5,1,0,0,.---,0,1-5 | K,0,2,1,0,0,0,0,1,0,0,1,0,5,0,0,0,1,0,0,0,-.--
134,668804,745515,2,4,3,0,0,.---,0,3-4,1,0,1,0,0,0,0,0,0,0,3,0,4,0,0,0,1,0,0,0,-.--
134,663647,745515,3,4,2,0,0,.---,0,"1-3 | 2B, BB, R",1,1,1,1,1,0,0,0,1,0,1,0,3,1,0,0,2,0,0,0,-.--
134,669261,745515,4,3,0,0,0,.---,0,0-3 | 2 K,0,0,1,0,0,0,0,2,0,0,0,0,3,0,0,0,5,0,0,0,-.--
134,663698,745515,5,4,1,0,0,.---,0,"1-3 | BB, 2 K",0,0,0,0,0,0,0,2,1,0,1,0,3,0,0,0,3,0,0,0,-.--
134,642133,745515,6,3,0,0,0,.---,0,0-3,1,1,2,0,0,0,0,0,0,0,0,0,3,1,0,0,3,0,0,0,-.--
134,669707,745515,7,4,1,0,0,.---,0,"1-4 | K, RBI",2,0,2,0,0,0,0,1,0,0,1,0,4,0,0,1,0,0,0,0,-.--
134,665833,745515,8,4,0,0,1,1,0,"0-3 | BB, 2 K, SB",0,0,1,0,0,0,0,2,1,0,0,0,3,0,0,0,2,0,0,0,-.--
134,572191,745515,9,4,1,0,0,.---,0,1-4 | 2 K,1,0,1,0,0,0,0,2,0,0,1,0,4,0,0,0,1,0,0,0,-.--
109,606466,745354,1,4,1,0,0,.---,0,1-3 | BB,2,0,2,0,0,0,0,0,1,0,1,0,3,0,0,0,0,0,0,0,-.--
109,682998,745354,2,4,0,0,0,.---,0,0-4 | 3 K,0,1,0,0,0,0,0,3,0,0,0,0,4,0,0,0,3,0,0,0,-.--
109,666971,745354,3,4,4,0,0,.---,0,"3-4 | 2B, K, R",0,0,0,1,1,0,0,1,0,0,3,0,4,0,0,0,0,0,0,0,-.--
109,572233,745354,4,4,1,0,0,.---,0,1-4 | RBI,2,1,2,0,0,0,0,0,0,0,1,0,4,1,0,1,3,0,0,0,-.--
109,553993,745354,5,4,0,0,0,.---,0,"0-3 | HBP, 3 K, R",0,0,0,1,0,0,0,3,0,0,0,1,3,0,0,0,1,0,0,0,-.--
109,545341,745354,6,3,0,0,0,.---,0,0-3,0,1,2,0,0,0,0,0,0,0,0,0,3,0,0,0,1,0,0,0,-.--
109,677942,745354,7,4,2,0,0,.---,0,"1-4 | 2B, 2 K, RBI",1,0,1,1,1,0,0,2,0,0,1,0,4,0,0,1,0,0,0,0,-.--
109,571466,745354,8,3,0,0,0,.---,0,0-3 | 2 K,0,1,0,0,0,0,0,2,0,0,0,0,3,0,0,0,1,0,0,0,-.--
109,621028,745354,9,3,1,0,0,.---,0,1-3 | RBI,0,1,1,0,0,0,0,0,0,0,1,0,3,0,0,1,0,0,0,0,-.--
137,808982,745354,1,5,6,0,0,.---,0,"2-5 | HR, 2B, 2 RBI",0,2,1,2,1,0,1,0,0,0,2,0,5,0,0,2,2,0,0,0,5
137,664774,745354,2,3,2,0,0,.---,0,"2-3 | K, 2 R",0,0,0,2,0,0,0,1,0,0,2,0,3,0,0,0,1,0,0,0,-.--
137,624585,745354,3,5,1,0,0,.---,0,1-5 | 2 K,2,0,2,0,0,0,0,2,0,0,1,0,5,0,0,0,5,0,0,0,-.--
137,624424,745354,4,5,1,0,0,.---,0,"1-5 | 2 K, RBI",1,0,2,0,0,0,0,2,0,0,1,0,5,0,0,1,3,0,0,0,-.--
137,527038,745354,5,5,1,0,0,.---,0,"1-3 | BB, RBI, R",2,1,2,1,0,0,0,0,1,0,1,0,3,0,0,1,2,0,1,0,-.--
137,672275,745354,6,4,9,0,0,.---,0,"4-4 | HR, 2 2B, 3 RBI",0,0,0,1,2,0,1,0,0,0,4,0,4,0,0,3,0,0,0,0,4
137,642731,745354,7,4,0,0,0,.---,0,0-4 | 2 K,0,1,1,0,0,0,0,2,0,0,0,0,4,0,0,0,5,0,0,0,-.--
137,573262,745354,8,4,2,0,0,.---,0,2-4 | R,0,2,0,1,0,0,0,0,0,0,2,0,4,0,0,0,0,0,0,0,-.--
137,605113,745354,9,4,1,0,0,.---,0,1-3 | K,1,1,1,0,0,0,0,1,0,0,1,0,3,0,0,0,1,1,0,0,-.--
145,670032,745590,1,5,0,0,0,.---,0,"0-2 | 3 BB, K, R",0,1,0,1,0,0,0,1,3,0,0,0,2,0,0,0,0,0,0,0,-.--
145,650391,745590,2,5,2,0,0,.---,0,"2-5 | K, RBI",1,1,1,0,0,0,0,1,0,0,2,0,5,0,0,1,1,0,0,0,-.--
145,657757,745590,3,5,1,0,0,.---,0,"1-4 | BB, RBI",0,2,1,0,0,0,0,0,1,0,1,0,4,0,0,1,4,0,0,0,-.--
145,683734,745590,4,5,0,0,0,.---,0,"0-3 | BB, HBP, 3 K",0,0,0,1,0,0,0,3,1,0,0,1,3,0,0,0,2,0,0,0,-.--
145,643217,745590,5,5,1,0,0,.---,0,"1-5 | K, R",1,2,1,1,0,0,0,1,0,0,1,0,5,0,0,0,4,0,0,0,-.--
145,657557,745590,6,2,0,0,0,.---,0,0-1 | HBP,0,1,0,0,0,0,0,0,0,0,0,1,1,0,0,0,0,0,0,0,-.--
145,666150,745590,7,4,2,0,0,.---,0,"1-4 | 2B, K, RBI",0,1,1,1,1,0,0,1,0,0,1,0,4,0,0,1,1,0,0,0,-.--
145,686676,745590,8,4,3,0,0,.---,0,"2-4 | 2B, 2 RBI, R",0,1,1,1,1,0,0,0,0,0,2,0,4,0,0,2,1,0,0,0,-.--
145,669699,745590,9,4,0,0,0,.---,0,0-4 | K,0,1,2,0,0,0,0,1,0,0,0,0,4,0,0,0,2,0,0,0,-.--
143,656941,745590,1,5,0,0,0,.---,0,"0-4 | BB, 2 K",1,1,1,0,0,0,0,2,1,0,0,0,4,0,0,0,5,0,0,0,-.--
143,607208,745590,2,5,3,0,0,.---,0,"2-5 | 2B, 2 RBI, R",2,0,3,1,1,0,0,0,0,0,2,0,5,0,0,2,2,0,0,0,-.--
143,547180,745590,3,5,2,0,0,.---,1,"2-5 | K, RBI",1,1,1,0,0,0,0,1,0,0,2,0,5,0,0,1,1,0,0,0,-.--
143,592663,745590,4,5,0,0,0,.---,0,"0-3 | BB, RBI, R",1,2,2,1,0,0,0,0,1,0,0,0,3,0,0,1,0,0,1,0,-.--
143,664761,745590,5,5,1,0,0,.---,0,"1-3 | 2 BB, 2 R",1,1,1,2,0,0,0,0,2,0,1,0,3,0,0,0,0,0,0,0,-.--
143,669016,745590,6,5,4,0,0,.---,0,"1-4 | HR, BB, 2 K",0,1,0,1,0,0,1,2,1,0,1,0,4,0,0,2,2,0,0,0,4
143,592206,745590,7,4,5,0,0,.---,0,"3-3 | 3B, BB, 2 RBI",0,0,0,2,0,1,0,0,1,0,3,0,3,0,0,2,0,0,0,0,-.--
143,681082,745590,8,4,0,0,0,.---,0,0-4 | K,1,1,2,0,0,0,0,1,0,0,0,0,4,0,0,0,5,0,0,0,-.--
143,679032,745590,9,4,3,0,1,1,0,"3-4 | RBI, 2 R, SB",0,0,1,2,0,0,0,0,0,0,3,0,4,0,0,1,2,0,0,0,-.--
133,665923,746651,1,3,1,1,0,0,0,"1-2 | BB, CS",1,0,1,0,0,0,0,0,1,0,1,0,2,0,0,0,0,0,0,0,-.--
133,663527,746651,2,4,1,0,0,.---,0,"1-3 | BB, K",1,0,1,0,0,0,0,1,1,0,1,0,3,0,0,0,1,0,0,0,-.--
133,680869,746651,3,4,0,0,0,.---,0,"0-3 | BB, K",2,0,2,0,0,0,0,1,1,0,0,0,3,0,0,0,2,0,0,0,-.--
133,667670,746651,4,4,0,0,0,.---,0,"0-3 | BB, 2 K",0,1,0,0,0,0,0,2,1,0,0,0,3,0,0,0,1,0,0,0,-.--
133,647351,746651,5,4,3,0,0,.---,0,"1-4 | 3B, K, R",1,1,1,1,0,1,0,1,0,0,1,0,4,0,0,0,3,0,0,0,-.--
133,669127,746651,6,4,0,0,0,.---,0,"0-3 | K, RBI",2,1,2,0,0,0,0,1,0,0,0,0,3,0,0,1,1,0,1,0,-.--
133,676116,746651,7,4,6,0,0,.---,0,"2-4 | HR, 2B, RBI",1,1,1,1,1,0,1,0,0,0,2,0,4,0,0,1,1,0,0,0,4
133,669397,746651,8,2,0,0,0,.---,0,0-2 | K,0,1,0,0,0,0,0,1,0,0,0,0,2,0,0,0,1,0,0,0,-.--
133,680474,746651,9,3,4,0,1,1,0,"1-2 | HR, BB, RBI",1,0,1,1,0,0,1,0,1,0,1,0,2,0,0,1,1,0,0,0,2
114,680757,746651,1,5,6,0,1,1,0,"4-5 | 2 2B, 2 R, SB",0,1,0,2,2,0,0,0,0,0,4,0,5,0,0,0,0,0,0,0,-.--
114,681807,746651,2,5,2,0,0,.---,0,"2-4 | BB, 2 K, 2 R",0,0,0,2,0,0,0,2,1,0,2,0,4,0,0,0,2,0,0,0,-.--
114,608070,746651,3,4,2,0,0,.---,0,"1-4 | 2B, K, RBI",1,0,2,1,1,0,0,1,0,0,1,0,4,0,0,1,5,0,0,0,-.--
114,647304,746651,4,4,5,0,0,.---,0,"2-4 | HR, K, 3 RBI",1,0,1,1,0,0,1,1,0,0,2,0,4,0,0,3,3,0,0,0,4
114,657656,746651,5,4,2,1,0,0,0,"1-4 | 2B, K, RBI",2,0,2,0,1,0,0,1,0,0,1,0,4,0,0,1,4,0,0,0,-.--
114,671289,746651,6,4,1,0,0,.---,0,"1-4 | K, RBI",2,0,2,0,0,0,0,1,0,0,1,0,4,0,0,1,0,0,0,0,-.--
114,672356,746651,7,4,2,0,0,.---,0,2-4 | K,0,0,1,0,0,0,0,1,0,0,2,0,4,0,0,0,2,0,0,0,-.--
114,595978,746651,8,4,1,0,1,1,0,1-4 | SB,1,1,2,0,0,0,0,0,0,0,1,0,4,0,0,0,2,0,0,0,-.--
114,677587,746651,9,4,0,0,0,.---,0,0-4 | K,1,2,1,0,0,0,0,1,0,0,0,0,4,0,0,0,3,0,0,0,-.--
108,543685,746726,1,1,1,0,0,.---,0,1-1,0,0,0,0,0,0,0,0,0,0,1,0,1,0,0,0,0,0,0,0,-.--
108,545361,746726,2,4,1,0,0,.---,0,"1-4 | K, R",2,0,2,1,0,0,0,1,0,0,1,0,4,0,0,0,1,0,0,0,-.--
108,621493,746726,3,4,0,0,0,.---,0,"0-2 | 2 BB, R",1,0,2,1,0,0,0,0,2,0,0,0,2,0,0,0,3,0,0,0,-.--
108,593934,746726,4,4,7,0,0,.---,0,"3-4 | HR, 2B, K",0,0,0,1,1,0,1,1,0,0,3,0,4,0,0,3,0,0,0,0,4
108,592273,746726,5,4,1,0,0,.---,0,"1-3 | BB, RBI, R",0,1,1,1,0,0,0,0,1,0,1,0,3,0,0,1,3,0,0,0,-.--
108,666160,746726,6,4,0,0,0,.---,0,0-4,2,2,2,0,0,0,0,0,0,0,0,0,4,0,0,0,3,0,0,0,-.--
108,650859,746726,7,4,0,0,0,.---,0,0-4 | RBI,0,4,0,0,0,0,0,0,0,0,0,0,4,0,0,1,1,0,0,0,-.--
108,681351,746726,8,4,0,0,0,.---,0,0-4 | 2 K,0,1,1,0,0,0,0,2,0,0,0,0,4,0,0,0,0,0,0,0,-.--
108,694384,746726,9,4,1,0,0,.---,0,1-4 | K,0,2,0,0,0,0,0,1,0,0,1,0,4,0,0,0,0,0,0,0,-.--
113,663697,746726,1,3,1,0,0,.---,0,1-3 | R,1,1,1,1,0,0,0,0,0,0,1,0,3,0,0,0,0,0,0,0,-.--
113,668715,746726,2,5,3,0,1,1,0,"3-4 | BB, 2 R, SB",0,0,1,2,0,0,0,0,1,0,3,0,4,0,0,0,0,0,0,0,-.--
113,656413,746726,3,5,3,1,0,0,1,"2-4 | 2B, BB, 2 RBI",0,1,1,1,1,0,0,0,1,0,2,0,4,0,0,2,2,0,0,0,-.--
113,600869,746726,4,4,0,0,0,.---,0,"0-2 | 2 BB, 2 K, R",0,0,0,1,0,0,0,2,2,0,0,0,2,0,0,0,1,0,0,0,-.--
113,687952,746726,5,4,0,0,0,.---,0,0-4 | 3 K,0,1,0,0,0,0,0,3,0,0,0,0,4,0,0,0,5,0,0,0,-.--
113,682829,746726,6,4,0,1,0,0,0,"0-0 | 4 BB, RBI, R",0,0,0,1,0,0,0,0,4,0,0,0,0,0,0,1,0,0,0,0,-.--
113,663886,746726,7,4,5,0,0,.---,0,"2-4 | HR, 2 K, 4 RBI",0,0,0,1,0,0,1,2,0,0,2,0,4,0,0,4,3,0,0,0,4
113,669289,746726,8,4,2,0,0,.---,0,"1-4 | 2B, 2 K",1,0,1,0,1,0,0,2,0,0,1,0,4,0,0,0,5,0,0,0,-.--
113,669352,746726,9,3,0,0,0,.---,0,0-3 | 2 K,0,1,0,0,0,0,0,2,0,0,0,0,3,0,0,0,1,0,0,0,-.--
110,683002,746324,1,5,2,0,0,.---,0,"2-4 | BB, 2 K, R",0,0,0,1,0,0,0,2,1,0,2,0,4,0,0,0,1,0,0,0,-.--
110,668939,746324,2,5,2,0,0,.---,0,"2-5 | K, RBI, R",1,1,1,1,0,0,0,1,0,0,2,0,5,0,0,1,2,0,0,0,-.--
110,663624,746324,3,5,3,0,0,.---,0,"2-4 | 2B, BB, 2 K",0,0,0,2,1,0,0,2,1,0,2,0,4,0,0,1,1,0,0,0,-.--
110,623993,746324,4,5,6,0,0,.---,0,"3-5 | 3 2B, K, 2 RBI",1,0,1,1,3,0,0,1,0,0,3,0,5,0,0,2,3,0,0,0,-.--
110,676059,746324,5,5,2,0,1,1,0,"2-5 | K, 2 RBI, R",0,2,0,1,0,0,0,1,0,0,2,0,5,0,0,2,4,0,0,0,-.--
110,669720,746324,6,4,1,0,0,.---,0,"1-3 | BB, R",1,1,1,1,0,0,0,0,1,0,1,0,3,0,0,0,2,0,0,0,-.--
110,602104,746324,7,5,2,0,0,.---,0,"1-5 | 2B, K, RBI",1,2,1,1,1,0,0,1,0,0,1,0,5,0,0,1,3,0,0,0,-.--
110,543510,746324,8,5,1,0,0,.---,0,"1-5 | RBI, R",1,3,1,1,0,0,0,0,0,0,1,0,5,0,0,1,1,0,0,0,-.--
110,622761,746324,9,4,2,0,0,.---,0,"1-4 | 2B, K",0,2,0,0,1,0,0,1,0,0,1,0,4,0,0,0,1,0,0,0,-.--
118,672580,746324,1,5,3,0,0,.---,0,"2-5 | 2B, K, RBI",0,2,0,2,1,0,0,1,0,0,2,0,5,0,0,1,1,0,0,0,-.--
118,677951,746324,2,5,1,0,0,.---,0,"1-5 | K, R",0,1,2,1,0,0,0,1,0,0,1,0,5,0,0,0,1,0,0,0,-.--
118,686469,746324,3,5,1,0,0,.---,0,"1-3 | 2 BB, R",1,1,1,1,0,0,0,0,2,0,1,0,3,0,0,0,0,0,0,0,-.--
118,521692,746324,4,5,6,0,0,.---,0,"3-5 | HR, 5 RBI, R",0,0,2,1,0,0,1,0,0,0,3,0,5,0,0,5,1,0,0,0,5
118,669004,746324,5,4,0,0,0,.---,0,0-4,0,3,1,0,0,0,0,0,0,0,0,0,4,0,0,0,3,0,0,0,-.--
118,676369,746324,6,4,0,0,0,.---,0,"0-3 | BB, 2 K, R",0,1,0,1,0,0,0,2,1,0,0,0,3,0,0,0,3,0,0,0,-.--
118,686681,746324,7,3,0,0,0,.---,0,0-3,0,2,1,0,0,0,0,0,0,0,0,0,3,0,0,0,1,0,0,0,-.--
118,592669,746324,8,2,0,0,0,.---,0,0-2,1,0,2,0,0,0,0,0,0,0,0,0,2,0,0,0,0,0,0,0,-.--
118,664728,746324,9,3,0,0,0,.---,0,"0-2 | BB, K",0,0,1,0,0,0,0,1,1,0,0,0,2,0,0,0,0,0,0,0,-.--
140,543760,747135,1,4,0,0,0,.---,0,0-4,1,1,3,0,0,0,0,0,0,0,0,0,4,0,0,0,1,0,0,0,-.--
140,608369,747135,2,4,0,0,0,.---,0,0-4,0,2,2,0,0,0,0,0,0,0,0,0,4,0,0,0,1,0,0,0,-.--
140,694497,747135,3,3,1,0,0,.---,0,1-3 | K,0,1,0,0,0,0,0,1,0,0,1,0,3,0,0,0,0,0,0,0,-.--
140,666969,747135,4,4,3,0,0,.---,0,"2-4 | 2B, K, R",0,0,1,1,1,0,0,1,0,0,2,0,4,0,0,0,2,0,0,0,-.--
140,663993,747135,5,4,0,0,0,.---,0,"0-3 | BB, K, R",0,1,1,1,0,0,0,1,1,0,0,0,3,0,0,0,1,0,0,0,-.--
140,669701,747135,6,4,1,0,0,.---,0,"1-4 | 2 K, RBI",0,1,0,0,0,0,0,2,0,0,1,0,4,0,0,1,1,0,0,0,-.--
140,694671,747135,7,4,0,0,0,.---,0,0-4 | 3 K,0,1,0,0,0,0,0,3,0,0,0,0,4,0,0,0,2,0,0,0,-.--
140,668800,747135,8,2,0,0,0,.---,0,0-2 | RBI,0,1,1,0,0,0,0,0,0,0,0,0,2,0,0,1,1,0,0,0,-.--
140,665750,747135,9,3,0,0,1,1,0,"0-2 | BB, K, SB",1,0,1,0,0,0,0,1,1,0,0,0,2,0,0,0,1,0,0,0,-.--
144,660670,747135,1,5,1,0,1,1,0,"1-3 | BB, HBP, K",0,1,0,1,0,0,0,1,1,0,1,1,3,0,0,0,2,0,0,0,-.--
144,671739,747135,2,5,3,0,1,1,0,"3-5 | 2 K, RBI, SB",0,0,0,0,0,0,0,2,0,0,3,0,5,0,0,1,2,0,0,0,-.--
144,663586,747135,3,5,0,0,0,.---,0,"0-4 | BB, 2 K",1,1,1,0,0,0,0,2,1,0,0,0,4,0,0,0,4,0,0,0,-.--
144,621566,747135,4,4,0,0,0,.---,0,"0-2 | BB, 2 K, RBI",0,0,1,0,0,0,0,2,1,0,0,0,2,0,0,1,2,0,1,0,-.--
144,542303,747135,5,4,0,0,0,.---,0,"0-3 | BB, K",1,1,1,0,0,0,0,1,1,0,0,0,3,0,0,0,3,0,0,0,-.--
144,606115,747135,6,4,1,0,0,.---,0,"1-4 | K, R",0,2,0,1,0,0,0,1,0,0,1,0,4,1,0,0,4,0,0,0,-.--
144,518595,747135,7,4,4,0,0,.---,0,"1-1 | HR, 2 BB, HBP",0,0,0,2,0,0,1,0,2,0,1,1,1,0,0,2,0,0,0,0,1
144,672284,747135,8,4,1,0,0,.---,0,1-4 | K,0,0,2,0,0,0,0,1,0,0,1,0,4,0,0,0,2,0,0,0,-.--
144,641645,747135,9,4,2,0,0,.---,0,"1-3 | 2B, BB, RBI",0,2,0,1,1,0,0,0,1,0,1,0,3,0,0,1,1,0,0,0,-.--
136,641487,746570,1,5,2,0,0,.---,0,2-5,0,2,1,0,0,0,0,0,0,0,2,0,5,0,0,0,3,0,0,0,-.--
136,677594,746570,2,5,4,0,2,1,0,"4-5 | 2 RBI, R, 2 SB",1,0,1,1,0,0,0,0,0,0,4,0,5,0,0,2,0,0,0,0,-.--
136,593871,746570,3,5,0,0,0,.---,0,0-3 | 2 BB,1,2,1,0,0,0,0,0,2,0,0,0,3,0,0,0,4,0,0,0,-.--
136,571745,746570,4,4,0,0,0,.---,0,0-4 | K,1,2,1,0,0,0,0,1,0,0,0,0,4,0,0,0,5,0,0,0,-.--
136,663728,746570,5,5,7,0,0,.---,0,"4-4 | HR, BB, 2 RBI",0,0,0,2,0,0,1,0,1,0,4,0,4,0,0,2,0,0,0,0,4
136,664034,746570,6,5,2,0,0,.---,0,2-5 | R,1,2,1,1,0,0,0,0,0,0,2,0,5,1,0,0,3,0,0,0,-.--
136,641598,746570,7,5,1,0,0,.---,0,"1-3 | 2 BB, K, R",0,1,0,1,0,0,0,1,2,0,1,0,3,0,0,0,1,0,0,0,-.--
136,682729,746570,8,5,2,0,0,.---,0,"2-5 | K, RBI",1,1,1,0,0,0,0,1,0,0,2,0,5,1,0,1,3,0,0,0,-.--
136,668942,746570,9,5,1,0,0,.---,0,"1-4 | BB, 2 R",0,2,1,2,0,0,0,0,1,0,1,0,4,0,0,0,3,0,0,0,-.--
115,453568,746570,1,3,0,0,0,.---,0,0-3 | K,1,1,1,0,0,0,0,1,0,0,0,0,3,0,0,0,1,0,0,0,-.--
115,678662,746570,2,4,2,0,0,.---,0,"1-4 | 2B, 2 K",1,0,1,0,1,0,0,2,0,0,1,0,4,0,0,0,0,0,0,0,-.--
115,641857,746570,3,4,0,0,0,.---,0,0-4 | 2 K,0,2,0,0,0,0,0,2,0,0,0,0,4,0,0,0,1,0,0,0,-.--
115,553869,746570,4,4,1,0,0,.---,0,"1-3 | HBP, K",0,0,1,0,0,0,0,1,0,0,1,1,3,0,0,0,0,0,0,0,-.--
115,660707,746570,5,4,0,0,0,.---,0,0-4,2,1,3,0,0,0,0,0,0,0,0,0,4,0,0,0,3,0,0,0,-.--
115,666134,746570,6,3,0,0,0,.---,0,0-3 | 2 K,1,0,1,0,0,0,0,2,0,0,0,0,3,0,0,0,0,0,0,0,-.--
115,686668,746570,7,3,0,0,0,.---,0,0-3 | 2 K,1,0,1,0,0,0,0,2,0,0,0,0,3,0,0,0,0,0,0,0,-.--
115,656248,746570,8,3,1,0,0,.---,0,"1-2 | BB, K",0,0,0,0,0,0,0,1,1,0,1,0,2,0,0,0,0,0,0,0,-.--
115,676701,746570,9,3,0,0,0,.---,0,0-3,0,2,1,0,0,0,0,0,0,0,0,0,3,0,0,0,2,0,0,0,-.--
141,543807,745431,1,4,0,0,0,.---,0,0-4,2,1,3,0,0,0,0,0,0,0,0,0,4,0,0,0,3,0,0,0,-.--
141,665489,745431,2,4,3,0,0,.---,0,"2-4 | 2B, R",0,1,1,1,1,0,0,0,0,0,2,0,4,0,0,0,1,0,0,0,-.--
141,666182,745431,3,4,0,0,0,.---,0,"0-4 | K, R",1,2,1,1,0,0,0,1,0,0,0,0,4,0,0,0,2,0,0,0,-.--
141,457759,745431,4,4,0,0,0,.---,0,0-4 | K,2,1,2,0,0,0,0,1,0,0,0,0,4,1,0,0,3,0,0,0,-.--
141,662139,745431,5,4,7,0,1,1,0,"3-4 | HR, 2B, K",0,0,0,2,1,0,1,1,0,0,3,0,4,0,0,3,0,0,0,0,4
141,672386,745431,6,4,0,0,0,.---,0,0-4 | K,0,2,1,0,0,0,0,1,0,0,0,0,4,0,0,0,2,0,0,0,-.--
141,624415,745431,7,3,0,0,0,.---,0,"0-1 | BB, HBP",1,0,1,0,0,0,0,0,1,0,0,1,1,0,0,0,0,0,0,0,-.--
141,643396,745431,8,4,1,0,0,.---,0,1-4 | R,0,1,2,1,0,0,0,0,0,0,1,0,4,0,0,0,3,0,0,0,-.--
141,595281,745431,9,4,2,0,0,.---,0,1-4 | 2B,0,3,0,0,1,0,0,0,0,0,1,0,4,1,0,0,3,0,0,0,-.--
135,593428,745431,1,5,1,0,0,.---,0,"1-5 | K, RBI",0,3,0,0,0,0,0,1,0,0,1,0,5,0,0,1,1,0,0,0,-.--
135,665487,745431,2,5,0,0,0,.---,0,0-5 | K,2,2,2,0,0,0,0,1,0,0,0,0,5,0,0,0,3,0,0,0,-.--
135,630105,745431,3,5,1,0,0,.---,0,"1-3 | 2 BB, K",0,0,1,0,0,0,0,1,2,0,1,0,3,0,0,0,1,0,0,0,-.--
135,592518,745431,4,4,1,0,0,.---,0,1-4,1,1,2,0,0,0,0,0,0,0,1,0,4,0,0,0,4,0,0,0,-.--
135,595777,745431,5,1,0,0,0,.---,0,0-1 | K,0,0,0,0,0,0,0,1,0,0,0,0,1,0,0,0,2,0,0,0,-.--
135,673490,745431,6,4,1,0,0,.---,0,"1-4 | K, RBI",1,0,2,0,0,0,0,1,0,0,1,0,4,0,0,1,2,0,0,0,-.--
135,701538,745431,7,4,0,0,0,.---,0,0-4 | K,3,0,3,0,0,0,0,1,0,0,0,0,4,0,0,0,3,0,0,0,-.--
135,669134,745431,8,4,3,0,0,.---,0,"2-3 | 2B, BB, R",0,1,0,1,1,0,0,0,1,0,2,0,3,0,0,0,0,0,0,0,-.--
135,688363,745431,9,2,0,0,0,.---,0,0-2 | K,0,1,0,0,0,0,0,1,0,0,0,0,2,0,0,0,1,0,0,0,-.--
117,514888,744866,1,4,0,0,0,.---,0,0-4 | 2 K,1,1,1,0,0,0,0,2,0,0,0,0,4,0,0,0,1,0,0,0,-.--
117,670541,744866,2,4,1,0,0,.---,0,1-4 | K,1,1,1,0,0,0,0,1,0,0,1,0,4,0,0,0,1,0,0,0,-.--
117,663656,744866,3,4,0,0,0,.---,0,0-4 | 2 K,1,1,1,0,0,0,0,2,0,0,0,0,4,0,0,0,2,0,0,0,-.--
117,608324,744866,4,4,0,0,0,.---,0,0-4,0,4,0,0,0,0,0,0,0,0,0,0,4,0,0,0,1,0,0,0,-.--
117,665161,744866,5,3,0,0,0,.---,0,0-3 | 2 K,1,0,1,0,0,0,0,2,0,0,0,0,3,0,0,0,0,0,0,0,-.--
117,676801,744866,6,3,2,0,0,.---,0,2-3 | K,0,0,0,0,0,0,0,1,0,0,2,0,3,0,0,0,0,0,0,0,-.--
117,572138,744866,7,3,0,0,0,.---,0,0-3,2,1,2,0,0,0,0,0,0,0,0,0,3,0,0,0,2,0,0,0,-.--
117,676694,744866,8,3,0,0,0,.---,0,0-3 | K,0,2,0,0,0,0,0,1,0,0,0,0,3,0,0,0,1,0,0,0,-.--
117,605170,744866,9,3,1,0,0,.---,0,1-3,0,1,1,0,0,0,0,0,0,0,1,0,3,0,0,0,0,0,0,0,-.--
120,682928,744866,1,5,1,0,1,1,0,"1-4 | BB, 2 K, 2 R",0,1,0,2,0,0,0,2,1,0,1,0,4,0,0,0,1,0,0,0,-.--
120,608385,744866,2,5,1,0,0,.---,0,"1-5 | K, RBI, R",0,2,1,1,0,0,0,1,0,0,1,0,5,1,0,1,3,0,0,0,-.--
120,657041,744866,3,4,0,0,1,1,0,"0-2 | 2 BB, K, R",0,0,1,1,0,0,0,1,2,0,0,0,2,0,0,0,2,0,0,0,-.--
120,671277,744866,4,4,3,0,1,1,0,"3-4 | 2 RBI, SB",0,1,0,0,0,0,0,0,0,0,3,0,4,0,0,2,1,0,0,0,-.--
120,608841,744866,5,4,2,0,0,.---,0,"2-4 | K, 2 RBI",0,1,0,0,0,0,0,1,0,0,2,0,4,0,0,2,2,0,0,0,-.--
120,656180,744866,6,4,1,0,0,.---,0,"1-3 | BB, K",1,0,1,0,0,0,0,1,1,0,1,0,3,0,0,0,3,0,0,0,-.--
120,545121,744866,7,4,0,0,0,.---,0,0-3 | BB,0,3,0,0,0,0,0,0,1,0,0,0,3,1,0,0,5,0,0,0,-.--
120,669222,744866,8,4,4,0,0,.---,0,"1-4 | HR, 2 K, RBI",0,1,0,1,0,0,1,2,0,0,1,0,4,0,0,1,3,0,0,0,4
120,696285,744866,9,4,2,0,0,.---,0,"2-4 | K, R",0,0,1,1,0,0,0,1,0,0,2,0,4,0,0,0,0,0,0,0,-.--
111,678882,745514,1,5,1,0,0,.---,0,"1-4 | BB, K, R",1,1,1,1,0,0,0,1,1,0,1,0,4,0,0,0,4,0,0,0,-.--
111,680776,745514,2,5,1,0,1,1,0,"1-3 | 2 BB, 2 K, 2 R",0,0,0,2,0,0,0,2,2,0,1,0,3,0,0,0,1,0,0,0,-.--
111,608701,745514,3,5,2,0,1,1,0,"1-3 | 2B, BB, K",0,0,1,1,1,0,0,1,1,0,1,0,3,0,0,1,4,0,0,1,-.--
111,677800,745514,4,5,4,0,0,.---,0,"3-5 | 2B, 2 RBI, R",0,1,1,1,1,0,0,0,0,0,3,0,5,0,0,2,2,0,0,0,-.--
111,657136,745514,5,5,0,0,0,.---,0,"0-4 | BB, 3 K, R",0,0,1,1,0,0,0,3,1,0,0,0,4,0,0,0,6,0,0,0,-.--
111,666915,745514,6,5,0,0,0,.---,0,"0-4 | BB, 3 K",0,0,1,0,0,0,0,3,1,0,0,0,4,0,0,0,5,0,0,0,-.--
111,622569,745514,7,5,2,0,0,.---,0,"1-4 | 2B, HBP, K",1,1,1,0,1,0,0,1,0,0,1,1,4,0,0,0,2,0,0,0,-.--
111,623168,745514,8,2,0,0,0,.---,0,0-1 | HBP,1,0,1,0,0,0,0,0,0,0,0,1,1,0,0,0,0,0,0,0,-.--
111,665839,745514,9,5,0,0,0,.---,0,0-4 | 2 K,0,2,1,0,0,0,0,2,0,0,0,0,4,0,0,0,2,1,0,0,-.--
134,656582,745514,1,4,2,0,0,.---,0,"1-4 | 2B, K, R",0,1,1,1,1,0,0,1,0,0,1,0,4,0,0,0,1,0,0,0,-.--
134,668804,745514,2,4,0,0,0,.---,0,0-4 | K,1,2,1,0,0,0,0,1,0,0,0,0,4,0,0,0,2,0,0,0,-.--
134,663647,745514,3,4,2,0,0,.---,0,2-3 | RBI,1,0,2,0,0,0,0,0,0,0,2,0,3,0,0,1,0,0,1,0,-.--
134,669261,745514,4,4,2,0,0,.---,0,2-4,1,1,1,0,0,0,0,0,0,0,2,0,4,0,0,0,0,0,0,0,-.--
134,457705,745514,5,4,0,0,0,.---,0,0-4,1,1,3,0,0,0,0,0,0,0,0,0,4,0,0,0,2,0,0,0,-.--
134,642133,745514,6,4,1,0,0,.---,0,1-4,1,1,2,0,0,0,0,0,0,0,1,0,4,0,0,0,0,0,0,0,-.--
134,663698,745514,7,3,0,0,0,.---,0,0-3 | K,0,1,1,0,0,0,0,1,0,0,0,0,3,0,0,0,2,0,0,0,-.--
134,665833,745514,8,3,0,0,0,.---,0,"0-2 | BB, K",0,1,0,0,0,0,0,1,1,0,0,0,2,0,0,0,0,0,0,0,-.--
134,669707,745514,9,3,1,0,0,.---,0,1-3 | K,1,0,1,0,0,0,0,1,0,0,1,0,3,0,0,0,1,0,0,0,-.--
145,670032,745588,1,4,1,0,0,.---,0,1-4,1,2,1,0,0,0,0,0,0,0,1,0,4,0,0,0,0,0,0,0,-.--
145,543257,745588,2,4,1,0,0,.---,0,"1-4 | 3 K, R",0,0,0,1,0,0,0,3,0,0,1,0,4,0,0,0,1,0,0,0,-.--
145,650391,745588,3,4,4,0,0,.---,0,"1-4 | HR, 2 RBI, R",0,3,0,1,0,0,1,0,0,0,1,0,4,0,0,2,0,0,0,0,4
145,657757,745588,4,4,2,0,0,.---,0,"1-3 | 2B, BB",1,1,1,0,1,0,0,0,1,0,1,0,3,0,0,0,0,0,0,0,-.--
145,643217,745588,5,4,0,0,0,.---,0,0-4,2,1,3,0,0,0,0,0,0,0,0,0,4,0,0,0,2,0,0,0,-.--
145,607680,745588,6,4,0,0,1,1,0,"0-3 | BB, 2 K, SB",0,0,1,0,0,0,0,2,1,0,0,0,3,0,0,0,2,0,0,0,-.--
145,672820,745588,7,3,0,0,0,.---,0,0-3 | 2 K,0,1,0,0,0,0,0,2,0,0,0,0,3,0,0,0,2,0,0,0,-.--
145,669699,745588,8,3,0,0,0,.---,0,0-3,0,2,1,0,0,0,0,0,0,0,0,0,3,0,0,0,1,0,0,0,-.--
145,455117,745588,9,3,0,0,0,.---,0,0-3 | K,0,2,0,0,0,0,0,1,0,0,0,0,3,0,0,0,1,0,0,0,-.--
143,656941,745588,1,5,4,0,0,.---,0,"1-1 | HR, 3 BB, 2 RBI",1,0,1,3,0,0,1,0,3,0,1,0,1,0,0,2,0,0,1,0,1
143,607208,745588,2,5,1,0,1,1,0,"1-4 | BB, RBI, 2 R",1,2,1,2,0,0,0,0,1,0,1,0,4,0,0,1,2,0,0,0,-.--
143,547180,745588,3,5,1,0,0,.---,0,"1-3 | BB, K, 2 RBI",2,0,2,1,0,0,0,1,1,0,1,0,3,0,0,2,0,0,1,0,-.--
143,592663,745588,4,5,1,0,1,1,0,"1-5 | 2 K, SB",1,0,2,0,0,0,0,2,0,0,1,0,5,0,0,0,3,0,0,0,-.--
143,664761,745588,5,5,4,0,0,.---,0,"3-5 | 2B, K, RBI",1,0,1,0,1,0,0,1,0,0,3,0,5,0,0,1,1,0,0,0,-.--
143,669016,745588,6,4,1,0,1,1,0,"1-3 | BB, K, RBI",0,1,0,0,0,0,0,1,1,0,1,0,3,0,0,1,3,0,0,0,-.--
143,592206,745588,7,4,0,0,0,.---,0,0-4 | K,2,1,2,0,0,0,0,1,0,0,0,0,4,0,0,0,4,0,0,0,-.--
143,681082,745588,8,4,1,0,0,.---,0,1-4 | R,0,1,2,1,0,0,0,0,0,0,1,0,4,0,0,0,3,0,0,0,-.--
143,679032,745588,9,4,2,0,1,1,0,"2-4 | K, R, SB",0,1,0,1,0,0,0,1,0,0,2,0,4,0,0,0,0,0,0,0,-.--
139,650490,745759,1,5,0,0,0,.---,0,0-5 | 2 K,1,2,1,0,0,0,0,2,0,0,0,0,5,0,0,0,1,0,0,0,-.--
139,668227,745759,2,5,0,0,0,.---,0,"0-4 | BB, 3 K",0,0,1,0,0,0,0,3,1,0,0,0,4,0,0,0,1,0,0,0,-.--
139,680700,745759,3,4,1,0,0,.---,0,"1-3 | BB, K, R",0,1,0,1,0,0,0,1,1,0,1,0,3,0,0,0,0,0,0,0,-.--
139,670623,745759,4,4,0,0,0,.---,0,"0-2 | 2 BB, K, R",0,0,1,1,0,0,0,1,2,0,0,0,2,0,0,0,1,0,0,0,-.--
139,668853,745759,5,4,0,0,0,.---,0,"0-3 | BB, K",0,0,2,0,0,0,0,1,1,0,0,0,3,0,0,0,2,0,0,0,-.--
139,642708,745759,6,4,3,0,0,.---,0,"2-4 | 2B, 2 RBI, R",0,2,0,1,1,0,0,0,0,0,2,0,4,0,0,2,2,0,0,0,-.--
139,678554,745759,7,4,1,0,2,1,0,"1-3 | K, RBI, 2 SB",0,0,1,0,0,0,0,1,0,0,1,0,3,0,0,1,4,0,0,1,-.--
139,666163,745759,8,4,0,0,0,.---,0,0-4 | 2 K,1,0,2,0,0,0,0,2,0,0,0,0,4,0,0,0,2,0,0,0,-.--
139,676609,745759,9,4,2,0,0,.---,0,"1-4 | 2B, K, R",1,0,2,1,1,0,0,1,0,0,1,0,4,0,0,0,0,0,0,0,-.--
147,683011,745759,1,5,0,0,0,.---,0,0-5 | 2 K,0,3,0,0,0,0,0,2,0,0,0,0,5,0,0,0,4,0,0,0,-.--
147,665742,745759,2,5,0,0,0,.---,0,"0-4 | BB, K, R",0,2,1,1,0,0,0,1,1,0,0,0,4,0,0,0,2,0,0,0,-.--
147,592450,745759,3,4,1,0,0,.---,0,1-4 | 2 K,0,1,0,0,0,0,0,2,0,0,1,0,4,0,0,0,1,0,0,0,-.--
147,519317,745759,4,4,0,0,0,.---,0,"0-2 | 2 BB, R",1,1,1,1,0,0,0,0,2,0,0,0,2,0,0,0,1,0,0,0,-.--
147,519203,745759,5,4,1,0,0,.---,0,"1-3 | BB, 2 K, RBI",0,0,0,1,0,0,0,2,1,0,1,0,3,0,0,1,1,0,0,0,-.--
147,650402,745759,6,4,1,0,0,.---,0,"1-3 | BB, K, R",0,0,1,1,0,0,0,1,1,0,1,0,3,0,0,0,2,0,0,0,-.--
147,657077,745759,7,4,3,0,0,.---,0,"3-4 | 2 RBI, R",1,0,1,1,0,0,0,0,0,0,3,0,4,0,0,2,2,0,0,0,-.--
147,624431,745759,8,4,1,0,0,.---,0,1-4 | RBI,1,2,1,0,0,0,0,0,0,0,1,0,4,0,0,1,2,0,0,0,-.--
147,665828,745759,9,4,2,0,0,.---,0,"2-4 | K, RBI",0,0,1,0,0,0,0,1,0,0,2,0,4,0,0,1,0,0,0,0,-.--
108,543305,746727,1,4,0,0,0,.---,0,"0-3 | BB, K",0,1,1,0,0,0,0,1,1,0,0,0,3,0,0,0,4,0,0,0,-.--
108,545361,746727,2,4,0,0,0,.---,0,0-4,0,1,3,0,0,0,0,0,0,0,0,0,4,0,0,0,1,0,0,0,-.--
108,621493,746727,3,4,1,0,0,.---,0,1-3 | BB,0,1,1,0,0,0,0,0,1,0,1,0,3,0,0,0,1,0,0,0,-.--
108,593934,746727,4,4,1,0,0,.---,0,"1-3 | BB, K",0,1,0,0,0,0,0,1,1,0,1,0,3,1,0,0,2,0,0,0,-.--
108,592273,746727,5,4,0,0,0,.---,0,0-4 | 2 K,1,0,2,0,0,0,0,2,0,0,0,0,4,0,0,0,4,0,0,0,-.--
108,642136,746727,6,4,0,0,0,.---,0,"0-3 | BB, K",2,0,2,0,0,0,0,1,1,0,0,0,3,0,0,0,0,0,0,0,-.--
108,650859,746727,7,4,2,0,0,.---,0,2-3 | BB,0,1,0,0,0,0,0,0,1,0,2,0,3,0,0,0,1,0,0,0,-.--
108,694384,746727,8,4,2,0,0,.---,0,2-4,1,1,1,0,0,0,0,0,0,0,2,0,4,1,0,0,2,0,0,0,-.--
108,687263,746727,9,3,0,0,0,.---,0,0-3 | K,1,1,1,0,0,0,0,1,0,0,0,0,3,0,0,0,4,0,0,0,-.--
113,666181,746727,1,4,0,0,0,.---,0,0-4 | 3 K,0,1,0,0,0,0,0,3,0,0,0,0,4,0,0,0,2,0,0,0,-.--
113,682829,746727,2,4,2,0,0,.---,0,"2-3 | BB, K, R",0,0,0,1,0,0,0,1,1,0,2,0,3,0,0,0,0,0,0,0,-.--
113,668715,746727,3,4,0,0,0,.---,0,0-4 | K,0,1,2,0,0,0,0,1,0,0,0,0,4,0,0,0,4,0,0,0,-.--
113,605361,746727,4,3,0,0,0,.---,0,0-3 | R,0,3,0,1,0,0,0,0,0,0,0,0,3,0,0,0,2,0,0,0,-.--
113,687952,746727,5,4,2,0,0,.---,0,"1-4 | 2B, K, 2 RBI",1,1,1,1,1,0,0,1,0,0,1,0,4,0,0,2,1,0,0,0,-.--
113,600869,746727,6,4,4,0,0,.---,0,"2-3 | 3B, HBP, RBI",0,1,0,0,0,1,0,0,0,0,2,1,3,0,0,1,0,0,0,0,-.--
113,663886,746727,7,4,0,0,0,.---,0,"0-3 | BB, K",0,2,0,0,0,0,0,1,1,0,0,0,3,0,0,0,2,0,0,0,-.--
113,669289,746727,8,3,0,0,0,.---,0,"0-2 | BB, 2 K",0,0,0,0,0,0,0,2,1,0,0,0,2,0,0,0,2,0,0,0,-.--
113,571912,746727,9,3,0,0,0,.---,0,"0-2 | BB, K",0,0,1,0,0,0,0,1,1,0,0,0,2,0,0,0,3,0,0,0,-.--
133,647351,746652,1,5,0,0,0,.---,0,0-5 | 3 K,2,0,2,0,0,0,0,3,0,0,0,0,5,0,0,0,3,0,0,0,-.--
133,668709,746652,2,3,1,0,0,.---,0,1-3,2,0,2,0,0,0,0,0,0,0,1,0,3,0,0,0,1,0,0,0,-.--
133,664913,746652,3,4,1,0,0,.---,0,1-4,0,0,3,0,0,0,0,0,0,0,1,0,4,0,0,0,1,0,0,0,-.--
133,667670,746652,4,4,4,0,0,.---,0,"1-4 | HR, 2 K, RBI",0,0,1,1,0,0,1,2,0,0,1,0,4,0,0,1,2,0,0,0,4
133,676116,746652,5,4,0,0,0,.---,0,"0-2 | 2 BB, 2 K, R",0,0,0,1,0,0,0,2,2,0,0,0,2,0,0,0,0,0,0,0,-.--
133,680869,746652,6,4,2,0,1,1,0,"2-4 | K, SB",0,0,1,0,0,0,0,1,0,0,2,0,4,0,0,0,1,0,0,0,-.--
133,671732,746652,7,4,1,0,0,.---,0,"1-3 | BB, K, RBI",1,0,1,0,0,0,0,1,1,0,1,0,3,0,0,1,1,0,0,0,-.--
133,668832,746652,8,2,0,0,0,.---,0,0-2 | K,0,1,0,0,0,0,0,1,0,0,0,0,2,0,0,0,2,0,0,0,-.--
133,669397,746652,9,4,1,0,0,.---,0,"1-3 | BB, K",0,1,0,0,0,0,0,1,1,0,1,0,3,0,0,0,0,0,0,0,-.--
114,680757,746652,1,4,0,0,0,.---,0,0-4,0,1,3,0,0,0,0,0,0,0,0,0,4,0,0,0,3,0,0,0,-.--
114,665926,746652,2,4,1,0,0,.---,0,"1-3 | HBP, K, RBI",0,1,0,1,0,0,0,1,0,0,1,1,3,0,0,1,0,0,0,0,-.--
114,647304,746652,3,4,2,0,0,.---,0,"1-4 | 2B, 3 RBI",1,1,2,0,1,0,0,0,0,0,1,0,4,0,0,3,1,0,0,0,-.--
114,681807,746652,4,4,0,0,0,.---,0,"0-3 | BB, 2 K",0,1,0,0,0,0,0,2,1,1,0,0,3,0,0,0,0,0,0,0,-.--
114,686823,746652,5,3,6,0,0,.---,0,"2-3 | HR, 2B, RBI",0,1,0,2,1,0,1,0,0,0,2,0,3,0,0,1,0,0,0,0,3
114,657656,746652,6,4,0,0,0,.---,0,"0-3 | BB, 2 K",0,0,1,0,0,0,0,2,1,0,0,0,3,0,0,0,3,0,0,0,-.--
114,666310,746652,7,4,2,0,0,.---,0,"1-4 | 2B, 2 K, R",1,0,1,1,1,0,0,2,0,0,1,0,4,0,0,0,2,0,0,0,-.--
114,672356,746652,8,4,1,0,0,.---,0,"1-4 | K, RBI",1,1,1,0,0,0,0,1,0,0,1,0,4,0,0,1,1,0,0,0,-.--
114,677587,746652,9,4,2,0,0,.---,0,"1-3 | 2B, HBP, 2 R",1,0,2,2,1,0,0,0,0,0,1,1,3,0,0,0,2,0,0,0,-.--
110,683002,746316,1,5,2,0,0,.---,0,"1-5 | 2B, K, R",1,2,1,1,1,0,0,1,0,0,1,0,5,0,0,0,5,0,0,0,-.--
110,668939,746316,2,5,1,0,0,.---,0,1-5,1,2,2,0,0,0,0,0,0,0,1,0,5,0,0,0,2,0,0,0,-.--
110,656811,746316,3,4,0,0,0,.---,0,0-4,2,2,2,0,0,0,0,0,0,0,0,0,4,0,0,0,1,0,0,0,-.--
110,623993,746316,4,5,3,0,0,.---,0,"1-5 | 3B, R",0,2,2,1,0,1,0,0,0,0,1,0,5,0,0,0,2,0,0,0,-.--
110,663624,746316,5,4,3,0,0,.---,0,"2-4 | 2B, RBI, R",0,1,1,1,1,0,0,0,0,0,2,0,4,0,0,1,0,0,0,0,-.--
110,656775,746316,6,4,2,1,1,0.5,0,"2-4 | SB, CS",1,0,2,0,0,0,0,0,0,0,2,0,4,0,0,0,1,0,0,0,-.--
110,681297,746316,7,4,4,0,0,.---,0,"1-3 | HR, BB, K",1,0,1,1,0,0,1,1,1,0,1,0,3,0,0,1,1,0,0,0,3
110,676059,746316,8,4,7,0,0,.---,0,"2-3 | HR, 3B, BB",0,0,0,1,0,1,1,1,1,0,2,0,3,0,0,2,0,0,0,0,3
110,702616,746316,9,4,0,0,0,.---,0,"0-3 | BB, K",0,1,1,0,0,0,0,1,1,0,0,0,3,0,0,0,4,0,0,0,-.--
118,672580,746316,1,4,0,0,0,.---,0,0-3 | BB,0,2,1,0,0,0,0,0,1,0,0,0,3,0,0,0,2,0,0,0,-.--
118,677951,746316,2,4,2,0,0,.---,0,1-4 | 2B,3,0,3,0,1,0,0,0,0,0,1,0,4,0,0,0,3,0,0,0,-.--
118,686469,746316,3,4,1,0,0,.---,0,1-4,0,3,0,0,0,0,0,0,0,0,1,0,4,0,0,0,1,0,0,0,-.--
118,521692,746316,4,4,0,0,0,.---,0,"0-2 | 2 BB, K",0,0,1,0,0,0,0,1,2,0,0,0,2,0,0,0,2,0,0,0,-.--
118,669004,746316,5,3,1,0,0,.---,0,1-3 | K,0,1,0,0,0,0,0,1,0,0,1,0,3,0,0,0,3,0,0,0,-.--
118,592669,746316,6,4,0,0,0,.---,0,0-4,0,2,2,0,0,0,0,0,0,0,0,0,4,0,0,0,2,0,0,0,-.--
118,624428,746316,7,4,0,0,0,.---,0,0-4,0,1,3,0,0,0,0,0,0,0,0,0,4,0,0,0,0,0,0,0,-.--
118,666023,746316,8,4,1,0,0,.---,0,"1-3 | BB, K",1,0,1,0,0,0,0,1,1,0,1,0,3,0,0,0,0,0,0,0,-.--
118,641658,746316,9,2,1,0,0,.---,0,1-2,1,0,1,0,0,0,0,0,0,0,1,0,2,0,0,0,0,0,0,0,-.--
116,682985,745920,1,5,1,0,0,.---,0,"1-3 | 2 BB, K, 3 R",1,0,1,3,0,0,0,1,2,0,1,0,3,0,0,0,2,0,0,0,-.--
116,592192,745920,2,5,2,0,0,.---,0,"1-4 | 2B, BB",0,2,1,0,1,0,0,0,1,0,1,0,4,0,0,0,3,0,0,0,-.--
116,679529,745920,3,5,3,0,0,.---,0,"2-4 | 2B, 2 RBI, 2 R",1,2,1,2,1,0,0,0,0,0,2,0,4,0,0,2,2,0,1,0,-.--
116,681481,745920,4,5,1,0,0,.---,0,"1-4 | HBP, K, RBI",1,1,1,0,0,0,0,1,0,0,1,1,4,0,0,1,2,0,0,0,-.--
116,663837,745920,5,4,0,0,0,.---,0,0-3 | BB,1,2,1,0,0,0,0,0,1,0,0,0,3,1,0,0,2,0,0,0,-.--
116,671083,745920,6,4,4,0,0,.---,0,"1-2 | HR, BB, K",1,0,1,1,0,0,1,1,1,0,1,0,2,0,0,3,0,0,1,0,2
116,678009,745920,7,4,0,0,0,.---,0,0-4 | 3 K,0,1,0,0,0,0,0,3,0,0,0,0,4,0,0,0,3,0,0,0,-.--
116,595879,745920,8,4,1,0,2,1,0,"1-3 | BB, K, 2 SB",1,0,1,0,0,0,0,1,1,0,1,0,3,0,0,0,1,0,0,0,-.--
116,668670,745920,9,4,0,0,0,.---,0,0-4 | 2 K,2,0,2,0,0,0,0,2,0,0,0,0,4,0,0,0,2,0,0,0,-.--
142,666397,745920,1,5,1,0,0,.---,0,1-5 | K,2,1,2,0,0,0,0,1,0,0,1,0,5,0,0,0,3,0,0,0,-.--
142,663616,745920,2,3,0,0,0,.---,0,"0-2 | BB, K",1,0,1,0,0,0,0,1,1,0,0,0,2,0,0,0,2,0,0,0,-.--
142,621439,745920,3,4,1,0,0,.---,0,1-4,1,2,1,0,0,0,0,0,0,0,1,0,4,1,0,0,2,0,0,0,-.--
142,666135,745920,4,4,1,0,0,.---,0,"1-3 | BB, K",0,1,0,0,0,0,0,1,1,0,1,0,3,0,0,0,0,0,0,0,-.--
142,668885,745920,5,4,4,0,0,.---,0,"1-4 | HR, RBI, R",1,0,3,1,0,0,1,0,0,0,1,0,4,0,0,1,4,0,0,0,4
142,650489,745920,6,4,2,0,0,.---,0,"1-3 | 2B, BB",1,1,1,0,1,0,0,0,1,0,1,0,3,0,0,0,4,0,0,0,-.--
142,467793,745920,7,4,1,0,0,.---,0,1-3 | BB,0,0,2,0,0,0,0,0,1,0,1,0,3,0,0,0,1,0,0,0,-.--
142,571657,745920,8,4,0,0,0,.---,0,0-4,2,2,2,0,0,0,0,0,0,0,0,0,4,0,0,0,4,0,0,0,-.--
142,543877,745920,9,3,1,0,0,.---,0,1-3 | K,1,0,1,0,0,0,0,1,0,0,1,0,3,0,0,0,0,0,0,0,-.--
158,686217,745192,1,3,0,0,0,.---,0,0-3 | 2 K,0,1,0,0,0,0,0,2,0,0,0,0,3,0,0,0,0,0,0,0,-.--
158,661388,745192,2,4,0,0,0,.---,0,0-4 | 2 K,0,2,0,0,0,0,0,2,0,0,0,0,4,0,0,0,0,0,0,0,-.--
158,642715,745192,3,4,3,0,0,.---,0,"2-4 | 2B, K",0,1,0,0,1,0,0,1,0,0,2,0,4,0,0,0,0,0,0,0,-.--
158,656555,745192,4,4,0,0,0,.---,0,0-4 | 2 K,1,0,2,0,0,0,0,2,0,0,0,0,4,0,0,0,2,0,0,0,-.--
158,663368,745192,5,4,1,0,0,.---,0,"1-3 | BB, K, R",0,1,0,1,0,0,0,1,1,0,1,0,3,0,0,0,0,0,0,0,-.--
158,668930,745192,6,4,2,0,1,1,0,"2-4 | K, R, SB",0,1,0,1,0,0,0,1,0,0,2,0,4,1,0,0,1,0,0,0,-.--
158,680911,745192,7,4,1,0,0,.---,0,"1-4 | K, 2 RBI",2,0,2,0,0,0,0,1,0,0,1,0,4,0,0,2,1,0,0,0,-.--
158,687401,745192,8,3,0,0,0,.---,0,"0-2 | BB, K",0,1,0,0,0,0,0,1,1,0,0,0,2,0,0,0,2,0,0,0,-.--
158,694192,745192,9,3,0,0,0,.---,0,0-3 | 2 K,0,1,0,0,0,0,0,2,0,0,0,0,3,0,0,0,2,0,0,0,-.--
138,680977,745192,1,5,1,0,0,.---,0,1-5 | K,2,1,2,0,0,0,0,1,0,0,1,0,5,0,0,0,3,0,0,0,-.--
138,575929,745192,2,4,1,0,0,.---,0,1-4 | K,1,1,1,0,0,0,0,1,0,0,1,0,4,0,0,0,3,0,0,0,-.--
138,663457,745192,3,4,1,0,0,.---,0,1-4 | K,1,0,2,0,0,0,0,1,0,0,1,0,4,0,0,0,2,0,0,0,-.--
138,571448,745192,4,4,0,0,0,.---,0,0-2 | 2 BB,0,1,1,0,0,0,0,0,2,0,0,0,2,0,0,0,2,0,0,0,-.--
138,502671,745192,5,4,1,0,0,.---,0,"1-3 | BB, K",1,0,1,0,0,0,0,1,1,0,1,0,3,0,0,0,3,0,0,0,-.--
138,676475,745192,6,4,0,0,0,.---,0,0-4 | K,2,1,2,0,0,0,0,1,0,0,0,0,4,0,0,0,6,0,0,0,-.--
138,691026,745192,7,4,2,0,0,.---,0,"1-4 | 2B, K",1,0,2,0,1,0,0,1,0,0,1,0,4,0,0,0,3,0,0,0,-.--
138,669357,745192,8,4,0,0,0,.---,0,0-4 | 2 K,0,1,1,0,0,0,0,2,0,0,0,0,4,0,0,0,2,0,0,0,-.--
138,672279,745192,9,3,1,0,1,1,0,"1-2 | BB, SB",1,0,1,0,0,0,0,0,1,0,1,0,2,0,0,0,0,0,0,0,-.--
146,650333,746894,1,5,3,0,0,.---,0,"2-5 | 2B, R",2,1,2,1,1,0,0,0,0,0,2,0,5,0,0,0,2,0,0,0,-.--
146,650559,746894,2,5,1,0,0,.---,0,"1-4 | BB, 2 K",0,1,0,0,0,0,0,2,1,0,1,0,4,0,0,0,2,0,0,0,-.--
146,665862,746894,3,5,2,0,0,.---,0,"2-4 | BB, K, RBI",0,1,0,1,0,0,0,1,1,0,2,0,4,0,0,1,1,0,0,0,-.--
146,605137,746894,4,4,1,0,0,.---,0,"1-4 | RBI, R",2,1,2,1,0,0,0,0,0,0,1,0,4,0,0,1,4,0,0,0,-.--
146,660821,746894,5,4,5,0,0,.---,0,"2-4 | HR, K, 2 RBI",0,1,0,2,0,0,1,1,0,0,2,0,4,1,0,2,4,0,0,0,4
146,641313,746894,6,4,1,0,0,.---,0,"1-4 | 2 K, RBI",0,1,0,0,0,0,0,2,0,0,1,0,4,0,0,1,0,0,0,0,-.--
146,624503,746894,7,4,0,0,0,.---,0,0-4,1,3,1,0,0,0,0,0,0,0,0,0,4,0,0,0,2,0,0,0,-.--
146,656896,746894,8,4,0,0,0,.---,0,"0-4 | 2 K, RBI",1,1,1,0,0,0,0,2,0,0,0,0,4,0,0,1,1,0,0,0,-.--
146,663743,746894,9,4,3,0,0,.---,0,"2-4 | 2B, K, R",0,1,0,1,1,0,0,1,0,0,2,0,4,0,0,0,1,0,0,0,-.--
112,663538,746894,1,5,5,0,0,.---,0,"3-5 | 2 2B, K, 2 RBI",0,0,1,0,2,0,0,1,0,0,3,0,5,0,0,2,1,0,0,0,-.--
112,641355,746894,2,5,1,0,0,.---,0,"1-3 | 2 BB, RBI",0,1,1,0,0,0,0,0,2,0,1,0,3,0,0,1,1,0,0,0,-.--
112,666624,746894,3,5,2,0,1,1,0,"1-5 | 2B, 2 K, SB",0,1,1,0,1,0,0,2,0,0,1,0,5,0,0,0,7,0,0,0,-.--
112,683737,746894,4,4,0,0,0,.---,0,0-4 | K,2,1,2,0,0,0,0,1,0,0,0,0,4,0,0,0,5,0,0,0,-.--
112,621020,746894,5,4,0,0,0,.---,0,0-4 | 2 K,1,1,1,0,0,0,0,2,0,0,0,0,4,0,0,0,3,0,0,0,-.--
112,643265,746894,6,4,0,0,0,.---,0,0-4 | 2 K,0,2,0,0,0,0,0,2,0,0,0,0,4,0,0,0,1,0,0,0,-.--
112,643565,746894,7,4,3,0,0,.---,0,"2-4 | 2B, 2 R",0,2,0,2,1,0,0,0,0,0,2,0,4,0,0,0,0,0,0,0,-.--
112,665804,746894,8,4,0,0,0,.---,0,"0-3 | BB, K",1,1,1,0,0,0,0,1,1,0,0,0,3,0,0,0,1,0,0,0,-.--
112,672744,746894,9,4,1,0,0,.---,0,"1-4 | 2 K, R",0,1,0,1,0,0,0,2,0,0,1,0,4,0,0,0,3,0,0,0,-.--
136,641487,746568,1,5,1,0,0,.---,0,"1-3 | 2 BB, RBI",0,2,0,0,0,0,0,0,2,0,1,0,3,0,0,1,2,0,0,0,-.--
136,677594,746568,2,5,2,1,0,0,0,"2-5 | K, CS",1,0,2,0,0,0,0,1,0,0,2,0,5,0,0,0,2,0,0,0,-.--
136,571745,746568,3,5,1,0,0,.---,0,1-5 | 4 K,0,0,0,0,0,0,0,4,0,0,1,0,5,0,0,0,2,0,0,0,-.--
136,663728,746568,4,5,0,0,0,.---,0,0-5 | 2 K,1,1,2,0,0,0,0,2,0,0,0,0,5,0,0,0,4,0,0,0,-.--
136,664034,746568,5,4,0,0,0,.---,0,0-3 | BB,2,1,2,0,0,0,0,0,1,0,0,0,3,0,0,0,2,0,0,0,-.--
136,641598,746568,6,4,0,0,0,.---,0,0-4 | 2 K,1,1,1,0,0,0,0,2,0,0,0,0,4,0,0,0,1,0,0,0,-.--
136,668942,746568,7,4,1,0,1,1,0,"1-3 | BB, K, SB",1,0,1,0,0,0,0,1,1,0,1,0,3,0,0,0,2,0,0,0,-.--
136,664238,746568,8,4,1,0,0,.---,0,1-2 | 2 BB,1,0,1,0,0,0,0,0,2,0,1,0,2,0,0,0,2,0,0,0,-.--
136,682729,746568,9,3,0,0,1,1,0,0-3 | SB,1,2,1,0,0,0,0,0,0,0,0,0,3,0,0,0,6,0,0,0,-.--
115,453568,746568,1,5,1,0,0,.---,0,"1-4 | BB, K, R",1,1,1,1,0,0,0,1,1,0,1,0,4,0,0,0,1,0,0,0,-.--
115,678662,746568,2,5,3,0,0,.---,0,"3-5 | K, RBI",0,0,1,0,0,0,0,1,0,0,3,0,5,0,0,1,1,0,0,0,-.--
115,641857,746568,3,5,1,0,0,.---,0,"1-5 | 3 K, RBI",0,1,0,0,0,0,0,3,0,0,1,0,5,0,0,1,4,0,0,0,-.--
115,666134,746568,4,4,0,0,0,.---,0,0-4 | K,2,0,3,0,0,0,0,1,0,0,0,0,4,0,0,0,1,0,0,0,-.--
115,686668,746568,5,4,4,0,1,1,0,"2-3 | 3B, HBP, SB",1,0,1,0,0,1,0,0,0,0,2,1,3,0,0,0,0,0,0,0,-.--
115,663898,746568,6,4,0,0,0,.---,0,"0-3 | BB, 2 K",1,0,1,0,0,0,0,2,1,0,0,0,3,0,0,0,2,0,0,0,-.--
115,595909,746568,7,4,2,0,0,.---,0,2-4 | K,0,1,0,0,0,0,0,1,0,0,2,0,4,0,0,0,2,0,0,0,-.--
115,669911,746568,8,3,0,0,0,.---,0,0-3 | 2 K,1,0,1,0,0,0,0,2,0,0,0,0,3,0,0,0,4,0,0,0,-.--
115,607732,746568,9,4,2,0,0,.---,0,"1-4 | 2B, R",1,2,1,1,1,0,0,0,0,0,1,0,4,0,0,0,3,0,0,0,-.--
136,641487,746572,1,5,3,0,0,.---,0,"1-5 | 3B, 2 K, 3 RBI",0,2,0,2,0,1,0,2,0,0,1,0,5,0,0,3,2,0,0,0,-.--
136,677594,746572,2,4,2,0,0,.---,0,"2-4 | K, RBI, R",0,0,1,1,0,0,0,1,0,0,2,0,4,0,0,1,1,0,0,0,-.--
136,663728,746572,3,5,5,0,0,.---,0,"2-4 | HR, K, 3 RBI",1,1,1,1,0,0,1,1,0,0,2,0,4,0,0,3,1,0,1,0,4
136,664034,746572,4,5,2,0,0,.---,0,"1-5 | 2B, R",0,2,2,1,1,0,0,0,0,0,1,0,5,0,0,0,4,0,0,0,-.--
136,593871,746572,5,5,1,0,0,.---,0,"1-5 | 2 K, R",2,0,2,1,0,0,0,2,0,0,1,0,5,0,0,0,0,0,0,0,-.--
136,664238,746572,6,5,0,0,0,.---,0,"0-4 | K, RBI",3,0,4,0,0,0,0,1,0,0,0,0,4,0,0,1,0,0,1,0,-.--
136,670042,746572,7,5,2,0,0,.---,0,"2-4 | HBP, K, R",1,0,1,1,0,0,0,1,0,0,2,1,4,0,0,0,0,0,0,0,-.--
136,649966,746572,8,1,0,0,0,.---,0,"0-0 | HBP, R",0,0,0,1,0,0,0,0,0,0,0,1,0,0,0,0,0,0,0,0,-.--
136,664874,746572,9,4,4,0,0,.---,0,"3-4 | 2B, RBI, 2 R",1,0,1,2,1,0,0,0,0,0,3,0,4,0,0,1,0,0,0,0,-.--
115,678662,746572,1,4,0,0,0,.---,0,0-4 | R,2,2,2,1,0,0,0,0,0,0,0,0,4,0,0,0,1,0,0,0,-.--
115,641857,746572,2,4,0,0,0,.---,0,"0-2 | 2 BB, K, R",0,0,1,1,0,0,0,1,2,0,0,0,2,0,0,0,0,0,0,0,-.--
115,553869,746572,3,4,3,0,0,.---,0,"2-4 | 2B, 2 RBI",1,0,2,0,1,0,0,0,0,0,2,0,4,0,0,2,1,0,0,0,-.--
115,666134,746572,4,4,0,0,0,.---,0,0-4,3,1,3,0,0,0,0,0,0,0,0,0,4,0,0,0,3,0,0,0,-.--
115,663898,746572,5,4,1,0,0,.---,0,1-4 | K,0,2,0,0,0,0,0,1,0,0,1,0,4,0,0,0,2,0,0,0,-.--
115,660707,746572,6,4,2,0,0,.---,0,2-4,1,0,2,0,0,0,0,0,0,0,2,0,4,0,0,0,3,0,0,0,-.--
115,595909,746572,7,4,0,0,0,.---,0,0-4 | K,0,3,0,0,0,0,0,1,0,0,0,0,4,1,0,0,2,0,0,0,-.--
115,656248,746572,8,4,2,0,0,.---,0,"1-4 | 2B, 2 K",0,1,0,0,1,0,0,2,0,0,1,0,4,0,0,0,0,0,0,0,-.--
115,669911,746572,9,3,0,0,0,.---,0,0-3 | K,0,2,0,0,0,0,0,1,0,0,0,0,3,0,0,0,1,0,0,0,-.--
109,606466,745353,1,5,0,0,0,.---,0,0-4 | RBI,1,3,2,0,0,0,0,0,0,0,0,0,4,0,0,1,0,0,1,0,-.--
109,682998,745353,2,5,0,0,0,.---,0,"0-3 | 2 BB, K",1,1,1,0,0,0,0,1,2,0,0,0,3,0,0,0,1,0,0,0,-.--
109,666971,745353,3,5,1,0,0,.---,0,1-5,2,2,2,0,0,0,0,0,0,0,1,0,5,1,0,0,3,0,0,0,-.--
109,592626,745353,4,4,2,0,0,.---,0,"1-2 | 2B, BB, HBP",0,1,0,1,1,0,0,0,1,0,1,1,2,0,0,0,1,0,0,0,-.--
109,553993,745353,5,4,1,0,0,.---,0,"1-3 | HBP, 2 R",1,0,2,2,0,0,0,0,0,0,1,1,3,0,0,0,3,0,0,0,-.--
109,656976,745353,6,2,0,0,0,.---,0,0-2,0,1,1,0,0,0,0,0,0,0,0,0,2,0,0,0,2,0,0,0,-.--
109,672515,745353,7,4,2,1,0,0,0,"2-3 | BB, 2 RBI, R",0,0,1,1,0,0,0,0,1,0,2,0,3,0,0,2,0,0,0,0,-.--
109,664983,745353,8,4,1,0,0,.---,0,"1-3 | K, RBI, R",1,1,1,1,0,0,0,1,0,0,1,0,3,0,0,1,2,0,1,0,-.--
109,677942,745353,9,2,0,0,0,.---,0,0-2,0,2,0,0,0,0,0,0,0,0,0,0,2,0,0,0,3,0,0,0,-.--
137,808982,745353,1,4,0,1,0,0,0,"0-2 | BB, HBP, CS",1,1,1,0,0,0,0,0,1,0,0,1,2,0,0,0,0,0,0,0,-.--
137,664774,745353,2,4,0,0,0,.---,0,0-4 | K,1,2,1,0,0,0,0,1,0,0,0,0,4,0,0,0,1,0,0,0,-.--
137,527038,745353,3,4,0,0,0,.---,0,0-4 | K,1,1,2,0,0,0,0,1,0,0,0,0,4,0,0,0,1,0,0,0,-.--
137,624424,745353,4,4,1,0,0,.---,0,1-4,2,1,2,0,0,0,0,0,0,0,1,0,4,0,0,0,1,0,0,0,-.--
137,656305,745353,5,4,2,0,0,.---,0,"1-4 | 2B, K, R",1,0,2,1,1,0,0,1,0,0,1,0,4,0,0,0,1,0,0,0,-.--
137,672275,745353,6,4,0,0,0,.---,0,0-3 | BB,0,2,1,0,0,0,0,0,1,0,0,0,3,0,0,0,1,0,0,0,-.--
137,642731,745353,7,4,3,0,0,.---,0,"2-4 | 2B, RBI, R",1,1,1,1,1,0,0,0,0,0,2,0,4,0,0,1,2,0,0,0,-.--
137,573262,745353,8,4,4,0,0,.---,0,"1-3 | HR, BB, K",0,0,1,1,0,0,1,1,1,1,1,0,3,0,0,2,1,0,0,0,3
137,605113,745353,9,2,0,0,0,.---,0,0-2,0,1,1,0,0,0,0,0,0,0,0,0,2,0,0,0,0,0,0,0,-.--
121,607043,746154,1,4,1,0,0,.---,0,1-4 | K,0,1,1,0,0,0,0,1,0,0,1,0,4,0,0,0,1,0,0,0,-.--
121,516782,746154,2,2,0,0,0,.---,0,0-2 | K,0,1,0,0,0,0,0,1,0,0,0,0,2,0,0,0,0,0,0,0,-.--
121,596019,746154,3,2,1,1,0,0,0,"1-2 | K, CS",0,0,0,0,0,0,0,1,0,0,1,0,2,0,0,0,0,0,0,0,-.--
121,624413,746154,4,4,1,0,0,.---,0,1-4 | K,1,1,1,0,0,0,0,1,0,0,1,0,4,0,0,0,0,0,0,0,-.--
121,683146,746154,5,3,0,0,0,.---,0,0-3 | K,0,2,0,0,0,0,0,1,0,0,0,0,3,0,0,0,1,0,0,0,-.--
121,621466,746154,6,3,1,0,0,.---,0,1-3 | K,0,1,0,0,0,0,0,1,0,0,1,0,3,0,0,0,0,0,0,0,-.--
121,643446,746154,7,3,1,0,0,.---,0,1-3,0,1,1,0,0,0,0,0,0,0,1,0,3,0,0,0,1,0,0,0,-.--
121,664056,746154,8,3,1,1,0,0,0,"1-3 | K, CS",0,1,0,0,0,0,0,1,0,0,1,0,3,0,0,0,2,0,0,0,-.--
121,621512,746154,9,3,1,0,0,.---,0,1-3 | K,0,0,1,0,0,0,0,1,0,0,1,0,3,0,0,0,2,0,0,0,-.--
119,605141,746154,1,3,1,0,0,.---,0,"1-3 | RBI, R",2,0,2,1,0,0,0,0,0,0,1,0,3,0,0,1,1,0,0,0,-.--
119,660271,746154,2,4,5,0,0,.---,0,"2-3 | HR, BB, K",0,0,0,2,0,0,1,1,1,0,2,0,3,0,0,2,0,0,0,0,3
119,518692,746154,3,3,4,0,0,.---,0,"2-3 | 2 2B, 2 RBI, R",1,0,1,1,2,0,0,0,0,0,2,0,3,0,0,2,0,0,0,0,-.--
119,669257,746154,4,5,2,1,0,0,0,"1-4 | 2B, BB, K",1,1,1,1,1,0,0,1,1,0,1,0,4,0,0,2,4,0,0,0,-.--
119,571970,746154,5,4,0,0,0,.---,0,"0-3 | BB, R",3,0,3,1,0,0,0,0,1,0,0,0,3,0,0,0,2,0,0,0,-.--
119,606192,746154,6,3,0,0,0,.---,0,"0-2 | BB, K",1,0,1,0,0,0,0,1,1,0,0,0,2,0,0,0,2,0,0,0,-.--
119,681546,746154,7,4,0,0,0,.---,0,0-4,3,0,4,0,0,0,0,0,0,0,0,0,4,0,0,0,4,0,0,0,-.--
119,681624,746154,8,4,6,0,0,.---,0,"2-4 | HR, 2B, K",0,0,1,2,1,0,1,1,0,0,2,0,4,0,0,3,2,0,0,0,4
119,666158,746154,9,4,0,0,0,.---,0,"0-2 | 2 BB, 2 R",0,2,0,2,0,0,0,0,2,0,0,0,2,0,0,0,1,0,0,0,-.--
141,543807,745434,1,4,1,0,0,.---,0,1-4 | K,0,1,1,0,0,0,0,1,0,0,1,0,4,0,0,0,0,0,0,0,-.--
141,665489,745434,2,4,0,0,0,.---,0,0-4 | K,1,2,1,0,0,0,0,1,0,0,0,0,4,1,0,0,1,0,0,0,-.--
141,666182,745434,3,4,2,1,0,0,0,2-4 | CS,2,0,2,0,0,0,0,0,0,0,2,0,4,0,0,0,0,0,0,0,-.--
141,457759,745434,4,4,0,0,0,.---,0,"0-3 | HBP, K, R",1,1,1,1,0,0,0,1,0,0,0,1,3,1,0,0,2,0,0,0,-.--
141,662139,745434,5,3,2,0,0,.---,0,"1-3 | 2B, K",1,0,1,0,1,0,0,1,0,0,1,0,3,0,0,0,0,0,0,0,-.--
141,676914,745434,6,3,4,0,0,.---,0,"1-3 | HR, 2 RBI, R",1,1,1,1,0,0,1,0,0,0,1,0,3,0,0,2,1,0,0,0,3
141,643376,745434,7,3,0,0,0,.---,0,0-3,2,0,3,0,0,0,0,0,0,0,0,0,3,0,0,0,1,0,0,0,-.--
141,676391,745434,8,3,4,0,0,.---,0,"1-3 | HR, RBI, R",1,1,1,1,0,0,1,0,0,0,1,0,3,0,0,1,0,0,0,0,3
141,595281,745434,9,2,0,0,0,.---,0,0-2,0,2,0,0,0,0,0,0,0,0,0,0,2,0,0,0,0,0,0,0,-.--
135,593428,745434,1,5,5,0,0,.---,0,"2-4 | HR, BB, K",1,0,1,1,0,0,1,1,1,0,2,0,4,0,0,2,3,0,0,0,4
135,665487,745434,2,5,0,0,0,.---,0,"0-4 | K, RBI",3,0,4,0,0,0,0,1,0,0,0,0,4,0,0,1,3,0,1,0,-.--
135,630105,745434,3,5,1,0,0,.---,0,"1-4 | BB, R",1,2,1,1,0,0,0,0,1,0,1,0,4,0,0,0,2,0,0,0,-.--
135,592518,745434,4,4,2,0,0,.---,0,2-4 | K,0,1,0,0,0,0,0,1,0,0,2,0,4,0,0,0,1,0,0,0,-.--
135,595777,745434,5,3,0,0,1,1,1,"0-1 | 2 BB, R, SB",1,0,1,1,0,0,0,0,2,0,0,0,1,0,0,0,0,0,0,0,-.--
135,673490,745434,6,4,0,0,2,1,0,"0-2 | 2 BB, 2 R, 2 SB",1,1,1,2,0,0,0,0,2,0,0,0,2,0,0,0,0,0,0,0,-.--
135,701538,745434,7,4,1,0,0,.---,0,1-4 | K,1,1,1,0,0,0,0,1,0,0,1,0,4,0,0,0,4,0,0,0,-.--
135,669134,745434,8,4,0,0,0,.---,0,"0-2 | 2 BB, K, RBI",0,0,1,1,0,0,0,1,2,0,0,0,2,0,0,1,1,0,0,0,-.--
135,642180,745434,9,4,0,0,0,.---,0,"0-1 | BB, HBP, RBI",1,0,1,0,0,0,0,0,1,0,0,1,1,0,0,1,0,0,0,1,-.--
140,543760,747133,1,5,1,0,0,.---,0,1-5 | K,1,1,2,0,0,0,0,1,0,0,1,0,5,0,0,0,1,0,0,0,-.--
140,608369,747133,2,4,0,0,0,.---,0,0-4 | K,1,2,1,0,0,0,0,1,0,0,0,0,4,0,0,0,3,0,0,0,-.--
140,694497,747133,3,4,5,0,0,.---,0,"2-4 | HR, K, RBI",0,0,1,2,0,0,1,1,0,0,2,0,4,0,0,1,0,0,0,0,4
140,666969,747133,4,4,6,1,0,0,0,"2-4 | HR, 2B, 2 RBI",0,2,0,1,1,0,1,0,0,0,2,0,4,0,0,2,0,0,0,0,4
140,663993,747133,5,4,2,0,0,.---,0,"2-4 | 2 K, R",0,0,0,1,0,0,0,2,0,0,2,0,4,0,0,0,1,0,0,0,-.--
140,669701,747133,6,4,1,0,0,.---,0,1-4 | R,2,1,2,1,0,0,0,0,0,0,1,0,4,0,0,0,1,0,0,0,-.--
140,694671,747133,7,4,1,1,0,0,0,1-4 | CS,0,2,1,0,0,0,0,0,0,0,1,0,4,0,0,0,3,0,0,0,-.--
140,668800,747133,8,4,5,0,0,.---,0,"2-4 | HR, 3 RBI, R",0,0,2,1,0,0,1,0,0,0,2,0,4,0,0,3,1,0,0,0,4
140,665750,747133,9,4,0,0,0,.---,0,"0-3 | BB, 2 K",0,1,0,0,0,0,0,2,1,0,0,0,3,0,0,0,1,0,0,0,-.--
144,660670,747133,1,4,2,0,0,.---,0,2-4 | 2 R,0,1,1,2,0,0,0,0,0,0,2,0,4,0,0,0,1,0,0,0,-.--
144,671739,747133,2,4,0,0,0,.---,0,"0-3 | BB, K, R",2,0,2,1,0,0,0,1,1,0,0,0,3,0,0,0,1,0,0,0,-.--
144,663586,747133,3,4,1,0,0,.---,0,"1-4 | 2 K, RBI",0,0,1,0,0,0,0,2,0,0,1,0,4,0,0,1,2,0,0,0,-.--
144,621566,747133,4,4,0,0,0,.---,0,0-4 | 4 K,0,0,0,0,0,0,0,4,0,0,0,0,4,0,0,0,4,0,0,0,-.--
144,542303,747133,5,4,4,0,0,.---,0,"1-3 | HR, BB, 3 RBI",0,0,2,1,0,0,1,0,1,0,1,0,3,0,0,3,2,0,0,0,3
144,606115,747133,6,4,0,0,0,.---,0,0-4 | K,0,3,0,0,0,0,0,1,0,0,0,0,4,0,0,0,3,0,0,0,-.--
144,672284,747133,7,4,0,0,0,.---,0,0-3 | BB,1,1,2,0,0,0,0,0,1,0,0,0,3,0,0,0,0,0,0,0,-.--
144,644433,747133,8,3,1,0,0,.---,0,1-3 | K,1,0,1,0,0,0,0,1,0,0,1,0,3,0,0,0,1,0,0,0,-.--
144,641645,747133,9,3,0,0,0,.---,0,0-3,0,1,2,0,0,0,0,0,0,0,0,0,3,0,0,0,1,0,0,0,-.--
133,665923,745757,1,3,0,1,0,0,1,"0-0 | 2 BB, HBP, CS",0,0,0,0,0,0,0,0,2,0,0,1,0,0,0,0,0,0,0,0,-.--
133,663527,745757,2,3,0,0,0,.---,0,0-2 | HBP,0,2,0,0,0,0,0,0,0,0,0,1,2,0,0,0,1,0,0,0,-.--
133,667670,745757,3,4,0,0,0,.---,0,0-3 | HBP,2,1,2,0,0,0,0,0,0,0,0,1,3,0,0,0,3,0,0,0,-.--
133,669127,745757,4,4,0,0,0,.---,0,0-4 | 2 K,0,1,1,0,0,0,0,2,0,0,0,0,4,0,0,0,6,0,0,0,-.--
133,647351,745757,5,4,1,0,0,.---,0,1-4 | R,1,1,2,1,0,0,0,0,0,0,1,0,4,0,0,0,2,0,0,0,-.--
133,680869,745757,6,4,4,0,0,.---,0,"1-4 | HR, K, 2 RBI",0,1,1,1,0,0,1,1,0,0,1,0,4,0,0,2,0,0,0,0,4
133,676116,745757,7,4,0,0,0,.---,0,"0-3 | BB, K",0,1,1,0,0,0,0,1,1,0,0,0,3,0,0,0,0,0,0,0,-.--
133,669397,745757,8,4,1,0,0,.---,0,1-3 | K,0,2,0,0,0,0,0,1,0,0,1,0,3,0,0,0,0,1,0,0,-.--
133,680474,745757,9,2,0,0,0,.---,0,0-2 | K,0,0,1,0,0,0,0,1,0,0,0,0,2,0,0,0,1,0,0,0,-.--
147,683011,745757,1,4,1,0,0,.---,0,1-4 | 2 K,1,0,1,0,0,0,0,2,0,0,1,0,4,0,0,0,0,0,0,0,-.--
147,665742,745757,2,4,0,0,0,.---,0,0-4 | 2 K,1,0,2,0,0,0,0,2,0,0,0,0,4,0,0,0,1,0,0,0,-.--
147,592450,745757,3,4,0,0,0,.---,0,0-4 | 2 K,1,1,1,0,0,0,0,2,0,0,0,0,4,1,0,0,1,0,0,0,-.--
147,519317,745757,4,3,1,0,0,.---,0,1-3 | K,1,0,1,0,0,0,0,1,0,0,1,0,3,0,0,0,0,0,0,0,-.--
147,519203,745757,5,3,0,0,0,.---,0,0-3 | K,0,1,1,0,0,0,0,1,0,0,0,0,3,0,0,0,1,0,0,0,-.--
147,650402,745757,6,3,0,0,0,.---,0,0-3 | 2 K,0,0,1,0,0,0,0,2,0,0,0,0,3,0,0,0,1,0,0,0,-.--
147,657077,745757,7,3,0,0,0,.---,0,"0-1 | 2 BB, K",0,0,0,0,0,0,0,1,2,0,0,0,1,0,0,0,1,0,0,0,-.--
147,624431,745757,8,3,1,0,0,.---,0,1-3,1,1,1,0,0,0,0,0,0,0,1,0,3,1,0,0,1,0,0,0,-.--
147,665828,745757,9,3,0,0,0,.---,0,0-3,1,2,1,0,0,0,0,0,0,0,0,0,3,0,0,0,2,0,0,0,-.--
143,656941,746723,1,5,0,0,0,.---,0,"0-3 | BB, 2 K, RBI",1,0,2,1,0,0,0,2,1,0,0,0,3,0,0,1,0,0,1,0,-.--
143,607208,746723,2,5,1,0,0,.---,0,1-5,3,0,4,0,0,0,0,0,0,0,1,0,5,0,0,0,1,0,0,0,-.--
143,592663,746723,3,5,2,0,0,.---,0,"1-5 | 2B, K, RBI",0,3,0,0,1,0,0,1,0,0,1,0,5,0,0,1,1,0,0,0,-.--
143,669016,746723,4,4,0,0,0,.---,0,"0-3 | BB, K",0,1,1,0,0,0,0,1,1,0,0,0,3,0,0,0,0,0,0,0,-.--
143,664761,746723,5,4,3,0,0,.---,0,"2-4 | 2B, 2 R",0,2,0,2,1,0,0,0,0,0,2,0,4,1,0,0,2,0,0,0,-.--
143,592206,746723,6,4,2,0,0,.---,0,2-4 | R,1,1,1,1,0,0,0,0,0,0,2,0,4,0,0,0,0,0,0,0,-.--
143,681082,746723,7,4,0,0,0,.---,0,"0-2 | BB, K, 2 RBI",1,1,1,1,0,0,0,1,1,0,0,0,2,0,0,2,1,0,1,0,-.--
143,665019,746723,8,4,6,0,0,.---,0,"2-4 | HR, 2B, K",0,0,1,1,1,0,1,1,0,0,2,0,4,0,0,3,1,0,0,0,4
143,679032,746723,9,4,3,0,0,.---,0,"1-4 | 3B, K, R",0,1,1,1,0,1,0,1,0,0,1,0,4,0,0,0,2,0,0,0,-.--
113,656413,746723,1,4,1,0,0,.---,0,1-4,0,1,2,0,0,0,0,0,0,0,1,0,4,0,0,0,0,0,0,0,-.--
113,668715,746723,2,4,0,0,0,.---,0,"0-3 | BB, 3 K",0,0,0,0,0,0,0,3,1,0,0,0,3,0,0,0,1,0,0,0,-.--
113,663886,746723,3,3,0,0,0,.---,0,0-3,2,1,2,0,0,0,0,0,0,0,0,0,3,0,0,0,1,0,0,0,-.--
113,600869,746723,4,3,0,0,0,.---,0,0-3,0,1,2,0,0,0,0,0,0,0,0,0,3,0,0,0,1,0,0,0,-.--
113,687952,746723,5,3,1,0,0,.---,0,1-3 | K,0,0,1,0,0,0,0,1,0,0,1,0,3,0,0,0,0,0,0,0,-.--
113,682829,746723,6,3,0,0,1,1,0,"0-3 | 2 K, SB",0,1,0,0,0,0,0,2,0,0,0,0,3,0,0,0,1,0,0,0,-.--
113,669289,746723,7,3,0,0,0,.---,0,0-2 | K,0,2,0,0,0,0,0,1,0,0,0,0,2,0,0,0,0,1,0,0,-.--
113,605361,746723,8,3,0,0,0,.---,0,0-3,0,2,1,0,0,0,0,0,0,0,0,0,3,0,0,0,1,0,0,0,-.--
113,669352,746723,9,3,0,0,0,.---,0,0-3 | 2 K,0,1,0,0,0,0,0,2,0,0,0,0,3,0,0,0,0,0,0,0,-.--
158,686217,745519,1,3,0,0,0,.---,0,0-3 | K,1,1,1,0,0,0,0,1,0,0,0,0,3,0,0,0,1,0,0,0,-.--
158,661388,745519,2,4,1,0,0,.---,0,"1-3 | BB, K, R",0,1,0,1,0,0,0,1,1,0,1,0,3,0,0,0,0,0,0,0,-.--
158,642715,745519,3,4,0,0,0,.---,0,"0-3 | BB, K",1,1,1,0,0,0,0,1,1,0,0,0,3,0,0,0,1,0,0,0,-.--
158,641343,745519,4,3,2,0,0,.---,0,"1-3 | 2B, K",0,1,0,0,1,0,0,1,0,0,1,0,3,0,0,0,0,0,0,0,-.--
158,656555,745519,5,4,4,0,0,.---,0,"1-3 | HR, BB, 2 RBI",0,2,0,1,0,0,1,0,1,0,1,0,3,0,0,2,2,0,0,0,3
158,663368,745519,6,4,0,0,0,.---,0,"0-3 | BB, K",0,2,0,0,0,0,0,1,1,0,0,0,3,0,0,0,5,0,0,0,-.--
158,668930,745519,7,4,0,0,0,.---,0,0-4 | K,1,1,2,0,0,0,0,1,0,0,0,0,4,0,0,0,1,0,0,0,-.--
158,694192,745519,8,4,1,0,0,.---,0,1-4 | K,0,2,0,0,0,0,0,1,0,0,1,0,4,0,0,0,1,0,0,0,-.--
158,687401,745519,9,4,1,0,0,.---,0,1-4 | K,1,1,1,0,0,0,0,1,0,0,1,0,4,0,0,0,2,0,0,0,-.--
134,457705,745519,1,4,6,0,0,.---,0,"3-4 | HR, RBI, R",0,1,0,1,0,0,1,0,0,0,3,0,4,1,0,1,1,0,0,0,4
134,668804,745519,2,4,0,0,0,.---,0,0-2 | 2 BB,0,2,0,0,0,0,0,0,2,0,0,0,2,0,0,0,0,0,0,0,-.--
134,663647,745519,3,4,1,0,0,.---,0,"1-4 | K, R",1,1,1,1,0,0,0,1,0,0,1,0,4,0,0,0,4,0,0,0,-.--
134,642133,745519,4,2,0,0,0,.---,0,0-2,1,0,2,0,0,0,0,0,0,0,0,0,2,0,0,0,2,0,0,0,-.--
134,669261,745519,5,4,0,0,0,.---,0,"0-3 | BB, R",1,2,1,1,0,0,0,0,1,1,0,0,3,0,0,0,1,0,0,0,-.--
134,572191,745519,6,4,0,0,0,.---,0,0-3 | 2 K,0,1,1,0,0,0,0,2,0,0,0,0,3,0,0,0,3,1,0,0,-.--
134,665833,745519,7,4,4,1,0,0,0,"3-4 | 2B, 2 RBI, CS",0,1,0,0,1,0,0,0,0,0,3,0,4,0,0,2,0,0,0,0,-.--
134,680779,745519,8,4,0,0,0,.---,0,"0-3 | BB, 2 K",0,1,0,0,0,0,0,2,1,0,0,0,3,0,0,0,1,0,0,0,-.--
134,675961,745519,9,4,1,0,0,.---,0,1-4 | 2 K,0,1,0,0,0,0,0,2,0,0,1,0,4,0,0,0,2,0,0,0,-.--
116,682985,745107,1,5,1,0,0,.---,0,1-5 | K,2,1,2,0,0,0,0,1,0,0,1,0,5,0,0,0,2,0,0,0,-.--
116,592192,745107,2,5,6,0,0,.---,0,"3-4 | HR, HBP, 2 RBI",1,0,1,2,0,0,1,0,0,0,3,1,4,0,0,2,0,0,0,0,4
116,681481,745107,3,5,2,0,0,.---,0,"1-5 | 2B, RBI",1,1,3,0,1,0,0,0,0,0,1,0,5,0,0,1,4,0,0,0,-.--
116,679529,745107,4,5,0,0,0,.---,0,0-5 | 2 K,0,1,2,0,0,0,0,2,0,0,0,0,5,0,0,0,5,0,0,0,-.--
116,663837,745107,5,4,2,0,0,.---,0,"1-4 | 2B, R",1,0,3,1,1,0,0,0,0,0,1,0,4,0,0,0,3,0,0,0,-.--
116,690993,745107,6,4,0,0,0,.---,0,0-4 | 2 K,1,0,2,0,0,0,0,2,0,0,0,0,4,0,0,0,1,0,0,0,-.--
116,678009,745107,7,4,4,0,0,.---,0,"1-4 | HR, 3 K, RBI",0,0,0,1,0,0,1,3,0,0,1,0,4,0,0,1,1,0,0,0,4
116,595879,745107,8,4,2,0,0,.---,0,"2-4 | K, RBI, 2 R",1,0,1,2,0,0,0,1,0,0,2,0,4,0,0,1,0,0,0,0,-.--
116,668670,745107,9,4,2,0,0,.---,0,"2-3 | HBP, K, R",0,0,0,1,0,0,0,1,0,0,2,1,3,0,0,0,0,0,0,0,-.--
139,642708,745107,1,4,2,1,0,0,0,"2-4 | K, CS",0,0,1,0,0,0,0,1,0,0,2,0,4,0,0,0,0,0,0,0,-.--
139,650490,745107,2,4,1,0,0,.---,0,1-4,1,1,2,0,0,0,0,0,0,0,1,0,4,0,0,0,3,0,0,0,-.--
139,623912,745107,3,4,0,0,0,.---,0,0-4 | 2 K,0,0,2,0,0,0,0,2,0,0,0,0,4,0,0,0,2,0,0,0,-.--
139,668227,745107,4,4,0,0,0,.---,0,0-4 | K,0,3,0,0,0,0,0,1,0,0,0,0,4,0,0,0,1,0,0,0,-.--
139,670623,745107,5,4,2,0,0,.---,0,"1-4 | 2B, K",0,0,2,0,1,0,0,1,0,0,1,0,4,0,0,0,1,0,0,0,-.--
139,678554,745107,6,4,1,0,0,.---,0,"1-3 | HBP, K",1,0,1,0,0,0,0,1,0,0,1,1,3,0,0,0,0,0,0,0,-.--
139,676609,745107,7,4,4,0,0,.---,0,"1-4 | HR, 2 K, RBI",0,1,0,1,0,0,1,2,0,0,1,0,4,0,0,1,3,0,0,0,4
139,642350,745107,8,3,0,0,0,.---,0,0-3 | 3 K,0,0,0,0,0,0,0,3,0,0,0,0,3,0,0,0,0,0,0,0,-.--
139,650907,745107,9,3,0,0,0,.---,0,"0-2 | BB, K",1,0,1,0,0,0,0,1,1,0,0,0,2,0,0,0,0,0,0,0,-.--
146,650333,747134,1,4,1,0,0,.---,0,1-4 | K,1,1,1,0,0,0,0,1,0,0,1,0,4,0,0,0,0,0,0,0,-.--
146,650559,747134,2,4,1,0,0,.---,0,1-4 | 2 K,0,1,0,0,0,0,0,2,0,0,1,0,4,0,0,0,0,0,0,0,-.--
146,665862,747134,3,4,3,0,0,.---,0,"2-4 | 2B, K",0,0,1,0,1,0,0,1,0,0,2,0,4,0,0,0,0,0,0,0,-.--
146,605137,747134,4,4,0,0,0,.---,0,0-3 | HBP,2,1,2,0,0,0,0,0,0,0,0,1,3,0,0,0,2,0,0,0,-.--
146,660821,747134,5,4,1,0,0,.---,0,1-4 | K,1,1,1,0,0,0,0,1,0,0,1,0,4,1,0,0,4,0,0,0,-.--
146,641313,747134,6,4,1,0,0,.---,0,1-4 | K,0,2,0,0,0,0,0,1,0,0,1,0,4,0,0,0,0,0,0,0,-.--
146,624503,747134,7,3,1,0,0,.---,0,1-3,0,2,0,0,0,0,0,0,0,0,1,0,3,0,0,0,2,0,0,0,-.--
146,656896,747134,8,3,1,0,0,.---,0,1-3,0,2,0,0,0,0,0,0,0,0,1,0,3,1,0,0,1,0,0,0,-.--
146,663743,747134,9,3,0,0,0,.---,0,0-3 | K,0,1,1,0,0,0,0,1,0,0,0,0,3,0,0,0,1,0,0,0,-.--
144,660670,747134,1,5,1,0,1,1,0,"1-5 | K, SB",1,2,1,0,0,0,0,1,0,0,1,0,5,0,0,0,3,0,0,0,-.--
144,606115,747134,2,4,3,0,0,.---,0,2-4 | 2B,1,1,1,0,1,0,0,0,0,0,2,0,4,0,0,0,1,0,0,0,-.--
144,663586,747134,3,4,0,0,0,.---,0,"0-3 | BB, K",2,0,2,0,0,0,0,1,1,0,0,0,3,0,0,0,2,0,0,0,-.--
144,621566,747134,4,4,0,0,0,.---,0,0-3 | BB,0,1,2,0,0,0,0,0,1,0,0,0,3,0,0,0,2,0,0,0,-.--
144,542303,747134,5,4,0,0,0,.---,0,"0-3 | BB, R",1,2,1,1,0,0,0,0,1,0,0,0,3,0,0,0,4,0,0,0,-.--
144,518595,747134,6,4,5,0,0,.---,0,"2-4 | HR, K, 2 RBI",0,1,0,1,0,0,1,1,0,0,2,0,4,0,0,2,0,0,0,0,4
144,594807,747134,7,4,0,0,0,.---,0,"0-3 | BB, K, R",0,1,1,1,0,0,0,1,1,0,0,0,3,0,0,0,1,0,0,0,-.--
144,671739,747134,8,4,2,0,2,1,0,2-4 | 2 SB,0,2,0,0,0,0,0,0,0,0,2,0,4,0,0,0,1,0,0,0,-.--
144,664058,747134,9,3,1,0,0,.---,0,1-3 | RBI,1,1,1,0,0,0,0,0,0,0,1,0,3,0,0,1,2,0,0,0,-.--
141,543807,746319,1,5,0,0,0,.---,0,0-5,1,4,1,0,0,0,0,0,0,0,0,0,5,0,0,0,3,0,0,0,-.--
141,665489,746319,2,4,1,0,0,.---,0,"1-3 | BB, K, R",0,1,0,1,0,0,0,1,1,0,1,0,3,0,0,0,0,0,0,0,-.--
141,666182,746319,3,4,3,0,0,.---,0,"1-4 | 3B, K, 3 RBI",1,0,2,0,0,1,0,1,0,0,1,0,4,0,0,3,1,0,0,0,-.--
141,457759,746319,4,4,0,0,0,.---,0,"0-2 | 2 BB, R",1,1,1,1,0,0,0,0,2,0,0,0,2,0,0,0,2,0,0,0,-.--
141,662139,746319,5,4,4,0,0,.---,0,"1-3 | HR, BB, 2 K",0,0,0,1,0,0,1,2,1,0,1,0,3,0,0,2,1,0,0,0,3
141,676914,746319,6,4,0,0,0,.---,0,0-4 | K,1,1,2,0,0,0,0,1,0,0,0,0,4,0,0,0,2,0,0,0,-.--
141,643376,746319,7,4,2,0,0,.---,0,1-4 | 2B,0,2,1,0,1,0,0,0,0,0,1,0,4,0,0,0,0,0,0,0,-.--
141,643396,746319,8,4,1,0,0,.---,0,"1-3 | BB, K, R",1,0,1,1,0,0,0,1,1,0,1,0,3,0,0,0,1,0,0,0,-.--
141,624415,746319,9,4,2,0,0,.---,0,"1-4 | 2B, 2 K, R",0,1,0,1,1,0,0,2,0,0,1,0,4,0,0,0,2,0,0,0,-.--
118,672580,746319,1,4,4,0,0,.---,0,"1-4 | HR, 2 RBI, R",2,1,2,1,0,0,1,0,0,0,1,0,4,0,0,2,0,0,0,0,4
118,677951,746319,2,4,1,0,0,.---,0,1-4 | 2 K,0,1,0,0,0,0,0,2,0,0,1,0,4,0,0,0,0,0,0,0,-.--
118,686469,746319,3,4,1,0,0,.---,0,1-4 | 2 K,0,1,0,0,0,0,0,2,0,0,1,0,4,0,0,0,1,0,0,0,-.--
118,521692,746319,4,4,3,0,0,.---,0,2-4 | 2B,1,1,1,0,1,0,0,0,0,0,2,0,4,0,0,0,1,0,0,0,-.--
118,676369,746319,5,4,0,0,0,.---,0,0-4 | K,1,1,2,0,0,0,0,1,0,0,0,0,4,0,0,0,3,0,0,0,-.--
118,592669,746319,6,2,0,0,0,.---,0,0-2,1,0,2,0,0,0,0,0,0,0,0,0,2,0,0,0,1,0,0,0,-.--
118,641658,746319,7,2,0,0,0,.---,0,0-2,1,1,1,0,0,0,0,0,0,0,0,0,2,0,0,0,1,0,0,0,-.--
118,686681,746319,8,4,0,0,0,.---,0,0-4,2,2,2,0,0,0,0,0,0,0,0,0,4,0,0,0,1,0,0,0,-.--
118,680118,746319,9,3,2,0,0,.---,0,"1-3 | 2B, K, R",0,0,1,1,1,0,0,1,0,0,1,0,3,0,0,0,1,0,0,0,-.--
145,670032,745916,1,4,2,0,0,.---,0,2-4 | K,1,0,1,0,0,0,0,1,0,0,2,0,4,0,0,0,0,0,0,0,-.--
145,543257,745916,2,4,1,0,0,.---,0,1-4 | K,1,1,1,0,0,0,0,1,0,0,1,0,4,0,0,0,3,0,0,0,-.--
145,650391,745916,3,4,1,0,0,.---,0,1-4 | K,0,1,1,0,0,0,0,1,0,0,1,0,4,0,0,0,1,0,0,0,-.--
145,657757,745916,4,4,1,0,0,.---,0,1-4 | 2 K,1,0,1,0,0,0,0,2,0,0,1,0,4,0,0,0,1,0,0,0,-.--
145,683734,745916,5,4,1,0,0,.---,0,1-4 | K,0,1,1,0,0,0,0,1,0,0,1,0,4,0,0,0,3,0,0,0,-.--
145,657557,745916,6,4,0,0,0,.---,0,0-4 | 3 K,0,0,1,0,0,0,0,3,0,0,0,0,4,0,0,0,4,0,0,0,-.--
145,666150,745916,7,4,0,0,0,.---,0,"0-3 | BB, K",0,1,1,0,0,0,0,1,1,0,0,0,3,0,0,0,0,0,0,0,-.--
145,664901,745916,8,4,2,0,0,.---,0,2-4,2,0,2,0,0,0,0,0,0,0,2,0,4,0,0,0,2,0,0,0,-.--
145,686676,745916,9,4,0,0,0,.---,0,0-4 | 2 K,0,1,1,0,0,0,0,2,0,0,0,0,4,0,0,0,4,0,0,0,-.--
142,666135,745916,1,4,1,0,0,.---,0,1-4 | R,1,2,1,1,0,0,0,0,0,0,1,0,4,0,0,0,0,0,0,0,-.--
142,666397,745916,2,4,7,0,0,.---,0,"3-4 | HR, 2B, K",0,0,0,2,1,0,1,1,0,0,3,0,4,0,0,2,0,0,0,0,4
142,663616,745916,3,4,2,0,0,.---,0,"1-2 | 2B, 2 BB, K",0,0,0,2,1,0,0,1,2,0,1,0,2,0,0,1,1,0,0,0,-.--
142,680777,745916,4,4,1,0,0,.---,0,1-4 | R,0,1,2,1,0,0,0,0,0,0,1,0,4,0,0,0,2,0,0,0,-.--
142,596146,745916,5,4,3,0,0,.---,0,"2-4 | 2B, 3 RBI, R",1,1,1,1,1,0,0,0,0,0,2,0,4,0,0,3,1,0,0,0,-.--
142,650489,745916,6,4,3,0,0,.---,0,"2-4 | 2B, K, RBI",0,1,0,0,1,0,0,1,0,0,2,0,4,0,0,1,2,0,0,0,-.--
142,467793,745916,7,4,1,0,0,.---,0,1-4 | K,0,1,1,0,0,0,0,1,0,0,1,0,4,0,0,0,2,0,0,0,-.--
142,669304,745916,8,4,0,0,0,.---,0,0-4 | K,1,2,1,0,0,0,0,1,0,0,0,0,4,1,0,0,1,0,0,0,-.--
142,668885,745916,9,4,0,0,0,.---,0,0-4 | K,0,3,0,0,0,0,0,1,0,0,0,0,4,0,0,0,0,0,0,0,-.--
109,606466,745191,1,5,1,0,0,.---,0,"1-3 | BB, K, RBI",1,1,1,0,0,0,0,1,1,0,1,0,3,0,0,1,0,0,1,0,-.--
109,682998,745191,2,5,1,0,0,.---,0,1-5 | K,1,0,3,0,0,0,0,1,0,0,1,0,5,0,0,0,2,0,0,0,-.--
109,666971,745191,3,5,1,0,0,.---,0,1-5 | 2 K,0,2,0,0,0,0,0,2,0,0,1,0,5,0,0,0,4,0,0,0,-.--
109,572233,745191,4,5,0,0,0,.---,0,"0-4 | BB, 2 K, R",0,0,2,1,0,0,0,2,1,0,0,0,4,0,0,0,2,0,0,0,-.--
109,592626,745191,5,4,3,0,0,.---,0,"2-3 | 2B, BB, K",0,0,0,1,1,0,0,1,1,0,2,0,3,0,0,0,0,0,0,0,-.--
109,553993,745191,6,4,5,0,0,.---,0,"3-4 | 2 2B, 2 RBI, R",0,1,0,1,2,0,0,0,0,0,3,0,4,0,0,2,1,0,0,0,-.--
109,672515,745191,7,4,0,0,0,.---,0,"0-3 | HBP, 2 K",0,1,0,0,0,0,0,2,0,0,0,1,3,0,0,0,3,0,0,0,-.--
109,664983,745191,8,4,1,0,0,.---,0,1-3 | BB,2,0,2,0,0,0,0,0,1,0,1,0,3,0,0,0,2,0,0,0,-.--
109,621028,745191,9,4,0,0,0,.---,0,0-4 | 2 K,0,2,0,0,0,0,0,2,0,0,0,0,4,1,0,0,4,0,0,0,-.--
138,680977,745191,1,4,0,0,0,.---,0,0-3 | BB,1,1,2,0,0,0,0,0,1,0,0,0,3,0,0,0,2,0,0,0,-.--
138,575929,745191,2,4,0,0,0,.---,0,0-4 | 2 K,1,0,2,0,0,0,0,2,0,0,0,0,4,0,0,0,3,0,0,0,-.--
138,663457,745191,3,4,1,0,0,.---,0,1-4 | 2 RBI,0,3,0,0,0,0,0,0,0,0,1,0,4,0,0,2,0,0,0,0,-.--
138,571448,745191,4,4,1,0,0,.---,0,1-4,0,2,1,0,0,0,0,0,0,0,1,0,4,1,0,0,2,0,0,0,-.--
138,502671,745191,5,4,5,0,0,.---,0,"2-4 | HR, K, RBI",1,0,1,2,0,0,1,1,0,0,2,0,4,0,0,1,1,0,0,0,4
138,676475,745191,6,3,1,0,0,.---,0,1-3,0,1,1,0,0,0,0,0,0,0,1,0,3,0,0,0,1,0,0,0,-.--
138,671056,745191,7,3,0,0,0,.---,0,0-3 | 2 K,0,1,0,0,0,0,0,2,0,0,0,0,3,1,0,0,2,0,0,0,-.--
138,691026,745191,8,3,1,0,1,1,0,"1-2 | BB, R, SB",1,0,1,1,0,0,0,0,1,0,1,0,2,0,0,0,0,0,0,0,-.--
138,672279,745191,9,3,0,0,0,.---,0,"0-1 | 2 BB, R",0,1,0,1,0,0,0,0,2,0,0,0,1,0,0,0,0,0,0,0,-.--
135,593428,746565,1,5,0,0,1,1,0,"0-4 | BB, SB",1,3,1,0,0,0,0,0,1,0,0,0,4,0,0,0,1,0,0,0,-.--
135,665487,746565,2,5,3,0,0,.---,0,"1-3 | 3B, 2 BB, K",1,0,1,0,0,1,0,1,2,0,1,0,3,0,0,0,1,0,0,0,-.--
135,630105,746565,3,5,0,0,0,.---,0,0-5,3,1,4,0,0,0,0,0,0,0,0,0,5,0,0,0,5,0,0,0,-.--
135,595777,746565,4,4,1,0,0,.---,0,"1-3 | BB, K, RBI",1,0,1,0,0,0,0,1,1,0,1,0,3,0,0,1,2,0,0,0,-.--
135,673490,746565,5,4,0,0,0,.---,0,0-4,1,2,2,0,0,0,0,0,0,0,0,0,4,1,0,0,3,0,0,0,-.--
135,669134,746565,6,4,4,0,0,.---,0,"2-4 | 2 2B, K, R",0,1,0,1,2,0,0,1,0,0,2,0,4,0,0,0,0,0,0,0,-.--
135,666703,746565,7,3,1,0,0,.---,0,1-3,0,1,1,0,0,0,0,0,0,0,1,0,3,0,0,0,1,0,0,0,-.--
135,701538,746565,8,4,2,0,0,.---,0,2-4 | RBI,2,0,2,0,0,0,0,0,0,0,2,0,4,0,0,1,2,0,0,0,-.--
135,640492,746565,9,4,1,0,0,.---,0,"1-4 | 3 K, R",0,0,0,1,0,0,0,3,0,0,1,0,4,0,0,0,2,0,0,0,-.--
115,453568,746565,1,4,2,0,0,.---,0,"1-4 | 2B, R",2,1,2,1,1,0,0,0,0,0,1,0,4,0,0,0,1,0,0,0,-.--
115,678662,746565,2,4,1,0,0,.---,0,1-3 | K,0,1,1,0,0,0,0,1,0,0,1,0,3,0,0,0,0,1,0,0,-.--
115,641857,746565,3,4,0,0,0,.---,0,"0-3 | K, RBI",2,1,2,0,0,0,0,1,0,0,0,0,3,1,0,1,2,0,1,0,-.--
115,553869,746565,4,3,0,0,0,.---,0,0-3 | 2 K,0,1,0,0,0,0,0,2,0,0,0,0,3,0,0,0,0,0,0,0,-.--
115,660707,746565,5,3,0,0,0,.---,0,0-3 | K,2,0,2,0,0,0,0,1,0,0,0,0,3,0,0,0,0,0,0,0,-.--
115,666134,746565,6,3,0,0,0,.---,0,0-3 | 2 K,0,1,0,0,0,0,0,2,0,0,0,0,3,0,0,0,0,0,0,0,-.--
115,686668,746565,7,3,2,0,0,.---,0,"1-3 | 2B, 2 K",0,0,0,0,1,0,0,2,0,0,1,0,3,0,0,0,0,0,0,0,-.--
115,663898,746565,8,3,0,0,0,.---,0,0-3 | K,0,2,0,0,0,0,0,1,0,0,0,0,3,0,0,0,1,0,0,0,-.--
115,656248,746565,9,3,2,0,0,.---,0,"1-3 | 2B, K",1,0,1,0,1,0,0,1,0,0,1,0,3,0,0,0,0,0,0,0,-.--
110,683002,746242,1,4,4,0,0,.---,0,"2-4 | 3B, K, R",1,0,1,1,0,1,0,1,0,0,2,0,4,0,0,0,1,0,0,0,-.--
110,668939,746242,2,4,3,0,0,.---,0,"2-4 | 2B, K, 2 RBI",1,0,1,0,1,0,0,1,0,0,2,0,4,0,0,2,1,0,0,0,-.--
110,676059,746242,3,4,0,0,1,1,0,"0-3 | BB, K, SB",1,1,1,0,0,0,0,1,1,0,0,0,3,1,0,0,2,0,0,0,-.--
110,623993,746242,4,4,0,0,0,.---,0,0-3 | BB,0,2,1,0,0,0,0,0,1,0,0,0,3,0,0,0,1,0,0,0,-.--
110,602104,746242,5,4,0,0,0,.---,0,0-4,1,3,1,0,0,0,0,0,0,0,0,0,4,0,0,0,1,0,0,0,-.--
110,656775,746242,6,4,0,0,1,1,0,"0-3 | BB, SB",1,0,3,0,0,0,0,0,1,0,0,0,3,0,0,0,1,0,0,0,-.--
110,543510,746242,7,4,4,0,0,.---,0,"1-4 | HR, K, RBI",1,1,1,1,0,0,1,1,0,0,1,0,4,0,0,1,2,0,0,0,4
110,681297,746242,8,4,4,0,0,.---,0,"1-4 | HR, 2 K, RBI",1,0,1,1,0,0,1,2,0,0,1,0,4,0,0,1,1,0,0,0,4
110,622761,746242,9,4,0,0,2,1,0,"0-3 | BB, R, 2 SB",2,1,2,1,0,0,0,0,1,0,0,0,3,0,0,0,1,0,0,0,-.--
108,694384,746242,1,5,1,0,0,.---,0,1-4 | RBI,0,3,1,0,0,0,0,0,0,0,1,0,4,0,0,1,4,1,0,0,-.--
108,545361,746242,2,5,0,0,0,.---,0,"0-3 | 2 BB, 2 K",0,1,0,0,0,0,0,2,2,0,0,0,3,0,0,0,5,0,0,0,-.--
108,621493,746242,3,4,0,0,0,.---,0,0-4,0,1,3,0,0,0,0,0,0,0,0,0,4,0,0,0,3,0,0,0,-.--
108,593934,746242,4,4,1,0,0,.---,0,1-4 | 2 K,1,0,1,0,0,0,0,2,0,0,1,0,4,0,0,0,1,0,0,0,-.--
108,666160,746242,5,4,0,0,0,.---,0,0-4 | 2 K,1,0,2,0,0,0,0,2,0,0,0,0,4,0,0,0,1,0,0,0,-.--
108,666176,746242,6,4,4,0,0,.---,0,"1-3 | HR, HBP, RBI",0,1,1,1,0,0,1,0,0,0,1,1,3,0,0,1,0,0,0,0,3
108,681351,746242,7,4,3,0,0,.---,0,"3-4 | K, R",0,0,0,1,0,0,0,1,0,0,3,0,4,0,0,0,0,0,0,0,-.--
108,501303,746242,8,4,0,0,0,.---,0,"0-3 | BB, K",2,0,2,0,0,0,0,1,1,0,0,0,3,0,0,0,3,0,0,0,-.--
108,687263,746242,9,3,3,0,0,.---,0,2-3 | 2B,0,1,0,0,1,0,0,0,0,0,2,0,3,1,0,0,2,0,0,0,-.--
121,607043,745351,1,4,0,0,0,.---,0,"0-3 | BB, K, R",0,1,1,1,0,0,0,1,1,0,0,0,3,0,0,0,0,0,0,0,-.--
121,516782,745351,2,4,2,0,1,1,0,"2-4 | K, SB",0,1,0,0,0,0,0,1,0,0,2,0,4,0,0,0,1,0,0,0,-.--
121,596019,745351,3,4,0,0,0,.---,0,"0-3 | BB, 2 K",0,1,0,0,0,0,0,2,1,0,0,0,3,0,0,0,1,0,0,0,-.--
121,624413,745351,4,4,5,0,0,.---,0,"2-4 | HR, RBI, R",0,1,1,1,0,0,1,0,0,0,2,0,4,0,0,1,3,0,0,0,4
121,683146,745351,5,4,0,0,0,.---,0,0-3 | BB,0,2,1,0,0,0,0,0,1,0,0,0,3,1,0,0,3,0,0,0,-.--
121,621466,745351,6,4,0,0,0,.---,0,0-4 | K,0,3,0,0,0,0,0,1,0,0,0,0,4,0,0,0,4,0,0,0,-.--
121,643446,745351,7,3,0,0,0,.---,0,0-3 | K,0,1,1,0,0,0,0,1,0,0,0,0,3,0,0,0,0,0,0,0,-.--
121,664056,745351,8,3,0,0,0,.---,0,0-3 | K,0,1,1,0,0,0,0,1,0,0,0,0,3,0,0,0,0,0,0,0,-.--
121,553882,745351,9,3,0,0,0,.---,0,0-3,1,2,1,0,0,0,0,0,0,0,0,0,3,0,0,0,0,0,0,0,-.--
137,596103,745351,1,3,0,0,0,.---,0,0-3 | K,0,2,0,0,0,0,0,1,0,0,0,0,3,0,0,0,2,0,0,0,-.--
137,527038,745351,2,4,0,0,0,.---,0,"0-3 | BB, R",1,2,1,1,0,0,0,0,1,0,0,0,3,0,0,0,0,0,0,0,-.--
137,808982,745351,3,4,1,0,0,.---,0,"1-3 | BB, R",0,2,0,1,0,0,0,0,1,0,1,0,3,0,0,0,0,0,0,0,-.--
137,624585,745351,4,4,2,0,0,.---,0,"2-3 | BB, K, R",0,0,0,1,0,0,0,1,1,0,2,0,3,0,0,0,2,0,0,0,-.--
137,656305,745351,5,4,2,0,1,1,0,"1-4 | 2B, K, 2 RBI",0,2,0,0,1,0,0,1,0,0,1,0,4,0,0,2,4,0,0,0,-.--
137,624424,745351,6,4,5,0,0,.---,0,"2-4 | HR, K, RBI",1,0,1,2,0,0,1,1,0,0,2,0,4,0,0,1,3,0,0,0,4
137,642731,745351,7,4,0,0,0,.---,0,"0-3 | BB, K",1,1,1,0,0,0,0,1,1,0,0,0,3,0,0,0,1,0,0,0,-.--
137,608596,745351,8,4,0,0,0,.---,0,"0-3 | BB, K",0,1,1,0,0,0,0,1,1,0,0,0,3,0,0,0,3,0,0,0,-.--
137,605113,745351,9,4,2,0,0,.---,0,2-4 | 2 RBI,0,2,0,0,0,0,0,0,0,0,2,0,4,1,0,2,1,0,0,0,-.--
111,678882,746647,1,4,0,0,0,.---,0,0-4 | 3 K,1,0,1,0,0,0,0,3,0,0,0,0,4,0,0,0,1,0,0,0,-.--
111,680776,746647,2,4,0,0,0,.---,0,0-4 | 2 K,0,0,2,0,0,0,0,2,0,0,0,0,4,0,0,0,0,0,0,0,-.--
111,641933,746647,3,4,1,0,0,.---,0,1-4 | 2 K,1,0,1,0,0,0,0,2,0,0,1,0,4,0,0,0,0,0,0,0,-.--
111,677800,746647,4,4,4,0,0,.---,0,"1-4 | HR, K, RBI",1,1,1,1,0,0,1,1,0,0,1,0,4,0,0,1,1,0,0,0,4
111,608701,746647,5,3,4,1,0,0,1,"3-3 | 2B, CS",0,0,0,0,1,0,0,0,0,0,3,0,3,0,0,0,0,0,0,0,-.--
111,665839,746647,6,3,0,0,0,.---,0,0-3 | 2 K,0,1,0,0,0,0,0,2,0,0,0,0,3,1,0,0,2,0,0,0,-.--
111,657136,746647,7,3,1,0,0,.---,0,1-3,0,0,2,0,0,0,0,0,0,0,1,0,3,0,0,0,1,0,0,0,-.--
111,666915,746647,8,2,0,0,0,.---,0,0-2,1,1,1,0,0,0,0,0,0,0,0,0,2,0,0,0,1,0,0,0,-.--
111,622569,746647,9,2,0,0,0,.---,0,0-2 | K,0,1,0,0,0,0,0,1,0,0,0,0,2,0,0,0,0,0,0,0,-.--
114,680757,746647,1,4,0,0,0,.---,0,0-2 | 2 BB,1,1,1,0,0,0,0,0,2,0,0,0,2,0,0,0,2,0,0,0,-.--
114,665926,746647,2,4,0,0,0,.---,0,0-4 | K,0,3,0,0,0,0,0,1,0,0,0,0,4,1,0,0,5,0,0,0,-.--
114,608070,746647,3,4,4,0,0,.---,0,"1-4 | HR, RBI, R",0,2,1,1,0,0,1,0,0,0,1,0,4,0,0,1,1,0,0,0,4
114,647304,746647,4,4,1,0,0,.---,0,1-4 | K,1,1,1,0,0,0,0,1,0,0,1,0,4,0,0,0,1,0,0,0,-.--
114,686823,746647,5,3,3,0,0,.---,0,"2-3 | 2B, R",1,0,1,1,1,0,0,0,0,0,2,0,3,0,0,0,1,0,0,0,-.--
114,671289,746647,6,4,1,0,1,1,0,"1-3 | BB, RBI, 2 R",0,2,0,2,0,0,0,0,1,0,1,0,3,0,0,1,2,0,0,0,-.--
114,664314,746647,7,4,2,0,0,.---,0,"1-3 | 2B, BB, 2 K",0,0,0,0,1,0,0,2,1,0,1,0,3,0,0,1,1,0,0,0,-.--
114,666310,746647,8,2,0,0,0,.---,0,0-2,0,2,0,0,0,0,0,0,0,0,0,0,2,0,0,0,0,0,0,0,-.--
114,677587,746647,9,4,1,0,0,.---,0,"1-3 | K, RBI",1,1,1,0,0,0,0,1,0,0,1,0,3,0,0,1,2,0,1,0,-.--
143,656941,746722,1,5,0,0,0,.---,0,"0-4 | BB, 3 K",0,0,1,0,0,0,0,3,1,0,0,0,4,0,0,0,6,0,0,0,-.--
143,607208,746722,2,4,0,0,0,.---,0,0-4 | 2 K,0,0,2,0,0,0,0,2,0,0,0,0,4,0,0,0,5,0,0,0,-.--
143,592663,746722,3,4,2,0,0,.---,0,"1-4 | 2B, R",0,1,2,1,1,0,0,0,0,0,1,0,4,0,0,0,4,0,0,0,-.--
143,664761,746722,4,4,4,0,0,.---,0,"2-4 | 2 2B, RBI",2,0,2,0,2,0,0,0,0,0,2,0,4,0,0,1,0,0,0,0,-.--
143,592206,746722,5,4,0,0,0,.---,0,0-4,2,2,2,0,0,0,0,0,0,0,0,0,4,0,0,0,2,0,0,0,-.--
143,593160,746722,6,4,2,0,0,.---,0,2-4,1,1,1,0,0,0,0,0,0,0,2,0,4,0,0,0,0,0,0,0,-.--
143,665506,746722,7,4,0,0,0,.---,0,"0-3 | BB, K",1,1,1,0,0,0,0,1,1,0,0,0,3,1,0,0,3,0,0,0,-.--
143,624641,746722,8,4,0,0,0,.---,0,"0-2 | BB, HBP",0,1,1,0,0,0,0,0,1,0,0,1,2,0,0,0,1,0,0,0,-.--
143,679032,746722,9,4,1,0,0,.---,0,"1-3 | BB, K",1,0,1,0,0,0,0,1,1,0,1,0,3,0,0,0,1,0,0,0,-.--
113,656413,746722,1,5,0,0,0,.---,0,"0-4 | HBP, K",0,3,0,0,0,0,0,1,0,0,0,1,4,0,0,0,2,0,0,0,-.--
113,668715,746722,2,5,0,0,0,.---,0,0-5 | R,3,2,3,1,0,0,0,0,0,0,0,0,5,0,0,0,2,0,0,0,-.--
113,663886,746722,3,5,1,0,0,.---,0,"1-4 | BB, K, R",1,1,1,1,0,0,0,1,1,0,1,0,4,0,0,0,2,0,0,0,-.--
113,600869,746722,4,4,0,0,0,.---,0,"0-3 | BB, K",0,2,0,0,0,0,0,1,1,0,0,0,3,0,0,0,2,0,0,0,-.--
113,687952,746722,5,4,4,0,0,.---,0,"3-4 | 2B, 2 RBI, 2 R",0,0,1,2,1,0,0,0,0,0,3,0,4,0,0,2,0,0,0,0,-.--
113,682829,746722,6,4,4,0,1,1,0,"1-3 | HR, BB, K",1,0,1,2,0,0,1,1,1,0,1,0,3,0,0,2,2,0,0,0,3
113,605361,746722,7,4,0,0,0,.---,0,"0-4 | 2 K, R",0,2,0,1,0,0,0,2,0,0,0,0,4,0,0,0,0,0,0,0,-.--
113,669289,746722,8,4,6,0,0,.---,0,"3-4 | HR, 2 RBI, R",0,0,1,1,0,0,1,0,0,0,3,0,4,0,0,2,0,0,0,0,4
113,666181,746722,9,4,1,0,0,.---,0,1-4,1,2,1,0,0,0,0,0,0,0,1,0,4,0,0,0,2,0,0,0,-.--
158,694192,745516,1,3,0,0,0,.---,0,0-3 | 3 K,0,0,0,0,0,0,0,3,0,0,0,0,3,0,0,0,2,0,0,0,-.--
158,661388,745516,2,4,0,0,0,.---,0,0-3 | BB,1,2,1,0,0,0,0,0,1,0,0,0,3,0,0,0,3,0,0,0,-.--
158,642715,745516,3,4,0,0,0,.---,0,0-4 | 3 K,0,1,0,0,0,0,0,3,0,0,0,0,4,0,0,0,3,0,0,0,-.--
158,656555,745516,4,4,0,0,0,.---,0,0-3 | BB,0,1,2,0,0,0,0,0,1,0,0,0,3,0,0,0,1,0,0,0,-.--
158,663368,745516,5,4,0,0,0,.---,0,0-4 | K,1,2,1,0,0,0,0,1,0,0,0,0,4,1,0,0,1,0,0,0,-.--
158,687401,745516,6,3,0,0,0,.---,0,0-3,1,2,1,0,0,0,0,0,0,0,0,0,3,0,0,0,0,0,0,0,-.--
158,596142,745516,7,3,4,0,0,.---,0,"1-3 | HR, RBI, R",1,1,1,1,0,0,1,0,0,0,1,0,3,0,0,1,0,0,0,0,3
158,686894,745516,8,2,1,0,0,.---,0,1-2 | K,0,0,0,0,0,0,0,1,0,0,1,0,2,0,0,0,0,0,0,0,-.--
158,668930,745516,9,3,1,0,2,1,0,"1-2 | BB, K, 2 SB",0,0,0,0,0,0,0,1,1,0,1,0,2,0,0,0,0,0,0,0,-.--
134,457705,745516,1,4,5,0,0,.---,0,"2-4 | HR, K, RBI",0,0,1,1,0,0,1,1,0,0,2,0,4,0,0,1,0,0,0,0,4
134,668804,745516,2,4,1,0,0,.---,0,"1-3 | BB, R",2,0,2,1,0,0,0,0,1,0,1,0,3,0,0,0,1,0,0,0,-.--
134,663647,745516,3,4,1,0,0,.---,0,1-4 | K,1,1,1,0,0,0,0,1,0,0,1,0,4,1,0,0,2,0,0,0,-.--
134,642133,745516,4,2,0,0,0,.---,0,0-2 | K,0,1,0,0,0,0,0,1,0,0,0,0,2,0,0,0,1,0,0,0,-.--
134,669261,745516,5,3,0,0,0,.---,0,0-3,0,2,1,0,0,0,0,0,0,0,0,0,3,0,0,0,2,0,0,0,-.--
134,669707,745516,6,3,0,1,0,0,0,"0-2 | BB, CS",0,1,1,0,0,0,0,0,1,0,0,0,2,0,0,0,2,0,0,0,-.--
134,665833,745516,7,3,1,0,0,.---,0,1-3,1,1,1,0,0,0,0,0,0,0,1,0,3,0,0,0,3,0,0,0,-.--
134,663698,745516,8,3,1,0,0,.---,0,1-3 | 2 K,0,0,0,0,0,0,0,2,0,0,1,0,3,0,0,0,0,0,0,0,-.--
134,572191,745516,9,3,0,0,0,.---,0,0-3,1,1,2,0,0,0,0,0,0,0,0,0,3,0,0,0,2,0,0,0,-.--
119,605141,744863,1,5,1,0,0,.---,0,1-5,1,1,3,0,0,0,0,0,0,0,1,0,5,0,0,0,2,0,0,0,-.--
119,660271,744863,2,5,4,0,0,.---,0,"1-4 | HR, BB, RBI",1,1,2,1,0,0,1,0,1,0,1,0,4,0,0,1,2,0,0,0,4
119,518692,744863,3,5,3,0,0,.---,0,"2-4 | 2B, BB",1,1,1,0,1,0,0,0,1,0,2,0,4,0,0,0,0,0,0,0,-.--
119,669257,744863,4,5,0,0,0,.---,0,"0-4 | BB, K",1,2,1,0,0,0,0,1,1,0,0,0,4,0,0,0,4,0,0,0,-.--
119,606192,744863,5,5,1,0,1,1,0,"1-4 | BB, 2 K, 2 R",0,1,0,2,0,0,0,2,1,0,1,0,4,0,0,0,2,0,0,0,-.--
119,571970,744863,6,4,0,0,0,.---,0,"0-2 | 2 BB, K",0,0,1,0,0,0,0,1,2,0,0,0,2,0,0,0,1,0,0,0,-.--
119,571771,744863,7,3,1,0,0,.---,0,1-3 | RBI,2,0,2,0,0,0,0,0,0,0,1,0,3,0,0,1,1,0,0,0,-.--
119,681624,744863,8,4,0,0,0,.---,0,0-4,2,1,3,0,0,0,0,0,0,0,0,0,4,1,0,0,4,0,0,0,-.--
119,500743,744863,9,4,2,0,1,1,0,"2-4 | RBI, SB",0,1,1,0,0,0,0,0,0,0,2,0,4,0,0,1,0,0,0,0,-.--
120,682928,744863,1,5,3,1,0,0,1,"3-5 | K, CS",0,0,1,0,0,0,0,1,0,0,3,0,5,0,0,0,2,0,0,0,-.--
120,657041,744863,2,3,1,0,1,1,0,1-3 | SB,1,0,2,0,0,0,0,0,0,0,1,0,3,0,0,0,3,0,0,0,-.--
120,608385,744863,3,5,0,0,0,.---,0,"0-4 | BB, K",1,2,1,0,0,0,0,1,1,0,0,0,4,0,0,0,4,0,0,0,-.--
120,608841,744863,4,4,0,0,0,.---,0,0-3 | BB,3,0,3,0,0,0,0,0,1,0,0,0,3,0,0,0,2,0,0,0,-.--
120,656180,744863,5,4,0,0,0,.---,0,0-3 | BB,0,2,1,0,0,0,0,0,1,0,0,0,3,0,0,0,2,0,0,0,-.--
120,545121,744863,6,4,2,0,0,.---,0,"1-3 | 2B, BB, R",1,1,1,1,1,0,0,0,1,0,1,0,3,0,0,0,1,0,0,0,-.--
120,669222,744863,7,4,0,1,0,0,1,"0-3 | BB, 2 K, CS",1,0,1,0,0,0,0,2,1,0,0,0,3,0,0,0,2,0,0,0,-.--
120,671277,744863,8,4,1,0,0,.---,0,1-3 | BB,1,0,2,0,0,0,0,0,1,0,1,0,3,0,0,0,1,0,0,0,-.--
120,696285,744863,9,3,1,0,0,.---,0,"1-3 | K, RBI",0,0,1,0,0,0,0,1,0,0,1,0,3,0,0,1,0,0,0,0,-.--
116,682985,745102,1,4,8,0,0,.---,0,"2-3 | 2 HR, BB, 3 RBI",0,0,1,2,0,0,2,0,1,0,2,0,3,0,0,3,0,0,0,0,1.5
116,672761,745102,2,4,1,1,0,0,0,"1-3 | BB, CS",1,1,1,0,0,0,0,0,1,0,1,0,3,0,0,0,1,0,0,0,-.--
116,592192,745102,3,4,6,0,0,.---,0,"2-4 | HR, 2B, RBI",2,0,2,1,1,0,1,0,0,0,2,0,4,0,0,1,2,0,0,0,4
116,681481,745102,4,4,0,0,0,.---,0,0-4 | K,0,3,0,0,0,0,0,1,0,0,0,0,4,0,0,0,2,0,0,0,-.--
116,663837,745102,5,2,0,0,0,.---,0,0-2 | K,1,0,1,0,0,0,0,1,0,0,0,0,2,0,0,0,0,0,0,0,-.--
116,595879,745102,6,4,0,0,1,1,0,"0-4 | 2 K, SB",1,1,1,0,0,0,0,2,0,0,0,0,4,0,0,0,1,0,0,0,-.--
116,690993,745102,7,4,0,0,0,.---,0,0-4,0,2,2,0,0,0,0,0,0,0,0,0,4,0,0,0,1,0,0,0,-.--
116,678009,745102,8,4,0,0,0,.---,0,0-4 | 2 K,1,1,1,0,0,0,0,2,0,0,0,0,4,0,0,0,1,0,0,0,-.--
116,608348,745102,9,3,1,0,0,.---,0,1-3 | R,2,0,2,1,0,0,0,0,0,0,1,0,3,0,0,0,0,0,0,0,-.--
139,650490,745102,1,4,1,0,0,.---,0,1-3 | BB,0,2,0,0,0,0,0,0,1,0,1,0,3,0,0,0,1,0,0,0,-.--
139,680700,745102,2,4,0,0,0,.---,0,0-3 | K,2,0,2,0,0,0,0,1,0,0,0,0,3,0,0,0,4,0,0,1,-.--
139,642708,745102,3,3,0,0,0,.---,0,0-3,1,1,2,0,0,0,0,0,0,0,0,0,3,0,0,0,3,0,0,0,-.--
139,668227,745102,4,4,1,0,0,.---,0,1-4 | R,0,3,0,1,0,0,0,0,0,0,1,0,4,1,0,0,2,0,0,0,-.--
139,670623,745102,5,4,5,0,0,.---,0,"2-4 | HR, K, 2 RBI",0,1,0,1,0,0,1,1,0,0,2,0,4,0,0,2,0,0,0,0,4
139,623912,745102,6,4,2,1,1,0.5,0,"2-4 | K, SB, CS",0,1,0,0,0,0,0,1,0,0,2,0,4,0,0,0,1,0,0,0,-.--
139,666163,745102,7,4,1,0,0,.---,0,1-4 | 2 K,1,0,1,0,0,0,0,2,0,0,1,0,4,0,0,0,1,0,0,0,-.--
139,678554,745102,8,3,0,0,0,.---,0,0-3 | K,0,1,1,0,0,0,0,1,0,0,0,0,3,0,0,0,2,0,0,0,-.--
139,676609,745102,9,4,0,0,1,1,0,0-4 | SB,1,3,1,0,0,0,0,0,0,0,0,0,4,0,0,0,1,0,0,0,-.--
133,665923,745754,1,4,1,0,0,.---,0,1-4 | 2 K,0,0,1,0,0,0,0,2,0,0,1,0,4,0,0,0,1,0,0,0,-.--
133,676116,745754,2,3,0,0,0,.---,0,0-3 | K,0,2,0,0,0,0,0,1,0,0,0,0,3,0,0,0,2,0,0,0,-.--
133,667670,745754,3,4,0,0,0,.---,0,"0-3 | BB, K, R",1,0,2,1,0,0,0,1,1,0,0,0,3,0,0,0,1,0,0,0,-.--
133,664913,745754,4,4,2,0,0,.---,0,"1-4 | 2B, K, RBI",0,0,2,0,1,0,0,1,0,0,1,0,4,0,0,1,0,0,0,0,-.--
133,663527,745754,5,4,2,0,0,.---,0,2-4 | K,1,0,1,0,0,0,0,1,0,0,2,0,4,0,0,0,1,0,0,0,-.--
133,680869,745754,6,4,0,0,0,.---,0,0-4 | 3 K,1,0,1,0,0,0,0,3,0,0,0,0,4,0,0,0,2,0,0,0,-.--
133,671732,745754,7,4,4,0,0,.---,0,"1-4 | HR, 2 K, RBI",0,1,0,1,0,0,1,2,0,0,1,0,4,0,0,1,1,0,0,0,4
133,669127,745754,8,4,4,0,0,.---,0,"1-4 | HR, RBI, R",0,2,1,1,0,0,1,0,0,0,1,0,4,0,0,1,1,0,0,0,4
133,669397,745754,9,2,1,0,0,.---,0,1-2 | K,0,0,0,0,0,0,0,1,0,0,1,0,2,0,0,0,0,0,0,0,-.--
147,683011,745754,1,4,1,0,0,.---,0,1-3 | HBP,1,1,1,0,0,0,0,0,0,0,1,1,3,0,0,0,0,0,0,0,-.--
147,665742,745754,2,4,1,0,0,.---,0,"1-4 | 2 K, R",0,1,0,1,0,0,0,2,0,0,1,0,4,1,0,0,3,0,0,0,-.--
147,592450,745754,3,4,2,0,0,.---,0,"1-3 | 2B, HBP, R",2,0,2,1,1,0,0,0,0,0,1,1,3,0,0,0,0,0,0,0,-.--
147,519317,745754,4,4,2,0,0,.---,0,"1-4 | 2B, K, 2 RBI",0,1,1,1,1,0,0,1,0,0,1,0,4,0,0,2,2,0,0,0,-.--
147,519203,745754,5,3,4,0,0,.---,0,"1-3 | HR, K, 2 RBI",0,1,0,1,0,0,1,1,0,0,1,0,3,0,0,2,0,0,0,0,3
147,650402,745754,6,3,0,0,0,.---,0,0-3,0,1,2,0,0,0,0,0,0,0,0,0,3,0,0,0,0,0,0,0,-.--
147,657077,745754,7,3,0,0,0,.---,0,0-3,0,2,1,0,0,0,0,0,0,0,0,0,3,0,0,0,0,0,0,0,-.--
147,665828,745754,8,3,0,0,0,.---,0,0-3,0,3,0,0,0,0,0,0,0,0,0,0,3,0,0,0,0,0,0,0,-.--
147,669224,745754,9,3,0,0,0,.---,0,"0-2 | BB, K",0,1,0,0,0,0,0,1,1,0,0,0,2,0,0,0,0,0,0,0,-.--
146,650333,747130,1,4,2,0,0,.---,0,2-4 | K,0,1,0,0,0,0,0,1,0,0,2,0,4,0,0,0,0,0,0,0,-.--
146,650559,747130,2,4,0,0,0,.---,0,0-4 | K,0,3,0,0,0,0,0,1,0,0,0,0,4,0,0,0,2,0,0,0,-.--
146,605137,747130,3,3,0,0,0,.---,0,0-3,0,3,0,0,0,0,0,0,0,0,0,0,3,1,0,0,2,0,0,0,-.--
146,541645,747130,4,3,0,0,0,.---,0,0-3 | K,0,2,0,0,0,0,0,1,0,0,0,0,3,0,0,0,1,0,0,0,-.--
146,665862,747130,5,3,0,0,0,.---,0,0-3,0,2,1,0,0,0,0,0,0,0,0,0,3,0,0,0,0,0,0,0,-.--
146,641313,747130,6,3,0,0,0,.---,0,0-3 | K,0,1,1,0,0,0,0,1,0,0,0,0,3,0,0,0,0,0,0,0,-.--
146,656896,747130,7,3,1,0,0,.---,0,1-3 | 2 K,0,0,0,0,0,0,0,2,0,0,1,0,3,0,0,0,0,0,0,0,-.--
146,672640,747130,8,3,0,0,0,.---,0,0-3,0,2,1,0,0,0,0,0,0,0,0,0,3,1,0,0,1,0,0,0,-.--
146,663743,747130,9,3,0,0,0,.---,0,0-3,0,3,0,0,0,0,0,0,0,0,0,0,3,0,0,0,0,0,0,0,-.--
144,660670,747130,1,5,2,0,0,.---,0,"1-4 | 2B, BB",0,2,1,0,1,0,0,0,1,0,1,0,4,0,0,0,3,0,0,0,-.--
144,606115,747130,2,5,0,0,0,.---,0,0-5 | K,1,2,2,0,0,0,0,1,0,0,0,0,5,0,0,0,4,0,0,0,-.--
144,663586,747130,3,4,1,0,0,.---,0,"1-3 | HBP, K, R",0,1,0,1,0,0,0,1,0,0,1,1,3,0,0,0,1,0,0,0,-.--
144,621566,747130,4,4,0,0,0,.---,0,0-4,2,2,2,0,0,0,0,0,0,0,0,0,4,0,0,0,3,0,0,0,-.--
144,542303,747130,5,4,1,0,0,.---,0,"1-3 | BB, 2 K, 2 R",0,0,0,2,0,0,0,2,1,0,1,0,3,0,0,0,1,0,0,0,-.--
144,518595,747130,6,4,3,0,0,.---,0,"2-3 | 2B, K, RBI",1,0,1,0,1,0,0,1,0,0,2,0,3,0,0,1,1,0,1,0,-.--
144,594807,747130,7,4,5,0,0,.---,0,"2-4 | HR, 2 RBI, 2 R",0,2,0,2,0,0,1,0,0,0,2,0,4,0,0,2,2,0,0,0,4
144,671739,747130,8,4,3,0,1,1,0,"2-4 | 2B, RBI, SB",0,2,0,0,1,0,0,0,0,0,2,0,4,0,0,1,3,0,0,0,-.--
144,664058,747130,9,3,1,0,0,.---,0,1-2 | RBI,0,1,1,0,0,0,0,0,0,0,1,0,2,0,0,1,0,0,1,0,-.--
117,514888,746888,1,4,2,0,0,.---,0,2-4 | K,1,0,1,0,0,0,0,1,0,0,2,0,4,0,0,0,0,0,0,0,-.--
117,670541,746888,2,4,0,0,0,.---,0,0-4 | K,0,2,1,0,0,0,0,1,0,0,0,0,4,0,0,0,2,0,0,0,-.--
117,663656,746888,3,4,3,0,0,.---,0,"2-3 | 2B, BB, K",0,0,0,1,1,0,0,1,1,0,2,0,3,0,0,0,0,0,0,0,-.--
117,608324,746888,4,4,0,0,0,.---,0,0-4,0,4,0,0,0,0,0,0,0,0,0,0,4,0,0,0,4,0,0,0,-.--
117,673237,746888,5,4,2,0,0,.---,0,"1-4 | 2B, K, RBI",1,1,1,0,1,0,0,1,0,0,1,0,4,0,0,1,0,0,0,0,-.--
117,665161,746888,6,4,0,0,0,.---,0,0-4 | K,1,1,2,0,0,0,0,1,0,0,0,0,4,0,0,0,1,0,0,0,-.--
117,676801,746888,7,4,0,0,0,.---,0,0-4,1,2,2,0,0,0,0,0,0,0,0,0,4,0,0,0,0,0,0,0,-.--
117,547989,746888,8,3,0,0,0,.---,0,0-3,1,0,3,0,0,0,0,0,0,0,0,0,3,0,0,0,0,0,0,0,-.--
117,676694,746888,9,3,4,0,0,.---,0,"1-3 | HR, RBI, R",1,0,2,1,0,0,1,0,0,0,1,0,3,0,0,1,0,0,0,0,3
112,663538,746888,1,5,0,0,1,1,0,"0-5 | RBI, SB",1,2,3,0,0,0,0,0,0,0,0,0,5,0,0,1,4,0,0,0,-.--
112,664023,746888,2,4,2,0,0,.---,0,"1-3 | 2B, BB, K",0,1,0,1,1,0,0,1,1,0,1,0,3,0,0,0,3,0,0,0,-.--
112,641355,746888,3,3,4,0,0,.---,0,"1-3 | HR, K, 2 RBI",1,0,1,1,0,0,1,1,0,0,1,0,3,0,0,2,2,0,0,0,3
112,683737,746888,4,4,0,0,0,.---,0,0-4 | 3 K,0,1,0,0,0,0,0,3,0,0,0,0,4,0,0,0,2,0,0,0,-.--
112,666624,746888,5,4,0,0,0,.---,0,"0-2 | 2 BB, R",0,1,1,1,0,0,0,0,2,0,0,0,2,0,0,0,0,0,0,0,-.--
112,621020,746888,6,4,1,0,0,.---,0,"1-3 | BB, 2 K, 2 R",0,0,0,2,0,0,0,2,1,0,1,0,3,0,0,0,1,0,0,0,-.--
112,643565,746888,7,4,8,1,0,0,0,"2-3 | 2 HR, BB, K",0,0,0,2,0,0,2,1,1,0,2,0,3,0,0,4,1,0,0,0,1.5
112,670223,746888,8,4,0,0,0,.---,0,0-3 | K,1,1,1,0,0,0,0,1,0,0,0,0,3,0,0,0,0,0,0,1,-.--
112,665804,746888,9,4,1,0,0,.---,0,1-2 | 2 BB,1,0,1,0,0,0,0,0,2,0,1,0,2,0,0,0,0,0,0,0,-.--
141,543807,746321,1,5,3,0,0,.---,0,"3-5 | K, R",0,1,0,1,0,0,0,1,0,0,3,0,5,0,0,0,1,0,0,0,-.--
141,665489,746321,2,5,0,0,0,.---,0,0-5 | 2 K,1,2,1,0,0,0,0,2,0,0,0,0,5,1,0,0,4,0,0,0,-.--
141,666182,746321,3,5,1,0,0,.---,0,1-4 | BB,0,3,0,0,0,0,0,0,1,0,1,0,4,0,0,0,1,0,0,0,-.--
141,457759,746321,4,4,2,0,0,.---,0,"2-4 | RBI, R",2,0,2,1,0,0,0,0,0,0,2,0,4,0,0,1,1,0,0,0,-.--
141,662139,746321,5,4,2,0,1,1,0,"1-3 | 2B, BB, K",0,0,1,0,1,0,0,1,1,0,1,0,3,0,0,0,2,0,0,0,-.--
141,676914,746321,6,4,1,0,0,.---,0,"1-3 | HBP, K",0,1,0,0,0,0,0,1,0,0,1,1,3,0,0,0,1,0,0,0,-.--
141,672386,746321,7,4,0,0,0,.---,0,"0-2 | BB, RBI",0,1,2,0,0,0,0,0,1,0,0,0,2,0,0,1,4,0,1,0,-.--
141,643396,746321,8,4,1,0,0,.---,0,1-3 | BB,1,1,1,0,0,0,0,0,1,0,1,0,3,1,0,0,3,0,0,0,-.--
141,595281,746321,9,3,0,0,0,.---,0,0-2,0,1,2,0,0,0,0,0,0,0,0,0,2,0,0,0,2,1,0,0,-.--
118,672580,746321,1,4,2,0,0,.---,0,"2-3 | BB, R",0,0,1,1,0,0,0,0,1,0,2,0,3,0,0,0,1,0,0,0,-.--
118,677951,746321,2,4,4,0,1,1,0,"3-4 | 2B, 2 RBI, SB",0,1,0,0,1,0,0,0,0,0,3,0,4,0,0,2,1,0,0,0,-.--
118,686469,746321,3,4,0,0,0,.---,0,0-4 | K,1,2,1,0,0,0,0,1,0,0,0,0,4,1,0,0,5,0,0,0,-.--
118,521692,746321,4,4,2,0,0,.---,0,1-4 | 2B,2,1,2,0,1,0,0,0,0,0,1,0,4,0,0,0,1,0,0,0,-.--
118,669004,746321,5,4,0,0,0,.---,0,0-4 | K,1,2,1,0,0,0,0,1,0,0,0,0,4,0,0,0,1,0,0,0,-.--
118,624428,746321,6,3,2,0,0,.---,0,1-3 | 2B,0,2,0,0,1,0,0,0,0,0,1,0,3,0,0,0,1,0,0,0,-.--
118,680118,746321,7,3,0,0,0,.---,0,0-3 | K,0,2,0,0,0,0,0,1,0,0,0,0,3,0,0,0,2,0,0,0,-.--
118,686681,746321,8,3,1,0,0,.---,0,1-3 | R,0,2,0,1,0,0,0,0,0,0,1,0,3,0,0,0,1,0,0,0,-.--
118,664728,746321,9,3,0,0,0,.---,0,0-3 | R,0,3,0,1,0,0,0,0,0,0,0,0,3,0,0,0,1,0,0,0,-.--
145,670032,745917,1,5,1,0,0,.---,0,1-4 | HBP,1,1,2,0,0,0,0,0,0,0,1,1,4,0,0,0,0,0,0,0,-.--
145,664901,745917,2,5,3,0,1,1,0,"2-5 | 2B, K, 2 R",0,1,1,2,1,0,0,1,0,0,2,0,5,0,0,0,2,0,0,0,-.--
145,657757,745917,3,3,2,0,0,.---,0,"1-2 | 2B, BB, K",0,0,0,1,1,0,0,1,1,0,1,0,2,0,0,0,1,0,0,0,-.--
145,650391,745917,4,4,5,0,1,1,0,"2-3 | HR, BB, K",0,0,0,2,0,0,1,1,1,0,2,0,3,0,0,3,1,0,0,0,3
145,683734,745917,5,4,1,0,0,.---,0,"1-3 | BB, K",0,1,0,0,0,0,0,1,1,0,1,0,3,0,0,0,3,0,0,0,-.--
145,643217,745917,6,4,1,0,0,.---,0,"1-4 | 2 K, 2 RBI",1,0,1,0,0,0,0,2,0,0,1,0,4,0,0,2,3,0,0,0,-.--
145,657557,745917,7,4,0,0,0,.---,0,0-4 | 2 K,0,1,1,0,0,0,0,2,0,0,0,0,4,1,0,0,4,0,0,0,-.--
145,666150,745917,8,2,0,0,0,.---,0,0-2 | 2 K,0,0,0,0,0,0,0,2,0,0,0,0,2,0,0,0,1,0,0,0,-.--
145,455117,745917,9,4,0,0,0,.---,0,0-4 | 2 K,0,1,1,0,0,0,0,2,0,0,0,0,4,0,0,0,0,0,0,0,-.--
142,666135,745917,1,5,1,0,0,.---,0,"1-5 | 4 K, RBI",0,0,0,0,0,0,0,4,0,0,1,0,5,0,0,1,1,0,0,0,-.--
142,666397,745917,2,4,0,0,0,.---,0,"0-4 | 2 K, R",1,1,1,1,0,0,0,2,0,0,0,0,4,0,0,0,1,0,0,0,-.--
142,663616,745917,3,4,6,0,0,.---,0,"2-4 | HR, 2B, 2 RBI",0,1,1,2,1,0,1,0,0,0,2,0,4,0,0,2,0,0,0,0,4
142,596146,745917,4,4,1,0,0,.---,0,"1-4 | 2 K, RBI",0,1,0,0,0,0,0,2,0,0,1,0,4,0,0,1,0,0,0,0,-.--
142,621439,745917,5,4,7,0,0,.---,0,"3-4 | HR, 2B, RBI",0,1,0,2,1,0,1,0,0,0,3,0,4,0,0,1,0,0,0,0,4
142,650489,745917,6,4,0,0,0,.---,0,0-4 | K,1,0,3,0,0,0,0,1,0,0,0,0,4,0,0,0,3,0,0,0,-.--
142,467793,745917,7,4,2,0,0,.---,0,"1-3 | 2B, BB, 2 K",0,0,0,0,1,0,0,2,1,0,1,0,3,0,0,1,0,0,0,0,-.--
142,571657,745917,8,3,0,0,0,.---,0,0-3 | K,1,1,1,0,0,0,0,1,0,0,0,0,3,0,0,0,1,0,0,0,-.--
142,543877,745917,9,4,1,0,0,.---,0,1-4 | 2 K,1,0,1,0,0,0,0,2,0,0,1,0,4,0,0,0,2,0,0,0,-.--
109,606466,745193,1,6,2,0,0,.---,0,"1-5 | 2B, BB, K",2,1,2,2,1,0,0,1,1,0,1,0,5,0,0,0,2,0,0,0,-.--
109,672515,745193,2,5,3,0,0,.---,0,"2-5 | 2B, 2 K, RBI",0,0,1,1,1,0,0,2,0,0,2,0,5,0,0,1,2,0,0,0,-.--
109,666971,745193,3,5,4,0,0,.---,0,"3-5 | 2B, 2 K, RBI",0,0,0,3,1,0,0,2,0,0,3,0,5,0,0,1,1,0,0,0,-.--
109,572233,745193,4,5,5,0,0,.---,0,"2-4 | HR, BB, 3 RBI",1,0,2,2,0,0,1,0,1,0,2,0,4,0,0,3,2,0,0,0,4
109,553993,745193,5,5,1,0,0,.---,0,1-5 | 4 K,0,0,0,0,0,0,0,4,0,0,1,0,5,0,0,0,5,0,0,0,-.--
109,545341,745193,6,5,1,0,0,.---,0,"1-3 | BB, HBP, RBI",1,1,1,2,0,0,0,0,1,0,1,1,3,1,0,1,2,0,0,0,-.--
109,656976,745193,7,5,6,0,0,.---,0,"2-5 | HR, 2B, 6 RBI",1,2,1,2,1,0,1,0,0,0,2,0,5,0,0,6,1,0,0,0,5
109,621028,745193,8,5,4,0,0,.---,0,"1-5 | HR, K, 2 RBI",3,0,3,1,0,0,1,1,0,0,1,0,5,0,0,2,0,0,0,0,5
109,664983,745193,9,5,2,0,0,.---,0,"2-4 | BB, R",0,1,1,1,0,0,0,0,1,0,2,0,4,0,0,0,0,0,0,0,-.--
138,680977,745193,1,4,1,0,0,.---,0,1-4,0,2,1,0,0,0,0,0,0,0,1,0,4,0,0,0,2,0,0,0,-.--
138,575929,745193,2,3,4,0,0,.---,0,"1-2 | HR, BB, RBI",0,1,0,1,0,0,1,0,1,0,1,0,2,0,0,1,2,0,0,0,2
138,571448,745193,3,2,1,0,0,.---,0,1-2,1,0,1,0,0,0,0,0,0,0,1,0,2,0,0,0,0,0,0,0,-.--
138,502671,745193,4,4,0,0,0,.---,0,0-4 | 3 K,0,0,1,0,0,0,0,3,0,0,0,0,4,0,0,0,2,0,0,0,-.--
138,663457,745193,5,4,0,0,0,.---,0,0-4 | K,0,3,0,0,0,0,0,1,0,0,0,0,4,0,0,0,2,0,0,0,-.--
138,691026,745193,6,2,0,0,0,.---,0,0-2 | K,1,0,1,0,0,0,0,1,0,0,0,0,2,0,0,0,2,0,0,0,-.--
138,669357,745193,7,4,3,1,0,0,0,"2-4 | 2B, K, CS",0,1,0,0,1,0,0,1,0,0,2,0,4,0,0,0,2,0,0,0,-.--
138,691023,745193,8,4,0,0,0,.---,0,"0-3 | HBP, K",1,1,1,0,0,0,0,1,0,0,0,1,3,0,0,0,2,0,0,0,-.--
138,672279,745193,9,3,0,0,0,.---,0,0-3,1,2,1,0,0,0,0,0,0,0,0,0,3,0,0,0,3,0,0,0,-.--
136,641487,745026,1,4,2,0,0,.---,0,"1-3 | 2B, BB, R",0,2,0,1,1,0,0,0,1,0,1,0,3,0,0,0,2,0,0,0,-.--
136,677594,745026,2,4,4,0,0,.---,0,"1-3 | HR, BB, K",0,1,0,1,0,0,1,1,1,0,1,0,3,0,0,2,3,0,0,0,3
136,663728,745026,3,4,5,0,0,.---,0,"2-4 | HR, 2 K, 2 RBI",0,0,0,1,0,0,1,2,0,0,2,0,4,0,0,2,2,0,0,0,4
136,571745,745026,4,4,0,0,0,.---,0,0-4 | K,1,1,2,0,0,0,0,1,0,0,0,0,4,1,0,0,3,0,0,0,-.--
136,593871,745026,5,4,0,1,0,0,0,"0-2 | 2 BB, K, CS",1,0,1,0,0,0,0,1,2,0,0,0,2,0,0,0,0,0,0,0,-.--
136,664034,745026,6,4,0,0,0,.---,0,0-4 | 2 K,1,1,1,0,0,0,0,2,0,0,0,0,4,0,0,0,1,0,0,0,-.--
136,641598,745026,7,4,0,0,0,.---,0,"0-3 | BB, 2 K",0,1,0,0,0,0,0,2,1,0,0,0,3,1,0,0,1,0,0,0,-.--
136,670042,745026,8,4,1,0,0,.---,0,1-4 | K,1,1,1,0,0,0,0,1,0,0,1,0,4,0,0,0,1,0,0,0,-.--
136,668942,745026,9,4,2,0,0,.---,0,"1-4 | 2B, R",0,1,2,1,1,0,0,0,0,0,1,0,4,0,0,0,1,0,0,0,-.--
140,543760,745026,1,4,0,0,0,.---,0,0-4 | K,0,0,3,0,0,0,0,1,0,0,0,0,4,0,0,0,0,0,0,0,-.--
140,608369,745026,2,4,0,0,0,.---,0,0-3 | BB,0,2,1,0,0,0,0,0,1,0,0,0,3,0,0,0,0,0,0,0,-.--
140,694497,745026,3,4,0,0,0,.---,0,0-4 | 3 K,0,0,1,0,0,0,0,3,0,0,0,0,4,0,0,0,1,0,0,0,-.--
140,666969,745026,4,4,0,0,0,.---,0,"0-3 | BB, K",1,1,1,0,0,0,0,1,1,0,0,0,3,0,0,0,0,0,0,0,-.--
140,663993,745026,5,4,3,0,0,.---,0,2-4 | 2B,1,1,1,0,1,0,0,0,0,0,2,0,4,0,0,0,2,0,0,0,-.--
140,669701,745026,6,4,2,0,0,.---,0,1-4 | 2B,1,2,1,0,1,0,0,0,0,0,1,0,4,1,0,0,2,0,0,0,-.--
140,694671,745026,7,3,0,0,0,.---,0,"0-2 | BB, 2 K",0,0,0,0,0,0,0,2,1,0,0,0,2,0,0,0,2,0,0,0,-.--
140,641680,745026,8,3,0,0,0,.---,0,"0-2 | BB, 2 K",0,0,0,0,0,0,0,2,1,0,0,0,2,0,0,0,1,0,0,0,-.--
140,665750,745026,9,3,0,0,0,.---,0,0-3,0,2,1,0,0,0,0,0,0,0,0,0,3,0,0,0,3,0,0,0,-.--
135,593428,746566,1,5,1,0,0,.---,0,"1-4 | BB, R",1,1,2,1,0,0,0,0,1,0,1,0,4,0,0,0,0,0,0,0,-.--
135,665487,746566,2,5,2,0,0,.---,0,"2-5 | K, R",1,1,1,1,0,0,0,1,0,0,2,0,5,0,0,0,2,0,0,0,-.--
135,630105,746566,3,5,3,1,0,0,0,"3-4 | BB, K, RBI",0,0,0,0,0,0,0,1,1,0,3,0,4,0,0,1,0,0,0,0,-.--
135,595777,746566,4,5,0,0,0,.---,0,"0-4 | 2 K, RBI",2,0,3,0,0,0,0,2,0,0,0,0,4,0,0,1,4,0,1,0,-.--
135,673490,746566,5,4,2,0,1,1,0,"2-4 | R, SB",1,0,2,1,0,0,0,0,0,0,2,0,4,0,0,0,0,0,0,0,-.--
135,669134,746566,6,4,2,0,0,.---,0,"1-4 | 2B, RBI, R",1,2,1,1,1,0,0,0,0,0,1,0,4,1,0,1,2,0,0,0,-.--
135,701538,746566,7,4,2,0,0,.---,0,"2-3 | BB, RBI",1,0,1,0,0,0,0,0,1,0,2,0,3,0,0,1,0,0,0,0,-.--
135,688363,746566,8,4,0,0,0,.---,0,0-4 | 3 K,1,0,1,0,0,0,0,3,0,0,0,0,4,0,0,0,3,0,0,0,-.--
135,642180,746566,9,2,1,0,0,.---,0,1-2,0,1,0,0,0,0,0,0,0,0,1,0,2,0,0,0,0,0,0,0,-.--
115,453568,746566,1,5,1,0,0,.---,0,"1-5 | 2 K, R",0,2,0,1,0,0,0,2,0,0,1,0,5,0,0,0,3,0,0,0,-.--
115,678662,746566,2,5,3,0,0,.---,0,"2-5 | 2B, K, RBI",1,1,1,0,1,0,0,1,0,0,2,0,5,0,0,1,1,0,0,0,-.--
115,641857,746566,3,5,1,0,0,.---,0,"1-4 | BB, K",0,1,1,0,0,0,0,1,1,1,1,0,4,0,0,0,2,0,0,0,-.--
115,553869,746566,4,5,2,0,0,.---,0,"1-4 | 2B, BB, K",0,1,1,1,1,0,0,1,1,0,1,0,4,0,0,0,4,0,0,0,-.--
115,660707,746566,5,5,4,0,0,.---,0,"3-4 | 2B, BB, RBI",0,0,1,1,1,0,0,0,1,0,3,0,4,0,0,1,1,0,0,0,-.--
115,666134,746566,6,4,1,0,0,.---,0,"1-4 | K, RBI, R",0,2,0,1,0,0,0,1,0,0,1,0,4,0,0,1,5,0,0,0,-.--
115,686668,746566,7,4,3,0,0,.---,0,"2-4 | 2B, K, 2 R",0,0,1,2,1,0,0,1,0,0,2,0,4,0,0,0,3,0,0,0,-.--
115,663898,746566,8,4,4,0,0,.---,0,"1-4 | HR, 2 K, 4 RBI",0,0,1,1,0,0,1,2,0,0,1,0,4,0,0,4,3,0,0,0,4
115,656248,746566,9,4,1,0,1,1,0,"1-3 | BB, SB",0,2,0,0,0,0,0,0,1,0,1,0,3,0,0,0,2,0,0,0,-.--
110,683002,746246,1,5,4,0,0,.---,0,"1-4 | HR, 2 RBI, R",1,3,1,1,0,0,1,0,0,0,1,0,4,0,0,2,0,0,1,0,4
110,668939,746246,2,5,3,0,0,.---,0,"3-5 | K, R",1,0,1,1,0,0,0,1,0,0,3,0,5,0,0,0,0,0,0,0,-.--
110,656811,746246,3,3,2,0,0,.---,0,"1-1 | 2B, 2 BB, 2 RBI",0,0,0,0,1,0,0,0,2,0,1,0,1,0,0,2,0,0,0,0,-.--
110,623993,746246,4,4,0,0,0,.---,0,0-4 | K,0,0,3,0,0,0,0,1,0,0,0,0,4,0,0,0,6,0,0,0,-.--
110,656775,746246,5,4,0,0,0,.---,0,0-4 | 3 K,1,0,1,0,0,0,0,3,0,0,0,0,4,0,0,0,4,0,0,0,-.--
110,681297,746246,6,4,0,0,0,.---,0,"0-3 | BB, K",0,2,0,0,0,0,0,1,1,0,0,0,3,0,0,0,2,0,0,0,-.--
110,676059,746246,7,4,1,0,0,.---,0,1-4 | R,0,1,2,1,0,0,0,0,0,0,1,0,4,0,0,0,1,0,0,0,-.--
110,677008,746246,8,4,0,0,0,.---,0,0-4 | 3 K,0,0,1,0,0,0,0,3,0,0,0,0,4,0,0,0,2,0,0,0,-.--
110,702616,746246,9,4,1,0,0,.---,0,"1-4 | 2 K, R",0,1,0,1,0,0,0,2,0,0,1,0,4,0,0,0,0,0,0,0,-.--
108,545361,746246,1,4,4,0,0,.---,0,"1-4 | HR, 2 K, RBI",1,0,1,1,0,0,1,2,0,0,1,0,4,0,0,1,2,0,0,0,4
108,694384,746246,2,4,1,0,0,.---,0,"1-4 | K, RBI",1,1,1,0,0,0,0,1,0,0,1,0,4,0,0,1,1,0,0,0,-.--
108,621493,746246,3,4,2,0,0,.---,0,"1-3 | 2B, BB, 2 K",0,0,0,1,1,0,0,2,1,0,1,0,3,0,0,0,1,0,0,0,-.--
108,593934,746246,4,4,0,0,0,.---,0,"0-3 | BB, 3 K",0,0,0,0,0,0,0,3,1,0,0,0,3,0,0,0,3,0,0,0,-.--
108,666160,746246,5,3,0,0,0,.---,0,0-3 | 2 K,1,0,1,0,0,0,0,2,0,0,0,0,3,0,0,0,2,0,0,0,-.--
108,681351,746246,6,4,3,0,0,.---,0,"2-4 | 2B, RBI, R",1,0,2,1,1,0,0,0,0,0,2,0,4,0,0,1,0,0,0,0,-.--
108,666176,746246,7,4,3,1,0,0,1,"2-3 | 2B, HBP, RBI",0,0,1,1,1,0,0,0,0,0,2,1,3,0,0,1,1,0,0,0,-.--
108,650859,746246,8,4,3,0,0,.---,0,"2-4 | 2B, K, RBI",0,1,0,2,1,0,0,1,0,0,2,0,4,0,0,1,0,0,0,0,-.--
108,687263,746246,9,3,3,0,0,.---,0,"2-3 | 2B, 2 RBI, R",0,1,0,1,1,0,0,0,0,0,2,0,3,0,0,2,0,0,0,0,-.--
121,607043,745348,1,4,0,0,0,.---,0,0-3 | BB,0,3,0,0,0,0,0,0,1,0,0,0,3,0,0,0,1,0,0,0,-.--
121,516782,745348,2,4,4,0,0,.---,0,3-4 | 2B,0,1,0,0,1,0,0,0,0,0,3,0,4,0,0,0,0,0,0,0,-.--
121,596019,745348,3,4,0,0,0,.---,0,0-4 | 2 K,0,2,0,0,0,0,0,2,0,0,0,0,4,1,0,0,4,0,0,0,-.--
121,624413,745348,4,4,3,0,0,.---,0,"2-4 | 2B, R",1,1,1,1,1,0,0,0,0,0,2,0,4,0,0,0,0,0,0,0,-.--
121,683146,745348,5,4,1,0,0,.---,0,1-4,0,3,0,0,0,0,0,0,0,0,1,0,4,0,0,0,1,0,0,0,-.--
121,621466,745348,6,4,0,0,0,.---,0,0-4 | RBI,2,2,2,0,0,0,0,0,0,0,0,0,4,0,0,1,2,0,0,0,-.--
121,643446,745348,7,4,2,0,0,.---,0,2-4,0,2,0,0,0,0,0,0,0,0,2,0,4,0,0,0,1,0,0,0,-.--
121,621563,745348,8,4,0,0,0,.---,0,0-4 | 2 K,0,2,0,0,0,0,0,2,0,0,0,0,4,0,0,0,3,0,0,0,-.--
121,553882,745348,9,4,2,0,0,.---,0,"1-4 | 2B, K",1,1,1,0,1,0,0,1,0,0,1,0,4,0,0,0,2,0,0,0,-.--
137,808982,745348,1,4,0,0,0,.---,0,0-4,0,3,1,0,0,0,0,0,0,0,0,0,4,0,0,0,2,0,0,0,-.--
137,664774,745348,2,4,2,0,0,.---,0,"1-3 | 2B, HBP, K",1,0,1,0,1,0,0,1,0,0,1,1,3,0,0,1,0,0,0,0,-.--
137,624585,745348,3,4,0,0,0,.---,0,0-4 | 3 K,1,0,1,0,0,0,0,3,0,0,0,0,4,0,0,0,2,0,0,0,-.--
137,624424,745348,4,4,2,0,0,.---,0,2-4 | R,1,0,2,1,0,0,0,0,0,0,2,0,4,0,0,0,0,0,0,0,-.--
137,656305,745348,5,4,1,0,0,.---,0,"1-4 | K, R",0,1,1,1,0,0,0,1,0,0,1,0,4,0,0,0,2,0,0,0,-.--
137,672275,745348,6,4,0,0,0,.---,0,0-4 | K,1,2,1,0,0,0,0,1,0,0,0,0,4,0,0,0,4,0,0,0,-.--
137,642731,745348,7,3,4,0,0,.---,0,"2-3 | 3B, RBI, 2 R",0,1,0,2,0,1,0,0,0,0,2,0,3,0,0,1,0,0,0,0,-.--
137,573262,745348,8,3,2,0,0,.---,0,"2-3 | K, 3 RBI, R",0,0,0,1,0,0,0,1,0,0,2,0,3,0,0,3,0,0,0,0,-.--
137,605113,745348,9,3,0,0,0,.---,0,0-3,2,1,2,0,0,0,0,0,0,0,0,0,3,0,0,0,2,0,0,0,-.--
109,656976,745188,1,3,1,0,0,.---,0,"1-2 | BB, R",1,0,1,1,0,0,0,0,1,0,1,0,2,0,0,0,0,0,0,0,-.--
109,677942,745188,2,4,1,0,0,.---,0,1-4 | K,0,2,0,0,0,0,0,1,0,0,1,0,4,0,0,0,3,0,0,0,-.--
109,592626,745188,3,4,1,0,0,.---,0,"1-3 | HBP, K",0,1,0,0,0,0,0,1,0,0,1,1,3,0,0,0,2,0,0,0,-.--
109,572233,745188,4,4,1,0,0,.---,0,1-3 | RBI,1,2,1,0,0,0,0,0,0,0,1,0,3,1,0,1,3,0,1,0,-.--
109,553993,745188,5,4,0,0,0,.---,0,0-4,1,2,2,0,0,0,0,0,0,0,0,0,4,1,0,0,3,0,0,0,-.--
109,664983,745188,6,4,2,0,0,.---,0,2-4 | K,1,0,1,0,0,0,0,1,0,0,2,0,4,0,0,0,1,0,0,0,-.--
109,682998,745188,7,4,0,0,0,.---,0,"0-3 | BB, 2 K",0,0,1,0,0,0,0,2,1,0,0,0,3,0,0,0,2,0,0,0,-.--
109,621028,745188,8,3,0,0,0,.---,0,0-3 | 2 K,0,1,0,0,0,0,0,2,0,0,0,0,3,0,0,0,3,0,0,0,-.--
109,571466,745188,9,2,1,0,0,.---,0,1-2,0,1,0,0,0,0,0,0,0,0,1,0,2,0,0,0,1,0,0,0,-.--
138,680977,745188,1,4,2,0,0,.---,0,2-4 | R,0,1,1,1,0,0,0,0,0,0,2,0,4,0,0,0,1,0,0,0,-.--
138,575929,745188,2,4,2,0,0,.---,0,"1-3 | 2B, BB, R",1,1,1,1,1,0,0,0,1,0,1,0,3,1,0,0,1,0,0,0,-.--
138,571448,745188,3,4,1,0,0,.---,0,"1-3 | BB, RBI, R",0,1,1,1,0,0,0,0,1,0,1,0,3,0,0,1,1,0,0,0,-.--
138,502671,745188,4,4,3,0,0,.---,0,"2-4 | 2B, K, R",0,0,1,1,1,0,0,1,0,0,2,0,4,0,0,0,2,0,0,0,-.--
138,671056,745188,5,3,0,0,0,.---,0,0-3,1,1,2,0,0,0,0,0,0,0,0,0,3,0,0,0,3,0,0,0,-.--
138,663457,745188,6,4,2,0,0,.---,0,"1-4 | 2B, K, 2 RBI",1,1,1,0,1,0,0,1,0,0,1,0,4,0,0,2,1,0,0,0,-.--
138,691026,745188,7,4,1,0,0,.---,0,"1-3 | BB, K, R",0,0,1,1,0,0,0,1,1,1,1,0,3,0,0,0,1,0,0,0,-.--
138,669357,745188,8,4,1,0,0,.---,0,"1-4 | K, RBI",0,0,2,0,0,0,0,1,0,0,1,0,4,0,0,1,3,0,0,0,-.--
138,672279,745188,9,3,0,0,0,.---,0,0-3,0,2,1,0,0,0,0,0,0,0,0,0,3,0,0,0,1,0,0,0,-.--
121,607043,745346,1,5,0,0,0,.---,0,"0-3 | 2 BB, 2 K, 2 R",0,1,0,2,0,0,0,2,2,0,0,0,3,0,0,0,2,0,0,0,-.--
121,516782,745346,2,5,0,0,0,.---,0,0-5 | K,1,2,2,0,0,0,0,1,0,0,0,0,5,0,0,0,2,0,0,0,-.--
121,596019,745346,3,5,10,0,0,.---,0,"4-5 | 2 HR, 4 RBI, 2 R",0,1,0,2,0,0,2,0,0,0,4,0,5,0,0,4,0,0,0,0,2.5
121,624413,745346,4,5,1,0,0,.---,0,"1-4 | HBP, K, R",1,1,1,1,0,0,0,1,0,0,1,1,4,1,0,0,1,0,0,0,-.--
121,683146,745346,5,5,1,0,0,.---,0,"1-4 | BB, R",1,2,1,1,0,0,0,0,1,0,1,0,4,0,0,0,2,0,0,0,-.--
121,621438,745346,6,5,6,0,0,.---,0,"2-5 | HR, 2B, 3 RBI",0,3,0,2,1,0,1,0,0,0,2,0,5,0,0,3,1,0,0,0,5
121,643446,745346,7,4,3,0,0,.---,0,"2-4 | 2B, RBI",1,1,1,0,1,0,0,0,0,0,2,0,4,0,0,1,0,0,0,0,-.--
121,664056,745346,8,4,1,0,1,1,0,"1-4 | K, SB",0,1,1,0,0,0,0,1,0,0,1,0,4,0,0,0,2,0,0,0,-.--
121,621512,745346,9,4,0,0,0,.---,0,"0-3 | BB, K",0,2,0,0,0,0,0,1,1,0,0,0,3,0,0,0,1,0,0,0,-.--
137,596103,745346,1,3,1,0,1,1,1,"1-2 | BB, K, SB",0,0,0,0,0,0,0,1,1,0,1,0,2,0,0,0,0,0,0,0,-.--
137,527038,745346,2,5,2,0,0,.---,0,"2-4 | BB, 2 K",0,0,0,0,0,0,0,2,1,0,2,0,4,0,0,0,1,0,0,0,-.--
137,624424,745346,3,5,2,0,0,.---,0,"1-5 | 2B, 3 K",0,1,0,0,1,0,0,3,0,0,1,0,5,0,0,0,3,0,0,0,-.--
137,624585,745346,4,5,0,0,0,.---,0,"0-4 | BB, K",2,1,2,0,0,0,0,1,1,0,0,0,4,0,0,0,6,0,0,0,-.--
137,656305,745346,5,4,1,0,0,.---,0,1-4 | K,1,1,1,0,0,0,0,1,0,0,1,0,4,0,0,0,0,0,0,0,-.--
137,672275,745346,6,4,1,0,0,.---,0,"1-3 | BB, 2 K",0,0,0,0,0,0,0,2,1,0,1,0,3,0,0,0,0,0,0,0,-.--
137,642731,745346,7,2,0,0,0,.---,0,0-2,0,1,1,0,0,0,0,0,0,0,0,0,2,0,0,0,4,0,0,0,-.--
137,666149,745346,8,4,4,0,0,.---,0,"1-4 | HR, K, RBI",1,0,2,1,0,0,1,1,0,0,1,0,4,0,0,1,5,0,0,0,4
137,605113,745346,9,4,0,0,0,.---,0,0-4 | 2 K,1,1,1,0,0,0,0,2,0,0,0,0,4,0,0,0,3,0,0,0,-.--
110,683002,746244,1,5,7,0,1,1,0,"3-3 | HR, 2B, 2 HBP",0,0,0,3,1,0,1,0,0,0,3,2,3,0,0,3,0,0,0,0,3
110,668939,746244,2,5,2,0,0,.---,0,2-5 | RBI,1,1,2,0,0,0,0,0,0,0,2,0,5,0,0,1,2,0,0,0,-.--
110,663624,746244,3,5,0,0,0,.---,0,"0-4 | BB, 3 K",0,1,0,0,0,0,0,3,1,0,0,0,4,1,0,0,4,0,0,0,-.--
110,623993,746244,4,5,1,0,0,.---,0,"1-2 | 2 BB, HBP",0,1,0,0,0,0,0,0,2,0,1,1,2,0,0,0,1,0,0,0,-.--
110,676059,746244,5,5,1,0,0,.---,0,1-5 | K,1,1,2,0,0,0,0,1,0,0,1,0,5,0,0,0,7,0,0,0,-.--
110,656775,746244,6,5,0,0,0,.---,0,"0-4 | BB, K",0,1,2,0,0,0,0,1,1,0,0,0,4,0,0,0,4,0,0,0,-.--
110,543510,746244,7,5,2,0,0,.---,0,"1-5 | 2B, 2 K, R",0,1,1,1,1,0,0,2,0,0,1,0,5,0,0,0,2,0,0,0,-.--
110,681297,746244,8,5,0,0,0,.---,0,"0-2 | 3 BB, K, R",0,1,0,1,0,0,0,1,3,0,0,0,2,1,0,0,2,0,0,0,-.--
110,622761,746244,9,4,2,0,0,.---,0,"1-4 | 2B, K, RBI",0,2,0,1,1,0,0,1,0,0,1,0,4,0,0,1,2,0,0,0,-.--
108,545361,746244,1,4,4,0,0,.---,0,"1-4 | HR, K, RBI",1,0,2,1,0,0,1,1,0,0,1,0,4,0,0,1,1,0,0,0,4
108,694384,746244,2,3,1,0,0,.---,0,1-3 | R,1,1,1,1,0,0,0,0,0,0,1,0,3,0,0,0,0,0,0,0,-.--
108,621493,746244,3,4,4,0,0,.---,0,"1-4 | HR, K, 2 RBI",0,2,0,1,0,0,1,1,0,0,1,0,4,0,0,2,0,0,0,0,4
108,593934,746244,4,2,0,0,0,.---,0,0-2 | 2 K,0,0,0,0,0,0,0,2,0,0,0,0,2,0,0,0,0,0,0,0,-.--
108,681351,746244,5,4,0,0,0,.---,0,"0-4 | 3 K, RBI",0,1,0,0,0,0,0,3,0,0,0,0,4,0,0,1,0,0,0,0,-.--
108,666160,746244,6,3,0,0,0,.---,0,0-3 | 2 K,1,0,1,0,0,0,0,2,0,0,0,0,3,0,0,0,0,0,0,0,-.--
108,666176,746244,7,4,1,1,0,0,0,"1-3 | BB, 2 K, CS",0,0,0,0,0,0,0,2,1,0,1,0,3,0,0,0,0,0,0,0,-.--
108,650859,746244,8,3,0,0,1,1,0,"0-2 | BB, K, SB",1,0,1,0,0,0,0,1,1,0,0,0,2,0,0,0,1,0,0,0,-.--
108,687263,746244,9,3,4,0,0,.---,0,"1-3 | HR, 2 K, RBI",0,0,0,1,0,0,1,2,0,0,1,0,3,0,0,1,1,0,0,0,3
111,680776,746649,1,5,0,0,0,.---,0,0-5 | 2 K,0,3,0,0,0,0,0,2,0,0,0,0,5,0,0,0,3,0,0,0,-.--
111,646240,746649,2,5,7,0,0,.---,0,"3-4 | HR, 2B, BB",0,0,0,2,1,0,1,1,1,0,3,0,4,0,0,2,1,0,0,0,4
111,641933,746649,3,5,1,0,0,.---,0,"1-5 | 2 K, R",1,1,1,1,0,0,0,2,0,0,1,0,5,1,0,0,3,0,0,0,-.--
111,677800,746649,4,5,6,0,0,.---,0,"4-5 | 2 2B, RBI, R",0,1,0,1,2,0,0,0,0,0,4,0,5,0,0,1,0,0,0,0,-.--
111,665839,746649,5,5,0,0,0,.---,0,"0-4 | K, RBI",1,2,2,0,0,0,0,1,0,0,0,0,4,0,0,1,3,0,1,0,-.--
111,657136,746649,6,5,10,0,0,.---,0,"4-4 | 2 HR, HBP, 3 RBI",0,0,0,2,0,0,2,0,0,0,4,1,4,0,0,3,0,0,0,0,2
111,622569,746649,7,5,1,0,1,1,0,"1-5 | K, R, SB",1,1,2,1,0,0,0,1,0,0,1,0,5,0,0,0,3,0,0,0,-.--
111,666915,746649,8,5,1,0,0,.---,0,1-5 | K,1,2,1,0,0,0,0,1,0,0,1,0,5,0,0,0,3,0,0,0,-.--
111,678882,746649,9,4,3,0,1,1,0,"2-4 | 2B, RBI, R",0,1,1,1,1,0,0,0,0,0,2,0,4,0,0,1,2,0,0,0,-.--
114,680757,746649,1,4,1,0,0,.---,0,1-4,1,2,1,0,0,0,0,0,0,0,1,0,4,0,0,0,0,0,0,0,-.--
114,665926,746649,2,4,0,0,0,.---,0,"0-3 | HBP, 3 K",0,0,0,0,0,0,0,3,0,0,0,1,3,0,0,0,1,0,0,0,-.--
114,608070,746649,3,4,2,0,1,1,0,"1-4 | 2B, K, SB",1,0,2,0,1,0,0,1,0,0,1,0,4,0,0,0,2,0,0,0,-.--
114,647304,746649,4,4,0,0,0,.---,0,0-4,1,2,2,0,0,0,0,0,0,0,0,0,4,0,0,0,2,0,0,0,-.--
114,686823,746649,5,3,0,0,0,.---,0,0-3,1,1,2,0,0,0,0,0,0,0,0,0,3,0,0,0,0,0,0,0,-.--
114,671289,746649,6,3,0,0,0,.---,0,0-3,1,1,2,0,0,0,0,0,0,0,0,0,3,0,0,0,0,0,0,0,-.--
114,664314,746649,7,3,1,0,0,.---,0,1-3 | K,0,1,0,0,0,0,0,1,0,0,1,0,3,0,0,0,0,0,0,0,-.--
114,666310,746649,8,3,1,0,0,.---,0,1-3 | K,0,1,0,0,0,0,0,1,0,0,1,0,3,0,0,0,1,0,0,0,-.--
114,677587,746649,9,3,0,0,0,.---,0,0-3 | K,0,2,0,0,0,0,0,1,0,0,0,0,3,1,0,0,1,0,0,0,-.--
143,656941,746725,1,5,1,0,0,.---,0,"1-4 | BB, K, R",1,0,2,1,0,0,0,1,1,0,1,0,4,0,0,0,2,0,0,0,-.--
143,607208,746725,2,5,1,1,1,0.5,1,"1-4 | HBP, 2 R, SB",2,1,2,2,0,0,0,0,0,0,1,1,4,0,0,0,2,0,0,0,-.--
143,664761,746725,3,5,5,0,0,.---,0,"4-4 | 2B, BB, 2 RBI",0,0,0,0,1,0,0,0,1,0,4,0,4,0,0,2,0,0,0,0,-.--
143,592206,746725,4,5,0,0,0,.---,0,0-5 | K,1,2,2,0,0,0,0,1,0,0,0,0,5,1,0,0,6,0,0,0,-.--
143,593160,746725,5,4,3,0,1,1,0,"2-4 | 2B, RBI, R",2,0,2,1,1,0,0,0,0,0,2,0,4,0,0,1,1,0,0,0,-.--
143,624641,746725,6,4,3,0,0,.---,0,"2-4 | 2B, 2 K",0,0,0,0,1,0,0,2,0,0,2,0,4,0,0,0,2,0,0,0,-.--
143,665506,746725,7,3,0,0,0,.---,0,"0-2 | BB, 2 K",0,0,0,0,0,0,0,2,1,0,0,0,2,0,0,0,2,0,0,0,-.--
143,679032,746725,8,4,1,0,1,1,0,"1-4 | K, RBI, SB",0,2,0,0,0,0,0,1,0,0,1,0,4,0,0,1,2,0,0,0,-.--
143,596117,746725,9,4,0,0,0,.---,0,0-4 | K,1,2,1,0,0,0,0,1,0,0,0,0,4,0,0,0,5,0,0,0,-.--
113,666181,746725,1,5,5,0,0,.---,0,"2-5 | HR, 2 K, 2 RBI",0,1,0,1,0,0,1,2,0,0,2,0,5,0,0,2,0,0,0,0,5
113,682829,746725,2,5,4,0,3,1,0,"3-5 | 2B, 2 K, RBI",0,0,0,1,1,0,0,2,0,0,3,0,5,0,0,1,0,0,0,0,-.--
113,668715,746725,3,5,0,0,1,1,0,"0-3 | BB, 2 K, RBI",2,0,2,0,0,0,0,2,1,0,0,0,3,0,0,1,3,0,1,0,-.--
113,687952,746725,4,5,0,0,0,.---,0,"0-3 | 2 BB, K, R",0,2,0,1,0,0,0,1,2,0,0,0,3,0,0,0,2,0,0,0,-.--
113,605361,746725,5,4,1,0,0,.---,0,1-4,0,1,2,0,0,0,0,0,0,0,1,0,4,0,0,0,1,0,0,0,-.--
113,663886,746725,6,4,3,0,0,.---,0,"2-3 | 2B, BB, K",0,0,0,1,1,0,0,1,1,0,2,0,3,0,0,0,0,0,0,0,-.--
113,600869,746725,7,4,0,0,0,.---,0,"0-2 | 2 BB, 2 K",0,0,0,0,0,0,0,2,2,0,0,0,2,0,0,0,3,0,0,0,-.--
113,669289,746725,8,4,2,0,1,1,0,"2-3 | K, 3 RBI, R",0,0,1,1,0,0,0,1,0,0,2,0,3,0,0,3,1,0,1,0,-.--
113,656413,746725,9,4,0,0,0,.---,0,"0-3 | BB, K, R",0,1,1,1,0,0,0,1,1,0,0,0,3,0,0,0,4,0,0,0,-.--
158,661388,745513,1,5,3,0,0,.---,0,"3-4 | BB, RBI, R",0,1,0,1,0,0,0,0,1,0,3,0,4,0,0,1,0,0,0,0,-.--
158,642715,745513,2,5,1,0,0,.---,0,"1-4 | HBP, K",0,1,1,0,0,0,0,1,0,0,1,1,4,1,0,0,5,0,0,0,-.--
158,680911,745513,3,1,0,0,0,.---,0,0-1,1,0,1,0,0,0,0,0,0,0,0,0,1,0,0,0,0,0,0,0,-.--
158,656555,745513,4,5,0,0,0,.---,0,"0-4 | HBP, K, RBI",2,1,2,0,0,0,0,1,0,0,0,1,4,0,0,1,1,0,0,0,-.--
158,663368,745513,5,4,0,1,0,0,1,"0-1 | 3 BB, K, RBI",0,0,0,0,0,0,0,1,3,0,0,0,1,0,0,1,0,0,0,0,-.--
158,687401,745513,6,4,0,0,0,.---,0,0-4 | K,1,2,1,0,0,0,0,1,0,0,0,0,4,0,0,0,5,0,0,0,-.--
158,686217,745513,7,4,2,1,0,0,0,"2-4 | R, CS",0,2,0,1,0,0,0,0,0,0,2,0,4,0,0,0,0,0,0,0,-.--
158,694192,745513,8,3,0,0,0,.---,0,0-2 | 2 K,0,1,0,0,0,0,0,2,0,0,0,0,2,0,0,0,2,1,0,0,-.--
158,668930,745513,9,4,1,0,0,.---,0,"1-3 | BB, R",2,0,2,1,0,0,0,0,1,0,1,0,3,0,0,0,2,0,0,0,-.--
134,656582,745513,1,4,0,0,0,.---,0,"0-3 | BB, 2 K, R",0,1,0,1,0,0,0,2,1,0,0,0,3,0,0,0,1,0,0,0,-.--
134,668804,745513,2,4,4,0,0,.---,0,"1-3 | HR, BB, 2 K",0,0,0,1,0,0,1,2,1,0,1,0,3,0,0,2,1,0,0,0,3
134,663647,745513,3,4,0,0,0,.---,0,0-4,1,2,2,0,0,0,0,0,0,0,0,0,4,0,0,0,2,0,0,0,-.--
134,642133,745513,4,4,0,0,0,.---,0,0-3 | BB,2,0,3,0,0,0,0,0,1,0,0,0,3,0,0,0,1,0,0,0,-.--
134,669261,745513,5,4,2,0,0,.---,0,"1-4 | 2B, 2 K",0,1,0,0,1,0,0,2,0,0,1,0,4,0,0,0,1,0,0,0,-.--
134,658668,745513,6,4,0,0,0,.---,0,0-4,0,4,0,0,0,0,0,0,0,0,0,0,4,0,0,0,1,0,0,0,-.--
134,665833,745513,7,4,1,0,0,.---,0,1-4,3,0,3,0,0,0,0,0,0,0,1,0,4,0,0,0,2,0,0,0,-.--
134,669707,745513,8,4,0,0,0,.---,0,0-3 | BB,2,0,3,0,0,0,0,0,1,0,0,0,3,0,0,0,3,0,0,0,-.--
134,680779,745513,9,3,1,0,0,.---,0,1-3 | K,0,1,0,0,0,0,0,1,0,0,1,0,3,1,0,0,1,0,0,0,-.--
119,605141,744864,1,6,5,0,0,.---,0,"4-6 | 2B, 2 RBI, 2 R",1,1,1,2,1,0,0,0,0,0,4,0,6,0,0,2,0,0,0,0,-.--
119,660271,744864,2,6,6,0,0,.---,0,"3-6 | 3 2B, K, 2 RBI",1,1,1,2,3,0,0,1,0,0,3,0,6,1,0,2,2,0,0,0,-.--
119,518692,744864,3,6,1,0,0,.---,0,"1-5 | BB, 2 K, 2 RBI",2,0,2,0,0,0,0,2,1,0,1,0,5,0,0,2,2,0,0,0,-.--
119,669257,744864,4,6,5,0,0,.---,0,"4-6 | 2B, K, RBI",0,1,0,2,1,0,0,1,0,0,4,0,6,0,0,1,3,0,0,0,-.--
119,571970,744864,5,5,3,0,0,.---,0,"2-3 | 2B, 2 BB, RBI",0,0,1,1,1,0,0,0,2,0,2,0,3,0,0,1,1,0,0,0,-.--
119,606192,744864,6,5,2,0,0,.---,0,"1-5 | 2B, 2 K",1,0,2,0,1,0,0,2,0,0,1,0,5,0,0,0,8,0,0,0,-.--
119,681546,744864,7,5,0,0,0,.---,0,0-5,1,2,3,0,0,0,0,0,0,0,0,0,5,0,0,0,5,0,0,0,-.--
119,666158,744864,8,5,2,0,0,.---,0,"2-5 | 2 RBI, R",1,1,2,1,0,0,0,0,0,0,2,0,5,0,0,2,2,0,0,0,-.--
119,681624,744864,9,5,7,0,0,.---,0,"3-5 | HR, 2B, RBI",1,1,1,3,1,0,1,0,0,0,3,0,5,0,0,1,1,0,0,0,5
120,682928,744864,1,4,0,0,0,.---,0,"0-3 | HBP, K",1,0,2,0,0,0,0,1,0,0,0,1,3,0,0,0,0,0,0,0,-.--
120,608385,744864,2,4,0,0,0,.---,0,"0-3 | BB, K",0,2,0,0,0,0,0,1,1,0,0,0,3,0,0,0,0,0,0,0,-.--
120,608841,744864,3,4,1,0,0,.---,0,"1-3 | BB, RBI",1,0,2,0,0,0,0,0,1,0,1,0,3,0,0,1,0,0,0,0,-.--
120,671277,744864,4,4,1,0,0,.---,0,1-4,1,2,1,0,0,0,0,0,0,0,1,0,4,0,0,0,3,0,0,0,-.--
120,608336,744864,5,4,0,0,0,.---,0,0-4 | 3 K,1,0,1,0,0,0,0,3,0,0,0,0,4,0,0,0,2,0,0,0,-.--
120,656180,744864,6,4,0,0,0,.---,0,0-4 | K,0,1,2,0,0,0,0,1,0,0,0,0,4,0,0,0,0,0,0,0,-.--
120,592696,744864,7,4,0,0,0,.---,0,0-4 | K,2,0,3,0,0,0,0,1,0,0,0,0,4,0,0,0,0,0,0,0,-.--
120,669222,744864,8,3,4,0,0,.---,0,"1-3 | HR, RBI, R",0,1,1,1,0,0,1,0,0,0,1,0,3,0,0,1,0,0,0,0,3
120,702358,744864,9,3,0,0,0,.---,0,"0-2 | BB, R",0,1,1,1,0,0,0,0,1,0,0,0,2,0,0,0,0,0,0,0,-.--
116,682985,745099,1,5,1,0,0,.---,0,"1-5 | 2 K, R",1,0,2,1,0,0,0,2,0,0,1,0,5,0,0,0,3,0,0,0,-.--
116,592192,745099,2,4,1,0,0,.---,0,"1-4 | K, 2 RBI",1,1,1,0,0,0,0,1,0,0,1,0,4,0,0,2,1,0,0,0,-.--
116,672761,745099,3,4,0,0,0,.---,0,"0-3 | BB, K",1,0,2,0,0,0,0,1,1,0,0,0,3,0,0,0,1,0,0,0,-.--
116,679529,745099,4,4,0,0,0,.---,0,0-4 | RBI,3,1,3,0,0,0,0,0,0,0,0,0,4,0,0,1,1,0,0,0,-.--
116,663837,745099,5,4,4,0,0,.---,0,"2-4 | 3B, K, R",0,0,1,1,0,1,0,1,0,0,2,0,4,0,0,0,1,0,0,0,-.--
116,678009,745099,6,3,0,0,0,.---,0,0-3 | 2 K,0,0,1,0,0,0,0,2,0,0,0,0,3,0,0,0,2,0,0,0,-.--
116,671083,745099,7,4,1,0,1,1,0,"1-4 | 2 K, RBI, R",1,0,1,1,0,0,0,2,0,0,1,0,4,0,0,1,0,0,0,0,-.--
116,595879,745099,8,4,2,0,0,.---,0,"1-3 | 2B, BB, RBI",0,2,0,1,1,0,0,0,1,0,1,0,3,0,0,1,0,0,0,0,-.--
116,668670,745099,9,4,1,0,0,.---,0,"1-3 | BB, K, R",0,0,1,1,0,0,0,1,1,0,1,0,3,0,0,0,1,0,0,0,-.--
139,650490,745099,1,4,2,0,0,.---,0,2-4 | RBI,0,1,1,0,0,0,0,0,0,0,2,0,4,0,0,1,0,0,0,0,-.--
139,680700,745099,2,4,0,0,0,.---,0,0-4 | 3 K,1,0,1,0,0,0,0,3,0,0,0,0,4,0,0,0,2,0,0,0,-.--
139,668227,745099,3,4,4,0,0,.---,0,"1-4 | HR, 3 K, RBI",0,0,0,1,0,0,1,3,0,0,1,0,4,0,0,1,1,0,0,0,4
139,670623,745099,4,4,3,0,0,.---,0,"2-4 | 2B, R",0,2,0,1,1,0,0,0,0,0,2,0,4,0,0,0,1,0,0,0,-.--
139,642708,745099,5,4,1,0,0,.---,0,1-4,1,2,1,0,0,0,0,0,0,0,1,0,4,1,0,0,2,0,0,0,-.--
139,623912,745099,6,4,1,0,0,.---,0,"1-4 | 2 K, R",0,1,0,1,0,0,0,2,0,0,1,0,4,0,0,0,2,0,0,0,-.--
139,666163,745099,7,4,3,0,0,.---,0,"2-4 | 2B, 2 K, 2 RBI",0,0,0,2,1,0,0,2,0,0,2,0,4,0,0,2,1,0,0,0,-.--
139,678554,745099,8,3,4,0,0,.---,0,"1-3 | HR, K, 2 RBI",0,0,1,1,0,0,1,1,0,0,1,0,3,0,0,2,2,0,0,0,3
139,676609,745099,9,3,1,0,1,1,0,"1-3 | RBI, R, SB",0,1,1,1,0,0,0,0,0,0,1,0,3,0,0,1,1,0,0,0,-.--
133,676116,745753,1,4,0,0,0,.---,0,"0-3 | HBP, K, R",1,0,2,1,0,0,0,1,0,0,0,1,3,0,0,0,0,0,0,0,-.--
133,663527,745753,2,4,2,0,0,.---,0,"1-4 | 2B, K, R",1,1,1,1,1,0,0,1,0,0,1,0,4,0,0,0,0,0,0,0,-.--
133,668709,745753,3,4,2,0,0,.---,0,"1-4 | 2B, K",2,0,2,0,1,0,0,1,0,0,1,0,4,0,0,0,2,0,0,0,-.--
133,667670,745753,4,4,4,0,0,.---,0,"1-2 | HR, 2 BB, 3 RBI",0,0,1,1,0,0,1,0,2,0,1,0,2,0,0,3,0,0,0,0,2
133,664913,745753,5,4,0,0,0,.---,0,0-4 | 3 K,1,0,1,0,0,0,0,3,0,0,0,0,4,0,0,0,3,0,0,0,-.--
133,647351,745753,6,4,0,0,0,.---,0,0-4 | K,1,0,3,0,0,0,0,1,0,0,0,0,4,0,0,0,1,0,0,0,-.--
133,671732,745753,7,3,1,0,0,.---,0,1-3 | K,0,1,0,0,0,0,0,1,0,0,1,0,3,0,0,0,0,0,0,0,-.--
133,669127,745753,8,3,0,0,0,.---,0,0-3 | K,1,1,1,0,0,0,0,1,0,0,0,0,3,1,0,0,1,0,0,0,-.--
133,669397,745753,9,3,0,0,0,.---,0,0-3,0,2,1,0,0,0,0,0,0,0,0,0,3,0,0,0,0,0,0,0,-.--
147,683011,745753,1,5,4,0,0,.---,0,"2-5 | 3B, K, RBI",0,2,0,1,0,1,0,1,0,0,2,0,5,0,0,1,0,0,0,0,-.--
147,665742,745753,2,5,4,0,0,.---,0,"1-3 | HR, BB, 2 RBI",2,0,3,2,0,0,1,0,1,0,1,0,3,0,0,2,4,0,1,0,3
147,592450,745753,3,5,5,0,0,.---,0,"2-5 | HR, 2 RBI, R",0,2,1,1,0,0,1,0,0,0,2,0,5,1,0,2,1,0,0,0,5
147,519317,745753,4,4,1,0,0,.---,0,"1-4 | 2 K, R",0,1,0,1,0,0,0,2,0,0,1,0,4,0,0,0,1,0,0,0,-.--
147,519203,745753,5,4,5,0,0,.---,0,"2-4 | HR, K, RBI",0,1,0,1,0,0,1,1,0,0,2,0,4,0,0,1,1,0,0,0,4
147,650402,745753,6,4,1,0,0,.---,0,1-4 | 2 K,0,1,0,0,0,0,0,2,0,0,1,0,4,0,0,0,2,0,0,0,-.--
147,657077,745753,7,4,0,0,0,.---,0,"0-1 | 2 BB, RBI",0,0,2,0,0,0,0,0,2,0,0,0,1,0,0,1,0,0,1,0,-.--
147,665828,745753,8,4,0,0,0,.---,0,0-4 | K,1,0,3,0,0,0,0,1,0,0,0,0,4,0,0,0,6,0,0,0,-.--
147,669224,745753,9,4,2,0,0,.---,0,"2-3 | BB, K, R",0,0,0,1,0,0,0,1,1,0,2,0,3,0,0,0,0,0,0,0,-.--
146,650333,747132,1,5,3,0,0,.---,0,3-5 | R,0,2,0,1,0,0,0,0,0,0,3,0,5,0,0,0,1,0,0,0,-.--
146,650559,747132,2,5,1,0,0,.---,0,"1-4 | BB, 2 K, R",0,0,1,1,0,0,0,2,1,0,1,0,4,0,0,0,2,0,0,0,-.--
146,665862,747132,3,5,1,0,1,1,0,"1-4 | BB, 2 K, SB",0,1,0,0,0,0,0,2,1,0,1,0,4,1,0,0,4,0,0,0,-.--
146,605137,747132,4,4,0,0,0,.---,0,0-4 | RBI,1,3,1,0,0,0,0,0,0,0,0,0,4,0,0,1,2,0,0,0,-.--
146,660821,747132,5,4,4,0,0,.---,0,"1-3 | HR, BB, RBI",0,2,0,1,0,0,1,0,1,0,1,0,3,0,0,1,2,0,0,0,3
146,641313,747132,6,4,0,0,0,.---,0,0-4 | K,1,2,1,0,0,0,0,1,0,0,0,0,4,1,0,0,4,0,0,0,-.--
146,624503,747132,7,4,0,0,0,.---,0,0-4 | 2 K,0,2,0,0,0,0,0,2,0,0,0,0,4,0,0,0,2,0,0,0,-.--
146,656896,747132,8,4,2,0,0,.---,0,1-4 | 2B,0,2,1,0,1,0,0,0,0,0,1,0,4,0,0,0,1,0,0,0,-.--
146,542194,747132,9,4,0,0,0,.---,0,0-4 | 2 K,0,2,0,0,0,0,0,2,0,0,0,0,4,0,0,0,2,0,0,0,-.--
144,660670,747132,1,5,0,0,1,1,0,"0-3 | 2 BB, K, 2 R",0,2,0,2,0,0,0,1,2,0,0,0,3,2,0,0,4,0,0,0,-.--
144,671739,747132,2,5,4,1,0,0,0,"3-5 | 2B, K, RBI",0,1,0,1,1,0,0,1,0,0,3,0,5,0,0,1,1,0,0,0,-.--
144,663586,747132,3,4,0,0,0,.---,0,0-4 | 2 K,0,2,0,0,0,0,0,2,0,0,0,0,4,0,0,0,2,0,0,0,-.--
144,621566,747132,4,4,2,0,0,.---,0,"1-3 | 2B, HBP, K",0,0,1,1,1,0,0,1,0,0,1,1,3,0,0,0,0,0,0,0,-.--
144,542303,747132,5,4,3,0,0,.---,0,3-4 | 2 RBI,0,0,1,0,0,0,0,0,0,0,3,0,4,0,0,2,0,0,0,0,-.--
144,606115,747132,6,4,0,0,0,.---,0,0-4 | K,1,2,1,0,0,0,0,1,0,0,0,0,4,0,0,0,4,0,0,0,-.--
144,672284,747132,7,4,1,0,0,.---,0,1-4 | K,0,2,0,0,0,0,0,1,0,0,1,0,4,0,0,0,2,0,0,0,-.--
144,644433,747132,8,3,1,0,0,.---,0,"1-2 | BB, K",0,0,0,0,0,0,0,1,1,0,1,0,2,0,0,0,0,0,0,0,-.--
144,641645,747132,9,3,0,0,0,.---,0,0-3 | 2 K,0,1,0,0,0,0,0,2,0,0,0,0,3,1,0,0,3,0,0,0,-.--
117,514888,746889,1,5,4,0,0,.---,0,"1-5 | HR, K, RBI",2,0,3,1,0,0,1,1,0,0,1,0,5,0,0,1,4,0,0,0,5
117,608324,746889,2,5,1,0,0,.---,0,1-5 | RBI,2,2,2,0,0,0,0,0,0,0,1,0,5,0,0,1,0,0,0,0,-.--
117,670541,746889,3,5,1,0,0,.---,0,1-5 | 2 K,0,2,0,0,0,0,0,2,0,0,1,0,5,0,0,0,2,0,0,0,-.--
117,663656,746889,4,5,1,0,1,1,0,"1-5 | K, SB",1,0,3,0,0,0,0,1,0,0,1,0,5,0,0,0,2,0,0,0,-.--
117,673237,746889,5,4,1,0,0,.---,0,1-4 | K,0,2,0,0,0,0,0,1,0,0,1,0,4,0,0,0,2,0,0,0,-.--
117,665161,746889,6,4,2,0,0,.---,0,2-4,2,0,2,0,0,0,0,0,0,0,2,0,4,0,0,0,0,0,0,0,-.--
117,572138,746889,7,4,2,0,0,.---,0,"2-4 | K, R",0,1,0,1,0,0,0,1,0,0,2,0,4,0,0,0,2,0,0,0,-.--
117,605170,746889,8,4,2,0,0,.---,0,"1-2 | 2B, 2 BB, R",0,0,1,1,1,0,0,0,2,0,1,0,2,0,0,0,2,0,0,0,-.--
117,676694,746889,9,4,0,0,0,.---,0,"0-2 | HBP, K",0,2,0,0,0,0,0,1,0,0,0,1,2,0,0,0,4,1,0,0,-.--
112,663538,746889,1,4,2,0,0,.---,0,2-4 | R,1,0,2,1,0,0,0,0,0,0,2,0,4,0,0,0,1,0,0,0,-.--
112,643565,746889,2,4,1,0,0,.---,0,"1-3 | BB, 2 K",0,0,0,0,0,0,0,2,1,0,1,0,3,0,0,0,2,0,0,0,-.--
112,664023,746889,3,4,1,0,0,.---,0,"1-4 | 2 K, R",0,1,0,1,0,0,0,2,0,0,1,0,4,1,0,0,4,0,0,0,-.--
112,683737,746889,4,4,0,0,0,.---,0,"0-3 | 3 K, RBI",1,0,1,0,0,0,0,3,0,0,0,0,3,0,0,1,0,0,1,0,-.--
112,666624,746889,5,4,1,0,0,.---,0,"1-3 | BB, K, R",0,1,0,1,0,0,0,1,1,0,1,0,3,0,0,0,0,0,0,0,-.--
112,621020,746889,6,4,4,0,0,.---,0,"1-4 | HR, K, 3 RBI",0,2,0,1,0,0,1,1,0,0,1,0,4,0,0,3,1,0,0,0,4
112,670223,746889,7,3,0,0,0,.---,0,0-3 | 2 K,0,1,0,0,0,0,0,2,0,0,0,0,3,0,0,0,0,0,0,0,-.--
112,543228,746889,8,3,1,0,0,.---,0,1-3,0,0,2,0,0,0,0,0,0,0,1,0,3,0,0,0,0,0,0,0,-.--
112,672744,746889,9,3,1,0,0,.---,0,1-3 | K,0,1,0,0,0,0,0,1,0,0,1,0,3,0,0,0,1,0,0,0,-.--
141,543807,746317,1,4,6,0,0,.---,0,"2-4 | HR, 2B, RBI",0,2,0,1,1,0,1,0,0,0,2,0,4,0,0,1,0,0,0,0,4
141,665489,746317,2,4,1,0,0,.---,0,1-4 | K,1,1,1,0,0,0,0,1,0,0,1,0,4,0,0,0,1,0,0,0,-.--
141,666182,746317,3,4,0,0,0,.---,0,0-4,0,4,0,0,0,0,0,0,0,0,0,0,4,0,0,0,1,0,0,0,-.--
141,662139,746317,4,4,1,0,0,.---,0,"1-2 | 2 BB, K, R",0,0,0,1,0,0,0,1,2,0,1,0,2,0,0,0,0,0,0,0,-.--
141,643376,746317,5,4,1,0,0,.---,0,"1-3 | BB, K",0,0,1,0,0,0,0,1,1,0,1,0,3,0,0,0,1,0,0,0,-.--
141,596129,746317,6,4,0,0,0,.---,0,0-4 | 2 K,2,0,2,0,0,0,0,2,0,0,0,0,4,0,0,0,5,0,0,0,-.--
141,676391,746317,7,3,0,0,0,.---,0,0-3 | RBI,1,2,1,0,0,0,0,0,0,0,0,0,3,0,0,1,4,0,0,0,-.--
141,680718,746317,8,4,0,0,0,.---,0,0-4 | K,1,2,1,0,0,0,0,1,0,0,0,0,4,0,0,0,2,0,0,0,-.--
141,624415,746317,9,4,0,0,0,.---,0,0-4 | 2 K,0,2,0,0,0,0,0,2,0,0,0,0,4,0,0,0,1,0,0,0,-.--
118,672580,746317,1,4,2,0,2,1,0,"2-4 | RBI, 2 SB",0,0,2,0,0,0,0,0,0,0,2,0,4,0,0,1,1,0,0,0,-.--
118,677951,746317,2,4,1,0,2,1,0,"1-3 | BB, K, RBI",0,0,1,1,0,0,0,1,1,0,1,0,3,0,0,1,1,0,0,0,-.--
118,686469,746317,3,4,0,0,0,.---,0,0-3 | BB,1,2,1,0,0,0,0,0,1,0,0,0,3,0,0,0,2,0,0,0,-.--
118,521692,746317,4,4,2,0,0,.---,0,"2-3 | BB, RBI",1,0,1,0,0,0,0,0,1,1,2,0,3,0,0,1,0,0,0,0,-.--
118,669004,746317,5,4,0,0,0,.---,0,0-4,0,4,0,0,0,0,0,0,0,0,0,0,4,0,0,0,6,0,0,0,-.--
118,676369,746317,6,4,0,0,0,.---,0,0-4 | K,3,0,3,0,0,0,0,1,0,0,0,0,4,0,0,0,5,0,0,0,-.--
118,624428,746317,7,4,2,0,0,.---,0,2-4,1,1,1,0,0,0,0,0,0,0,2,0,4,0,0,0,0,0,0,0,-.--
118,592669,746317,8,4,0,0,0,.---,0,0-4,1,2,2,0,0,0,0,0,0,0,0,0,4,0,0,0,2,0,0,0,-.--
118,664728,746317,9,4,3,0,0,.---,0,"2-4 | 2B, 2 R",1,1,1,2,1,0,0,0,0,0,2,0,4,0,0,0,2,0,0,0,-.--
145,664901,745919,1,4,0,0,0,.---,0,0-4 | 3 K,0,0,1,0,0,0,0,3,0,0,0,0,4,0,0,0,1,0,0,0,-.--
145,657757,745919,2,4,0,0,0,.---,0,0-4 | K,1,1,2,0,0,0,0,1,0,0,0,0,4,0,0,0,1,0,0,0,-.--
145,650391,745919,3,4,0,0,0,.---,0,0-4 | 2 K,1,0,2,0,0,0,0,2,0,0,0,0,4,0,0,0,0,0,0,0,-.--
145,683734,745919,4,4,0,0,0,.---,0,0-4 | K,3,0,3,0,0,0,0,1,0,0,0,0,4,0,0,0,0,0,0,0,-.--
145,643217,745919,5,4,2,0,0,.---,0,1-4 | 2B,1,2,1,0,1,0,0,0,0,0,1,0,4,0,0,0,0,0,0,0,-.--
145,657557,745919,6,4,0,0,0,.---,0,"0-3 | HBP, 2 K",1,0,1,0,0,0,0,2,0,0,0,1,3,0,0,0,1,0,0,0,-.--
145,607680,745919,7,3,4,0,0,.---,0,"1-3 | HR, RBI, R",1,1,1,1,0,0,1,0,0,0,1,0,3,0,0,1,1,0,0,0,3
145,669699,745919,8,3,1,0,2,1,0,"1-3 | K, R, 2 SB",0,1,0,1,0,0,0,1,0,0,1,0,3,0,0,0,1,0,0,0,-.--
145,686676,745919,9,3,4,0,1,1,0,"1-2 | HR, BB, RBI",0,1,0,1,0,0,1,0,1,0,1,0,2,0,0,1,1,0,0,0,2
142,680777,745919,1,5,2,0,0,.---,0,"2-4 | BB, 2 K",0,0,0,0,0,0,0,2,1,0,2,0,4,0,0,0,0,0,0,0,-.--
142,621439,745919,2,5,1,0,0,.---,0,"1-4 | HBP, 3 K",0,0,0,0,0,0,0,3,0,0,1,1,4,0,0,0,3,0,0,0,-.--
142,622534,745919,3,5,3,0,0,.---,0,"2-5 | 2B, R",2,1,2,1,1,0,0,0,0,0,2,0,5,0,0,0,4,0,0,0,-.--
142,669304,745919,4,2,0,0,0,.---,0,0-2,0,1,1,0,0,0,0,0,0,0,0,0,2,0,0,0,1,0,0,0,-.--
142,467793,745919,5,5,0,0,0,.---,0,"0-4 | BB, K, R",2,1,2,1,0,0,0,1,1,0,0,0,4,0,0,0,6,0,0,0,-.--
142,668885,745919,6,2,2,0,0,.---,0,"1-2 | 2B, K, R",0,0,0,1,1,0,0,1,0,0,1,0,2,0,0,0,0,0,0,0,-.--
142,543877,745919,7,4,3,0,0,.---,0,"3-4 | K, RBI, R",0,0,0,1,0,0,0,1,0,0,3,0,4,0,0,1,1,0,0,0,-.--
142,571657,745919,8,4,0,0,0,.---,0,0-4 | 3 K,0,1,0,0,0,0,0,3,0,0,0,0,4,1,0,0,5,0,0,0,-.--
142,650489,745919,9,4,6,0,0,.---,0,"2-4 | HR, 2B, 2 K",0,0,0,1,1,0,1,2,0,0,2,0,4,0,0,3,1,0,0,0,4
136,668942,745028,1,5,4,0,0,.---,0,"2-5 | 3B, K, R",0,2,0,1,0,1,0,1,0,0,2,0,5,0,0,0,2,0,0,0,-.--
136,677594,745028,2,4,0,0,0,.---,0,0-4 | 3 K,1,0,1,0,0,0,0,3,0,0,0,0,4,0,0,0,2,0,0,0,-.--
136,593871,745028,3,4,1,0,1,1,0,"1-3 | BB, K, SB",0,1,0,0,0,0,0,1,1,0,1,0,3,0,0,0,0,0,0,0,-.--
136,571745,745028,4,4,2,0,0,.---,0,"1-4 | 2B, 2 K, RBI",0,1,0,0,1,0,0,2,0,0,1,0,4,0,0,1,3,0,0,0,-.--
136,664034,745028,5,4,2,0,0,.---,0,2-4 | K,0,1,0,0,0,0,0,1,0,0,2,0,4,0,0,0,2,0,0,0,-.--
136,670042,745028,6,4,0,0,0,.---,0,0-4 | K,0,2,1,0,0,0,0,1,0,0,0,0,4,0,0,0,4,0,0,0,-.--
136,641598,745028,7,4,0,0,0,.---,0,0-4 | K,0,2,1,0,0,0,0,1,0,0,0,0,4,0,0,0,0,0,0,0,-.--
136,664238,745028,8,4,2,0,2,1,0,"2-3 | BB, K, 2 SB",0,0,0,0,0,0,0,1,1,0,2,0,3,0,0,0,0,0,0,0,-.--
136,664874,745028,9,3,0,0,0,.---,0,0-3 | 2 K,0,1,0,0,0,0,0,2,0,0,0,0,3,0,0,0,2,0,0,0,-.--
140,543760,745028,1,5,0,0,0,.---,0,"0-4 | BB, 2 K",2,0,2,0,0,0,0,2,1,0,0,0,4,0,0,0,2,0,0,0,-.--
140,608369,745028,2,4,0,0,0,.---,0,"0-2 | BB, HBP",1,1,1,0,0,0,0,0,1,0,0,1,2,0,0,0,1,0,0,0,-.--
140,663993,745028,3,4,0,0,0,.---,0,0-2 | 2 BB,0,1,1,0,0,0,0,0,2,0,0,0,2,0,0,0,1,0,0,0,-.--
140,666969,745028,4,4,4,0,0,.---,0,"1-4 | HR, K, RBI",0,2,0,2,0,0,1,1,0,0,1,0,4,1,0,1,5,0,0,0,4
140,694497,745028,5,4,7,0,0,.---,0,"2-4 | HR, 3B, 2 K",0,0,0,1,0,1,1,2,0,0,2,0,4,0,0,2,2,0,0,0,4
140,669701,745028,6,4,0,0,0,.---,0,"0-3 | HBP, 2 K, R",0,0,1,1,0,0,0,2,0,0,0,1,3,0,0,0,1,0,0,0,-.--
140,694671,745028,7,4,4,0,0,.---,0,"3-3 | 2B, BB, R",0,0,0,1,1,0,0,0,1,0,3,0,3,0,0,0,0,0,0,0,-.--
140,641680,745028,8,4,2,0,0,.---,0,2-4 | 2 RBI,1,0,2,0,0,0,0,0,0,0,2,0,4,0,0,2,1,0,0,0,-.--
140,665750,745028,9,4,0,0,0,.---,0,0-4 | K,2,0,3,0,0,0,0,1,0,0,0,0,4,0,0,0,4,0,0,0,-.--
135,593428,746567,1,4,3,0,0,.---,0,3-4 | R,0,1,0,1,0,0,0,0,0,0,3,0,4,0,0,0,0,0,0,0,-.--
135,665487,746567,2,4,0,1,0,0,0,"0-3 | BB, R, CS",1,2,1,1,0,0,0,0,1,0,0,0,3,0,0,0,3,0,0,0,-.--
135,630105,746567,3,4,0,0,0,.---,0,0-4,2,2,2,0,0,0,0,0,0,0,0,0,4,1,0,0,4,0,0,0,-.--
135,595777,746567,4,4,1,0,0,.---,0,"1-3 | BB, 2 R",0,1,1,2,0,0,0,0,1,0,1,0,3,0,0,0,0,0,0,0,-.--
135,673490,746567,5,4,3,0,0,.---,0,"2-4 | 2B, 2 RBI, R",1,1,1,1,1,0,0,0,0,0,2,0,4,0,0,2,0,0,0,0,-.--
135,701538,746567,6,4,0,1,0,0,0,"0-3 | 2 RBI, CS",2,2,2,0,0,0,0,0,0,0,0,0,3,0,0,2,1,0,1,0,-.--
135,666703,746567,7,3,1,0,0,.---,0,"1-3 | K, RBI",1,0,1,0,0,0,0,1,0,0,1,0,3,0,0,1,1,0,0,0,-.--
135,640492,746567,8,4,0,0,0,.---,0,0-4,2,1,3,0,0,0,0,0,0,0,0,0,4,1,0,0,3,0,0,0,-.--
135,543309,746567,9,3,1,0,0,.---,0,1-3,1,1,1,0,0,0,0,0,0,0,1,0,3,0,0,0,0,0,0,0,-.--
115,453568,746567,1,4,0,0,0,.---,0,0-4 | K,1,1,2,0,0,0,0,1,0,0,0,0,4,0,0,0,1,0,0,0,-.--
115,678662,746567,2,4,0,0,0,.---,0,"0-3 | BB, 2 K",0,1,0,0,0,0,0,2,1,0,0,0,3,0,0,0,0,0,0,0,-.--
115,641857,746567,3,4,4,0,0,.---,0,"1-3 | HR, BB, RBI",0,2,0,1,0,0,1,0,1,0,1,0,3,0,0,1,0,0,0,0,3
115,553869,746567,4,4,5,0,0,.---,0,"2-4 | HR, RBI, R",0,1,1,1,0,0,1,0,0,0,2,0,4,0,0,1,0,0,0,0,4
115,660707,746567,5,4,0,0,0,.---,0,0-3 | BB,1,1,2,0,0,0,0,0,1,0,0,0,3,0,0,0,3,0,0,0,-.--
115,686668,746567,6,4,1,0,0,.---,0,1-4,1,2,1,0,0,0,0,0,0,0,1,0,4,0,0,0,3,0,0,0,-.--
115,663898,746567,7,4,1,0,0,.---,0,1-4 | K,0,2,0,0,0,0,0,1,0,0,1,0,4,0,0,0,2,0,0,0,-.--
115,595909,746567,8,2,0,0,0,.---,0,0-2,0,1,1,0,0,0,0,0,0,0,0,0,2,0,0,0,1,0,0,0,-.--
115,656248,746567,9,3,0,0,0,.---,0,0-3 | K,0,1,1,0,0,0,0,1,0,0,0,0,3,0,0,0,1,0,0,0,-.--
158,686217,745512,1,4,0,0,0,.---,0,"0-3 | BB, K, R",1,0,2,1,0,0,0,1,1,0,0,0,3,0,0,0,1,0,0,0,-.--
158,661388,745512,2,5,5,0,1,1,0,"2-4 | HR, BB, RBI",0,2,0,3,0,0,1,0,1,0,2,0,4,0,0,1,0,0,0,0,4
158,642715,745512,3,5,0,0,1,1,0,"0-3 | 2 BB, 2 K, R",0,0,1,1,0,0,0,2,2,0,0,0,3,0,0,0,3,0,0,0,-.--
158,641343,745512,4,5,2,0,0,.---,0,"2-5 | 2 K, RBI",0,1,0,0,0,0,0,2,0,0,2,0,5,0,0,1,2,0,0,0,-.--
158,656555,745512,5,5,4,0,1,1,0,"3-5 | 2B, K, 2 RBI",1,0,1,0,1,0,0,1,0,0,3,0,5,0,0,2,2,0,0,0,-.--
158,686554,745512,6,5,1,0,0,.---,0,"1-5 | 2 K, RBI",2,0,2,0,0,0,0,2,0,0,1,0,5,0,0,1,5,0,0,0,-.--
158,663368,745512,7,5,2,0,0,.---,0,"2-3 | BB, HBP, K",0,0,0,1,0,0,0,1,1,0,2,1,3,0,0,0,2,0,0,0,-.--
158,668930,745512,8,3,1,0,0,.---,0,1-3,0,1,1,0,0,0,0,0,0,0,1,0,3,0,0,0,1,0,0,0,-.--
158,686894,745512,9,4,0,0,0,.---,0,0-4 | K,1,0,3,0,0,0,0,1,0,0,0,0,4,0,0,0,4,0,0,0,-.--
134,457705,745512,1,5,0,0,0,.---,0,"0-4 | BB, 3 K",0,1,0,0,0,0,0,3,1,0,0,0,4,0,0,0,4,0,0,0,-.--
134,668804,745512,2,5,2,0,0,.---,0,"2-5 | K, R",0,2,0,1,0,0,0,1,0,0,2,0,5,0,0,0,4,0,0,0,-.--
134,642133,745512,3,3,0,0,0,.---,0,"0-2 | BB, 2 K, R",0,0,0,1,0,0,0,2,1,0,0,0,2,0,0,0,0,0,0,0,-.--
134,663698,745512,4,5,4,0,0,.---,0,"1-4 | HR, BB, 3 RBI",0,2,1,2,0,0,1,0,1,0,1,0,4,1,0,3,2,0,0,0,4
134,669261,745512,5,5,2,0,0,.---,0,"1-4 | 2B, BB, RBI",2,1,2,1,1,0,0,0,1,0,1,0,4,0,0,1,0,0,0,0,-.--
134,669707,745512,6,4,1,0,0,.---,0,1-4 | RBI,2,1,2,0,0,0,0,0,0,0,1,0,4,0,0,1,2,0,0,0,-.--
134,665833,745512,7,4,2,0,0,.---,0,"1-2 | 2B, 2 BB, K",0,0,0,0,1,0,0,1,2,0,1,0,2,0,0,0,1,0,0,0,-.--
134,572191,745512,8,4,0,0,0,.---,0,"0-2 | BB, K",0,1,1,0,0,0,0,1,1,0,0,0,2,0,0,0,1,1,0,0,-.--
134,675961,745512,9,4,1,0,1,1,0,"1-4 | K, SB",0,0,2,0,0,0,0,1,0,0,1,0,4,0,0,0,3,0,0,0,-.--
111,680776,746646,1,5,1,0,0,.---,0,"1-5 | 3 K, RBI",0,1,0,0,0,0,0,3,0,0,1,0,5,0,0,1,3,0,0,0,-.--
111,646240,746646,2,5,3,0,0,.---,0,"3-5 | K, R",1,0,1,1,0,0,0,1,0,0,3,0,5,0,0,0,1,0,0,0,-.--
111,608701,746646,3,5,4,0,0,.---,0,"2-5 | 3B, K, RBI",0,1,1,1,0,1,0,1,0,0,2,0,5,0,0,1,2,0,0,0,-.--
111,677800,746646,4,4,0,0,0,.---,0,0-3 | RBI,1,1,3,0,0,0,0,0,0,0,0,0,3,0,0,1,3,0,1,0,-.--
111,622569,746646,5,2,0,0,0,.---,0,"0-1 | BB, K",0,0,0,0,0,0,0,1,1,0,0,0,1,0,0,0,0,0,0,0,-.--
111,666915,746646,6,2,1,0,0,.---,0,1-2 | K,0,0,0,0,0,0,0,1,0,0,1,0,2,0,0,0,1,0,0,0,-.--
111,666152,746646,7,4,1,0,0,.---,0,"1-3 | HBP, R",0,1,1,1,0,0,0,0,0,0,1,1,3,0,0,0,1,0,0,0,-.--
111,624512,746646,8,4,2,0,0,.---,0,"2-3 | BB, K, R",0,0,0,1,0,0,0,1,1,0,2,0,3,0,0,0,0,0,0,0,-.--
111,678882,746646,9,4,0,0,0,.---,0,"0-4 | 2 K, RBI",0,2,0,0,0,0,0,2,0,0,0,0,4,1,0,1,5,0,0,0,-.--
114,680757,746646,1,4,1,0,0,.---,0,"1-3 | BB, R",0,0,2,1,0,0,0,0,1,0,1,0,3,0,0,0,1,0,0,0,-.--
114,671289,746646,2,4,1,1,0,0,0,"1-2 | 2 BB, R, CS",1,0,1,1,0,0,0,0,2,0,1,0,2,0,0,0,1,0,0,0,-.--
114,608070,746646,3,4,6,0,1,1,0,"3-4 | HR, 4 RBI, 2 R",1,0,1,2,0,0,1,0,0,0,3,0,4,0,0,4,1,0,0,0,4
114,647304,746646,4,4,0,0,1,1,0,"0-3 | BB, SB",1,0,3,0,0,0,0,0,1,1,0,0,3,0,0,0,2,0,0,0,-.--
114,681807,746646,5,4,0,0,0,.---,0,0-2 | 2 BB,1,1,1,0,0,0,0,0,2,0,0,0,2,0,0,0,3,0,0,0,-.--
114,665926,746646,6,4,0,0,0,.---,0,0-4 | K,1,2,1,0,0,0,0,1,0,0,0,0,4,1,0,0,2,0,0,0,-.--
114,686823,746646,7,4,6,0,0,.---,0,"2-4 | HR, 2B, RBI",1,1,1,1,1,0,1,0,0,0,2,0,4,0,0,1,1,0,0,0,4
114,672356,746646,8,4,0,0,1,1,0,"0-3 | HBP, R, SB",1,2,1,1,0,0,0,0,0,0,0,1,3,0,0,0,1,0,0,0,-.--
114,677587,746646,9,3,1,0,1,1,0,"1-3 | K, SB",0,0,1,0,0,0,0,1,0,0,1,0,3,0,0,0,1,0,0,0,-.--
143,656941,746724,1,5,0,0,0,.---,0,"0-4 | 3 K, RBI",1,0,2,0,0,0,0,3,0,0,0,0,4,0,0,1,0,0,1,0,-.--
143,607208,746724,2,5,4,0,0,.---,0,"3-5 | 2B, R",1,1,1,1,1,0,0,0,0,0,3,0,5,0,0,0,0,0,0,0,-.--
143,547180,746724,3,4,5,0,0,.---,0,"2-3 | HR, BB, 2 RBI",0,1,0,1,0,0,1,0,1,0,2,0,3,1,0,2,1,0,0,0,3
143,664761,746724,4,4,2,0,0,.---,0,"1-4 | 2B, K",1,0,2,0,1,0,0,1,0,0,1,0,4,0,0,0,3,0,0,0,-.--
143,592663,746724,5,4,1,1,0,0,0,"1-3 | HBP, K, CS",0,0,1,0,0,0,0,1,0,0,1,1,3,0,0,0,1,0,0,0,-.--
143,669016,746724,6,4,1,0,1,1,0,"1-4 | R, SB",2,1,2,1,0,0,0,0,0,0,1,0,4,0,0,0,1,0,0,0,-.--
143,592206,746724,7,4,1,0,0,.---,0,1-4 | R,1,2,1,1,0,0,0,0,0,0,1,0,4,0,0,0,2,0,0,0,-.--
143,681082,746724,8,4,4,0,0,.---,0,"2-4 | 3B, K, 2 RBI",1,0,1,1,0,1,0,1,0,0,2,0,4,0,0,2,1,0,0,0,-.--
143,679032,746724,9,4,0,0,0,.---,0,0-4,1,1,3,0,0,0,0,0,0,0,0,0,4,0,0,0,2,0,0,0,-.--
113,666181,746724,1,4,0,0,0,.---,0,"0-3 | BB, 3 K",0,0,0,0,0,0,0,3,1,0,0,0,3,0,0,0,3,0,0,0,-.--
113,682829,746724,2,4,0,0,0,.---,0,0-2 | 2 BB,0,2,0,0,0,0,0,0,2,0,0,0,2,1,0,0,1,0,0,0,-.--
113,668715,746724,3,4,0,0,0,.---,0,"0-3 | BB, K",1,0,2,0,0,0,0,1,1,0,0,0,3,0,0,0,5,0,0,0,-.--
113,687952,746724,4,4,0,0,0,.---,0,0-4 | 2 K,0,0,2,0,0,0,0,2,0,0,0,0,4,0,0,0,1,0,0,0,-.--
113,605361,746724,5,4,1,0,0,.---,0,1-4 | K,0,2,0,0,0,0,0,1,0,0,1,0,4,0,0,0,0,0,0,0,-.--
113,663697,746724,6,4,0,0,0,.---,0,0-4 | 2 K,0,2,0,0,0,0,0,2,0,0,0,0,4,0,0,0,1,0,0,0,-.--
113,600869,746724,7,4,0,0,0,.---,0,"0-3 | BB, 2 K",0,0,1,0,0,0,0,2,1,0,0,0,3,0,0,0,1,0,0,0,-.--
113,669289,746724,8,3,1,0,0,.---,0,1-3,1,0,2,0,0,0,0,0,0,0,1,0,3,0,0,0,0,0,0,0,-.--
113,571912,746724,9,3,1,0,0,.---,0,1-3 | 2 K,0,0,0,0,0,0,0,2,0,0,1,0,3,0,0,0,2,0,0,0,-.--
145,670032,745918,1,5,1,0,0,.---,0,1-5 | R,1,1,3,1,0,0,0,0,0,0,1,0,5,0,0,0,1,0,0,0,-.--
145,664901,745918,2,5,0,0,0,.---,0,"0-4 | BB, 2 K",1,1,1,0,0,0,0,2,1,0,0,0,4,0,0,0,3,0,0,0,-.--
145,657757,745918,3,5,1,0,0,.---,0,"1-4 | HBP, K",0,0,2,0,0,0,0,1,0,0,1,1,4,0,0,0,0,0,0,0,-.--
145,650391,745918,4,5,1,0,0,.---,0,"1-4 | BB, K, R",2,0,2,1,0,0,0,1,1,0,1,0,4,0,0,0,4,0,0,0,-.--
145,543257,745918,5,5,1,0,0,.---,0,1-4 | BB,1,1,2,0,0,0,0,0,1,0,1,0,4,0,0,0,2,0,0,0,-.--
145,683734,745918,6,5,3,0,1,1,0,"2-5 | 2B, K, R",0,2,0,1,1,0,0,1,0,0,2,0,5,0,0,0,5,0,0,0,-.--
145,607680,745918,7,3,0,0,0,.---,0,"0-2 | K, RBI",1,1,1,0,0,0,0,1,0,0,0,0,2,0,0,1,1,0,1,0,-.--
145,657557,745918,8,4,1,0,0,.---,0,"1-3 | BB, K, RBI",0,1,0,0,0,0,0,1,1,0,1,0,3,0,0,1,4,0,0,0,-.--
145,686676,745918,9,4,2,0,0,.---,0,2-4 | K,1,0,1,0,0,0,0,1,0,0,2,0,4,0,0,0,3,0,0,0,-.--
142,666135,745918,1,4,0,0,0,.---,0,0-3 | BB,1,2,1,0,0,0,0,0,1,0,0,0,3,0,0,0,1,0,0,0,-.--
142,666397,745918,2,4,8,0,0,.---,0,"2-4 | 2 HR, 2 RBI, 2 R",2,0,2,2,0,0,2,0,0,0,2,0,4,0,0,2,1,0,0,0,2
142,680777,745918,3,4,4,0,0,.---,0,"1-3 | HR, HBP, RBI",1,1,1,1,0,0,1,0,0,0,1,1,3,0,0,1,1,0,0,0,3
142,663616,745918,4,4,2,0,0,.---,0,"2-4 | K, R",0,0,1,1,0,0,0,1,0,0,2,0,4,0,0,0,1,0,0,0,-.--
142,596146,745918,5,4,1,0,0,.---,0,1-3 | BB,0,0,2,0,0,0,0,0,1,0,1,0,3,0,0,0,2,0,0,0,-.--
142,650489,745918,6,4,1,0,0,.---,0,1-4 | RBI,1,1,2,0,0,0,0,0,0,0,1,0,4,0,0,1,1,0,0,0,-.--
142,467793,745918,7,4,4,0,0,.---,0,"1-4 | HR, RBI, R",0,1,2,1,0,0,1,0,0,0,1,0,4,1,0,1,2,0,0,0,4
142,669304,745918,8,4,5,0,0,.---,0,"2-4 | HR, RBI, R",0,2,0,1,0,0,1,0,0,0,2,0,4,0,0,1,1,0,0,0,4
142,668885,745918,9,4,0,0,0,.---,0,0-4 | 2 K,0,0,2,0,0,0,0,2,0,0,0,0,4,0,0,0,1,0,0,0,-.--
141,543807,746320,1,3,0,0,0,.---,0,0-3 | K,1,1,1,0,0,0,0,1,0,0,0,0,3,0,0,0,0,0,0,0,-.--
141,665489,746320,2,3,0,0,0,.---,0,"0-2 | BB, K",0,1,0,0,0,0,0,1,1,0,0,0,2,0,0,0,0,0,0,0,-.--
141,666182,746320,3,3,0,0,0,.---,0,0-3 | K,1,1,1,0,0,0,0,1,0,0,0,0,3,0,0,0,1,0,0,0,-.--
141,457759,746320,4,2,2,0,0,.---,0,"1-2 | 2B, R",0,0,1,1,1,0,0,0,0,0,1,0,2,0,0,0,0,0,0,0,-.--
141,676914,746320,5,2,0,0,0,.---,0,0-0 | 2 BB,0,0,0,0,0,0,0,0,2,0,0,0,0,0,0,0,0,0,0,0,-.--
141,676391,746320,6,2,1,0,1,1,0,"1-1 | RBI, SB",0,1,0,0,0,0,0,0,0,0,1,0,1,0,0,1,0,1,0,0,-.--
141,662139,746320,7,2,1,0,0,.---,0,1-2,0,0,1,0,0,0,0,0,0,0,1,0,2,0,0,0,2,0,0,0,-.--
141,672386,746320,8,2,0,0,0,.---,0,0-2,0,0,2,0,0,0,0,0,0,0,0,0,2,0,0,0,4,0,0,0,-.--
141,643396,746320,9,2,0,0,0,.---,0,0-2 | K,0,0,1,0,0,0,0,1,0,0,0,0,2,0,0,0,0,0,0,0,-.--
118,672580,746320,1,3,0,0,0,.---,0,"0-2 | BB, K",0,0,1,0,0,0,0,1,1,0,0,0,2,0,0,0,1,0,0,0,-.--
118,677951,746320,2,3,0,0,0,.---,0,0-3,2,1,2,0,0,0,0,0,0,0,0,0,3,0,0,0,2,0,0,0,-.--
118,686469,746320,3,2,0,0,0,.---,0,"0-0 | 2 BB, R",0,0,0,1,0,0,0,0,2,0,0,0,0,0,0,0,0,0,0,0,-.--
118,521692,746320,4,2,4,0,0,.---,0,"1-2 | HR, 2 RBI, R",0,1,0,1,0,0,1,0,0,0,1,0,2,1,0,2,2,0,0,0,2
118,669004,746320,5,2,0,0,0,.---,0,0-2,2,0,2,0,0,0,0,0,0,0,0,0,2,0,0,0,0,0,0,0,-.--
118,624428,746320,6,2,0,0,0,.---,0,0-2,1,0,2,0,0,0,0,0,0,0,0,0,2,0,0,0,0,0,0,0,-.--
118,686681,746320,7,2,0,0,0,.---,0,0-2,1,1,1,0,0,0,0,0,0,0,0,0,2,0,0,0,0,0,0,0,-.--
118,666023,746320,8,2,1,0,0,.---,0,1-2,0,1,0,0,0,0,0,0,0,0,1,0,2,0,0,0,0,0,0,0,-.--
118,664728,746320,9,2,3,0,0,.---,0,1-2 | 3B,0,1,0,0,0,1,0,0,0,0,1,0,2,0,0,0,1,0,0,0,-.--
117,514888,746887,1,4,1,0,0,.---,0,1-4 | R,1,1,2,1,0,0,0,0,0,0,1,0,4,0,0,0,0,0,0,0,-.--
117,608324,746887,2,4,2,0,0,.---,0,2-4 | 2 K,0,0,0,0,0,0,0,2,0,0,2,0,4,0,0,0,0,0,0,0,-.--
117,670541,746887,3,4,0,0,0,.---,0,"0-2 | BB, RBI",2,0,3,0,0,0,0,0,1,0,0,0,2,0,0,1,1,0,1,0,-.--
117,663656,746887,4,4,1,0,0,.---,0,"1-3 | BB, K",1,0,1,0,0,0,0,1,1,0,1,0,3,0,0,0,1,0,0,0,-.--
117,673237,746887,5,4,0,0,0,.---,0,0-4 | K,1,1,2,0,0,0,0,1,0,0,0,0,4,0,0,0,5,0,0,0,-.--
117,665161,746887,6,4,0,0,0,.---,0,0-4,0,3,1,0,0,0,0,0,0,0,0,0,4,0,0,0,2,0,0,0,-.--
117,572138,746887,7,4,0,0,0,.---,0,"0-3 | BB, K",0,1,1,0,0,0,0,1,1,0,0,0,3,0,0,0,2,0,0,0,-.--
117,676801,746887,8,3,0,0,0,.---,0,0-3 | K,0,2,0,0,0,0,0,1,0,0,0,0,3,0,0,0,1,0,0,0,-.--
117,643289,746887,9,3,0,0,0,.---,0,0-3,1,1,2,0,0,0,0,0,0,0,0,0,3,0,0,0,1,0,0,0,-.--
112,663538,746887,1,5,4,0,0,.---,0,3-5 | 2B,1,0,2,0,1,0,0,0,0,0,3,0,5,0,0,0,1,0,0,0,-.--
112,643565,746887,2,4,1,0,0,.---,0,1-1 | 3 BB,0,0,0,0,0,0,0,0,3,0,1,0,1,0,0,0,0,0,0,0,-.--
112,664023,746887,3,4,0,0,0,.---,0,"0-2 | BB, HBP, K",1,0,1,0,0,0,0,1,1,0,0,1,2,0,0,0,4,0,0,0,-.--
112,683737,746887,4,4,0,0,0,.---,0,0-4 | 2 K,2,0,2,0,0,0,0,2,0,0,0,0,4,0,0,0,9,0,0,0,-.--
112,621020,746887,5,4,1,0,1,1,0,"1-4 | K, R, SB",0,1,1,1,0,0,0,1,0,0,1,0,4,0,0,0,7,0,0,0,-.--
112,663611,746887,6,4,1,0,0,.---,0,1-4,0,1,2,0,0,0,0,0,0,0,1,0,4,0,0,0,5,0,0,0,-.--
112,665804,746887,7,4,0,0,0,.---,0,"0-4 | 2 K, RBI, R",1,0,2,1,0,0,0,2,0,0,0,0,4,0,0,1,1,0,0,0,-.--
112,691718,746887,8,4,4,0,0,.---,0,"1-4 | HR, 2 K, 2 RBI",0,1,0,1,0,0,1,2,0,0,1,0,4,0,0,2,0,0,0,0,4
112,672744,746887,9,4,0,0,1,1,0,"0-3 | HBP, 2 K, SB",0,0,1,0,0,0,0,2,0,0,0,1,3,0,0,0,0,0,0,0,-.--
136,677594,745027,1,4,2,0,1,1,0,"2-4 | K, R, SB",1,0,1,1,0,0,0,1,0,0,2,0,4,0,0,0,0,0,0,0,-.--
136,571745,745027,2,4,0,0,0,.---,0,0-4 | 2 K,0,1,1,0,0,0,0,2,0,0,0,0,4,0,0,0,2,0,0,0,-.--
136,663728,745027,3,4,0,0,0,.---,0,0-4 | 2 K,0,1,1,0,0,0,0,2,0,0,0,0,4,0,0,0,1,0,0,0,-.--
136,664034,745027,4,4,4,0,0,.---,0,"1-4 | HR, K, 2 RBI",0,2,0,1,0,0,1,1,0,0,1,0,4,0,0,2,0,0,0,0,4
136,593871,745027,5,4,0,0,0,.---,0,0-4,2,2,2,0,0,0,0,0,0,0,0,0,4,0,0,0,0,0,0,0,-.--
136,664238,745027,6,3,2,0,0,.---,0,"1-3 | 2B, 2 K, R",0,0,0,1,1,0,0,2,0,0,1,0,3,0,0,0,0,0,0,0,-.--
136,641598,745027,7,3,0,0,0,.---,0,0-3 | K,0,2,0,0,0,0,0,1,0,0,0,0,3,0,0,0,1,0,0,0,-.--
136,649966,745027,8,3,4,0,0,.---,0,"1-3 | HR, K, 2 RBI",1,0,1,1,0,0,1,1,0,0,1,0,3,0,0,2,0,0,0,0,3
136,682729,745027,9,3,0,0,0,.---,0,0-3 | K,0,0,2,0,0,0,0,1,0,0,0,0,3,0,0,0,0,0,0,0,-.--
140,543760,745027,1,4,2,0,0,.---,0,2-4 | RBI,1,1,1,0,0,0,0,0,0,0,2,0,4,0,0,1,0,0,0,0,-.--
140,608369,745027,2,4,0,0,0,.---,0,"0-3 | BB, K",0,0,2,0,0,0,0,1,1,0,0,0,3,0,0,0,2,0,0,0,-.--
140,663993,745027,3,4,4,0,0,.---,0,"1-4 | HR, RBI, R",1,2,1,1,0,0,1,0,0,0,1,0,4,0,0,1,2,0,0,0,4
140,666969,745027,4,4,0,0,0,.---,0,0-4 | 2 K,1,1,1,0,0,0,0,2,0,0,0,0,4,1,0,0,2,0,0,0,-.--
140,694497,745027,5,3,0,0,0,.---,0,0-3 | K,1,0,2,0,0,0,0,1,0,0,0,0,3,0,0,0,0,0,0,0,-.--
140,669701,745027,6,4,6,0,0,.---,0,"2-4 | HR, 2B, K",1,0,1,1,1,0,1,1,0,0,2,0,4,0,0,1,1,0,0,0,4
140,694671,745027,7,4,0,0,1,1,0,"0-3 | BB, R, SB",1,1,2,1,0,0,0,0,1,0,0,0,3,0,0,0,0,0,0,0,-.--
140,677649,745027,8,3,0,0,0,.---,0,0-3 | 2 K,0,0,1,0,0,0,0,2,0,0,0,0,3,0,0,0,3,0,0,0,-.--
140,668800,745027,9,2,0,0,0,.---,0,0-2 | 2 K,0,0,0,0,0,0,0,2,0,0,0,0,2,0,0,0,2,0,0,0,-.--
135,593428,746564,1,5,3,0,0,.---,0,"2-5 | 2B, K, RBI",1,1,1,0,1,0,0,1,0,0,2,0,5,0,0,1,1,0,0,0,-.--
135,665487,746564,2,5,2,0,0,.---,0,"1-5 | 2B, 2 K, R",0,1,1,1,1,0,0,2,0,0,1,0,5,0,0,0,3,0,0,0,-.--
135,630105,746564,3,5,1,0,0,.---,0,"1-3 | BB, RBI, R",0,2,1,1,0,0,0,0,1,0,1,0,3,0,0,1,1,0,1,0,-.--
135,595777,746564,4,5,5,0,0,.---,0,"2-4 | HR, BB, 3 RBI",1,1,1,2,0,0,1,0,1,0,2,0,4,0,0,3,1,0,0,0,4
135,673490,746564,5,5,4,0,0,.---,0,"1-5 | HR, 2 K, 2 RBI",0,2,0,1,0,0,1,2,0,0,1,0,5,0,0,2,2,0,0,0,5
135,669134,746564,6,4,1,0,0,.---,0,"1-4 | 2 K, R",0,0,1,1,0,0,0,2,0,0,1,0,4,0,0,0,0,0,0,0,-.--
135,642180,746564,7,4,1,0,1,1,0,"1-3 | BB, K, R",0,1,0,1,0,0,0,1,1,0,1,0,3,0,0,0,0,0,0,0,-.--
135,666703,746564,8,4,1,0,0,.---,1,"1-2 | BB, RBI, R",0,1,1,1,0,0,0,0,1,0,1,0,2,0,0,1,0,1,0,0,-.--
135,640492,746564,9,4,1,0,0,.---,0,"1-4 | RBI, R",1,2,1,1,0,0,0,0,0,0,1,0,4,0,0,1,1,0,0,0,-.--
115,678662,746564,1,5,1,0,0,.---,0,"1-4 | BB, 2 K, 2 R",1,0,1,2,0,0,0,2,1,0,1,0,4,0,0,0,2,0,0,0,-.--
115,686668,746564,2,5,3,0,2,1,0,"3-4 | BB, K, RBI",0,0,0,3,0,0,0,1,1,0,3,0,4,0,0,1,0,0,0,0,-.--
115,641857,746564,3,5,1,0,0,.---,0,1-5 | 2 K,0,2,0,0,0,0,0,2,0,0,1,0,5,0,0,0,4,0,0,0,-.--
115,553869,746564,4,5,2,0,0,.---,0,"1-4 | 2B, 3 RBI",0,2,2,0,1,0,0,0,0,0,1,0,4,0,0,3,2,0,1,0,-.--
115,660707,746564,5,5,4,0,0,.---,0,"1-4 | HR, BB, K",0,1,1,1,0,0,1,1,1,0,1,0,4,0,0,2,2,0,0,0,4
115,663898,746564,6,5,4,0,0,.---,0,"3-4 | 2B, BB, K",0,0,0,1,1,0,0,1,1,0,3,0,4,0,0,0,2,0,0,0,-.--
115,595909,746564,7,3,2,0,0,.---,0,2-3,0,1,0,0,0,0,0,0,0,0,2,0,3,0,0,0,1,0,0,0,-.--
115,696100,746564,8,4,4,0,0,.---,0,"1-4 | HR, K, 3 RBI",1,1,1,1,0,0,1,1,0,0,1,0,4,0,0,3,4,0,0,0,4
115,607732,746564,9,4,1,0,0,.---,0,"1-4 | K, R",0,2,0,1,0,0,0,1,0,0,1,0,4,1,0,0,4,0,0,0,-.--
119,605141,744867,1,4,3,0,1,1,0,"2-3 | 2B, BB, R",1,0,1,1,1,0,0,0,1,0,2,0,3,0,0,0,0,0,0,0,-.--
119,660271,744867,2,4,0,0,0,.---,0,0-4 | 2 K,0,1,1,0,0,0,0,2,0,0,0,0,4,1,0,0,4,0,0,0,-.--
119,518692,744867,3,4,3,0,0,.---,0,"2-3 | 2B, BB, RBI",0,1,0,0,1,0,0,0,1,0,2,0,3,0,0,1,0,0,0,0,-.--
119,606192,744867,4,4,4,0,0,.---,0,"1-4 | HR, 2 K, RBI",0,1,0,1,0,0,1,2,0,0,1,0,4,1,0,1,4,0,0,0,4
119,571771,744867,5,4,2,0,0,.---,0,2-4,2,0,2,0,0,0,0,0,0,0,2,0,4,0,0,0,2,0,0,0,-.--
119,681624,744867,6,4,1,0,0,.---,0,1-4 | K,1,1,1,0,0,0,0,1,0,0,1,0,4,0,0,0,1,0,0,0,-.--
119,621035,744867,7,4,0,0,0,.---,0,0-4 | 2 K,0,2,0,0,0,0,0,2,0,0,0,0,4,1,0,0,3,0,0,0,-.--
119,500743,744867,8,4,1,0,0,.---,0,1-4,2,0,3,0,0,0,0,0,0,0,1,0,4,0,0,0,2,0,0,0,-.--
119,605131,744867,9,3,0,0,0,.---,0,0-2 | BB,1,1,1,0,0,0,0,0,1,0,0,0,2,0,0,0,3,0,0,0,-.--
120,682928,744867,1,4,1,0,1,1,0,"1-4 | R, SB",0,0,3,1,0,0,0,0,0,0,1,0,4,0,0,0,1,0,0,0,-.--
120,608385,744867,2,4,0,0,0,.---,0,0-4 | K,1,2,1,0,0,0,0,1,0,0,0,0,4,0,0,0,2,0,0,0,-.--
120,608841,744867,3,4,4,0,0,.---,0,"3-4 | 2B, K, RBI",0,0,0,0,1,0,0,1,0,0,3,0,4,0,0,1,0,0,0,0,-.--
120,671277,744867,4,4,1,0,0,.---,0,1-4 | 2 K,0,0,1,0,0,0,0,2,0,0,1,0,4,0,0,0,2,0,0,0,-.--
120,660688,744867,5,4,0,0,0,.---,0,0-4 | K,2,1,2,0,0,0,0,1,0,0,0,0,4,0,0,0,4,0,0,0,-.--
120,608336,744867,6,4,0,0,0,.---,0,"0-3 | BB, 3 K",0,0,0,0,0,0,0,3,1,0,0,0,3,0,0,0,1,0,0,0,-.--
120,592696,744867,7,2,0,0,0,.---,0,0-2,1,0,2,0,0,0,0,0,0,0,0,0,2,0,0,0,1,0,0,0,-.--
120,545121,744867,8,4,1,0,0,.---,0,1-4 | K,0,2,0,0,0,0,0,1,0,0,1,0,4,0,0,0,0,0,0,0,-.--
120,696285,744867,9,3,2,0,0,.---,0,"1-3 | 2B, 2 K",0,0,0,0,1,0,0,2,0,0,1,0,3,0,0,0,1,0,0,0,-.--
133,665923,745755,1,4,0,0,0,.---,0,0-3 | K,1,1,2,0,0,0,0,1,0,0,0,0,3,0,0,0,2,1,0,0,-.--
133,663527,745755,2,4,4,0,0,.---,0,"1-4 | HR, K, 2 RBI",0,2,0,1,0,0,1,1,0,0,1,0,4,1,0,2,3,0,0,0,4
133,667670,745755,3,4,0,0,0,.---,0,0-4 | 3 K,0,0,1,0,0,0,0,3,0,0,0,0,4,0,0,0,1,0,0,0,-.--
133,669127,745755,4,4,1,0,0,.---,0,1-4,0,2,1,0,0,0,0,0,0,0,1,0,4,0,0,0,0,0,0,0,-.--
133,647351,745755,5,3,0,0,0,.---,0,0-3,1,2,1,0,0,0,0,0,0,0,0,0,3,0,0,0,0,0,0,0,-.--
133,668709,745755,6,4,2,0,0,.---,0,1-4 | 2B,1,1,2,0,1,0,0,0,0,0,1,0,4,1,0,0,1,0,0,0,-.--
133,680474,745755,7,3,0,0,0,.---,0,0-3,2,1,2,0,0,0,0,0,0,0,0,0,3,0,0,0,1,0,0,0,-.--
133,669397,745755,8,3,4,0,0,.---,0,"1-3 | HR, RBI, R",0,1,1,1,0,0,1,0,0,0,1,0,3,0,0,1,0,0,0,0,3
133,687231,745755,9,3,2,0,1,1,0,"2-2 | BB, R, SB",0,0,0,1,0,0,0,0,1,0,2,0,2,0,0,0,0,0,0,0,-.--
147,683011,745755,1,5,2,0,0,.---,0,2-5 | K,0,1,1,0,0,0,0,1,0,0,2,0,5,0,0,0,1,0,0,0,-.--
147,665742,745755,2,5,2,0,0,.---,0,"1-4 | 2B, BB, K",0,2,0,0,1,0,0,1,1,0,1,0,4,0,0,0,2,0,0,0,-.--
147,592450,745755,3,5,0,0,0,.---,0,"0-3 | 2 BB, 2 K",1,0,1,0,0,0,0,2,2,0,0,0,3,0,0,0,2,0,0,0,-.--
147,519317,745755,4,4,0,0,0,.---,0,0-4 | 2 K,0,2,0,0,0,0,0,2,0,0,0,0,4,0,0,0,6,0,0,0,-.--
147,519203,745755,5,4,1,0,0,.---,0,1-4 | K,0,1,1,0,0,0,0,1,0,0,1,0,4,1,0,0,3,0,0,0,-.--
147,650402,745755,6,4,2,1,0,0,1,"2-4 | K, CS",1,0,1,0,0,0,0,1,0,0,2,0,4,0,0,0,2,0,0,0,-.--
147,657077,745755,7,4,2,0,0,.---,0,2-4,1,0,2,0,0,0,0,0,0,0,2,0,4,0,0,0,2,0,0,0,-.--
147,624431,745755,8,4,5,0,0,.---,0,"2-4 | HR, K, RBI",0,1,0,1,0,0,1,1,0,0,2,0,4,1,0,1,4,0,0,0,4
147,665828,745755,9,4,1,0,0,.---,0,1-4 | 2 K,0,1,0,0,0,0,0,2,0,0,1,0,4,0,0,0,2,0,0,0,-.--
118,672580,746482,1,5,2,0,0,.---,0,"2-4 | BB, 2 RBI, R",0,1,1,1,0,0,0,0,1,0,2,0,4,0,0,2,0,0,0,0,-.--
118,677951,746482,2,5,3,0,0,.---,0,"1-4 | 3B, 2 K, 3 RBI",1,0,2,1,0,1,0,2,0,0,1,0,4,0,0,3,2,0,1,0,-.--
118,686469,746482,3,5,0,0,0,.---,0,"0-4 | K, RBI",0,0,4,0,0,0,0,1,0,0,0,0,4,0,0,1,2,0,1,0,-.--
118,521692,746482,4,5,1,0,0,.---,0,1-5 | R,2,1,3,1,0,0,0,0,0,0,1,0,5,0,0,0,0,0,0,0,-.--
118,669004,746482,5,3,0,0,0,.---,0,"0-2 | BB, K",0,1,0,0,0,0,0,1,1,0,0,0,2,0,0,0,0,0,0,0,-.--
118,686681,746482,6,3,0,0,0,.---,0,0-3 | K,1,0,2,0,0,0,0,1,0,0,0,0,3,0,0,0,1,0,0,0,-.--
118,676369,746482,7,4,0,0,0,.---,0,"0-3 | BB, K, R",0,2,0,1,0,0,0,1,1,0,0,0,3,0,0,0,0,0,0,0,-.--
118,624428,746482,8,4,1,0,0,.---,0,"1-3 | HBP, 2 K, RBI",0,0,0,2,0,0,0,2,0,0,1,1,3,0,0,1,0,0,0,0,-.--
118,664728,746482,9,4,1,0,0,.---,0,"1-2 | BB, HBP, K",0,0,0,1,0,0,0,1,1,0,1,1,2,0,0,1,0,0,0,0,-.--
116,682985,746482,1,4,0,0,0,.---,0,0-4 | 2 K,0,1,1,0,0,0,0,2,0,0,0,0,4,0,0,0,0,0,0,0,-.--
116,592192,746482,2,4,2,0,0,.---,0,2-4 | K,0,0,1,0,0,0,0,1,0,0,2,0,4,0,0,0,0,0,0,0,-.--
116,679529,746482,3,4,1,0,0,.---,0,1-4 | 2 K,1,0,1,0,0,0,0,2,0,0,1,0,4,0,0,0,2,0,0,0,-.--
116,681481,746482,4,3,0,0,0,.---,0,0-3 | 2 K,0,0,1,0,0,0,0,2,0,0,0,0,3,0,0,0,2,0,0,0,-.--
116,663837,746482,5,4,1,0,0,.---,0,1-4 | K,1,0,2,0,0,0,0,1,0,0,1,0,4,0,0,0,2,0,0,0,-.--
116,690993,746482,6,4,1,0,0,.---,0,1-3 | BB,0,1,1,0,0,0,0,0,1,0,1,0,3,0,0,0,0,0,0,0,-.--
116,595879,746482,7,4,0,0,0,.---,0,0-3 | BB,2,0,3,0,0,0,0,0,1,0,0,0,3,0,0,0,3,0,0,0,-.--
116,668670,746482,8,3,0,0,0,.---,0,0-3 | K,1,0,2,0,0,0,0,1,0,0,0,0,3,0,0,0,1,0,0,0,-.--
116,678009,746482,9,2,0,0,0,.---,0,0-2 | K,1,0,1,0,0,0,0,1,0,0,0,0,2,0,0,0,1,0,0,0,-.--
133,665923,747050,1,3,0,0,0,.---,0,0-3 | K,2,0,2,0,0,0,0,1,0,0,0,0,3,0,0,0,1,0,0,0,-.--
133,663527,747050,2,5,1,0,1,1,0,"1-5 | K, SB",1,2,1,0,0,0,0,1,0,0,1,0,5,0,0,0,1,0,0,0,-.--
133,669127,747050,3,5,4,0,0,.---,0,"1-5 | HR, RBI, 2 R",1,2,2,2,0,0,1,0,0,0,1,0,5,0,0,1,2,0,0,0,5
133,667670,747050,4,5,4,0,0,.---,0,"2-4 | 2 2B, BB, K",0,0,1,1,2,0,0,1,1,0,2,0,4,0,0,1,1,0,0,0,-.--
133,668709,747050,5,5,0,0,0,.---,1,"0-2 | 3 BB, K",0,1,0,0,0,0,0,1,3,0,0,0,2,0,0,0,2,0,0,0,-.--
133,647351,747050,6,4,2,0,0,.---,0,"1-4 | 2B, 2 K, RBI",0,0,1,0,1,0,0,2,0,0,1,0,4,0,0,1,2,0,0,0,-.--
133,687231,747050,7,4,0,0,0,.---,0,"0-3 | BB, 2 K",0,1,0,0,0,0,0,2,1,0,0,0,3,0,0,0,0,0,0,0,-.--
133,671732,747050,8,4,2,0,0,.---,0,"1-3 | 2B, BB, K",0,1,0,0,1,0,0,1,1,0,1,0,3,0,0,0,0,0,0,0,-.--
133,680474,747050,9,2,1,0,0,.---,0,1-2,0,1,0,0,0,0,0,0,0,0,1,0,2,0,0,0,0,0,0,0,-.--
110,683002,747050,1,5,0,0,0,.---,0,"0-5 | 2 K, R",0,3,0,1,0,0,0,2,0,0,0,0,5,0,0,0,2,0,0,0,-.--
110,668939,747050,2,4,1,0,0,.---,0,1-3 | BB,1,0,2,0,0,0,0,0,1,0,1,0,3,0,0,0,0,0,0,0,-.--
110,656811,747050,3,4,2,0,0,.---,0,2-4 | RBI,0,2,0,0,0,0,0,0,0,0,2,0,4,0,0,1,1,0,0,0,-.--
110,623993,747050,4,4,2,0,0,.---,0,1-4 | 2B,0,2,1,0,1,0,0,0,0,0,1,0,4,0,0,0,4,0,0,0,-.--
110,663624,747050,5,4,0,0,0,.---,0,0-4 | K,1,2,1,0,0,0,0,1,0,0,0,0,4,0,0,0,1,0,0,0,-.--
110,656775,747050,6,4,4,0,0,.---,0,"1-4 | HR, RBI, R",0,2,1,1,0,0,1,0,0,0,1,0,4,0,0,1,1,0,0,0,4
110,676059,747050,7,4,0,0,0,.---,0,0-4,2,0,4,0,0,0,0,0,0,0,0,0,4,0,0,0,0,0,0,0,-.--
110,681297,747050,8,4,1,0,0,.---,0,1-4 | 3 K,0,0,0,0,0,0,0,3,0,0,1,0,4,0,0,0,1,0,0,0,-.--
110,602104,747050,9,3,0,0,0,.---,0,0-3 | K,0,1,1,0,0,0,0,1,0,0,0,0,3,0,0,0,1,0,0,0,-.--
119,605141,744949,1,4,3,0,1,1,0,"2-3 | 2B, BB, RBI",0,1,0,1,1,0,0,0,1,0,2,0,3,0,0,1,0,0,0,0,-.--
119,660271,744949,2,5,4,0,0,.---,0,"1-4 | HR, BB, RBI",0,3,0,2,0,0,1,0,1,0,1,0,4,0,0,1,3,0,0,0,4
119,518692,744949,3,4,1,1,0,0,0,"1-3 | BB, RBI, R",1,1,1,1,0,0,0,0,1,0,1,0,3,0,0,1,1,0,0,0,-.--
119,669257,744949,4,6,8,0,0,.---,0,"4-5 | HR, 2B, 3 RBI",1,1,1,3,1,0,1,0,0,0,4,0,5,0,0,3,0,0,1,0,5
119,571970,744949,5,6,6,0,0,.---,0,"3-6 | HR, K, 3 RBI",0,2,0,2,0,0,1,1,0,0,3,0,6,0,0,3,2,0,0,0,6
119,606192,744949,6,3,2,0,1,1,0,"2-3 | K, R, SB",0,0,0,1,0,0,0,1,0,0,2,0,3,0,0,0,1,0,0,0,-.--
119,681546,744949,7,5,1,0,0,.---,0,"1-4 | BB, 3 K",0,0,0,0,0,0,0,3,1,0,1,0,4,0,0,0,3,0,0,0,-.--
119,681624,744949,8,5,2,0,0,.---,0,"2-4 | RBI, R",2,0,3,1,0,0,0,0,0,0,2,0,4,0,0,1,2,0,1,0,-.--
119,666158,744949,9,5,2,0,1,1,0,"2-5 | K, RBI, SB",0,2,0,0,0,0,0,1,0,0,2,0,5,0,0,1,4,0,0,0,-.--
141,543807,744949,1,4,2,0,0,.---,0,"1-3 | 2B, BB",0,2,0,0,1,0,0,0,1,0,1,0,3,0,0,0,0,0,0,0,-.--
141,665489,744949,2,4,0,0,0,.---,0,0-4 | RBI,1,2,2,0,0,0,0,0,0,0,0,0,4,0,0,1,3,0,0,0,-.--
141,666182,744949,3,3,0,0,0,.---,0,0-3 | K,1,0,2,0,0,0,0,1,0,0,0,0,3,0,0,0,2,0,0,0,-.--
141,457759,744949,4,3,1,0,0,.---,0,1-3 | K,0,1,0,0,0,0,0,1,0,0,1,0,3,0,0,0,0,0,0,0,-.--
141,662139,744949,5,4,0,0,0,.---,0,0-3 | BB,1,1,2,0,0,0,0,0,1,0,0,0,3,0,0,0,1,0,0,0,-.--
141,643376,744949,6,4,5,0,0,.---,0,"2-4 | HR, RBI, R",0,0,2,1,0,0,1,0,0,0,2,0,4,0,0,1,1,0,0,0,4
141,680718,744949,7,4,0,0,0,.---,0,0-4 | K,1,2,1,0,0,0,0,1,0,0,0,0,4,0,0,0,3,0,0,0,-.--
141,643396,744949,8,4,1,0,0,.---,0,1-4,1,2,1,0,0,0,0,0,0,0,1,0,4,0,0,0,0,0,0,0,-.--
141,624415,744949,9,4,0,0,0,.---,0,"0-2 | 2 BB, R",0,1,1,1,0,0,0,0,2,0,0,0,2,0,0,0,3,0,0,0,-.--
112,663538,746972,1,5,1,0,0,.---,0,1-5,0,3,1,0,0,0,0,0,0,0,1,0,5,0,0,0,3,0,0,0,-.--
112,643565,746972,2,5,1,0,1,1,0,"1-4 | BB, K, 2 R",1,1,1,2,0,0,0,1,1,0,1,0,4,0,0,0,1,0,0,0,-.--
112,664023,746972,3,5,1,0,0,.---,0,1-5 | 2 K,1,1,1,0,0,0,0,2,0,0,1,0,5,0,0,0,2,0,0,0,-.--
112,666624,746972,4,5,3,0,0,.---,0,"2-5 | 2B, K, RBI",0,1,1,1,1,0,0,1,0,0,2,0,5,0,0,1,3,0,0,0,-.--
112,683737,746972,5,5,4,0,0,.---,0,"3-4 | 2B, K, RBI",0,0,1,2,1,0,0,1,0,0,3,0,4,0,0,1,1,0,1,0,-.--
112,621020,746972,6,5,2,0,0,.---,0,"2-5 | K, 2 R",0,1,1,2,0,0,0,1,0,0,2,0,5,0,0,0,4,0,0,0,-.--
112,670223,746972,7,3,1,0,0,.---,0,1-3 | RBI,2,0,2,0,0,0,0,0,0,0,1,0,3,0,0,1,1,0,0,0,-.--
112,665804,746972,8,4,0,0,0,.---,0,0-4,1,2,2,0,0,0,0,0,0,0,0,0,4,0,0,0,4,0,0,0,-.--
112,691718,746972,9,4,2,0,0,.---,0,2-3 | 2 RBI,1,1,1,0,0,0,0,0,0,0,2,0,3,0,0,2,0,1,0,0,-.--
111,680776,746972,1,4,0,0,0,.---,0,0-4 | K,1,1,2,0,0,0,0,1,0,0,0,0,4,0,0,0,2,0,0,0,-.--
111,641933,746972,2,4,5,0,0,.---,0,"2-4 | HR, RBI, R",0,1,1,1,0,0,1,0,0,0,2,0,4,0,0,1,0,0,0,0,4
111,608701,746972,3,4,0,0,0,.---,0,"0-2 | 2 BB, K",0,0,1,0,0,0,0,1,2,0,0,0,2,0,0,0,1,0,0,0,-.--
111,646240,746972,4,4,1,0,0,.---,0,1-4 | 2 K,0,1,0,0,0,0,0,2,0,0,1,0,4,1,0,0,2,0,0,0,-.--
111,657136,746972,5,4,1,0,0,.---,0,1-4,1,2,1,0,0,0,0,0,0,0,1,0,4,0,0,0,2,0,0,0,-.--
111,622569,746972,6,4,1,0,0,.---,0,1-4 | K,0,1,1,0,0,0,0,1,0,0,1,0,4,0,0,0,4,0,0,0,-.--
111,666915,746972,7,4,1,0,0,.---,0,1-4 | 3 K,0,0,0,0,0,0,0,3,0,0,1,0,4,0,0,0,1,0,0,0,-.--
111,665839,746972,8,4,2,0,0,.---,0,"1-4 | 2B, K",2,0,2,0,1,0,0,1,0,0,1,0,4,0,0,0,1,0,0,0,-.--
111,678882,746972,9,4,0,0,0,.---,0,0-4,2,1,3,0,0,0,0,0,0,0,0,0,4,0,0,0,3,0,0,0,-.--
138,680977,745835,1,4,1,0,0,.---,0,1-4,0,2,1,0,0,0,0,0,0,0,1,0,4,0,0,0,1,0,0,0,-.--
138,575929,745835,2,4,4,0,0,.---,0,"1-3 | HR, BB, RBI",0,1,1,1,0,0,1,0,1,0,1,0,3,0,0,1,1,0,0,0,3
138,663457,745835,3,4,0,0,0,.---,0,0-4 | 2 K,1,1,1,0,0,0,0,2,0,0,0,0,4,1,0,0,2,0,0,0,-.--
138,571448,745835,4,4,0,0,0,.---,0,"0-3 | HBP, K, R",0,1,1,1,0,0,0,1,0,0,0,1,3,0,0,0,0,0,0,0,-.--
138,502671,745835,5,4,1,0,0,.---,0,"1-3 | BB, R",1,0,2,1,0,0,0,0,1,0,1,0,3,0,0,0,0,0,0,0,-.--
138,676475,745835,6,4,4,0,0,.---,0,"1-3 | HR, BB, 2 K",0,0,0,1,0,0,1,2,1,0,1,0,3,0,0,3,0,0,0,0,3
138,669357,745835,7,4,0,0,0,.---,0,"0-3 | BB, K",0,2,0,0,0,0,0,1,1,0,0,0,3,0,0,0,0,0,0,0,-.--
138,543063,745835,8,4,1,0,0,.---,0,1-4 | K,2,0,2,0,0,0,0,1,0,0,1,0,4,0,0,0,3,0,0,0,-.--
138,672279,745835,9,4,0,0,0,.---,0,0-4 | 3 K,0,1,0,0,0,0,0,3,0,0,0,0,4,0,0,0,1,0,0,0,-.--
121,607043,745835,1,4,3,0,0,.---,0,2-4 | 2B,1,1,1,0,1,0,0,0,0,0,2,0,4,0,0,0,1,0,0,0,-.--
121,516782,745835,2,4,1,0,0,.---,0,1-4 | K,1,0,2,0,0,0,0,1,0,0,1,0,4,0,0,0,2,0,0,0,-.--
121,596019,745835,3,4,2,0,0,.---,0,"1-4 | 2B, K, R",1,1,1,1,1,0,0,1,0,0,1,0,4,0,0,0,4,0,0,0,-.--
121,624413,745835,4,4,0,0,0,.---,0,0-4 | K,1,1,2,0,0,0,0,1,0,0,0,0,4,1,0,0,4,0,0,0,-.--
121,502110,745835,5,4,3,0,0,.---,0,"2-4 | 2B, 2 K, RBI",0,0,0,0,1,0,0,2,0,0,2,0,4,0,0,1,0,0,0,0,-.--
121,643446,745835,6,4,0,0,0,.---,0,0-4 | K,1,1,2,0,0,0,0,1,0,0,0,0,4,0,0,0,2,0,0,0,-.--
121,664056,745835,7,3,0,0,0,.---,0,0-3,0,3,0,0,0,0,0,0,0,0,0,0,3,0,0,0,1,0,0,0,-.--
121,683146,745835,8,3,0,0,0,.---,0,0-3 | 2 K,0,1,0,0,0,0,0,2,0,0,0,0,3,0,0,0,1,0,0,0,-.--
121,621512,745835,9,3,6,0,0,.---,0,"2-3 | HR, 2B, RBI",0,0,1,1,1,0,1,0,0,0,2,0,3,0,0,1,0,0,0,0,3
120,682928,746078,1,4,1,0,0,.---,0,"1-3 | BB, R",0,1,1,1,0,0,0,0,1,1,1,0,3,0,0,0,2,0,0,0,-.--
120,608385,746078,2,4,1,0,0,.---,0,1-3 | BB,0,1,1,0,0,0,0,0,1,0,1,0,3,1,0,0,2,0,0,0,-.--
120,608841,746078,3,4,1,0,0,.---,0,"1-4 | K, 2 RBI",0,2,0,0,0,0,0,1,0,0,1,0,4,1,0,2,2,0,0,0,-.--
120,671277,746078,4,4,1,0,0,.---,0,1-4 | 2 K,0,1,0,0,0,0,0,2,0,0,1,0,4,0,0,0,3,0,0,0,-.--
120,660688,746078,5,4,0,0,0,.---,0,"0-3 | BB, K",0,1,1,0,0,0,0,1,1,0,0,0,3,0,0,0,1,0,0,0,-.--
120,592696,746078,6,4,0,0,1,1,0,0-4 | SB,1,3,1,0,0,0,0,0,0,0,0,0,4,0,0,0,4,0,0,0,-.--
120,608336,746078,7,4,0,0,0,.---,0,0-4 | 3 K,1,0,1,0,0,0,0,3,0,0,0,0,4,0,0,0,1,0,0,0,-.--
120,702358,746078,8,4,2,0,0,.---,0,2-4 | R,0,1,1,1,0,0,0,0,0,0,2,0,4,0,0,0,0,0,0,0,-.--
120,696285,746078,9,4,2,0,0,.---,0,2-3 | R,0,2,0,1,0,0,0,0,0,0,2,0,3,0,0,0,0,1,0,0,-.--
146,650333,746078,1,4,0,0,0,.---,0,0-3 | BB,2,1,2,0,0,0,0,0,1,0,0,0,3,0,0,0,1,0,0,0,-.--
146,650559,746078,2,4,0,0,0,.---,0,0-3 | BB,0,3,0,0,0,0,0,0,1,0,0,0,3,0,0,0,1,0,0,0,-.--
146,665862,746078,3,4,0,0,0,.---,0,0-4 | 2 K,0,0,2,0,0,0,0,2,0,0,0,0,4,0,0,0,3,0,0,0,-.--
146,605137,746078,4,4,0,0,0,.---,0,0-4 | 3 K,0,0,1,0,0,0,0,3,0,0,0,0,4,0,0,0,3,0,0,0,-.--
146,660821,746078,5,4,1,0,0,.---,0,1-4 | K,0,0,2,0,0,0,0,1,0,0,1,0,4,0,0,0,0,0,0,0,-.--
146,641313,746078,6,4,1,0,0,.---,0,1-4 | K,0,1,1,0,0,0,0,1,0,0,1,0,4,0,0,0,1,0,0,0,-.--
146,624503,746078,7,3,1,0,1,1,0,1-3 | SB,0,1,1,0,0,0,0,0,0,0,1,0,3,0,0,0,1,0,0,0,-.--
146,660644,746078,8,3,2,0,0,.---,0,"2-3 | K, R",0,0,0,1,0,0,0,1,0,0,2,0,3,0,0,0,1,0,0,0,-.--
146,663743,746078,9,3,1,0,0,.---,0,1-3 | RBI,0,2,0,0,0,0,0,0,0,0,1,0,3,0,0,1,1,0,0,0,-.--
114,680757,747129,1,4,4,0,0,.---,0,"1-4 | HR, RBI, R",1,2,1,1,0,0,1,0,0,0,1,0,4,0,0,1,2,0,0,0,4
114,671289,747129,2,4,2,0,0,.---,0,"1-4 | 2B, R",1,1,2,1,1,0,0,0,0,0,1,0,4,0,0,0,0,0,0,0,-.--
114,608070,747129,3,4,1,0,0,.---,0,1-4,1,1,2,0,0,0,0,0,0,0,1,0,4,0,0,0,0,0,0,0,-.--
114,647304,747129,4,4,0,0,1,1,0,"0-3 | BB, K, SB",1,1,1,0,0,0,0,1,1,0,0,0,3,0,0,0,2,0,0,0,-.--
114,681807,747129,5,4,1,0,0,.---,0,"1-4 | 2 K, RBI",0,1,0,0,0,0,0,2,0,0,1,0,4,0,0,1,1,0,0,0,-.--
114,657656,747129,6,4,0,0,0,.---,0,0-4 | 3 K,0,1,0,0,0,0,0,3,0,0,0,0,4,0,0,0,2,0,0,0,-.--
114,672356,747129,7,4,1,0,1,1,0,1-4 | SB,1,2,1,0,0,0,0,0,0,0,1,0,4,0,0,0,2,0,0,0,-.--
114,595978,747129,8,2,0,0,0,.---,0,0-2,0,1,1,0,0,0,0,0,0,0,0,0,2,0,0,0,1,0,0,0,-.--
114,677587,747129,9,3,0,0,0,.---,0,0-3 | 2 K,1,0,1,0,0,0,0,2,0,0,0,0,3,0,0,0,2,0,0,0,-.--
144,660670,747129,1,5,0,0,0,.---,0,"0-3 | 2 BB, K, R",1,1,1,1,0,0,0,1,2,0,0,0,3,0,0,0,1,0,0,0,-.--
144,645277,747129,2,4,3,0,0,.---,0,"2-4 | 2B, RBI, R",2,0,2,1,1,0,0,0,0,0,2,0,4,0,0,1,2,0,0,0,-.--
144,663586,747129,3,4,0,0,0,.---,0,"0-3 | BB, K, R",2,0,2,1,0,0,0,1,1,0,0,0,3,0,0,0,3,0,0,0,-.--
144,621566,747129,4,4,1,0,0,.---,0,"1-3 | HBP, K, RBI",0,1,0,1,0,0,0,1,0,0,1,1,3,0,0,1,1,0,0,0,-.--
144,542303,747129,5,4,2,0,0,.---,0,"1-3 | 2B, BB, 2 K",0,0,0,1,1,0,0,2,1,0,1,0,3,0,0,2,0,0,0,0,-.--
144,518595,747129,6,4,0,0,0,.---,0,"0-3 | HBP, K",0,1,1,0,0,0,0,1,0,0,0,1,3,0,0,0,1,0,0,0,-.--
144,671739,747129,7,4,2,0,0,.---,0,"1-4 | 2B, 2 K, RBI",0,1,0,0,1,0,0,2,0,0,1,0,4,0,0,1,3,0,0,0,-.--
144,606115,747129,8,4,5,0,0,.---,0,"2-4 | HR, RBI, R",0,2,0,1,0,0,1,0,0,0,2,0,4,0,0,1,1,0,0,0,4
144,594807,747129,9,4,1,0,0,.---,0,1-4 | K,1,1,1,0,0,0,0,1,0,0,1,0,4,1,0,0,2,0,0,0,-.--
139,650490,746808,1,5,2,0,0,.---,0,"1-2 | 2B, 2 BB, HBP",0,0,0,0,1,0,0,1,2,0,1,1,2,0,0,0,1,0,0,0,-.--
139,668227,746808,2,5,0,0,0,.---,0,"0-3 | 2 BB, K",0,2,0,0,0,0,0,1,2,0,0,0,3,0,0,0,5,0,0,0,-.--
139,642708,746808,3,5,1,0,0,.---,0,"1-4 | BB, K, RBI",2,0,2,1,0,0,0,1,1,0,1,0,4,0,0,1,3,0,0,0,-.--
139,670623,746808,4,5,1,0,0,.---,0,1-5,0,1,3,0,0,0,0,0,0,0,1,0,5,0,0,0,6,0,0,0,-.--
139,623912,746808,5,5,1,0,0,.---,0,"1-4 | BB, R",0,3,0,1,0,0,0,0,1,0,1,0,4,0,0,0,3,0,0,0,-.--
139,678554,746808,6,5,2,0,0,.---,0,"2-5 | K, RBI",0,1,1,0,0,0,0,1,0,0,2,0,5,0,0,1,1,0,0,0,-.--
139,676609,746808,7,5,1,0,0,.---,0,"1-5 | K, R",0,2,1,1,0,0,0,1,0,0,1,0,5,0,0,0,3,0,0,0,-.--
139,642350,746808,8,4,1,0,0,.---,0,"1-4 | K, RBI",0,1,1,0,0,0,0,1,0,0,1,0,4,0,0,1,1,0,0,0,-.--
139,650907,746808,9,3,2,0,0,.---,0,"1-2 | 2B, BB, RBI",0,1,0,1,1,0,0,0,1,0,1,0,2,0,0,1,0,0,0,0,-.--
145,670032,746808,1,5,3,0,0,.---,0,"2-5 | 2B, R",1,2,1,1,1,0,0,0,0,0,2,0,5,0,0,0,1,0,0,0,-.--
145,502054,746808,2,5,2,0,0,.---,0,2-5 | R,0,3,0,1,0,0,0,0,0,0,2,0,5,0,0,0,1,0,0,0,-.--
145,543257,746808,3,4,0,0,0,.---,0,0-2 | 2 BB,1,0,2,0,0,0,0,0,2,0,0,0,2,0,0,0,2,0,0,0,-.--
145,650391,746808,4,5,4,0,0,.---,0,"1-4 | HR, BB, 2 K",0,1,0,1,0,0,1,2,1,0,1,0,4,0,0,2,3,0,0,0,4
145,683734,746808,5,4,0,0,0,.---,0,"0-3 | 2 K, RBI",1,1,1,0,0,0,0,2,0,0,0,0,3,0,0,1,2,0,1,0,-.--
145,643217,746808,6,4,1,0,0,.---,0,1-4 | K,1,1,1,0,0,0,0,1,0,0,1,0,4,0,0,0,2,0,0,0,-.--
145,664901,746808,7,4,3,0,0,.---,0,"2-4 | 2B, K, 2 R",0,1,0,2,1,0,0,1,0,0,2,0,4,0,0,0,1,0,0,0,-.--
145,657557,746808,8,4,2,0,0,.---,0,"2-4 | K, RBI, R",0,0,1,1,0,0,0,1,0,0,2,0,4,0,0,1,1,0,0,0,-.--
145,455117,746808,9,4,5,0,0,.---,0,"2-4 | HR, 3 RBI, 2 R",1,1,1,2,0,0,1,0,0,0,2,0,4,1,0,3,2,0,0,0,4
113,666181,745025,1,4,0,0,0,.---,0,0-4 | 3 K,1,0,1,0,0,0,0,3,0,0,0,0,4,0,0,0,0,0,0,0,-.--
113,682829,745025,2,4,0,0,2,1,0,"0-2 | 2 BB, K, R",0,1,0,1,0,0,0,1,2,0,0,0,2,0,0,0,0,0,0,0,-.--
113,668715,745025,3,4,1,0,1,1,0,"1-2 | 2 BB, SB",1,0,1,0,0,0,0,0,2,0,1,0,2,0,0,0,0,0,0,0,-.--
113,687952,745025,4,4,0,0,0,.---,0,0-4 | 2 K,1,1,1,0,0,0,0,2,0,0,0,0,4,0,0,0,5,0,0,0,-.--
113,663886,745025,5,4,0,0,1,1,0,"0-3 | BB, K, SB",0,2,0,0,0,0,0,1,1,0,0,0,3,0,0,0,0,0,0,0,-.--
113,663697,745025,6,4,2,0,0,.---,0,2-4 | K,0,1,0,0,0,0,0,1,0,0,2,0,4,0,0,0,2,0,0,0,-.--
113,600869,745025,7,4,0,0,0,.---,0,0-4 | 3 K,0,1,0,0,0,0,0,3,0,0,0,0,4,0,0,0,2,0,0,0,-.--
113,669289,745025,8,3,0,0,0,.---,0,0-3,0,2,1,0,0,0,0,0,0,0,0,0,3,0,0,0,2,0,0,0,-.--
113,656413,745025,9,3,0,0,0,.---,0,0-3 | K,1,1,1,0,0,0,0,1,0,0,0,0,3,0,0,0,0,0,0,0,-.--
140,543760,745025,1,4,4,0,0,.---,0,"1-4 | HR, RBI, R",1,0,3,1,0,0,1,0,0,0,1,0,4,0,0,1,2,0,0,0,4
140,608369,745025,2,4,1,0,0,.---,0,1-4 | K,1,1,1,0,0,0,0,1,0,0,1,0,4,0,0,0,1,0,0,0,-.--
140,663993,745025,3,4,1,0,0,.---,0,1-4 | K,0,2,0,0,0,0,0,1,0,0,1,0,4,1,0,0,2,0,0,0,-.--
140,666969,745025,4,3,0,0,0,.---,0,0-3 | K,1,1,1,0,0,0,0,1,0,0,0,0,3,0,0,0,1,0,0,0,-.--
140,694497,745025,5,3,5,0,0,.---,0,"2-3 | HR, RBI, R",0,1,0,1,0,0,1,0,0,0,2,0,3,0,0,1,0,0,0,0,3
140,669701,745025,6,3,2,0,0,.---,0,1-3 | 2B,0,1,1,0,1,0,0,0,0,0,1,0,3,1,0,0,1,0,0,0,-.--
140,694671,745025,7,3,0,0,0,.---,0,0-3 | K,1,1,1,0,0,0,0,1,0,0,0,0,3,0,0,0,1,0,0,0,-.--
140,641680,745025,8,3,0,0,0,.---,0,0-3 | K,2,0,2,0,0,0,0,1,0,0,0,0,3,0,0,0,1,0,0,0,-.--
140,665750,745025,9,3,3,0,0,.---,0,2-3 | 2B,0,1,0,0,1,0,0,0,0,0,2,0,3,0,0,0,0,0,0,0,-.--
147,683011,746000,1,5,0,0,0,.---,0,0-5 | 2 K,2,1,2,0,0,0,0,2,0,0,0,0,5,0,0,0,2,0,0,0,-.--
147,665742,746000,2,5,5,0,0,.---,0,"2-4 | HR, BB, RBI",1,1,1,1,0,0,1,0,1,0,2,0,4,0,0,1,1,0,0,0,4
147,592450,746000,3,5,0,0,0,.---,0,"0-4 | BB, 2 K",1,1,1,0,0,0,0,2,1,1,0,0,4,1,0,0,3,0,0,0,-.--
147,519203,746000,4,5,0,0,0,.---,0,0-5 | 2 K,1,2,1,0,0,0,0,2,0,0,0,0,5,0,0,0,4,0,0,0,-.--
147,650402,746000,5,5,0,0,0,.---,0,0-5 | K,3,1,3,0,0,0,0,1,0,0,0,0,5,0,0,0,1,0,0,0,-.--
147,657077,746000,6,5,4,1,0,0,0,"1-4 | HR, BB, RBI",0,2,1,1,0,0,1,0,1,0,1,0,4,0,0,1,1,0,0,0,4
147,665828,746000,7,5,1,0,1,1,0,"1-4 | BB, R, SB",0,2,1,1,0,0,0,0,1,0,1,0,4,0,0,0,1,0,0,0,-.--
147,669224,746000,8,2,0,0,0,.---,0,"0-1 | BB, R",0,0,1,1,0,0,0,0,1,0,0,0,1,0,0,0,0,0,0,0,-.--
147,663757,746000,9,3,4,0,0,.---,0,"1-2 | HR, BB, K",0,0,0,1,0,0,1,1,1,0,1,0,2,0,0,3,0,0,0,0,2
158,686217,746000,1,5,0,0,0,.---,0,"0-4 | BB, K",1,1,2,0,0,0,0,1,1,0,0,0,4,0,0,0,0,0,0,0,-.--
158,661388,746000,2,5,2,0,0,.---,0,"1-5 | 2B, K, R",1,1,2,1,1,0,0,1,0,0,1,0,5,0,0,0,2,0,0,0,-.--
158,642715,746000,3,5,1,0,0,.---,0,"1-4 | BB, RBI",2,1,2,0,0,0,0,0,1,0,1,0,4,0,0,1,1,0,0,0,-.--
158,656555,746000,4,5,2,0,0,.---,0,"2-5 | 2 K, R",1,0,1,1,0,0,0,2,0,0,2,0,5,0,0,0,2,0,0,0,-.--
158,663368,746000,5,5,4,0,0,.---,0,"1-5 | HR, K, 2 RBI",1,2,1,1,0,0,1,1,0,0,1,0,5,0,0,2,3,0,0,0,5
158,596142,746000,6,5,2,0,0,.---,0,"1-5 | 2B, 2 K, R",0,2,0,1,1,0,0,2,0,0,1,0,5,0,0,0,1,0,0,0,-.--
158,668930,746000,7,5,2,0,1,1,0,"2-4 | BB, R, SB",1,1,1,1,0,0,0,0,1,0,2,0,4,0,0,0,2,0,0,0,-.--
158,687401,746000,8,5,5,0,0,.---,0,"2-4 | HR, K, 4 RBI",2,0,2,1,0,0,1,1,0,0,2,0,4,0,0,4,2,0,1,0,4
158,694192,746000,9,3,0,0,0,.---,0,0-3 | 2 K,0,1,0,0,0,0,0,2,0,0,0,0,3,0,0,0,1,0,0,0,-.--
142,680777,746243,1,5,1,0,0,.---,0,"1-4 | HBP, K, RBI",0,2,0,0,0,0,0,1,0,0,1,1,4,0,0,1,2,0,0,0,-.--
142,621439,746243,2,5,1,0,0,.---,0,"1-5 | K, RBI",1,1,2,0,0,0,0,1,0,0,1,0,5,0,0,1,5,0,0,0,-.--
142,622534,746243,3,3,0,0,0,.---,0,0-3 | K,1,1,1,0,0,0,0,1,0,0,0,0,3,0,0,0,1,0,0,0,-.--
142,669304,746243,4,4,3,0,0,.---,0,"2-4 | 2B, R",1,1,1,1,1,0,0,0,0,0,2,0,4,0,0,0,1,0,0,0,-.--
142,467793,746243,5,4,5,0,0,.---,0,"2-4 | HR, 2 RBI, R",0,2,0,1,0,0,1,0,0,0,2,0,4,2,0,2,2,0,0,0,4
142,668885,746243,6,4,0,0,1,1,0,"0-3 | BB, K, R",1,1,1,1,0,0,0,1,1,0,0,0,3,0,0,0,1,0,0,0,-.--
142,543877,746243,7,4,1,0,0,.---,0,1-4 | K,0,1,1,0,0,0,0,1,0,0,1,0,4,0,0,0,2,0,0,0,-.--
142,571657,746243,8,2,0,0,0,.---,0,0-2,1,1,1,0,0,0,0,0,0,0,0,0,2,1,0,0,1,0,0,0,-.--
142,650489,746243,9,4,5,0,0,.---,0,"3-4 | 2 2B, K, RBI",0,0,0,2,2,0,0,1,0,0,3,0,4,0,0,1,1,0,0,0,-.--
108,545361,746243,1,5,0,1,0,0,0,"0-3 | 2 BB, K, CS",0,1,1,0,0,0,0,1,2,0,0,0,3,0,0,0,4,0,0,0,-.--
108,694384,746243,2,4,1,0,0,.---,0,"1-3 | BB, 2 RBI",0,2,0,0,0,0,0,0,1,0,1,0,3,0,0,2,1,0,0,0,-.--
108,621493,746243,3,4,0,0,0,.---,0,"0-3 | BB, K",2,0,2,0,0,0,0,1,1,0,0,0,3,0,0,0,3,0,0,0,-.--
108,593934,746243,4,2,0,0,0,.---,0,0-2 | 2 K,0,0,0,0,0,0,0,2,0,0,0,0,2,0,0,0,1,0,0,0,-.--
108,592273,746243,5,4,0,0,0,.---,0,0-4,1,1,3,0,0,0,0,0,0,0,0,0,4,0,0,0,0,0,0,0,-.--
108,666176,746243,6,4,0,0,0,.---,0,"0-3 | BB, K",2,0,2,0,0,0,0,1,1,0,0,0,3,0,0,0,0,0,0,0,-.--
108,681351,746243,7,4,0,0,0,.---,0,"0-4 | K, R",1,1,2,1,0,0,0,1,0,0,0,0,4,0,0,0,1,0,0,0,-.--
108,650859,746243,8,4,1,0,0,.---,0,"1-3 | BB, K, R",0,1,0,1,0,0,0,1,1,0,1,0,3,0,0,0,0,0,0,0,-.--
108,687263,746243,9,4,5,0,0,.---,0,"3-4 | 2 2B, K, RBI",0,0,0,1,2,0,0,1,0,0,3,0,4,0,0,1,0,0,0,0,-.--
109,606466,745269,1,4,1,0,0,.---,0,"1-3 | BB, K",1,0,1,0,0,0,0,1,1,0,1,0,3,0,0,0,0,0,0,0,-.--
109,592626,745269,2,4,0,0,0,.---,0,"0-1 | 2 BB, HBP, K",0,0,0,0,0,0,0,1,2,0,0,1,1,0,0,0,0,0,0,0,-.--
109,666971,745269,3,4,0,0,0,.---,0,0-4,0,3,1,0,0,0,0,0,0,0,0,0,4,2,0,0,5,0,0,0,-.--
109,572233,745269,4,4,1,0,0,.---,0,"1-3 | BB, K",0,1,0,0,0,0,0,1,1,0,1,0,3,0,0,0,1,0,0,0,-.--
109,553993,745269,5,4,0,0,0,.---,0,0-4 | 2 K,1,1,1,0,0,0,0,2,0,0,0,0,4,0,0,0,4,0,0,0,-.--
109,672515,745269,6,3,0,0,0,.---,0,0-3 | K,1,1,1,0,0,0,0,1,0,0,0,0,3,1,0,0,1,0,0,0,-.--
109,682998,745269,7,3,0,0,0,.---,0,0-3 | K,0,1,1,0,0,0,0,1,0,0,0,0,3,0,0,0,0,0,0,0,-.--
109,621028,745269,8,3,4,0,0,.---,0,"1-3 | HR, RBI, R",0,0,2,1,0,0,1,0,0,0,1,0,3,0,0,1,0,0,0,0,3
109,656976,745269,9,3,0,0,0,.---,0,0-3,1,1,2,0,0,0,0,0,0,0,0,0,3,0,0,0,0,0,0,0,-.--
136,668942,745269,1,4,4,0,0,.---,0,"1-3 | HR, BB, RBI",1,0,2,2,0,0,1,0,1,0,1,0,3,0,0,1,0,0,0,0,3
136,677594,745269,2,4,2,0,0,.---,0,"2-4 | 2 K, R",0,0,0,1,0,0,0,2,0,0,2,0,4,0,0,0,0,0,0,0,-.--
136,663728,745269,3,4,0,0,0,.---,0,"0-3 | BB, 2 K, R",0,1,0,1,0,0,0,2,1,0,0,0,3,0,0,0,1,0,0,0,-.--
136,571745,745269,4,4,4,0,0,.---,0,"1-4 | HR, K, 4 RBI",0,1,1,1,0,0,1,1,0,0,1,0,4,0,0,4,0,0,0,0,4
136,593871,745269,5,3,0,0,0,.---,0,0-2 | BB,1,0,2,0,0,0,0,0,1,0,0,0,2,0,0,0,0,0,0,0,-.--
136,664034,745269,6,3,0,0,0,.---,0,0-3,1,2,1,0,0,0,0,0,0,0,0,0,3,0,0,0,1,0,0,0,-.--
136,641598,745269,7,3,4,0,0,.---,0,"1-3 | HR, RBI, R",0,2,0,1,0,0,1,0,0,0,1,0,3,1,0,1,1,0,0,0,3
136,670042,745269,8,3,0,0,0,.---,0,0-3,1,0,3,0,0,0,0,0,0,0,0,0,3,0,0,0,0,0,0,0,-.--
136,664238,745269,9,3,0,0,0,.---,0,0-3 | K,0,1,1,0,0,0,0,1,0,0,0,0,3,0,0,0,0,0,0,0,-.--
143,656941,745424,1,5,4,0,0,.---,0,"1-3 | HR, 2 BB, RBI",1,1,1,1,0,0,1,0,2,0,1,0,3,0,0,1,0,0,0,0,3
143,607208,745424,2,5,1,0,1,1,0,"1-4 | BB, K, R",0,1,1,1,0,0,0,1,1,0,1,0,4,0,0,0,3,0,0,0,-.--
143,547180,745424,3,5,4,0,0,.---,0,"1-5 | HR, 2 K, RBI",0,2,0,1,0,0,1,2,0,0,1,0,5,0,0,1,3,0,0,0,5
143,664761,745424,4,5,4,0,0,.---,0,"3-5 | 2B, K, RBI",1,0,1,2,1,0,0,1,0,0,3,0,5,0,0,1,0,0,0,0,-.--
143,592663,745424,5,5,6,0,0,.---,0,"2-4 | HR, 2B, BB",1,1,1,2,1,0,1,0,1,0,2,0,4,0,0,2,1,0,0,0,4
143,669016,745424,6,5,7,0,0,.---,0,"3-5 | HR, 2B, 3 RBI",1,0,2,1,1,0,1,0,0,0,3,0,5,0,0,3,0,0,0,0,5
143,592206,745424,7,5,4,0,0,.---,0,"1-5 | HR, K, RBI",1,2,1,1,0,0,1,1,0,0,1,0,5,0,0,1,3,0,0,0,5
143,681082,745424,8,4,0,0,0,.---,0,0-4 | 2 K,0,0,2,0,0,0,0,2,0,0,0,0,4,0,0,0,0,0,0,0,-.--
143,679032,745424,9,4,1,0,0,.---,0,1-4 | K,1,1,1,0,0,0,0,1,0,0,1,0,4,0,0,0,0,0,0,0,-.--
135,593428,745424,1,4,0,0,0,.---,0,0-4 | K,0,2,1,0,0,0,0,1,0,0,0,0,4,0,0,0,1,0,0,0,-.--
135,665487,745424,2,3,0,0,0,.---,0,0-3 | 2 K,1,0,1,0,0,0,0,2,0,0,0,0,3,0,0,0,1,0,0,0,-.--
135,630105,745424,3,4,2,0,0,.---,0,"1-4 | 2B, 2 K, RBI",1,0,1,0,1,0,0,2,0,0,1,0,4,0,0,1,0,0,0,0,-.--
135,592518,745424,4,4,1,0,0,.---,0,1-4 | 2 K,0,1,0,0,0,0,0,2,0,0,1,0,4,0,0,0,1,0,0,0,-.--
135,595777,745424,5,4,1,0,0,.---,0,1-4,1,1,2,0,0,0,0,0,0,0,1,0,4,0,0,0,0,0,0,0,-.--
135,673490,745424,6,3,0,0,0,.---,0,"0-2 | BB, K",0,1,0,0,0,0,0,1,1,0,0,0,2,0,0,0,2,0,0,0,-.--
135,669134,745424,7,4,2,0,0,.---,0,2-4 | R,1,1,1,1,0,0,0,0,0,0,2,0,4,0,0,0,0,0,0,0,-.--
135,688363,745424,8,4,4,0,0,.---,0,"1-4 | HR, K, 2 RBI",1,0,2,1,0,0,1,1,0,0,1,0,4,0,0,2,2,0,0,0,4
135,640492,745424,9,3,1,0,0,.---,0,"1-3 | K, R",0,1,0,1,0,0,0,1,0,0,1,0,3,0,0,0,0,0,0,0,-.--
134,457705,745347,1,5,0,0,0,.---,0,"0-3 | BB, HBP",3,0,3,0,0,0,0,0,1,0,0,1,3,0,0,0,0,0,0,0,-.--
134,668804,745347,2,5,0,0,0,.---,0,0-5 | 2 K,0,2,1,0,0,0,0,2,0,0,0,0,5,1,0,0,6,0,0,0,-.--
134,663647,745347,3,4,2,0,0,.---,0,2-4 | K,0,1,0,0,0,0,0,1,0,0,2,0,4,0,0,0,0,0,0,0,-.--
134,656582,745347,4,4,2,0,0,.---,0,"1-4 | 2B, K",0,2,0,0,1,0,0,1,0,0,1,0,4,0,0,0,1,0,0,0,-.--
134,658668,745347,5,3,1,0,0,.---,0,1-3 | K,0,1,0,0,0,0,0,1,0,0,1,0,3,0,0,0,2,0,0,0,-.--
134,669707,745347,6,4,2,0,0,.---,0,1-4 | 2B,0,2,1,0,1,0,0,0,0,0,1,0,4,0,0,0,2,0,0,0,-.--
134,665833,745347,7,4,1,0,0,.---,0,1-4 | 3 K,0,0,0,0,0,0,0,3,0,0,1,0,4,0,0,0,2,0,0,0,-.--
134,572191,745347,8,4,2,0,1,1,0,2-4 | SB,1,1,1,0,0,0,0,0,0,0,2,0,4,0,0,0,2,0,0,0,-.--
134,680779,745347,9,3,0,0,0,.---,0,"0-2 | BB, 2 K",0,0,0,0,0,0,0,2,1,0,0,0,2,0,0,0,1,0,0,0,-.--
137,808982,745347,1,4,1,0,0,.---,0,1-3 | BB,0,2,0,0,0,0,0,0,1,0,1,0,3,0,0,0,0,0,0,0,-.--
137,664774,745347,2,3,0,0,0,.---,0,0-2 | BB,1,1,1,0,0,0,0,0,1,0,0,0,2,0,0,0,0,0,0,0,-.--
137,624585,745347,3,4,0,0,0,.---,0,0-4 | 2 K,0,2,0,0,0,0,0,2,0,0,0,0,4,0,0,0,4,0,0,0,-.--
137,624424,745347,4,4,1,0,0,.---,0,"1-3 | BB, R",0,2,0,1,0,0,0,0,1,0,1,0,3,0,0,0,2,0,0,0,-.--
137,656305,745347,5,4,1,0,0,.---,0,"1-4 | K, R",1,0,2,1,0,0,0,1,0,0,1,0,4,0,0,0,1,0,0,0,-.--
137,672275,745347,6,4,4,0,0,.---,0,"1-4 | HR, K, 3 RBI",2,0,2,1,0,0,1,1,0,0,1,0,4,0,0,3,1,0,0,0,4
137,573262,745347,7,3,1,0,0,.---,0,1-3 | K,1,0,1,0,0,0,0,1,0,0,1,0,3,0,0,0,0,0,0,0,-.--
137,666149,745347,8,3,0,0,0,.---,0,0-3 | K,0,1,1,0,0,0,0,1,0,0,0,0,3,0,0,0,2,0,0,0,-.--
137,605113,745347,9,3,1,1,0,0,1,"1-3 | K, CS",0,1,0,0,0,0,0,1,0,0,1,0,3,0,0,0,0,0,0,0,-.--
119,605141,744946,1,5,5,0,1,1,0,"3-5 | 3B, RBI, R",1,0,2,1,0,1,0,0,0,0,3,0,5,0,0,1,2,0,0,0,-.--
119,660271,744946,2,5,1,0,0,.---,0,"1-5 | K, RBI",1,2,1,0,0,0,0,1,0,0,1,0,5,0,0,1,3,0,0,0,-.--
119,518692,744946,3,5,1,0,0,.---,0,"1-3 | BB, K, RBI",1,1,1,0,0,0,0,1,1,0,1,0,3,0,0,1,3,0,1,0,-.--
119,669257,744946,4,5,2,0,0,.---,0,1-5 | 2B,3,1,3,0,1,0,0,0,0,0,1,0,5,0,0,0,4,0,0,0,-.--
119,606192,744946,5,4,1,0,0,.---,0,1-4,0,3,0,0,0,0,0,0,0,0,1,0,4,0,0,0,3,0,0,0,-.--
119,571771,744946,6,4,1,0,0,.---,0,1-4 | R,0,1,2,1,0,0,0,0,0,0,1,0,4,0,0,0,1,0,0,0,-.--
119,681624,744946,7,4,1,0,0,.---,0,1-4 | R,2,0,3,1,0,0,0,0,0,0,1,0,4,0,0,0,1,0,0,0,-.--
119,500743,744946,8,4,2,0,0,.---,0,"1-4 | 2B, R",1,2,1,1,1,0,0,0,0,0,1,0,4,0,0,0,2,0,0,0,-.--
119,621035,744946,9,4,1,0,0,.---,0,"1-3 | K, RBI",0,2,0,0,0,0,0,1,0,0,1,0,3,0,0,1,0,1,0,0,-.--
141,666182,744946,1,4,0,0,0,.---,0,0-4 | K,2,0,3,0,0,0,0,1,0,0,0,0,4,0,0,0,0,0,0,0,-.--
141,665489,744946,2,4,2,0,0,.---,0,"1-4 | 2B, 3 K",0,0,0,0,1,0,0,3,0,0,1,0,4,0,0,0,0,0,0,0,-.--
141,662139,744946,3,4,0,0,0,.---,0,0-4 | 2 K,1,1,1,0,0,0,0,2,0,0,0,0,4,0,0,0,1,0,0,0,-.--
141,457759,744946,4,4,0,0,0,.---,0,0-4 | 3 K,0,1,0,0,0,0,0,3,0,0,0,0,4,0,0,0,0,0,0,0,-.--
141,643376,744946,5,4,0,0,0,.---,0,"0-2 | 2 BB, K, R",1,0,1,1,0,0,0,1,2,0,0,0,2,0,0,0,0,0,0,0,-.--
141,676914,744946,6,4,3,0,0,.---,0,"2-3 | 2B, BB, K",0,0,0,1,1,0,0,1,1,0,2,0,3,0,0,1,1,0,0,0,-.--
141,624415,744946,7,4,1,0,0,.---,0,"1-3 | 2 K, RBI",0,0,0,0,0,0,0,2,0,0,1,0,3,0,0,1,2,0,0,1,-.--
141,676391,744946,8,2,0,0,0,.---,0,0-2 | K,0,1,0,0,0,0,0,1,0,0,0,0,2,0,0,0,2,0,0,0,-.--
141,680718,744946,9,3,0,0,0,.---,0,0-3 | K,1,0,2,0,0,0,0,1,0,0,0,0,3,0,0,0,1,0,0,0,-.--
133,665923,747052,1,4,1,0,0,.---,0,1-4 | K,0,1,1,0,0,0,0,1,0,0,1,0,4,0,0,0,2,0,0,0,-.--
133,663527,747052,2,4,1,0,0,.---,0,1-4,1,1,2,0,0,0,0,0,0,0,1,0,4,0,0,0,3,0,0,0,-.--
133,667670,747052,3,3,1,0,0,.---,0,1-3 | 2 K,0,0,0,0,0,0,0,2,0,0,1,0,3,0,0,0,1,0,0,0,-.--
133,669127,747052,4,4,0,0,0,.---,0,0-4,0,2,2,0,0,0,0,0,0,0,0,0,4,2,0,0,3,0,0,0,-.--
133,647351,747052,5,3,1,0,0,.---,0,1-2 | HBP,0,1,0,0,0,0,0,0,0,0,1,1,2,0,0,0,0,0,0,0,-.--
133,668709,747052,6,3,0,0,0,.---,0,0-3 | K,0,1,1,0,0,0,0,1,0,0,0,0,3,1,0,0,2,0,0,0,-.--
133,680474,747052,7,3,0,0,0,.---,0,0-2 | HBP,1,1,1,0,0,0,0,0,0,0,0,1,2,0,0,0,0,0,0,0,-.--
133,669397,747052,8,3,0,0,0,.---,0,0-3 | 2 K,1,0,1,0,0,0,0,2,0,0,0,0,3,0,0,0,1,0,0,0,-.--
133,687231,747052,9,3,1,0,0,.---,0,1-3,0,2,0,0,0,0,0,0,0,0,1,0,3,0,0,0,0,0,0,0,-.--
110,683002,747052,1,4,5,0,1,1,0,"2-4 | HR, 2 K, 2 RBI",0,0,0,2,0,0,1,2,0,0,2,0,4,0,0,2,0,0,0,0,4
110,668939,747052,2,4,4,0,0,.---,0,"1-4 | HR, K, RBI",0,2,0,1,0,0,1,1,0,0,1,0,4,0,0,1,1,0,0,0,4
110,663624,747052,3,4,4,0,0,.---,0,"1-4 | HR, 2 K, RBI",0,1,0,1,0,0,1,2,0,0,1,0,4,0,0,1,1,0,0,0,4
110,623993,747052,4,4,2,0,0,.---,0,"1-4 | 2B, K, RBI",1,0,2,1,1,0,0,1,0,0,1,0,4,0,0,1,0,0,0,0,-.--
110,676059,747052,5,4,2,0,0,.---,0,"2-4 | K, RBI, R",1,0,1,1,0,0,0,1,0,0,2,0,4,0,0,1,0,0,0,0,-.--
110,656775,747052,6,4,1,0,0,.---,0,1-4,2,1,2,0,0,0,0,0,0,0,1,0,4,0,0,0,1,0,0,0,-.--
110,543510,747052,7,4,1,0,0,.---,0,1-4 | RBI,3,0,3,0,0,0,0,0,0,0,1,0,4,0,0,1,1,0,0,0,-.--
110,681297,747052,8,3,0,0,0,.---,0,0-3 | K,0,1,1,0,0,0,0,1,0,0,0,0,3,0,0,0,2,0,0,0,-.--
110,622761,747052,9,3,0,0,1,1,0,"0-2 | BB, K, R",1,0,1,1,0,0,0,1,1,0,0,0,2,0,0,0,0,0,0,0,-.--
138,680977,745833,1,5,4,0,0,.---,0,"2-4 | 2 2B, RBI, R",1,2,1,1,2,0,0,0,0,0,2,0,4,0,0,1,0,0,1,0,-.--
138,575929,745833,2,5,1,0,0,.---,0,"1-5 | K, R",0,0,3,1,0,0,0,1,0,0,1,0,5,0,0,0,2,0,0,0,-.--
138,663457,745833,3,5,0,0,1,1,0,"0-4 | BB, SB",1,0,4,0,0,0,0,0,1,0,0,0,4,0,0,0,3,0,0,0,-.--
138,571448,745833,4,5,1,0,0,.---,0,"1-4 | BB, 2 K, RBI",0,1,0,2,0,0,0,2,1,0,1,0,4,0,0,1,1,0,0,0,-.--
138,502671,745833,5,5,3,0,1,1,0,"2-5 | 2B, 3 K, 2 RBI",0,0,0,2,1,0,0,3,0,0,2,0,5,0,0,2,2,0,0,0,-.--
138,676475,745833,6,3,1,0,0,.---,0,1-2 | BB,1,0,1,0,0,0,0,0,1,0,1,0,2,0,0,0,1,0,0,0,-.--
138,669357,745833,7,4,3,0,0,.---,0,"2-4 | 2B, RBI, R",2,0,2,1,1,0,0,0,0,0,2,0,4,0,0,1,3,0,0,0,-.--
138,691026,745833,8,4,1,0,0,.---,0,"1-3 | BB, RBI",0,0,2,0,0,0,0,0,1,0,1,0,3,0,0,1,2,0,0,0,-.--
138,672279,745833,9,4,0,0,0,.---,0,0-3 | 2 K,0,2,0,0,0,0,0,2,0,0,0,0,3,0,0,0,2,1,0,0,-.--
121,607043,745833,1,5,2,0,0,.---,0,"2-4 | BB, K, 2 RBI",0,0,1,1,0,0,0,1,1,0,2,0,4,0,0,2,0,0,0,0,-.--
121,596019,745833,2,5,0,0,0,.---,0,0-5 | 4 K,1,0,1,0,0,0,0,4,0,0,0,0,5,0,0,0,5,0,0,0,-.--
121,624413,745833,3,4,4,0,0,.---,0,"1-4 | HR, K, 2 RBI",1,1,1,1,0,0,1,1,0,0,1,0,4,0,0,2,1,0,0,0,4
121,502110,745833,4,4,1,0,0,.---,0,1-4 | 3 K,0,0,0,0,0,0,0,3,0,0,1,0,4,0,0,0,1,0,0,0,-.--
121,621466,745833,5,4,1,0,0,.---,0,1-2 | 2 BB,0,1,0,0,0,0,0,0,2,0,1,0,2,0,0,0,1,0,0,0,-.--
121,643446,745833,6,4,0,0,0,.---,0,0-4 | 2 K,1,0,2,0,0,0,0,2,0,0,0,0,4,0,0,0,3,0,0,0,-.--
121,621438,745833,7,4,1,0,0,.---,0,1-4 | R,0,2,1,1,0,0,0,0,0,0,1,0,4,1,0,0,2,0,0,0,-.--
121,683146,745833,8,2,0,0,0,.---,0,"0-1 | BB, R",0,0,1,1,0,0,0,0,1,0,0,0,1,0,0,0,1,0,0,0,-.--
121,553882,745833,9,2,0,0,0,.---,0,0-2 | K,0,1,0,0,0,0,0,1,0,0,0,0,2,0,0,0,2,0,0,0,-.--
113,666181,745020,1,5,5,1,0,0,0,"2-5 | HR, 2 K, 2 RBI",1,0,1,1,0,0,1,2,0,0,2,0,5,0,0,2,0,0,0,0,5
113,682829,745020,2,5,0,0,0,.---,0,0-5 | 3 K,1,1,1,0,0,0,0,3,0,0,0,0,5,0,0,0,0,0,0,0,-.--
113,668715,745020,3,5,0,0,0,.---,0,"0-4 | BB, K",1,2,1,0,0,0,0,1,1,0,0,0,4,0,0,0,0,0,0,0,-.--
113,687952,745020,4,4,1,0,0,.---,0,"1-3 | HBP, 2 R",0,2,0,2,0,0,0,0,0,0,1,1,3,0,0,0,1,0,0,0,-.--
113,641584,745020,5,4,0,0,0,.---,0,"0-3 | BB, R",0,3,0,1,0,0,0,0,1,0,0,0,3,0,0,0,1,0,0,0,-.--
113,663886,745020,6,3,1,0,0,.---,0,"1-2 | HBP, R",0,1,0,1,0,0,0,0,0,0,1,1,2,0,0,0,1,0,0,0,-.--
113,663697,745020,7,4,7,0,0,.---,0,"4-4 | HR, 4 RBI, R",0,0,0,1,0,0,1,0,0,0,4,0,4,0,0,4,0,0,0,0,4
113,605361,745020,8,4,1,0,0,.---,0,"1-2 | 2 RBI, R",3,0,3,1,0,0,0,0,0,0,1,0,2,0,0,2,1,0,2,0,-.--
113,669289,745020,9,4,0,0,0,.---,0,0-4,1,1,3,0,0,0,0,0,0,0,0,0,4,1,0,0,4,0,0,0,-.--
140,543760,745020,1,3,0,0,0,.---,0,0-2 | BB,1,1,1,0,0,0,0,0,1,0,0,0,2,0,0,0,0,0,0,0,-.--
140,608369,745020,2,4,4,0,0,.---,0,"1-4 | HR, RBI, R",2,0,3,1,0,0,1,0,0,0,1,0,4,0,0,1,1,0,0,0,4
140,663993,745020,3,4,1,0,0,.---,0,"1-4 | 2 K, R",0,1,0,1,0,0,0,2,0,0,1,0,4,0,0,0,1,0,0,0,-.--
140,694497,745020,4,4,0,0,0,.---,0,0-4 | K,1,1,2,0,0,0,0,1,0,0,0,0,4,0,0,0,2,0,0,0,-.--
140,669701,745020,5,4,4,0,0,.---,0,"2-4 | 2 2B, K, RBI",1,0,1,0,2,0,0,1,0,0,2,0,4,0,0,1,0,0,0,0,-.--
140,694671,745020,6,4,1,0,0,.---,0,1-4 | K,1,1,1,0,0,0,0,1,0,0,1,0,4,0,0,0,1,0,0,0,-.--
140,641680,745020,7,2,0,0,0,.---,0,0-2 | K,1,0,1,0,0,0,0,1,0,0,0,0,2,0,0,0,1,0,0,0,-.--
140,608671,745020,8,2,0,0,0,.---,0,0-2,0,2,0,0,0,0,0,0,0,0,0,0,2,0,0,0,1,0,0,0,-.--
140,665750,745020,9,3,1,0,0,.---,0,"1-3 | K, R",0,1,0,1,0,0,0,1,0,0,1,0,3,0,0,0,0,0,0,0,-.--
112,663538,746971,1,4,0,0,0,.---,0,0-4,0,2,2,0,0,0,0,0,0,0,0,0,4,0,0,0,2,0,0,0,-.--
112,643565,746971,2,4,0,0,0,.---,0,"0-3 | HBP, K",0,2,0,0,0,0,0,1,0,0,0,1,3,0,0,0,0,0,0,0,-.--
112,664023,746971,3,3,0,0,0,.---,0,0-3,0,1,2,0,0,0,0,0,0,0,0,0,3,0,0,0,1,0,0,0,-.--
112,666624,746971,4,3,1,0,0,.---,0,1-3 | K,0,0,1,0,0,0,0,1,0,0,1,0,3,0,0,0,0,0,0,0,-.--
112,683737,746971,5,4,1,0,0,.---,0,1-4 | K,0,2,0,0,0,0,0,1,0,0,1,0,4,0,0,0,2,0,0,0,-.--
112,621020,746971,6,3,0,0,0,.---,0,0-3 | K,0,1,1,0,0,0,0,1,0,0,0,0,3,0,0,0,0,0,0,0,-.--
112,670223,746971,7,4,0,0,0,.---,0,0-3 | BB,1,1,2,0,0,0,0,0,1,0,0,0,3,0,0,0,2,0,0,0,-.--
112,543228,746971,8,4,2,0,0,.---,0,2-4 | K,1,0,1,0,0,0,0,1,0,0,2,0,4,0,0,0,2,0,0,0,-.--
112,691718,746971,9,3,2,0,0,.---,0,"1-3 | 2B, K",0,0,1,0,1,0,0,1,0,0,1,0,3,0,0,0,2,0,0,0,-.--
111,680776,746971,1,6,3,0,0,.---,0,"2-5 | 2B, BB, RBI",0,2,1,1,1,0,0,0,1,0,2,0,5,0,0,1,2,0,0,0,-.--
111,646240,746971,2,4,1,0,0,.---,0,1-4 | 2 K,0,1,0,0,0,0,0,2,0,0,1,0,4,0,0,0,3,0,0,0,-.--
111,641933,746971,3,6,7,0,0,.---,0,"3-5 | HR, 2B, BB",0,0,1,3,1,0,1,1,1,0,3,0,5,0,0,2,1,0,0,0,5
111,677800,746971,4,6,2,0,0,.---,0,"2-6 | K, RBI, 2 R",1,2,1,2,0,0,0,1,0,0,2,0,6,0,0,1,4,0,0,0,-.--
111,657136,746971,5,5,0,0,0,.---,0,"0-4 | HBP, R",1,2,2,1,0,0,0,0,0,0,0,1,4,0,0,0,3,0,0,0,-.--
111,807799,746971,6,5,5,0,0,.---,0,"4-5 | 2B, RBI, 3 R",0,1,0,3,1,0,0,0,0,0,4,0,5,0,0,1,2,0,0,0,-.--
111,665839,746971,7,2,1,0,0,.---,0,1-2 | K,0,0,0,0,0,0,0,1,0,0,1,0,2,0,0,0,1,0,0,0,-.--
111,666915,746971,8,5,3,0,0,.---,0,"2-4 | 2B, K, 3 RBI",0,1,1,2,1,0,0,1,0,0,2,0,4,0,0,3,2,1,0,0,-.--
111,678882,746971,9,5,9,0,1,1,0,"4-4 | HR, 2 2B, 7 RBI",0,0,1,3,2,0,1,0,0,0,4,0,4,0,0,7,0,0,1,0,4
120,682928,746075,1,5,3,0,0,.---,0,"1-4 | 3B, BB, RBI",1,2,1,1,0,1,0,0,1,0,1,0,4,0,0,1,2,0,0,0,-.--
120,608385,746075,2,5,5,0,0,.---,0,"2-5 | HR, 2 K, 4 RBI",0,1,0,1,0,0,1,2,0,0,2,0,5,0,0,4,1,0,0,0,5
120,608841,746075,3,5,1,0,0,.---,0,1-5 | 2 K,0,2,0,0,0,0,0,2,0,0,1,0,5,0,0,0,0,0,0,0,-.--
120,671277,746075,4,5,0,0,0,.---,0,"0-4 | BB, K",1,2,1,0,0,0,0,1,1,0,0,0,4,0,0,0,2,0,0,0,-.--
120,660688,746075,5,5,4,0,0,.---,0,"1-4 | HR, HBP, K",0,2,0,1,0,0,1,1,0,0,1,1,4,0,0,1,0,0,0,0,4
120,702358,746075,6,5,4,0,0,.---,0,"3-4 | 2B, BB, R",0,1,0,1,1,0,0,0,1,0,3,0,4,0,0,0,0,0,0,0,-.--
120,592696,746075,7,5,0,0,1,1,0,"0-4 | BB, 2 K, R",1,1,1,1,0,0,0,2,1,0,0,0,4,0,0,0,5,0,0,0,-.--
120,669222,746075,8,5,4,0,0,.---,0,"1-5 | HR, 2 RBI, 2 R",1,2,2,2,0,0,1,0,0,0,1,0,5,0,0,2,2,0,0,0,5
120,696285,746075,9,5,2,0,2,1,0,"2-4 | HBP, RBI, 4 R",0,2,0,4,0,0,0,0,0,0,2,1,4,0,0,1,1,0,0,0,-.--
146,650333,746075,1,3,2,0,0,.---,0,2-3 | R,0,1,0,1,0,0,0,0,0,0,2,0,3,0,0,0,0,0,0,0,-.--
146,650559,746075,2,5,2,0,0,.---,0,"1-5 | 2B, K",1,1,2,0,1,0,0,1,0,0,1,0,5,0,0,0,3,0,0,0,-.--
146,605137,746075,3,5,2,0,0,.---,0,2-5,1,2,1,0,0,0,0,0,0,0,2,0,5,0,0,0,2,0,0,0,-.--
146,665862,746075,4,3,1,0,0,.---,0,1-2 | BB,0,1,0,0,0,0,0,0,1,0,1,0,2,0,0,0,1,0,0,0,-.--
146,541645,746075,5,2,1,0,0,.---,0,1-2 | K,0,0,0,0,0,0,0,1,0,0,1,0,2,0,0,0,3,0,0,0,-.--
146,641313,746075,6,4,0,0,1,1,0,"0-3 | BB, SB",0,2,1,0,0,0,0,0,1,0,0,0,3,0,0,0,2,0,0,0,-.--
146,656896,746075,7,4,1,0,0,.---,0,1-4 | K,1,1,1,0,0,0,0,1,0,0,1,0,4,0,0,0,5,0,0,0,-.--
146,660644,746075,8,4,4,0,0,.---,0,"2-4 | 3B, R",0,2,0,1,0,1,0,0,0,0,2,0,4,1,0,0,1,0,0,0,-.--
146,542194,746075,9,4,1,0,0,.---,0,"1-4 | K, RBI, R",1,1,1,1,0,0,0,1,0,0,1,0,4,1,0,1,1,0,0,0,-.--
117,514888,746560,1,5,0,0,0,.---,0,0-3 | 2 BB,1,1,2,0,0,0,0,0,2,0,0,0,3,0,0,0,1,0,0,0,-.--
117,608324,746560,2,5,0,0,0,.---,0,0-5 | K,1,3,1,0,0,0,0,1,0,0,0,0,5,0,0,0,4,0,0,0,-.--
117,670541,746560,3,5,9,0,0,.---,0,"3-5 | 2 HR, 3 RBI, 2 R",2,0,2,2,0,0,2,0,0,0,3,0,5,0,0,3,1,0,0,0,2.5
117,663656,746560,4,5,5,0,0,.---,0,"2-4 | HR, BB, RBI",1,1,1,3,0,0,1,0,1,0,2,0,4,0,0,1,1,0,0,0,4
117,665161,746560,5,5,1,0,0,.---,0,"1-4 | BB, 2 R",0,1,2,2,0,0,0,0,1,0,1,0,4,0,0,0,1,0,0,0,-.--
117,673237,746560,6,5,5,0,0,.---,0,"3-4 | 3B, BB, RBI",0,1,0,3,0,1,0,0,1,0,3,0,4,0,0,1,0,0,0,0,-.--
117,663550,746560,7,2,2,0,0,.---,0,"1-2 | 2B, RBI",0,1,0,0,1,0,0,0,0,0,1,0,2,0,0,1,0,0,0,0,-.--
117,547989,746560,8,5,2,0,0,.---,0,"2-5 | K, 2 RBI",0,2,0,0,0,0,0,1,0,0,2,0,5,1,0,2,3,0,0,0,-.--
117,676801,746560,9,5,1,0,0,.---,0,"1-4 | HBP, 2 K, RBI",0,1,0,1,0,0,0,2,0,0,1,1,4,0,0,1,2,0,0,0,-.--
115,678662,746560,1,5,1,0,0,.---,0,1-5 | 4 K,0,0,0,0,0,0,0,4,0,0,1,0,5,0,0,0,7,0,0,0,-.--
115,686668,746560,2,5,1,0,0,.---,0,"1-4 | BB, 2 K, 2 R",0,0,1,2,0,0,0,2,1,0,1,0,4,0,0,0,1,0,0,0,-.--
115,641857,746560,3,4,4,0,0,.---,0,"1-2 | HR, BB, K",0,0,0,1,0,0,1,1,1,0,1,0,2,0,0,2,0,0,0,1,2
115,553869,746560,4,5,0,0,0,.---,0,"0-4 | HBP, K",1,1,2,0,0,0,0,1,0,0,0,1,4,0,0,0,4,0,0,0,-.--
115,453568,746560,5,5,1,0,0,.---,0,"1-5 | K, RBI, R",1,2,1,1,0,0,0,1,0,0,1,0,5,0,0,1,2,0,0,0,-.--
115,660707,746560,6,5,1,0,0,.---,0,"1-5 | K, RBI",0,0,3,0,0,0,0,1,0,0,1,0,5,0,0,1,0,0,0,0,-.--
115,666134,746560,7,5,2,0,0,.---,0,2-4 | BB,0,2,0,0,0,0,0,0,1,0,2,0,4,0,0,0,1,0,0,0,-.--
115,663898,746560,8,4,1,0,0,.---,0,"1-2 | 2 BB, K",0,0,0,0,0,0,0,1,2,0,1,0,2,0,0,0,0,0,0,0,-.--
115,696100,746560,9,4,0,0,0,.---,0,"0-3 | BB, 3 K",0,0,0,0,0,0,0,3,1,0,0,0,3,0,0,0,4,0,0,0,-.--
118,672580,746484,1,5,2,0,1,1,0,"2-5 | 2 RBI, R, SB",0,3,0,1,0,0,0,0,0,0,2,0,5,0,0,2,3,0,0,0,-.--
118,677951,746484,2,5,2,0,1,1,0,"2-5 | RBI, R, SB",1,1,2,1,0,0,0,0,0,0,2,0,5,0,0,1,1,0,0,0,-.--
118,686469,746484,3,5,0,0,0,.---,0,"0-5 | K, RBI",2,1,3,0,0,0,0,1,0,0,0,0,5,0,0,1,2,0,0,0,-.--
118,521692,746484,4,4,3,0,0,.---,0,"2-4 | 2B, RBI",2,0,2,0,1,0,0,0,0,0,2,0,4,0,0,1,0,0,0,0,-.--
118,624428,746484,5,3,0,0,0,.---,0,0-3 | K,1,1,1,0,0,0,0,1,0,0,0,0,3,0,0,0,2,0,0,0,-.--
118,592669,746484,6,4,0,0,0,.---,0,0-4,0,1,3,0,0,0,0,0,0,0,0,0,4,0,0,0,2,0,0,0,-.--
118,686681,746484,7,4,1,0,0,.---,0,1-4 | 2 R,1,2,1,2,0,0,0,0,0,0,1,0,4,0,0,0,1,0,0,0,-.--
118,680118,746484,8,4,2,0,0,.---,0,2-4 | R,0,2,0,1,0,0,0,0,0,0,2,0,4,0,0,0,1,0,0,0,-.--
118,664728,746484,9,4,0,0,0,.---,0,0-4,0,3,1,0,0,0,0,0,0,0,0,0,4,1,0,0,6,0,0,0,-.--
116,682985,746484,1,5,1,0,0,.---,0,"1-4 | BB, K, R",1,1,1,1,0,0,0,1,1,0,1,0,4,0,0,0,3,0,0,0,-.--
116,592192,746484,2,5,1,0,0,.---,0,"1-3 | 2 BB, K, RBI",0,1,0,1,0,0,0,1,2,0,1,0,3,0,0,1,0,0,0,0,-.--
116,672761,746484,3,5,1,0,0,.---,0,1-4 | BB,2,1,2,0,0,0,0,0,1,0,1,0,4,0,0,0,5,0,0,0,-.--
116,681481,746484,4,4,1,0,0,.---,0,"1-4 | 2 K, RBI, R",0,1,0,1,0,0,0,2,0,0,1,0,4,0,0,1,4,0,0,0,-.--
116,679529,746484,5,4,0,0,0,.---,0,0-4 | 2 K,0,1,1,0,0,0,0,2,0,0,0,0,4,0,0,0,6,0,0,0,-.--
116,690993,746484,6,2,0,0,0,.---,0,"0-1 | BB, R",0,1,0,1,0,0,0,0,1,0,0,0,1,0,0,0,0,0,0,0,-.--
116,656716,746484,7,2,3,0,0,.---,0,"1-2 | 3B, RBI",1,0,1,0,0,1,0,0,0,0,1,0,2,0,0,1,0,0,0,0,-.--
116,595879,746484,8,4,1,0,0,.---,0,1-4,0,3,0,0,0,0,0,0,0,0,1,0,4,0,0,0,1,0,0,0,-.--
116,668670,746484,9,4,1,0,0,.---,0,"1-3 | BB, R",1,1,1,1,0,0,0,0,1,0,1,0,3,0,0,0,1,0,0,0,-.--
139,680700,746803,1,6,6,0,2,1,0,"3-3 | HR, 3 BB, 2 RBI",0,0,0,2,0,0,1,0,3,2,3,0,3,0,0,2,0,0,0,0,3
139,668227,746803,2,6,2,0,0,.---,0,"1-6 | 2B, K, 2 RBI",1,0,4,0,1,0,0,1,0,0,1,0,6,0,0,2,9,0,0,0,-.--
139,670623,746803,3,5,0,0,0,.---,0,0-5 | K,0,2,2,0,0,0,0,1,0,0,0,0,5,0,0,0,5,0,0,0,-.--
139,668853,746803,4,5,6,0,0,.---,0,"2-4 | HR, 2B, BB",0,0,1,1,1,0,1,1,1,0,2,0,4,0,0,1,1,0,0,0,4
139,642708,746803,5,5,0,0,0,.---,0,"0-4 | BB, K",0,3,0,0,0,0,0,1,1,0,0,0,4,1,0,0,1,0,0,0,-.--
139,678554,746803,6,5,2,0,0,.---,0,"1-5 | 2B, 2 K, 2 R",0,2,0,2,1,0,0,2,0,0,1,0,5,1,0,0,2,0,0,0,-.--
139,666163,746803,7,5,3,0,1,1,0,"3-3 | 2 BB, 2 R, SB",0,0,0,2,0,0,0,0,2,0,3,0,3,0,0,0,0,0,0,0,-.--
139,676609,746803,8,5,1,0,0,.---,0,"1-5 | K, RBI",1,1,2,0,0,0,0,1,0,0,1,0,5,0,0,1,5,0,0,0,-.--
139,642350,746803,9,1,0,0,0,.---,0,0-1 | K,0,0,0,0,0,0,0,1,0,0,0,0,1,0,0,0,2,0,0,0,-.--
145,670032,746803,1,5,1,0,1,1,0,"1-4 | BB, K, R",0,2,0,1,0,0,0,1,1,0,1,0,4,0,0,0,1,0,0,0,-.--
145,502054,746803,2,5,2,0,0,.---,0,"2-5 | K, R",0,0,2,1,0,0,0,1,0,0,2,0,5,0,0,0,2,0,0,0,-.--
145,657757,746803,3,5,2,0,0,.---,0,"1-5 | 2B, K, RBI",0,1,2,1,1,0,0,1,0,0,1,0,5,0,0,1,4,0,0,0,-.--
145,650391,746803,4,5,3,0,0,.---,0,"2-5 | 2B, K, R",0,2,0,1,1,0,0,1,0,0,2,0,5,0,0,0,3,0,0,0,-.--
145,683734,746803,5,5,1,0,0,.---,0,"1-5 | RBI, R",1,3,1,1,0,0,0,0,0,0,1,0,5,0,0,1,3,0,0,0,-.--
145,643217,746803,6,5,9,0,0,.---,0,"3-5 | 2 HR, 2 K, 6 RBI",0,0,0,2,0,0,2,2,0,0,3,0,5,0,0,6,1,0,0,0,2.5
145,664901,746803,7,3,0,0,0,.---,0,0-3,1,1,2,0,0,0,0,0,0,0,0,0,3,0,0,0,3,0,0,0,-.--
145,657557,746803,8,4,0,0,0,.---,0,0-4 | 2 K,1,1,1,0,0,0,0,2,0,0,0,0,4,0,0,0,2,0,0,0,-.--
145,455117,746803,9,3,0,0,0,.---,0,0-2 | BB,1,1,1,0,0,0,0,0,1,0,0,0,2,0,0,0,0,0,0,0,-.--
147,683011,745998,1,6,0,0,0,.---,0,"0-4 | BB, HBP, 2 K",1,0,2,2,0,0,0,2,1,0,0,1,4,0,0,0,5,0,0,0,-.--
147,665742,745998,2,5,1,0,0,.---,0,"1-3 | 2 BB, 2 R",2,0,2,2,0,0,0,0,2,0,1,0,3,0,0,0,1,0,0,0,-.--
147,592450,745998,3,5,5,0,0,.---,0,"2-4 | HR, BB, K",0,1,0,2,0,0,1,1,1,0,2,0,4,1,0,2,3,0,0,0,4
147,657077,745998,4,6,6,0,0,.---,0,"3-5 | HR, 4 RBI, 2 R",3,0,3,2,0,0,1,0,0,0,3,0,5,0,0,4,2,0,1,0,5
147,519317,745998,5,6,5,0,0,.---,0,"2-5 | HR, BB, 3 K",0,0,0,2,0,0,1,3,1,0,2,0,5,0,0,3,2,0,0,0,5
147,519203,745998,6,4,6,0,0,.---,0,"3-4 | HR, K, 2 RBI",0,0,0,3,0,0,1,1,0,0,3,0,4,0,0,2,1,0,0,0,4
147,650402,745998,7,6,4,0,0,.---,0,"3-6 | 2B, 3 RBI",0,1,2,0,1,0,0,0,0,0,3,0,6,0,0,3,2,0,0,0,-.--
147,669224,745998,8,6,3,0,0,.---,0,"2-5 | 2B, BB",1,1,2,0,1,0,0,0,1,0,2,0,5,0,0,0,4,0,0,0,-.--
147,665828,745998,9,5,1,0,0,.---,0,1-5 | RBI,2,1,3,0,0,0,0,0,0,0,1,0,5,0,0,1,5,0,0,0,-.--
158,661388,745998,1,3,0,0,0,.---,0,"0-2 | BB, K",0,0,1,0,0,0,0,1,1,0,0,0,2,0,0,0,0,0,0,0,-.--
158,642715,745998,2,3,0,0,0,.---,0,0-3,2,1,2,0,0,0,0,0,0,0,0,0,3,0,0,0,1,0,0,0,-.--
158,656555,745998,3,3,4,0,0,.---,0,"1-3 | HR, K, RBI",1,0,1,1,0,0,1,1,0,0,1,0,3,0,0,1,0,0,0,0,3
158,663368,745998,4,4,0,0,0,.---,0,"0-3 | BB, K",0,2,0,0,0,0,0,1,1,0,0,0,3,0,0,0,1,0,0,0,-.--
158,596142,745998,5,4,2,0,0,.---,0,"1-4 | 2B, K, RBI",2,0,2,1,1,0,0,1,0,0,1,0,4,0,0,1,1,0,0,0,-.--
158,687401,745998,6,4,4,0,0,.---,0,"2-4 | 2 2B, K, RBI",0,1,0,0,2,0,0,1,0,0,2,0,4,0,0,1,1,0,0,0,-.--
158,680911,745998,7,4,0,0,0,.---,0,0-4 | K,0,2,1,0,0,0,0,1,0,0,0,0,4,0,0,0,3,0,0,0,-.--
158,694192,745998,8,4,2,0,0,.---,0,"1-4 | 2B, K",1,1,1,0,1,0,0,1,0,0,1,0,4,0,0,0,2,0,0,0,-.--
158,686894,745998,9,3,0,0,0,.---,0,0-3 | 2 K,0,1,0,0,0,0,0,2,0,0,0,0,3,0,0,0,2,0,0,0,-.--
114,680757,747131,1,5,2,0,1,1,0,"2-5 | 2 R, SB",2,1,2,2,0,0,0,0,0,0,2,0,5,0,0,0,1,0,0,0,-.--
114,665926,747131,2,5,2,0,0,.---,0,2-5 | K,0,1,1,0,0,0,0,1,0,0,2,0,5,0,0,0,2,0,0,0,-.--
114,608070,747131,3,5,1,0,1,1,0,"1-4 | BB, RBI, R",0,3,0,1,0,0,0,0,1,1,1,0,4,0,0,1,4,0,0,0,-.--
114,647304,747131,4,5,4,0,0,.---,0,"2-4 | 2 2B, HBP, RBI",0,1,1,0,2,0,0,0,0,0,2,1,4,0,0,1,1,0,0,0,-.--
114,686823,747131,5,4,0,0,0,.---,0,0-4 | 2 K,1,1,1,0,0,0,0,2,0,0,0,0,4,0,0,0,2,0,0,0,-.--
114,671289,747131,6,5,0,0,0,.---,0,"0-3 | 2 BB, K",0,1,1,0,0,0,0,1,2,1,0,0,3,0,0,0,0,0,0,0,-.--
114,664314,747131,7,5,0,1,0,0,0,"0-4 | BB, 3 K, CS",0,1,0,0,0,0,0,3,1,0,0,0,4,1,0,0,3,0,0,0,-.--
114,666310,747131,8,3,1,0,0,.---,0,1-3 | K,0,0,1,0,0,0,0,1,0,0,1,0,3,0,0,0,1,0,0,0,-.--
114,672356,747131,9,4,0,0,0,.---,0,"0-4 | K, R",0,2,1,1,0,0,0,1,0,0,0,0,4,0,0,0,2,0,0,0,-.--
144,660670,747131,1,5,0,0,0,.---,0,0-5 | 2 K,1,2,1,0,0,0,0,2,0,0,0,0,5,0,0,0,2,0,0,0,-.--
144,645277,747131,2,5,2,0,0,.---,0,"1-5 | 2B, K",1,1,2,0,1,0,0,1,0,0,1,0,5,0,0,0,1,0,0,0,-.--
144,663586,747131,3,5,0,0,0,.---,0,0-5 | K,1,1,3,0,0,0,0,1,0,0,0,0,5,0,0,0,2,0,0,0,-.--
144,621566,747131,4,4,0,0,0,.---,0,0-4,1,3,1,0,0,0,0,0,0,0,0,0,4,0,0,0,1,0,0,0,-.--
144,542303,747131,5,4,4,0,0,.---,0,"2-3 | 2 2B, BB, K",0,0,0,1,2,0,0,1,1,1,2,0,3,0,0,0,0,0,0,0,-.--
144,606115,747131,6,4,1,0,0,.---,0,1-4 | K,0,2,0,0,0,0,0,1,0,0,1,0,4,0,0,0,2,0,0,0,-.--
144,671739,747131,7,4,1,0,0,.---,0,"1-4 | K, R",1,1,1,1,0,0,0,1,0,0,1,0,4,0,0,0,4,0,0,0,-.--
144,518595,747131,8,3,2,0,0,.---,0,"1-3 | 2B, K, RBI",0,1,0,0,1,0,0,1,0,0,1,0,3,0,0,1,0,0,0,0,-.--
144,672284,747131,9,4,1,0,0,.---,0,"1-4 | 2 K, RBI",0,1,0,0,0,0,0,2,0,0,1,0,4,0,0,1,3,0,0,0,-.--
143,656941,745425,1,5,0,0,0,.---,0,"0-4 | BB, 4 K, R",0,0,0,1,0,0,0,4,1,0,0,0,4,0,0,0,0,0,0,0,-.--
143,607208,745425,2,5,4,0,0,.---,0,"3-5 | 2B, 2 R",2,0,2,2,1,0,0,0,0,0,3,0,5,0,0,0,0,0,0,0,-.--
143,547180,745425,3,4,0,0,0,.---,0,"0-3 | BB, RBI",1,2,1,0,0,0,0,0,1,0,0,0,3,0,0,1,2,0,0,0,-.--
143,664761,745425,4,4,5,0,0,.---,0,"2-4 | HR, 4 RBI, R",1,0,2,1,0,0,1,0,0,0,2,0,4,0,0,4,1,0,0,0,4
143,592663,745425,5,4,0,0,0,.---,0,0-4 | K,1,2,1,0,0,0,0,1,0,0,0,0,4,0,0,0,2,0,0,0,-.--
143,669016,745425,6,4,1,0,0,.---,0,"1-3 | BB, K",1,0,1,0,0,0,0,1,1,0,1,0,3,0,0,0,0,0,0,0,-.--
143,592206,745425,7,4,1,0,0,.---,0,1-4 | 3 K,0,0,0,0,0,0,0,3,0,0,1,0,4,0,0,0,2,0,0,0,-.--
143,681082,745425,8,4,0,0,0,.---,0,0-4 | K,1,2,1,0,0,0,0,1,0,0,0,0,4,0,0,0,3,0,0,0,-.--
143,593160,745425,9,4,1,0,0,.---,0,1-4 | R,0,0,3,1,0,0,0,0,0,0,1,0,4,0,0,0,2,0,0,0,-.--
135,593428,745425,1,4,0,0,0,.---,0,0-4 | 3 K,0,1,0,0,0,0,0,3,0,0,0,0,4,0,0,0,0,0,0,0,-.--
135,665487,745425,2,4,0,0,0,.---,0,0-4 | 2 K,0,2,0,0,0,0,0,2,0,0,0,0,4,0,0,0,0,0,0,0,-.--
135,595777,745425,3,3,1,0,0,.---,0,1-3,1,1,1,0,0,0,0,0,0,0,1,0,3,0,0,0,0,0,0,0,-.--
135,592518,745425,4,3,0,0,0,.---,0,0-3 | K,0,1,1,0,0,0,0,1,0,0,0,0,3,0,0,0,1,0,0,0,-.--
135,673490,745425,5,3,0,0,0,.---,0,0-3 | 2 K,0,0,1,0,0,0,0,2,0,0,0,0,3,0,0,0,0,0,0,0,-.--
135,669134,745425,6,3,0,0,0,.---,0,0-3,0,3,0,0,0,0,0,0,0,0,0,0,3,0,0,0,0,0,0,0,-.--
135,666703,745425,7,3,4,0,0,.---,0,"1-3 | HR, K, RBI",0,1,0,1,0,0,1,1,0,0,1,0,3,0,0,1,0,0,0,0,3
135,701538,745425,8,3,0,0,0,.---,0,0-3 | K,0,2,0,0,0,0,0,1,0,0,0,0,3,0,0,0,0,0,0,0,-.--
135,640492,745425,9,2,1,0,0,.---,1,1-2,1,0,1,0,0,0,0,0,0,0,1,0,2,0,0,0,0,0,0,0,-.--
134,457705,745350,1,5,1,0,0,.---,0,1-5 | 2 K,1,1,1,0,0,0,0,2,0,0,1,0,5,1,0,0,2,0,0,0,-.--
134,668804,745350,2,5,5,0,0,.---,0,"2-5 | HR, 2 K, 2 RBI",0,1,0,1,0,0,1,2,0,0,2,0,5,0,0,2,1,0,0,0,5
134,663647,745350,3,5,5,0,0,.---,0,"2-5 | HR, 2 K, RBI",0,1,0,1,0,0,1,2,0,0,2,0,5,0,0,1,2,0,0,0,5
134,656582,745350,4,5,3,0,0,.---,0,"2-5 | 2B, K, R",1,1,1,1,1,0,0,1,0,0,2,0,5,0,0,0,2,0,0,0,-.--
134,669261,745350,5,5,1,0,0,.---,0,1-5 | 2 K,0,2,0,0,0,0,0,2,0,0,1,0,5,0,0,0,4,0,0,0,-.--
134,663698,745350,6,3,0,0,0,.---,0,0-3 | 2 K,0,1,0,0,0,0,0,2,0,0,0,0,3,0,0,0,2,0,0,0,-.--
134,669707,745350,7,4,1,0,0,.---,0,"1-3 | BB, 2 K",0,0,0,0,0,0,0,2,1,0,1,0,3,0,0,0,0,0,0,0,-.--
134,642133,745350,8,4,1,0,0,.---,0,1-3 | RBI,1,2,1,0,0,0,0,0,0,0,1,0,3,1,0,1,1,0,1,0,-.--
134,675961,745350,9,4,1,0,0,.---,0,1-4 | R,1,2,1,1,0,0,0,0,0,0,1,0,4,0,0,0,3,0,0,0,-.--
137,596103,745350,1,4,0,0,0,.---,0,0-3 | BB,1,2,1,0,0,0,0,0,1,0,0,0,3,0,0,0,1,0,0,0,-.--
137,527038,745350,2,4,2,0,0,.---,0,"1-4 | 2B, RBI",1,0,3,0,1,0,0,0,0,0,1,0,4,0,0,1,1,0,0,0,-.--
137,808982,745350,3,4,1,0,0,.---,0,1-4 | K,0,0,2,0,0,0,0,1,0,0,1,0,4,0,0,0,1,0,0,0,-.--
137,656305,745350,4,4,0,0,0,.---,0,0-4 | 3 K,1,0,1,0,0,0,0,3,0,0,0,0,4,0,0,0,2,0,0,0,-.--
137,672275,745350,5,4,2,0,0,.---,0,2-4 | R,0,0,2,1,0,0,0,0,0,0,2,0,4,0,0,0,0,0,0,0,-.--
137,624585,745350,6,4,4,0,0,.---,0,"1-3 | HR, BB, 2 RBI",1,0,2,1,0,0,1,0,1,0,1,0,3,0,0,2,1,0,0,0,3
137,624424,745350,7,4,1,0,0,.---,0,1-4 | K,0,2,0,0,0,0,0,1,0,0,1,0,4,1,0,0,3,0,0,0,-.--
137,642731,745350,8,4,1,0,0,.---,0,1-4 | K,0,0,2,0,0,0,0,1,0,0,1,0,4,0,0,0,3,0,0,0,-.--
137,605113,745350,9,3,0,0,0,.---,0,0-3 | R,0,2,1,1,0,0,0,0,0,0,0,0,3,1,0,0,1,0,0,0,-.--
142,666135,746245,1,6,1,0,0,.---,0,"1-4 | BB, 2 RBI, 2 R",1,1,3,2,0,0,0,0,1,0,1,0,4,0,0,2,1,0,1,0,-.--
142,666397,746245,2,6,4,0,0,.---,0,"3-5 | 2B, BB, K",0,1,0,2,1,0,0,1,1,0,3,0,5,0,0,3,1,0,0,0,-.--
142,680777,746245,3,6,5,0,0,.---,0,"2-4 | HR, BB, HBP",0,0,1,1,0,0,1,1,1,0,2,1,4,0,0,2,0,0,0,0,4
142,663616,746245,4,6,2,0,0,.---,0,"2-5 | BB, K, RBI",1,1,1,1,0,0,0,1,1,0,2,0,5,0,0,1,5,0,0,0,-.--
142,596146,746245,5,5,5,0,0,.---,0,"2-4 | HR, BB, 2 RBI",2,0,2,2,0,0,1,0,1,0,2,0,4,0,0,2,3,0,0,0,4
142,650489,746245,6,6,2,0,0,.---,0,"2-6 | K, 2 R",1,1,2,2,0,0,0,1,0,0,2,0,6,1,0,0,6,0,0,0,-.--
142,467793,746245,7,5,6,0,0,.---,0,"2-4 | HR, 2B, HBP",0,0,2,3,1,0,1,0,0,0,2,1,4,0,0,4,0,0,0,0,4
142,571657,746245,8,5,3,0,0,.---,0,"2-3 | 2B, 2 BB, 2 RBI",0,1,0,2,1,0,0,0,2,0,2,0,3,0,0,2,0,0,0,0,-.--
142,668885,746245,9,5,2,0,0,.---,0,"1-5 | 2B, K, R",0,1,2,1,1,0,0,1,0,0,1,0,5,0,0,0,4,0,0,0,-.--
108,545361,746245,1,4,0,0,0,.---,0,"0-3 | BB, K",1,0,2,0,0,0,0,1,1,0,0,0,3,0,0,0,2,0,0,0,-.--
108,687263,746245,2,5,0,0,0,.---,0,0-5 | K,1,2,2,0,0,0,0,1,0,0,0,0,5,0,0,0,2,0,0,0,-.--
108,621493,746245,3,5,3,0,0,.---,0,"2-5 | 2B, K, R",1,0,2,1,1,0,0,1,0,0,2,0,5,0,0,0,1,0,0,0,-.--
108,592273,746245,4,4,0,0,0,.---,0,0-3 | RBI,0,2,2,0,0,0,0,0,0,0,0,0,3,0,0,1,1,0,1,0,-.--
108,543305,746245,5,4,1,0,0,.---,0,"1-3 | BB, K, RBI",0,1,0,1,0,0,0,1,1,0,1,0,3,0,0,1,1,0,0,0,-.--
108,642136,746245,6,4,2,0,0,.---,0,"2-4 | K, R",0,1,0,1,0,0,0,1,0,0,2,0,4,0,0,0,1,0,0,0,-.--
108,666176,746245,7,4,6,0,0,.---,0,"3-4 | HR, 3 RBI, R",0,1,0,1,0,0,1,0,0,0,3,0,4,0,0,3,0,0,0,0,4
108,650859,746245,8,4,1,0,0,.---,0,1-4,0,1,2,0,0,0,0,0,0,0,1,0,4,0,0,0,3,0,0,0,-.--
108,694384,746245,9,4,1,0,0,.---,0,1-4,1,1,2,0,0,0,0,0,0,0,1,0,4,0,0,0,0,0,0,0,-.--
109,664983,745266,1,4,3,0,0,.---,0,"1-3 | 3B, BB, K",1,0,1,0,0,1,0,1,1,0,1,0,3,0,0,1,0,0,0,0,-.--
109,666971,745266,2,4,0,0,0,.---,0,0-4 | 2 K,1,0,2,0,0,0,0,2,0,0,0,0,4,0,0,0,3,0,0,0,-.--
109,606466,745266,3,4,0,0,0,.---,0,0-4 | 3 K,0,0,1,0,0,0,0,3,0,0,0,0,4,0,0,0,2,0,0,0,-.--
109,572233,745266,4,4,1,0,0,.---,0,1-4 | K,0,1,1,0,0,0,0,1,0,0,1,0,4,0,0,0,0,0,0,0,-.--
109,592626,745266,5,4,0,0,0,.---,0,0-4 | 3 K,0,0,1,0,0,0,0,3,0,0,0,0,4,0,0,0,1,0,0,0,-.--
109,553993,745266,6,3,0,0,0,.---,0,0-3 | 2 K,1,0,1,0,0,0,0,2,0,0,0,0,3,0,0,0,1,0,0,0,-.--
109,672515,745266,7,3,0,0,0,.---,0,0-3 | K,1,1,1,0,0,0,0,1,0,0,0,0,3,0,0,0,1,0,0,0,-.--
109,682998,745266,8,3,0,0,0,.---,0,0-3 | K,1,0,2,0,0,0,0,1,0,0,0,0,3,0,0,0,0,0,0,0,-.--
109,677942,745266,9,3,2,0,0,.---,0,"1-2 | 2B, BB, R",1,0,1,1,1,0,0,0,1,0,1,0,2,0,0,0,0,0,0,0,-.--
136,668942,745266,1,4,0,0,0,.---,0,0-4 | K,1,2,1,0,0,0,0,1,0,0,0,0,4,0,0,0,2,0,0,0,-.--
136,677594,745266,2,4,0,1,0,0,0,"0-3 | BB, CS",1,1,2,0,0,0,0,0,1,0,0,0,3,0,0,0,0,0,0,0,-.--
136,663728,745266,3,4,0,0,0,.---,0,0-4 | 3 K,0,1,0,0,0,0,0,3,0,0,0,0,4,0,0,0,1,0,0,0,-.--
136,571745,745266,4,3,0,0,0,.---,0,"0-2 | BB, K",1,0,1,0,0,0,0,1,1,0,0,0,2,0,0,0,0,0,0,0,-.--
136,593871,745266,5,3,0,0,0,.---,0,"0-2 | BB, R",1,0,2,1,0,0,0,0,1,0,0,0,2,0,0,0,1,0,0,0,-.--
136,664034,745266,6,3,4,0,0,.---,0,"1-3 | HR, K, 2 RBI",0,1,0,1,0,0,1,1,0,0,1,0,3,0,0,2,0,0,0,0,3
136,641598,745266,7,3,2,0,0,.---,0,"1-3 | 2B, 2 K, R",0,0,0,1,1,0,0,2,0,0,1,0,3,0,0,0,0,0,0,0,-.--
136,670042,745266,8,3,2,0,1,1,0,"2-3 | RBI, SB",0,1,0,0,0,0,0,0,0,0,2,0,3,0,0,1,0,0,0,0,-.--
136,664238,745266,9,3,0,0,0,.---,0,0-3 | 3 K,0,0,0,0,0,0,0,3,0,0,0,0,3,0,0,0,2,0,0,0,-.--
133,671732,747045,1,5,1,0,0,.---,0,"1-4 | BB, K, R",0,2,0,1,0,0,0,1,1,0,1,0,4,0,0,0,0,0,0,0,-.--
133,663527,747045,2,5,5,0,0,.---,0,"2-5 | HR, 2 K, RBI",0,1,0,2,0,0,1,2,0,0,2,0,5,0,0,1,2,0,0,0,5
133,668709,747045,3,3,2,0,0,.---,0,"1-3 | 2B, RBI, R",0,1,1,1,1,0,0,0,0,0,1,0,3,0,0,1,0,0,0,0,-.--
133,667670,747045,4,4,1,0,0,.---,0,"1-4 | 2 K, 2 RBI",1,0,1,0,0,0,0,2,0,0,1,0,4,0,0,2,0,0,0,0,-.--
133,664913,747045,5,4,4,0,0,.---,0,"1-4 | HR, K, RBI",0,1,1,1,0,0,1,1,0,0,1,0,4,0,0,1,1,0,0,0,4
133,680474,747045,6,3,1,0,0,.---,0,1-3 | K,1,0,1,0,0,0,0,1,0,0,1,0,3,0,0,0,1,0,0,0,-.--
133,676116,747045,7,4,0,0,0,.---,0,0-4 | K,1,2,1,0,0,0,0,1,0,0,0,0,4,0,0,0,2,0,0,0,-.--
133,687231,747045,8,4,0,0,0,.---,0,"0-3 | BB, R",0,2,1,1,0,0,0,0,1,0,0,0,3,0,0,0,1,0,0,0,-.--
133,668832,747045,9,4,5,0,0,.---,0,"2-4 | HR, 2 K, 2 RBI",0,0,0,1,0,0,1,2,0,0,2,0,4,0,0,2,0,0,0,0,4
110,683002,747045,1,5,0,0,0,.---,0,0-5 | K,1,1,3,0,0,0,0,1,0,0,0,0,5,0,0,0,2,0,0,0,-.--
110,668939,747045,2,5,4,0,0,.---,0,"1-5 | HR, 3 K, RBI",0,1,0,1,0,0,1,3,0,0,1,0,5,0,0,1,1,0,0,0,5
110,656811,747045,3,3,1,0,0,.---,0,"1-3 | K, R",1,0,1,1,0,0,0,1,0,0,1,0,3,0,0,0,0,0,0,0,-.--
110,623993,747045,4,4,0,0,0,.---,0,"0-3 | BB, K, R",0,1,1,1,0,0,0,1,1,0,0,0,3,0,0,0,2,0,0,0,-.--
110,663624,747045,5,4,6,0,1,1,0,"3-4 | HR, K, 2 RBI",0,0,0,1,0,0,1,1,0,0,3,0,4,0,0,2,1,0,0,0,4
110,656775,747045,6,4,0,0,1,1,0,"0-4 | RBI, R, SB",0,4,0,1,0,0,0,0,0,0,0,0,4,0,0,1,2,0,0,0,-.--
110,681297,747045,7,4,2,0,0,.---,0,"1-4 | 2B, 2 K, RBI",1,0,1,0,1,0,0,2,0,0,1,0,4,0,0,1,0,0,0,0,-.--
110,602104,747045,8,4,4,0,0,.---,0,"1-4 | HR, K, RBI",0,2,0,1,0,0,1,1,0,0,1,0,4,0,0,1,1,0,0,0,4
110,622761,747045,9,4,1,0,0,.---,0,"1-3 | BB, 2 K",0,0,0,0,0,0,0,2,1,0,1,0,3,0,0,0,1,0,0,0,-.--
114,680757,747125,1,5,1,2,0,0,1,"1-5 | RBI, 2 CS",1,3,1,0,0,0,0,0,0,0,1,0,5,0,0,1,4,0,0,0,-.--
114,665926,747125,2,5,2,0,1,1,0,"2-4 | BB, RBI, SB",2,0,2,0,0,0,0,0,1,0,2,0,4,0,0,1,1,0,0,0,-.--
114,608070,747125,3,5,1,1,0,0,0,"1-3 | BB, HBP, CS",1,1,1,0,0,0,0,0,1,0,1,1,3,0,0,0,2,0,0,0,-.--
114,647304,747125,4,4,0,0,0,.---,0,0-4 | K,1,2,1,0,0,0,0,1,0,0,0,0,4,0,0,0,5,0,0,0,-.--
114,681807,747125,5,4,2,0,0,.---,0,2-4 | K,0,1,0,0,0,0,0,1,0,0,2,0,4,0,0,0,3,0,0,0,-.--
114,686823,747125,6,3,0,0,0,.---,0,0-3,0,2,1,0,0,0,0,0,0,0,0,0,3,1,0,0,1,0,0,0,-.--
114,671289,747125,7,4,1,1,0,0,0,"1-4 | K, CS",1,1,1,0,0,0,0,1,0,0,1,0,4,0,0,0,0,0,0,0,-.--
114,666310,747125,8,4,1,0,0,.---,0,"1-3 | BB, K, R",1,0,1,1,0,0,0,1,1,0,1,0,3,0,0,0,0,0,0,0,-.--
114,677587,747125,9,4,2,0,2,1,0,"2-3 | BB, K, 2 R",0,0,0,2,0,0,0,1,1,0,2,0,3,0,0,0,1,0,0,0,-.--
144,660670,747125,1,5,1,0,0,.---,0,"1-5 | 3 K, 2 R",1,0,1,2,0,0,0,3,0,0,1,0,5,0,0,0,2,0,0,0,-.--
144,645277,747125,2,5,3,0,0,.---,0,"2-4 | 2B, HBP, 2 K",0,0,0,1,1,0,0,2,0,0,2,1,4,0,0,1,1,0,0,0,-.--
144,663586,747125,3,5,2,0,0,.---,0,"2-4 | BB, K, RBI",1,0,1,0,0,0,0,1,1,0,2,0,4,0,0,1,3,0,0,0,-.--
144,621566,747125,4,4,1,0,0,.---,0,"1-4 | 2 K, RBI",1,0,1,0,0,0,0,2,0,0,1,0,4,0,0,1,3,0,0,0,-.--
144,542303,747125,5,4,0,0,0,.---,0,0-4,2,1,3,0,0,0,0,0,0,0,0,0,4,0,0,0,4,0,0,0,-.--
144,606115,747125,6,4,0,0,0,.---,0,0-4,0,1,3,0,0,0,0,0,0,0,0,0,4,0,0,0,2,0,0,0,-.--
144,671739,747125,7,4,0,1,0,0,1,"0-3 | BB, K, CS",1,1,1,0,0,0,0,1,1,0,0,0,3,0,0,0,0,0,0,0,-.--
144,672284,747125,8,4,2,0,0,.---,0,"1-4 | 2B, 2 K, R",0,1,0,1,1,0,0,2,0,0,1,0,4,0,0,0,0,0,0,0,-.--
144,644433,747125,9,3,1,0,0,.---,0,"1-3 | 2 K, RBI",0,0,0,0,0,0,0,2,0,0,1,0,3,0,0,1,0,0,0,0,-.--
119,605141,744947,1,4,2,0,0,.---,0,1-4 | 2B,1,1,2,0,1,0,0,0,0,0,1,0,4,0,0,0,1,0,0,0,-.--
119,660271,744947,2,4,0,0,0,.---,0,0-4 | K,1,0,3,0,0,0,0,1,0,0,0,0,4,0,0,0,2,0,0,0,-.--
119,518692,744947,3,4,4,0,0,.---,0,"1-3 | HR, BB, K",1,0,1,1,0,0,1,1,1,1,1,0,3,0,0,1,0,0,0,0,3
119,606192,744947,4,4,0,0,0,.---,0,0-4 | 2 K,0,0,2,0,0,0,0,2,0,0,0,0,4,0,0,0,3,0,0,0,-.--
119,571970,744947,5,4,2,0,0,.---,0,"1-4 | 2B, K",1,0,2,0,1,0,0,1,0,0,1,0,4,0,0,0,3,0,0,0,-.--
119,681624,744947,6,4,3,1,0,0,1,"2-4 | 2B, CS",1,0,2,0,1,0,0,0,0,0,2,0,4,0,0,0,1,0,0,0,-.--
119,681546,744947,7,4,0,0,0,.---,0,0-4 | K,1,2,1,0,0,0,0,1,0,0,0,0,4,0,0,0,2,0,0,0,-.--
119,666158,744947,8,4,2,0,0,.---,0,"1-4 | 2B, 2 K",0,1,0,0,1,0,0,2,0,0,1,0,4,0,0,0,3,0,0,0,-.--
119,605131,744947,9,3,0,0,0,.---,0,0-2 | BB,0,2,0,0,0,0,0,0,1,0,0,0,2,0,0,0,3,0,0,0,-.--
141,543807,744947,1,4,0,0,0,.---,0,0-4 | 2 K,1,1,1,0,0,0,0,2,0,0,0,0,4,0,0,0,2,0,0,0,-.--
141,665489,744947,2,4,2,0,0,.---,1,2-4 | K,0,0,1,0,0,0,0,1,0,0,2,0,4,0,0,0,0,0,0,0,-.--
141,666182,744947,3,4,1,0,0,.---,0,1-4 | K,0,2,0,0,0,0,0,1,0,0,1,0,4,1,0,0,2,0,0,0,-.--
141,457759,744947,4,4,1,0,0,.---,0,1-4 | R,1,1,2,1,0,0,0,0,0,0,1,0,4,0,0,0,1,0,0,0,-.--
141,676914,744947,5,3,2,0,0,.---,0,"1-2 | 2B, BB, K",0,0,0,1,1,0,0,1,1,0,1,0,2,0,0,0,0,0,0,0,-.--
141,662139,744947,6,3,0,0,0,.---,0,0-3 | RBI,0,1,2,0,0,0,0,0,0,0,0,0,3,0,0,1,3,0,0,0,-.--
141,643396,744947,7,3,0,0,0,.---,0,"0-3 | K, RBI",0,2,0,0,0,0,0,1,0,0,0,0,3,0,0,1,0,0,0,0,-.--
141,672386,744947,8,3,6,0,0,.---,0,"3-3 | HR, RBI, R",0,0,0,1,0,0,1,0,0,0,3,0,3,0,0,1,0,0,0,0,3
141,624415,744947,9,3,0,0,0,.---,0,0-2 | HBP,0,1,1,0,0,0,0,0,0,0,0,1,2,1,0,0,2,0,0,0,-.--
118,672580,746483,1,4,2,0,0,.---,0,"1-4 | 2B, K, R",0,0,2,1,1,0,0,1,0,0,1,0,4,0,0,0,0,0,0,0,-.--
118,677951,746483,2,4,1,0,0,.---,0,"1-4 | K, RBI",1,1,1,0,0,0,0,1,0,0,1,0,4,0,0,1,0,0,0,0,-.--
118,521692,746483,3,4,0,0,0,.---,0,0-3 | BB,1,1,2,0,0,0,0,0,1,0,0,0,3,0,0,0,1,0,0,0,-.--
118,676369,746483,4,3,0,0,0,.---,0,0-3 | K,1,0,2,0,0,0,0,1,0,0,0,0,3,0,0,0,1,0,0,0,-.--
118,666023,746483,5,3,0,0,0,.---,0,0-3 | K,0,1,1,0,0,0,0,1,0,0,0,0,3,0,0,0,1,0,0,0,-.--
118,592669,746483,6,3,0,0,0,.---,0,"0-2 | BB, K",1,0,1,0,0,0,0,1,1,0,0,0,2,0,0,0,0,0,0,0,-.--
118,680118,746483,7,4,1,0,0,.---,0,1-4 | 2 K,0,1,0,0,0,0,0,2,0,0,1,0,4,0,0,0,2,0,0,0,-.--
118,641658,746483,8,3,1,0,0,.---,0,1-3,1,0,2,0,0,0,0,0,0,0,1,0,3,0,0,0,2,0,0,0,-.--
118,624428,746483,9,3,0,0,0,.---,0,0-3 | K,0,1,1,0,0,0,0,1,0,0,0,0,3,0,0,0,1,0,0,0,-.--
116,682985,746483,1,4,1,0,0,.---,0,"1-2 | BB, RBI",1,1,1,0,0,0,0,0,1,0,1,0,2,0,0,1,0,0,1,0,-.--
116,592192,746483,2,4,2,0,0,.---,0,"1-4 | 2B, R",1,2,1,1,1,0,0,0,0,0,1,0,4,0,0,0,3,0,0,0,-.--
116,672761,746483,3,4,5,0,0,.---,0,"2-4 | HR, 2 RBI, R",1,1,1,1,0,0,1,0,0,0,2,0,4,0,0,2,1,0,0,0,4
116,681481,746483,4,4,1,0,0,.---,0,1-4 | K,1,1,1,0,0,0,0,1,0,0,1,0,4,0,0,0,2,0,0,0,-.--
116,663837,746483,5,4,1,0,0,.---,0,1-3 | HBP,0,2,0,0,0,0,0,0,0,0,1,1,3,0,0,0,4,0,0,0,-.--
116,690993,746483,6,4,0,0,0,.---,0,0-4 | K,2,1,2,0,0,0,0,1,0,0,0,0,4,0,0,0,2,0,0,0,-.--
116,656716,746483,7,4,1,0,0,.---,0,1-4 | 2 K,0,1,0,0,0,0,0,2,0,0,1,0,4,0,0,0,0,0,0,0,-.--
116,668670,746483,8,4,5,0,0,.---,0,"2-4 | HR, K, RBI",0,1,0,2,0,0,1,1,0,0,2,0,4,0,0,1,0,0,0,0,4
116,678009,746483,9,3,2,0,0,.---,0,1-3 | 2B,1,0,2,0,1,0,0,0,0,0,1,0,3,0,0,0,0,0,0,0,-.--
138,680977,745834,1,5,1,0,0,.---,0,1-5 | RBI,0,3,1,0,0,0,0,0,0,0,1,0,5,0,0,1,1,0,0,0,-.--
138,575929,745834,2,5,2,0,0,.---,0,"1-4 | 2B, BB, K",1,0,2,0,1,0,0,1,1,0,1,0,4,0,0,0,1,0,0,0,-.--
138,571448,745834,3,5,0,0,0,.---,0,0-5 | K,2,1,3,0,0,0,0,1,0,0,0,0,5,0,0,0,2,0,0,0,-.--
138,502671,745834,4,4,0,0,0,.---,0,"0-3 | BB, K",0,1,1,0,0,0,0,1,1,0,0,0,3,0,0,0,0,0,0,0,-.--
138,671056,745834,5,3,0,0,0,.---,0,0-3,1,1,2,0,0,0,0,0,0,0,0,0,3,0,0,0,2,0,0,0,-.--
138,663457,745834,6,4,2,0,0,.---,0,1-4 | 2B,0,2,1,0,1,0,0,0,0,0,1,0,4,0,0,0,1,0,0,0,-.--
138,691026,745834,7,4,2,0,0,.---,0,"1-4 | 2B, 3 K, R",0,0,0,1,1,0,0,3,0,0,1,0,4,0,0,0,2,0,0,0,-.--
138,669357,745834,8,4,0,0,0,.---,0,0-3 | BB,1,2,1,0,0,0,0,0,1,1,0,0,3,0,0,0,2,0,0,0,-.--
138,672279,745834,9,4,0,0,1,1,0,"0-3 | K, RBI, R",0,2,1,1,0,0,0,1,0,0,0,0,3,0,0,1,3,1,0,0,-.--
121,607043,745834,1,5,0,0,0,.---,0,0-5 | 2 K,1,2,1,0,0,0,0,2,0,0,0,0,5,0,0,0,3,0,0,0,-.--
121,596019,745834,2,5,4,0,2,1,0,"1-3 | HR, 2 BB, RBI",1,1,1,1,0,0,1,0,2,0,1,0,3,0,0,1,1,0,0,0,3
121,624413,745834,3,5,0,0,0,.---,0,"0-2 | 3 BB, K",0,1,0,0,0,0,0,1,3,1,0,0,2,0,0,0,1,0,0,0,-.--
121,621466,745834,4,5,1,0,0,.---,0,"1-4 | BB, R",0,3,0,1,0,0,0,0,1,0,1,0,4,1,0,0,5,0,0,0,-.--
121,621438,745834,5,5,0,0,0,.---,0,0-5 | K,0,2,2,0,0,0,0,1,0,0,0,0,5,0,0,0,7,0,0,0,-.--
121,643446,745834,6,5,1,0,0,.---,0,1-5,1,1,3,0,0,0,0,0,0,0,1,0,5,0,0,0,5,0,0,0,-.--
121,664056,745834,7,5,2,0,0,.---,0,"2-5 | RBI, R",0,2,1,1,0,0,0,0,0,0,2,0,5,1,0,1,4,0,0,0,-.--
121,683146,745834,8,3,2,0,0,.---,0,1-3 | 2B,0,2,0,0,1,0,0,0,0,0,1,0,3,0,0,0,0,0,0,0,-.--
121,621512,745834,9,3,0,0,0,.---,0,0-3 | 2 K,1,0,1,0,0,0,0,2,0,0,0,0,3,0,0,0,2,0,0,0,-.--
120,682928,746077,1,6,2,0,0,.---,0,"1-5 | 2B, HBP, K",1,1,2,1,1,0,0,1,0,0,1,1,5,0,0,2,3,0,0,0,-.--
120,669222,746077,2,6,8,0,0,.---,0,"2-6 | 2 HR, 2 K, 5 RBI",1,0,2,2,0,0,2,2,0,0,2,0,6,0,0,5,1,0,0,0,3
120,608385,746077,3,6,1,0,0,.---,0,"1-5 | BB, K",1,1,2,0,0,0,0,1,1,0,1,0,5,0,0,0,0,0,0,0,-.--
120,608841,746077,4,6,0,0,0,.---,0,0-6,0,2,4,0,0,0,0,0,0,0,0,0,6,0,0,0,3,0,0,0,-.--
120,545121,746077,5,5,3,0,1,1,0,"2-5 | 2B, 2 K, R",0,0,1,1,1,0,0,2,0,0,2,0,5,0,0,0,3,0,0,0,-.--
120,702358,746077,6,5,3,0,1,1,0,"3-4 | HBP, 3 R, SB",0,1,0,3,0,0,0,0,0,0,3,1,4,0,0,0,1,0,0,0,-.--
120,669743,746077,7,5,2,0,0,.---,0,"2-2 | 2 BB, HBP, 3 R",0,0,0,3,0,0,0,0,2,0,2,1,2,0,0,0,0,0,0,0,-.--
120,656180,746077,8,5,0,0,0,.---,0,"0-4 | BB, 3 K",1,0,1,0,0,0,0,3,1,0,0,0,4,0,0,0,7,0,0,0,-.--
120,696285,746077,9,5,4,0,2,1,0,"3-5 | 2B, 3 RBI, 2 R",0,0,2,2,1,0,0,0,0,0,3,0,5,0,0,3,5,0,0,0,-.--
146,650333,746077,1,5,2,0,0,.---,0,2-5 | R,0,3,0,1,0,0,0,0,0,0,2,0,5,0,0,0,1,0,0,0,-.--
146,650559,746077,2,5,3,0,0,.---,0,"2-4 | 2B, BB, 2 R",0,2,0,2,1,0,0,0,1,0,2,0,4,0,0,0,2,0,0,0,-.--
146,605137,746077,3,5,0,0,0,.---,0,"0-4 | BB, K, R",1,2,1,1,0,0,0,1,1,0,0,0,4,0,0,0,6,0,0,0,-.--
146,665862,746077,4,5,4,0,0,.---,0,"1-3 | HR, 2 BB, K",0,1,0,2,0,0,1,1,2,0,1,0,3,0,0,4,1,0,0,0,3
146,641313,746077,5,5,2,0,0,.---,0,"1-4 | 2B, BB, 3 K",0,0,0,1,1,0,0,3,1,0,1,0,4,0,0,1,2,0,0,0,-.--
146,656896,746077,6,3,2,0,0,.---,0,"1-3 | 2B, RBI",0,1,1,0,1,0,0,0,0,0,1,0,3,0,0,1,0,0,0,0,-.--
146,667472,746077,7,3,3,0,0,.---,0,"1-3 | 3B, K, R",0,1,0,1,0,1,0,1,0,0,1,0,3,0,0,0,2,0,0,0,-.--
146,660644,746077,8,4,4,0,0,.---,0,"2-4 | 3B, RBI, R",0,1,1,1,0,1,0,0,0,0,2,0,4,0,0,1,1,0,0,0,-.--
146,663743,746077,9,4,1,0,0,.---,0,"1-4 | K, RBI",0,2,0,0,0,0,0,1,0,0,1,0,4,0,0,1,2,0,0,0,-.--
139,650490,746805,1,4,0,0,0,.---,0,0-4 | 2 K,1,1,1,0,0,0,0,2,0,0,0,0,4,0,0,0,0,0,0,0,-.--
139,680700,746805,2,4,2,0,0,.---,0,2-4 | K,0,0,1,0,0,0,0,1,0,0,2,0,4,0,0,0,0,0,0,0,-.--
139,642708,746805,3,4,1,0,0,.---,0,1-4 | K,2,0,2,0,0,0,0,1,0,0,1,0,4,0,0,0,1,0,0,0,-.--
139,670623,746805,4,4,5,0,0,.---,0,"2-4 | HR, RBI, 2 R",1,0,2,2,0,0,1,0,0,0,2,0,4,0,0,1,2,0,0,0,4
139,623912,746805,5,4,2,0,0,.---,0,"1-4 | 2B, K, RBI",0,1,1,0,1,0,0,1,0,0,1,0,4,0,0,1,2,0,0,0,-.--
139,668853,746805,6,4,2,0,0,.---,0,"1-4 | 2B, K",1,0,2,0,1,0,0,1,0,0,1,0,4,0,0,0,1,0,0,0,-.--
139,678554,746805,7,4,0,0,0,.---,0,0-4 | K,1,1,2,0,0,0,0,1,0,0,0,0,4,0,0,0,2,0,0,0,-.--
139,642350,746805,8,3,0,0,0,.---,0,0-3 | K,0,2,0,0,0,0,0,1,0,0,0,0,3,0,0,0,1,0,0,0,-.--
139,650907,746805,9,2,0,0,0,.---,0,0-2 | K,1,0,1,0,0,0,0,1,0,0,0,0,2,0,0,0,0,0,0,0,-.--
145,670032,746805,1,4,0,0,0,.---,0,0-3 | K,1,2,1,0,0,0,0,1,0,0,0,0,3,0,0,0,0,1,0,0,-.--
145,502054,746805,2,4,1,0,0,.---,0,"1-4 | K, R",1,1,1,1,0,0,0,1,0,0,1,0,4,0,0,0,1,0,0,0,-.--
145,657757,746805,3,4,3,0,0,.---,0,3-4 | 2 R,0,1,0,2,0,0,0,0,0,0,3,0,4,0,0,0,1,0,0,0,-.--
145,650391,746805,4,4,3,0,0,.---,0,3-4 | R,0,1,0,1,0,0,0,0,0,0,3,0,4,0,0,0,1,0,0,0,-.--
145,643217,746805,5,4,2,0,0,.---,0,"2-4 | 2 K, 2 RBI",0,0,0,0,0,0,0,2,0,0,2,0,4,0,0,2,3,0,0,0,-.--
145,543257,746805,6,3,1,0,0,.---,0,"1-3 | K, RBI",0,0,1,0,0,0,0,1,0,0,1,0,3,0,0,1,2,0,0,0,-.--
145,664901,746805,7,4,1,0,0,.---,0,1-4 | RBI,1,2,1,0,0,0,0,0,0,0,1,0,4,2,0,1,4,0,0,0,-.--
145,686676,746805,8,3,0,0,0,.---,0,0-3,1,2,1,0,0,0,0,0,0,0,0,0,3,0,0,0,2,0,0,0,-.--
145,669699,746805,9,3,2,0,0,.---,0,"1-3 | 2B, K",0,1,0,0,1,0,0,1,0,0,1,0,3,0,0,0,0,0,0,0,-.--
147,683011,746001,1,6,5,0,1,1,0,"2-4 | HR, 2 BB, 3 RBI",1,1,1,2,0,0,1,0,2,0,2,0,4,0,0,3,0,0,0,0,4
147,665742,746001,2,5,1,0,1,1,0,"1-5 | RBI, R, SB",0,2,2,1,0,0,0,0,0,0,1,0,5,0,0,1,2,0,0,0,-.--
147,592450,746001,3,5,6,0,0,.---,0,"3-4 | HR, BB, 3 RBI",0,0,1,1,0,0,1,0,1,0,3,0,4,0,0,3,0,0,0,0,4
147,657077,746001,4,6,1,0,0,.---,0,"1-6 | K, R",2,2,2,1,0,0,0,1,0,0,1,0,6,0,0,0,5,0,0,0,-.--
147,519317,746001,5,6,1,0,0,.---,0,"1-6 | 2 K, R",0,1,2,1,0,0,0,2,0,0,1,0,6,1,0,0,6,0,0,0,-.--
147,519203,746001,6,5,9,0,0,.---,0,"4-4 | HR, 2 2B, BB",0,0,0,3,2,0,1,0,1,0,4,0,4,0,0,2,0,0,0,0,4
147,650402,746001,7,5,3,0,0,.---,0,"2-5 | 2B, K, RBI",0,1,1,2,1,0,0,1,0,0,2,0,5,0,0,1,4,0,0,0,-.--
147,665828,746001,8,5,2,0,0,.---,0,"2-4 | BB, K, RBI",0,1,0,2,0,0,0,1,1,0,2,0,4,0,0,1,2,0,0,0,-.--
147,624431,746001,9,5,2,0,0,.---,0,"2-4 | 3 RBI, R",2,1,2,1,0,0,0,0,0,0,2,0,4,0,0,3,2,0,1,0,-.--
158,686217,746001,1,5,3,0,0,.---,0,"1-4 | 3B, BB, K",0,1,1,1,0,1,0,1,1,0,1,0,4,0,0,0,0,0,0,0,-.--
158,661388,746001,2,5,3,0,0,.---,0,"2-5 | 2B, K, 2 R",1,0,2,2,1,0,0,1,0,0,2,0,5,0,0,0,1,0,0,0,-.--
158,642715,746001,3,5,3,0,0,.---,0,"2-4 | 2B, BB, K",0,1,0,1,1,0,0,1,1,0,2,0,4,0,0,1,2,0,0,0,-.--
158,641343,746001,4,5,7,0,0,.---,0,"3-5 | HR, 2B, 2 K",0,0,0,1,1,0,1,2,0,0,3,0,5,0,0,3,2,0,0,0,5
158,596142,746001,5,4,1,0,0,.---,0,"1-1 | BB, 2 HBP",0,0,0,0,0,0,0,0,1,0,1,2,1,0,0,0,0,0,0,0,-.--
158,663368,746001,6,5,1,0,0,.---,0,"1-4 | BB, 2 K, RBI",1,0,1,0,0,0,0,2,1,0,1,0,4,0,0,1,4,0,0,0,-.--
158,668930,746001,7,5,0,0,0,.---,0,0-5,0,4,1,0,0,0,0,0,0,0,0,0,5,1,0,0,7,0,0,0,-.--
158,687401,746001,8,5,0,0,0,.---,0,0-1 | 4 BB,0,1,0,0,0,0,0,0,4,0,0,0,1,0,0,0,0,0,0,0,-.--
158,694192,746001,9,5,1,0,0,.---,0,1-5,1,2,2,0,0,0,0,0,0,0,1,0,5,0,0,0,6,0,0,0,-.--
113,666181,745022,1,4,1,0,0,.---,0,"1-4 | 2 K, RBI, R",1,0,1,1,0,0,0,2,0,0,1,0,4,0,0,1,0,0,0,0,-.--
113,682829,745022,2,4,1,0,1,1,0,"1-4 | R, SB",0,2,1,1,0,0,0,0,0,0,1,0,4,0,0,0,0,0,0,0,-.--
113,668715,745022,3,4,1,0,1,1,0,"1-4 | K, RBI, SB",0,1,1,0,0,0,0,1,0,0,1,0,4,0,0,1,0,0,0,0,-.--
113,641584,745022,4,4,0,0,0,.---,0,0-4 | 3 K,0,1,0,0,0,0,0,3,0,0,0,0,4,0,0,0,1,0,0,0,-.--
113,663697,745022,5,4,2,0,0,.---,0,2-4 | K,0,1,0,0,0,0,0,1,0,0,2,0,4,0,0,0,1,0,0,0,-.--
113,605361,745022,6,4,0,0,0,.---,0,"0-3 | BB, 2 K",0,1,0,0,0,0,0,2,1,0,0,0,3,0,0,0,1,0,0,0,-.--
113,600869,745022,7,4,0,0,0,.---,0,0-4 | 4 K,0,0,0,0,0,0,0,4,0,0,0,0,4,0,0,0,3,0,0,0,-.--
113,571912,745022,8,4,2,0,0,.---,0,"1-3 | 2B, HBP, R",0,1,1,1,1,0,0,0,0,0,1,1,3,0,0,0,2,0,0,0,-.--
113,656413,745022,9,3,0,0,0,.---,0,0-3 | 2 K,0,0,1,0,0,0,0,2,0,0,0,0,3,0,0,0,2,0,0,0,-.--
140,543760,745022,1,4,0,0,0,.---,0,0-4 | 2 K,1,1,1,0,0,0,0,2,0,0,0,0,4,0,0,0,3,0,0,0,-.--
140,608369,745022,2,4,0,0,0,.---,0,0-4 | 3 K,0,0,1,0,0,0,0,3,0,0,0,0,4,0,0,0,0,0,0,0,-.--
140,663993,745022,3,4,2,0,0,.---,0,"2-4 | K, R",0,1,0,1,0,0,0,1,0,0,2,0,4,0,0,0,0,0,0,0,-.--
140,666969,745022,4,4,4,0,0,.---,0,"1-3 | HR, BB, K",0,1,0,1,0,0,1,1,1,0,1,0,3,0,0,2,0,0,0,0,3
140,641680,745022,5,3,1,0,0,.---,0,1-3 | R,1,1,1,1,0,0,0,0,0,0,1,0,3,1,0,0,2,0,0,0,-.--
140,694671,745022,6,3,4,0,0,.---,0,"1-3 | HR, K, 2 RBI",0,1,0,1,0,0,1,1,0,0,1,0,3,0,0,2,0,0,0,0,3
140,673995,745022,7,2,0,0,0,.---,0,0-2,0,1,1,0,0,0,0,0,0,0,0,0,2,0,0,0,0,0,0,0,-.--
140,668800,745022,8,2,0,0,0,.---,0,0-2 | 2 K,0,0,0,0,0,0,0,2,0,0,0,0,2,0,0,0,0,0,0,0,-.--
140,665750,745022,9,3,1,1,0,0,1,"1-3 | K, CS",1,0,1,0,0,0,0,1,0,0,1,0,3,0,0,0,2,0,0,0,-.--
117,514888,746561,1,5,5,0,1,1,0,"2-4 | HR, BB, RBI",0,2,0,3,0,0,1,0,1,0,2,0,4,1,0,1,1,0,0,0,4
117,608324,746561,2,4,2,0,0,.---,0,"2-4 | RBI, R",0,1,1,1,0,0,0,0,0,0,2,0,4,0,0,1,1,0,0,0,-.--
117,670541,746561,3,4,0,0,0,.---,0,"0-3 | K, RBI",2,0,3,0,0,0,0,1,0,0,0,0,3,0,0,1,3,0,1,0,-.--
117,663656,746561,4,4,4,0,0,.---,0,"1-4 | HR, 2 RBI, R",0,2,1,1,0,0,1,0,0,0,1,0,4,0,0,2,2,0,0,0,4
117,665161,746561,5,4,4,0,0,.---,0,"1-3 | HR, BB, RBI",2,0,2,2,0,0,1,0,1,0,1,0,3,0,0,1,0,0,0,0,3
117,673237,746561,6,4,2,0,0,.---,0,"1-4 | 2B, K, 2 RBI",2,0,2,0,1,0,0,1,0,0,1,0,4,0,0,2,0,0,0,0,-.--
117,643289,746561,7,4,0,0,0,.---,0,0-4,1,2,2,0,0,0,0,0,0,0,0,0,4,0,0,0,1,0,0,0,-.--
117,547989,746561,8,4,0,0,0,.---,0,0-4,2,2,2,0,0,0,0,0,0,0,0,0,4,0,0,0,0,0,0,0,-.--
117,605170,746561,9,4,1,0,0,.---,0,"1-3 | HBP, R",2,0,2,1,0,0,0,0,0,0,1,1,3,0,0,0,0,0,0,0,-.--
115,678662,746561,1,4,0,0,0,.---,0,0-4 | K,1,2,1,0,0,0,0,1,0,0,0,0,4,0,0,0,1,0,0,0,-.--
115,686668,746561,2,4,1,0,0,.---,0,1-4 | K,0,2,0,0,0,0,0,1,0,0,1,0,4,0,0,0,0,0,0,0,-.--
115,641857,746561,3,4,1,1,0,0,0,"1-4 | 2 K, CS",0,1,0,0,0,0,0,2,0,0,1,0,4,0,0,0,1,0,0,0,-.--
115,553869,746561,4,4,2,0,0,.---,0,2-4 | R,1,1,1,1,0,0,0,0,0,0,2,0,4,0,0,0,1,0,0,0,-.--
115,660707,746561,5,4,0,0,0,.---,0,0-4 | K,1,2,1,0,0,0,0,1,0,0,0,0,4,1,0,0,3,0,0,0,-.--
115,666134,746561,6,2,2,0,0,.---,0,"1-2 | 2B, K, R",0,0,0,1,1,0,0,1,0,0,1,0,2,0,0,0,0,0,0,0,-.--
115,656248,746561,7,3,1,0,0,.---,0,"1-3 | K, RBI",0,1,0,0,0,0,0,1,0,0,1,0,3,0,0,1,0,0,0,0,-.--
115,607732,746561,8,3,1,0,0,.---,0,"1-2 | K, RBI",1,0,1,0,0,0,0,1,0,0,1,0,2,0,0,1,0,0,1,0,-.--
115,676701,746561,9,3,0,0,0,.---,0,0-3 | 2 K,0,0,1,0,0,0,0,2,0,0,0,0,3,0,0,0,2,0,0,0,-.--
134,663647,745349,1,4,1,0,0,.---,0,"1-3 | HBP, K",1,0,1,0,0,0,0,1,0,0,1,1,3,0,0,0,0,0,0,0,-.--
134,668804,745349,2,4,0,0,0,.---,0,0-4,0,2,2,0,0,0,0,0,0,0,0,0,4,0,0,0,2,0,0,0,-.--
134,665833,745349,3,4,1,0,1,1,0,"1-4 | K, SB",0,2,0,0,0,0,0,1,0,0,1,0,4,0,0,0,2,0,0,0,-.--
134,656582,745349,4,4,0,0,0,.---,0,0-4,0,3,1,0,0,0,0,0,0,0,0,0,4,0,0,0,2,0,0,0,-.--
134,658668,745349,5,4,0,0,0,.---,0,"0-2 | BB, HBP, K",0,1,0,1,0,0,0,1,1,0,0,1,2,0,0,0,0,0,0,0,-.--
134,642133,745349,6,4,4,0,0,.---,0,"2-3 | 2 2B, BB, R",0,1,0,1,2,0,0,0,1,0,2,0,3,1,0,0,1,0,0,0,-.--
134,669707,745349,7,4,1,0,0,.---,0,1-4 | 2 RBI,1,2,1,0,0,0,0,0,0,0,1,0,4,0,0,2,2,0,0,0,-.--
134,572191,745349,8,4,0,0,0,.---,0,"0-3 | BB, 2 K",0,1,0,0,0,0,0,2,1,0,0,0,3,0,0,0,2,0,0,0,-.--
134,680779,745349,9,2,0,0,0,.---,0,0-2 | 2 K,0,0,0,0,0,0,0,2,0,0,0,0,2,0,0,0,1,0,0,0,-.--
137,808982,745349,1,4,1,0,0,.---,0,1-4,2,0,3,0,0,0,0,0,0,0,1,0,4,0,0,0,3,0,0,0,-.--
137,664774,745349,2,4,0,0,0,.---,0,"0-2 | BB, 2 K, RBI",1,0,1,0,0,0,0,2,1,0,0,0,2,0,0,1,1,0,1,0,-.--
137,656305,745349,3,4,1,0,0,.---,0,1-4 | 2 K,0,1,0,0,0,0,0,2,0,0,1,0,4,1,0,0,1,0,0,0,-.--
137,624424,745349,4,4,0,0,0,.---,0,0-4,1,2,2,0,0,0,0,0,0,0,0,0,4,0,0,0,2,0,0,0,-.--
137,672275,745349,5,3,0,0,0,.---,0,0-3,1,2,1,0,0,0,0,0,0,0,0,0,3,0,0,0,2,0,0,0,-.--
137,624585,745349,6,3,0,0,0,.---,0,0-3 | 3 K,0,0,0,0,0,0,0,3,0,0,0,0,3,0,0,0,0,0,0,0,-.--
137,642731,745349,7,3,4,0,0,.---,0,"1-3 | HR, K, RBI",0,0,1,1,0,0,1,1,0,0,1,0,3,0,0,1,0,0,0,0,3
137,573262,745349,8,3,5,0,0,.---,0,"2-3 | HR, RBI, R",0,1,0,1,0,0,1,0,0,0,2,0,3,0,0,1,0,0,0,0,3
137,666149,745349,9,3,4,1,0,0,0,"3-3 | 2B, R, CS",0,0,0,1,1,0,0,0,0,0,3,0,3,0,0,0,0,0,0,0,-.--
142,680777,746237,1,6,5,0,0,.---,0,"3-5 | 2 2B, 2 RBI, 2 R",1,2,1,2,2,0,0,0,0,0,3,0,5,1,0,2,3,0,1,0,-.--
142,621439,746237,2,5,1,0,1,1,0,"1-4 | BB, 2 K, 3 R",0,1,0,3,0,0,0,2,1,0,1,0,4,0,0,0,2,0,0,0,-.--
142,622534,746237,3,3,0,0,0,.---,0,"0-2 | K, RBI",1,1,1,0,0,0,0,1,0,0,0,0,2,1,0,1,2,0,1,0,-.--
142,669304,746237,4,5,5,0,0,.---,0,"3-5 | 2 2B, K, 2 RBI",0,1,0,0,2,0,0,1,0,0,3,0,5,0,0,2,2,0,0,0,-.--
142,467793,746237,5,5,1,0,0,.---,0,1-5 | RBI,0,4,0,0,0,0,0,0,0,0,1,0,5,0,0,1,3,0,0,0,-.--
142,650489,746237,6,5,4,1,0,0,0,"3-5 | 2B, RBI, CS",0,0,2,0,1,0,0,0,0,0,3,0,5,0,0,1,2,0,0,0,-.--
142,543877,746237,7,5,3,0,1,1,0,"3-4 | BB, R, SB",1,0,1,1,0,0,0,0,1,0,3,0,4,0,0,0,0,0,0,0,-.--
142,571657,746237,8,2,2,0,0,.---,0,"1-2 | 2B, R",1,0,1,1,1,0,0,0,0,0,1,0,2,0,0,0,0,0,0,0,-.--
142,668885,746237,9,5,1,0,1,1,0,"1-3 | 2 BB, 2 RBI, 3 R",1,1,1,3,0,0,0,0,2,0,1,0,3,0,0,2,0,0,0,0,-.--
108,545361,746237,1,4,1,0,0,.---,0,"1-3 | BB, RBI",0,1,1,0,0,0,0,0,1,0,1,0,3,0,0,1,0,0,0,0,-.--
108,687263,746237,2,4,0,0,0,.---,0,0-4 | 3 K,0,0,1,0,0,0,0,3,0,0,0,0,4,0,0,0,3,0,0,0,-.--
108,621493,746237,3,4,0,0,0,.---,0,0-4 | 3 K,0,0,1,0,0,0,0,3,0,0,0,0,4,0,0,0,0,0,0,0,-.--
108,592273,746237,4,4,0,0,0,.---,0,0-4 | K,2,1,2,0,0,0,0,1,0,0,0,0,4,0,0,0,0,0,0,0,-.--
108,543305,746237,5,4,0,0,0,.---,0,0-4 | 3 K,0,1,0,0,0,0,0,3,0,0,0,0,4,0,0,0,0,0,0,0,-.--
108,681351,746237,6,4,2,0,0,.---,0,"1-4 | 2B, R",2,0,3,1,1,0,0,0,0,0,1,0,4,0,0,0,0,0,0,0,-.--
108,666176,746237,7,4,2,0,0,.---,0,"1-4 | 2B, 2 K, RBI",0,1,0,1,1,0,0,2,0,0,1,0,4,0,0,1,0,0,0,0,-.--
108,650859,746237,8,4,4,0,0,.---,0,"1-3 | HR, HBP, K",1,0,1,2,0,0,1,1,0,0,1,1,3,0,0,2,0,0,0,0,3
108,694384,746237,9,3,5,0,0,.---,0,"2-3 | HR, K, RBI",0,0,0,1,0,0,1,1,0,0,2,0,3,0,0,1,0,0,0,0,3
109,664983,745265,1,4,0,0,0,.---,0,0-3 | 2 K,1,1,1,0,0,0,0,2,0,0,0,0,3,0,0,0,0,1,0,0,-.--
109,666971,745265,2,4,0,0,0,.---,0,0-4 | K,1,1,2,0,0,0,0,1,0,0,0,0,4,0,0,0,1,0,0,0,-.--
109,606466,745265,3,4,2,0,0,.---,0,"1-4 | 2B, 2 K, RBI",1,0,1,0,1,0,0,2,0,0,1,0,4,0,0,1,0,0,0,0,-.--
109,572233,745265,4,4,6,0,0,.---,0,"2-4 | HR, 2B, 2 K",0,0,0,1,1,0,1,2,0,0,2,0,4,0,0,1,1,0,0,0,4
109,592626,745265,5,3,2,0,0,.---,0,"1-3 | 2B, K, R",1,0,1,1,1,0,0,1,0,0,1,0,3,0,0,0,1,0,0,0,-.--
109,553993,745265,6,4,2,0,0,.---,0,"1-4 | 2B, K, RBI",1,1,1,0,1,0,0,1,0,0,1,0,4,0,0,1,1,0,0,0,-.--
109,682998,745265,7,4,0,0,0,.---,0,0-4 | 2 K,0,0,2,0,0,0,0,2,0,0,0,0,4,0,0,0,2,0,0,0,-.--
109,571466,745265,8,2,0,0,0,.---,0,"0-1 | BB, K",0,0,0,0,0,0,0,1,1,0,0,0,1,0,0,0,0,0,0,0,-.--
109,621028,745265,9,3,0,0,0,.---,0,"0-2 | BB, R",0,1,1,1,0,0,0,0,1,0,0,0,2,0,0,0,1,0,0,0,-.--
136,668942,745265,1,4,4,0,0,.---,0,"1-3 | HR, RBI, R",1,1,1,1,0,0,1,0,0,0,1,0,3,0,0,1,0,0,0,1,3
136,677594,745265,2,4,1,0,0,.---,0,"1-4 | K, RBI",0,2,0,0,0,0,0,1,0,0,1,0,4,0,0,1,0,0,0,0,-.--
136,593871,745265,3,4,1,0,0,.---,0,1-4 | 3 K,0,0,0,0,0,0,0,3,0,0,1,0,4,0,0,0,0,0,0,0,-.--
136,664034,745265,4,4,0,0,0,.---,0,0-4 | 2 K,1,1,1,0,0,0,0,2,0,0,0,0,4,0,0,0,3,0,0,0,-.--
136,641598,745265,5,4,0,0,0,.---,0,0-4 | 2 K,1,1,1,0,0,0,0,2,0,0,0,0,4,1,0,0,3,0,0,0,-.--
136,670042,745265,6,2,0,0,0,.---,0,0-2 | K,0,1,0,0,0,0,0,1,0,0,0,0,2,0,0,0,0,0,0,0,-.--
136,682729,745265,7,3,1,0,0,.---,0,1-3 | 2 K,0,0,0,0,0,0,0,2,0,0,1,0,3,0,0,0,0,0,0,0,-.--
136,664874,745265,8,2,0,0,0,.---,0,0-2 | 2 K,0,0,0,0,0,0,0,2,0,0,0,0,2,0,0,0,1,0,0,0,-.--
136,660844,745265,9,2,3,0,0,.---,0,"1-2 | 3B, K, R",0,0,0,1,0,1,0,1,0,0,1,0,2,0,0,0,0,0,0,0,-.--
143,656941,745428,1,5,2,0,0,.---,0,"2-5 | K, R",0,1,1,1,0,0,0,1,0,0,2,0,5,0,0,0,1,0,0,0,-.--
143,607208,745428,2,5,1,0,0,.---,0,1-5 | K,1,1,2,0,0,0,0,1,0,0,1,0,5,0,0,0,2,0,0,0,-.--
143,547180,745428,3,5,0,0,0,.---,0,"0-4 | BB, K",0,3,0,0,0,0,0,1,1,0,0,0,4,0,0,0,1,0,0,0,-.--
143,664761,745428,4,5,5,0,0,.---,0,"3-5 | 2 2B, K, R",0,1,0,1,2,0,0,1,0,0,3,0,5,0,0,0,2,0,0,0,-.--
143,592663,745428,5,5,5,0,0,.---,0,"2-5 | HR, 2 K, 3 RBI",0,1,0,1,0,0,1,2,0,0,2,0,5,0,0,3,3,0,0,0,5
143,669016,745428,6,4,1,0,0,.---,0,1-4 | 2 K,0,0,1,0,0,0,0,2,0,0,1,0,4,0,0,0,0,0,0,0,-.--
143,592206,745428,7,4,0,0,0,.---,0,"0-1 | 3 BB, 2 R",0,1,0,2,0,0,0,0,3,0,0,0,1,0,0,0,1,0,0,0,-.--
143,681082,745428,8,4,8,0,1,1,0,"2-3 | 2 HR, HBP, 4 RBI",0,1,0,3,0,0,2,0,0,0,2,1,3,0,0,4,1,0,0,0,1.5
143,679032,745428,9,4,2,0,0,.---,0,"1-4 | 2B, RBI",0,2,1,0,1,0,0,0,0,0,1,0,4,1,0,1,2,0,0,0,-.--
135,595777,745428,1,5,3,0,0,.---,0,"2-4 | 2B, BB, R",0,0,2,1,1,0,0,0,1,0,2,0,4,0,0,0,0,0,0,0,-.--
135,665487,745428,2,4,2,0,0,.---,0,"1-4 | 2B, RBI, R",2,1,2,1,1,0,0,0,0,0,1,0,4,1,0,1,2,0,0,0,-.--
135,630105,745428,3,4,6,0,0,.---,0,"2-4 | HR, 2B, 2 RBI",1,1,1,1,1,0,1,0,0,0,2,0,4,0,0,2,1,0,0,0,4
135,592518,745428,4,4,1,0,0,.---,0,1-4,1,1,2,0,0,0,0,0,0,0,1,0,4,0,0,0,1,0,0,0,-.--
135,593428,745428,5,4,1,0,0,.---,0,1-4 | K,1,1,1,0,0,0,0,1,0,0,1,0,4,0,0,0,2,0,0,0,-.--
135,701538,745428,6,4,0,0,0,.---,0,0-4,1,1,3,0,0,0,0,0,0,0,0,0,4,0,0,0,2,0,0,0,-.--
135,673490,745428,7,4,0,0,0,.---,0,"0-3 | BB, K, R",0,1,1,1,0,0,0,1,1,0,0,0,3,0,0,0,1,0,0,0,-.--
135,688363,745428,8,3,1,0,0,.---,0,"1-3 | K, R",0,0,1,1,0,0,0,1,0,0,1,0,3,0,0,0,0,0,0,0,-.--
135,543309,745428,9,2,0,0,0,.---,0,0-2 | K,0,1,0,0,0,0,0,1,0,0,0,0,2,0,0,0,0,0,0,0,-.--
112,663538,746967,1,4,1,0,0,.---,0,1-4 | R,0,3,0,1,0,0,0,0,0,0,1,0,4,0,0,0,0,0,0,0,-.--
112,643565,746967,2,4,5,0,0,.---,0,"2-4 | HR, K, 3 RBI",1,0,1,1,0,0,1,1,0,0,2,0,4,0,0,3,0,0,0,0,4
112,664023,746967,3,4,1,0,0,.---,0,1-4 | 2 K,0,1,0,0,0,0,0,2,0,0,1,0,4,0,0,0,0,0,0,0,-.--
112,666624,746967,4,4,0,0,0,.---,0,0-4 | 3 K,0,0,1,0,0,0,0,3,0,0,0,0,4,0,0,0,2,0,0,0,-.--
112,683737,746967,5,4,0,0,0,.---,0,"0-3 | HBP, K, R",1,0,2,1,0,0,0,1,0,0,0,1,3,0,0,0,2,0,0,0,-.--
112,621020,746967,6,4,1,0,0,.---,0,1-4 | K,1,1,1,0,0,0,0,1,0,0,1,0,4,0,0,0,0,0,0,0,-.--
112,670223,746967,7,3,1,0,0,.---,0,"1-3 | K, RBI",0,1,0,0,0,0,0,1,0,0,1,0,3,0,0,1,0,0,0,0,-.--
112,665804,746967,8,4,0,0,0,.---,0,0-4 | 3 K,0,1,0,0,0,0,0,3,0,0,0,0,4,0,0,0,2,0,0,0,-.--
112,691718,746967,9,3,1,0,0,.---,0,1-3 | R,0,2,0,1,0,0,0,0,0,0,1,0,3,0,0,0,0,0,0,0,-.--
111,680776,746967,1,5,3,0,0,.---,0,"1-4 | 3B, BB, K",1,1,1,1,0,1,0,1,1,0,1,0,4,0,0,2,1,0,0,0,-.--
111,646240,746967,2,5,2,0,0,.---,0,"2-3 | 2 BB, 2 R",0,1,0,2,0,0,0,0,2,1,2,0,3,0,0,0,0,0,0,0,-.--
111,641933,746967,3,5,1,0,0,.---,0,"1-4 | BB, 2 K, RBI",0,1,0,0,0,0,0,2,1,0,1,0,4,0,0,1,4,0,0,0,-.--
111,677800,746967,4,4,0,0,0,.---,0,0-4 | K,2,1,2,0,0,0,0,1,0,0,0,0,4,0,0,0,4,0,0,0,-.--
111,657136,746967,5,4,2,0,0,.---,0,2-4 | 2 RBI,1,1,1,0,0,0,0,0,0,0,2,0,4,0,0,2,1,0,0,0,-.--
111,807799,746967,6,2,1,0,0,.---,0,1-2,0,1,0,0,0,0,0,0,0,0,1,0,2,0,0,0,2,0,0,0,-.--
111,665839,746967,7,4,0,0,0,.---,0,0-4 | K,1,0,3,0,0,0,0,1,0,0,0,0,4,0,0,0,3,0,0,0,-.--
111,666915,746967,8,4,1,0,1,1,0,"1-4 | 3 K, SB",0,0,0,0,0,0,0,3,0,0,1,0,4,0,0,0,1,0,0,0,-.--
111,678882,746967,9,4,2,0,0,.---,0,"1-4 | 2B, K, R",0,0,2,1,1,0,0,1,0,0,1,0,4,0,0,0,1,0,0,0,-.--
147,683011,747046,1,5,0,0,0,.---,0,0-4 | BB,1,2,2,0,0,0,0,0,1,0,0,0,4,0,0,0,3,0,0,0,-.--
147,665742,747046,2,4,1,0,0,.---,0,1-4 | K,0,2,0,0,0,0,0,1,0,0,1,0,4,0,0,0,2,0,0,0,-.--
147,592450,747046,3,4,1,0,0,.---,0,1-4 | K,2,0,2,0,0,0,0,1,0,0,1,0,4,0,0,0,4,0,0,0,-.--
147,519203,747046,4,4,0,0,0,.---,0,0-4 | K,1,2,1,0,0,0,0,1,0,0,0,0,4,0,0,0,3,0,0,0,-.--
147,519317,747046,5,4,1,0,0,.---,0,1-3 | BB,0,2,0,0,0,0,0,0,1,0,1,0,3,0,0,0,0,0,0,0,-.--
147,669224,747046,6,4,2,0,0,.---,0,1-4 | 2B,0,2,1,0,1,0,0,0,0,0,1,0,4,0,0,0,2,0,0,0,-.--
147,650402,747046,7,4,2,0,0,.---,0,2-4,1,0,2,0,0,0,0,0,0,0,2,0,4,0,0,0,2,0,0,0,-.--
147,665828,747046,8,4,0,0,0,.---,0,0-4,1,2,2,0,0,0,0,0,0,0,0,0,4,0,0,0,5,0,0,0,-.--
147,663757,747046,9,4,1,0,0,.---,0,1-3 | BB,2,0,2,0,0,0,0,0,1,0,1,0,3,0,0,0,1,0,0,0,-.--
110,683002,747046,1,4,4,0,0,.---,0,"1-3 | HR, HBP, K",1,0,1,2,0,0,1,1,0,0,1,1,3,0,0,1,2,0,0,0,3
110,668939,747046,2,4,1,0,0,.---,0,1-4 | K,1,1,1,0,0,0,0,1,0,0,1,0,4,0,0,0,0,0,0,0,-.--
110,656811,747046,3,4,1,0,0,.---,0,1-3 | BB,1,0,2,0,0,0,0,0,1,0,1,0,3,0,0,0,2,0,0,0,-.--
110,623993,747046,4,4,0,0,0,.---,0,0-4 | K,0,2,1,0,0,0,0,1,0,0,0,0,4,0,0,0,3,0,0,0,-.--
110,663624,747046,5,4,0,0,0,.---,0,0-4 | K,3,0,3,0,0,0,0,1,0,0,0,0,4,0,0,0,4,0,0,0,-.--
110,656775,747046,6,3,0,0,0,.---,0,"0-2 | BB, K",0,0,1,0,0,0,0,1,1,0,0,0,2,0,0,0,0,0,0,0,-.--
110,676059,747046,7,3,1,1,0,0,0,1-3 | CS,2,0,2,0,0,0,0,0,0,0,1,0,3,0,0,0,1,0,0,0,-.--
110,681297,747046,8,3,0,0,0,.---,0,"0-2 | BB, K",0,1,0,0,0,0,0,1,1,0,0,0,2,0,0,0,0,0,0,0,-.--
110,602104,747046,9,3,0,0,0,.---,0,0-3,1,1,2,0,0,0,0,0,0,0,0,0,3,0,0,0,2,0,0,0,-.--
120,682928,746074,1,5,4,0,1,1,0,"1-3 | HR, 2 BB, 2 RBI",1,1,1,2,0,0,1,0,2,0,1,0,3,0,0,2,0,0,0,0,3
120,669222,746074,2,5,2,0,0,.---,0,"1-3 | 2B, BB, HBP",0,1,1,0,1,0,0,0,1,1,1,1,3,0,0,0,0,0,0,0,-.--
120,608385,746074,3,4,0,0,1,1,0,"0-3 | BB, K, 2 RBI",0,2,0,1,0,0,0,1,1,0,0,0,3,0,0,2,3,0,0,0,-.--
120,608841,746074,4,4,2,0,0,.---,0,"1-4 | 2B, K, RBI",1,1,1,1,1,0,0,1,0,0,1,0,4,0,0,1,3,0,0,0,-.--
120,545121,746074,5,4,2,1,0,0,0,"2-4 | RBI, CS",1,1,1,0,0,0,0,0,0,0,2,0,4,0,0,1,0,0,0,0,-.--
120,702358,746074,6,4,0,0,0,.---,0,0-4,2,1,3,0,0,0,0,0,0,0,0,0,4,0,0,0,2,0,0,0,-.--
120,660688,746074,7,4,0,0,0,.---,0,0-4,0,3,1,0,0,0,0,0,0,0,0,0,4,0,0,0,1,0,0,0,-.--
120,669743,746074,8,4,2,0,0,.---,0,"1-4 | 2B, K, R",0,1,1,1,1,0,0,1,0,0,1,0,4,0,0,0,0,0,0,0,-.--
120,696285,746074,9,4,1,0,2,1,0,"1-4 | 2 R, 2 SB",0,3,0,2,0,0,0,0,0,0,1,0,4,0,0,0,2,0,0,0,-.--
146,650333,746074,1,4,2,0,0,.---,0,1-4 | 2B,1,2,1,0,1,0,0,0,0,0,1,0,4,0,0,0,0,0,0,0,-.--
146,660821,746074,2,1,1,0,0,.---,0,1-1,0,0,0,0,0,0,0,0,0,0,1,0,1,0,0,0,0,0,0,0,-.--
146,665862,746074,3,4,4,0,0,.---,0,"1-4 | HR, K, 2 RBI",1,0,2,1,0,0,1,1,0,0,1,0,4,0,0,2,1,0,0,0,4
146,605137,746074,4,4,0,0,0,.---,0,0-4 | K,1,0,3,0,0,0,0,1,0,0,0,0,4,0,0,0,1,0,0,0,-.--
146,650559,746074,5,3,0,0,0,.---,0,0-3,2,1,2,0,0,0,0,0,0,0,0,0,3,0,0,0,0,0,0,0,-.--
146,641313,746074,6,1,0,0,0,.---,0,0-1 | K,0,0,0,0,0,0,0,1,0,0,0,0,1,0,0,0,0,0,0,0,-.--
146,624503,746074,7,3,0,0,0,.---,0,0-3,0,1,2,0,0,0,0,0,0,0,0,0,3,0,0,0,0,0,0,0,-.--
146,656896,746074,8,3,0,0,0,.---,0,0-3 | K,1,1,1,0,0,0,0,1,0,0,0,0,3,0,0,0,0,0,0,0,-.--
146,663743,746074,9,3,0,0,0,.---,0,0-3 | K,0,2,0,0,0,0,0,1,0,0,0,0,3,0,0,0,0,0,0,0,-.--
118,672580,744945,1,5,3,0,0,.---,0,2-5 | 2B,0,2,1,0,1,0,0,0,0,0,2,0,5,0,0,0,2,0,0,0,-.--
118,677951,744945,2,5,1,0,1,1,0,"1-4 | BB, K, R",0,2,0,1,0,0,0,1,1,0,1,0,4,0,0,0,3,0,0,0,-.--
118,686469,744945,3,5,0,0,0,.---,0,0-5,1,3,2,0,0,0,0,0,0,0,0,0,5,0,0,0,5,0,0,0,-.--
118,676369,744945,4,4,2,0,0,.---,0,"1-3 | 2B, HBP, 2 K",0,0,0,1,1,0,0,2,0,0,1,1,3,0,0,1,0,0,0,0,-.--
118,686681,744945,5,5,1,0,0,.---,0,"1-5 | K, RBI",1,2,1,0,0,0,0,1,0,0,1,0,5,1,0,1,3,0,0,0,-.--
118,666023,744945,6,4,5,0,0,.---,0,"2-3 | HR, BB, RBI",1,0,1,2,0,0,1,0,1,0,2,0,3,0,0,1,1,0,0,0,3
118,669004,744945,7,4,0,0,0,.---,0,0-4 | K,0,1,2,0,0,0,0,1,0,0,0,0,4,0,0,0,2,0,0,0,-.--
118,592669,744945,8,3,1,0,0,.---,0,1-2 | BB,0,1,0,0,0,0,0,0,1,0,1,0,2,0,0,0,0,0,0,0,-.--
118,664728,744945,9,4,5,0,0,.---,0,"2-4 | HR, K, 2 RBI",0,1,0,1,0,0,1,1,0,0,2,0,4,0,0,2,1,0,0,0,4
141,543807,744945,1,5,1,0,0,.---,0,1-5 | 3 K,0,1,0,0,0,0,0,3,0,0,1,0,5,0,0,0,2,0,0,0,-.--
141,665489,744945,2,5,3,0,0,.---,0,"2-4 | 2B, BB, RBI",0,1,1,1,1,0,0,0,1,0,2,0,4,0,0,1,1,0,0,0,-.--
141,457759,744945,3,5,8,0,0,.---,0,"2-5 | 2 HR, K, 3 RBI",0,0,2,2,0,0,2,1,0,0,2,0,5,0,0,3,3,0,0,0,2.5
141,662139,744945,4,5,2,0,0,.---,0,"1-4 | 2B, BB, 2 K",0,1,0,1,1,0,0,2,1,0,1,0,4,0,0,0,2,0,0,0,-.--
141,643376,744945,5,4,4,0,0,.---,0,"1-3 | HR, BB, RBI",1,0,2,1,0,0,1,0,1,0,1,0,3,0,0,1,3,0,0,0,3
141,676914,744945,6,4,2,0,0,.---,0,"2-4 | K, RBI",1,0,1,0,0,0,0,1,0,0,2,0,4,0,0,1,0,0,0,0,-.--
141,624415,744945,7,4,0,0,0,.---,0,"0-2 | BB, HBP",2,0,2,0,0,0,0,0,1,0,0,1,2,0,0,0,2,0,0,0,-.--
141,643396,744945,8,4,2,0,0,.---,0,2-4,1,1,1,0,0,0,0,0,0,0,2,0,4,1,0,0,2,0,0,0,-.--
141,680718,744945,9,4,1,0,0,.---,0,"1-4 | K, R",0,2,0,1,0,0,0,1,0,0,1,0,4,0,0,0,3,0,0,0,-.--
112,663538,745832,1,4,0,0,0,.---,0,0-4 | K,2,0,3,0,0,0,0,1,0,0,0,0,4,0,0,0,0,0,0,0,-.--
112,643565,745832,2,4,2,0,0,.---,0,"1-3 | 2B, HBP, K",0,1,0,1,1,0,0,1,0,0,1,1,3,0,0,0,0,0,0,0,-.--
112,664023,745832,3,4,0,0,0,.---,0,"0-3 | BB, 2 K",0,1,0,0,0,0,0,2,1,0,0,0,3,0,0,0,2,0,0,0,-.--
112,666624,745832,4,4,4,0,0,.---,0,"1-4 | HR, 2 RBI, R",0,2,1,1,0,0,1,0,0,0,1,0,4,0,0,2,2,0,0,0,4
112,683737,745832,5,4,0,0,0,.---,0,"0-3 | BB, 2 K, R",1,0,1,1,0,0,0,2,1,0,0,0,3,0,0,0,0,0,0,0,-.--
112,621020,745832,6,3,1,0,0,.---,0,1-3 | K,1,0,1,0,0,0,0,1,0,0,1,0,3,0,0,0,0,0,0,0,-.--
112,670223,745832,7,3,0,0,0,.---,0,0-3,1,1,2,0,0,0,0,0,0,0,0,0,3,0,0,0,2,0,0,0,-.--
112,543228,745832,8,2,0,0,0,.---,0,0-2 | K,0,1,0,0,0,0,0,1,0,0,0,0,2,0,0,0,0,0,0,0,-.--
112,691718,745832,9,3,0,0,0,.---,0,0-3,2,1,2,0,0,0,0,0,0,0,0,0,3,0,0,0,1,0,0,0,-.--
121,607043,745832,1,4,4,0,0,.---,0,"1-3 | HR, BB, RBI",1,1,1,1,0,0,1,0,1,0,1,0,3,0,0,1,1,0,0,0,3
121,596019,745832,2,4,0,0,0,.---,0,0-4,0,3,1,0,0,0,0,0,0,0,0,0,4,0,0,0,2,0,0,0,-.--
121,624413,745832,3,4,0,0,1,1,0,"0-3 | BB, SB",0,3,0,0,0,0,0,0,1,0,0,0,3,0,0,0,1,0,0,0,-.--
121,502110,745832,4,4,1,0,0,.---,0,1-4,1,1,2,0,0,0,0,0,0,0,1,0,4,0,0,0,1,0,0,0,-.--
121,643446,745832,5,4,1,0,0,.---,0,1-3 | BB,1,0,2,0,0,0,0,0,1,0,1,0,3,0,0,0,1,0,0,0,-.--
121,621438,745832,6,3,0,0,0,.---,0,0-3,2,0,3,0,0,0,0,0,0,0,0,0,3,0,0,0,1,0,0,0,-.--
121,668901,745832,7,3,0,0,0,.---,0,0-3,1,2,1,0,0,0,0,0,0,0,0,0,3,0,0,0,1,0,0,0,-.--
121,664056,745832,8,3,0,0,0,.---,0,0-3 | K,1,1,1,0,0,0,0,1,0,0,0,0,3,0,0,0,0,0,0,0,-.--
121,621512,745832,9,3,1,0,0,.---,0,1-3,1,1,1,0,0,0,0,0,0,0,1,0,3,0,0,0,0,0,0,0,-.--
142,680777,746804,1,4,0,0,0,.---,0,0-3 | BB,2,0,3,0,0,0,0,0,1,0,0,0,3,0,0,0,0,0,0,0,-.--
142,621043,746804,2,4,0,0,0,.---,0,0-4 | K,1,2,1,0,0,0,0,1,0,0,0,0,4,0,0,0,1,0,0,0,-.--
142,669304,746804,3,2,0,0,0,.---,0,0-2 | K,0,1,0,0,0,0,0,1,0,0,0,0,2,0,0,0,0,0,0,0,-.--
142,621439,746804,4,4,2,0,0,.---,0,"1-4 | 2B, K, R",1,0,2,1,1,0,0,1,0,0,1,0,4,0,0,0,2,0,0,0,-.--
142,622534,746804,5,2,0,0,0,.---,0,"0-1 | BB, K, R",0,0,0,1,0,0,0,1,1,0,0,0,1,0,0,0,0,0,0,0,-.--
142,467793,746804,6,4,4,0,0,.---,0,"1-4 | HR, 2 K, 2 RBI",0,1,0,1,0,0,1,2,0,0,1,0,4,0,0,2,1,0,0,0,4
142,650489,746804,7,4,1,0,1,1,0,"1-4 | K, SB",0,1,1,0,0,0,0,1,0,0,1,0,4,0,0,0,1,0,0,0,-.--
142,543877,746804,8,4,0,0,1,1,0,"0-4 | 3 K, SB",0,1,0,0,0,0,0,3,0,0,0,0,4,0,0,0,2,0,0,0,-.--
142,571657,746804,9,2,0,0,0,.---,0,0-2 | K,1,0,1,0,0,0,0,1,0,0,0,0,2,0,0,0,1,0,0,0,-.--
145,670032,746804,1,4,1,0,0,.---,0,1-3 | R,0,3,0,1,0,0,0,0,0,0,1,0,3,0,0,0,0,1,0,0,-.--
145,683734,746804,2,4,3,0,0,.---,0,"2-4 | 2B, K, RBI",0,0,1,1,1,0,0,1,0,0,2,0,4,0,0,1,1,0,0,0,-.--
145,657757,746804,3,4,1,0,0,.---,0,1-3 | BB,0,2,0,0,0,0,0,0,1,0,1,0,3,0,0,0,1,0,0,0,-.--
145,650391,746804,4,4,0,0,0,.---,0,0-4 | 2 K,0,2,0,0,0,0,0,2,0,0,0,0,4,1,0,0,3,0,0,0,-.--
145,643217,746804,5,4,1,0,0,.---,0,1-4 | K,1,1,1,0,0,0,0,1,0,0,1,0,4,0,0,0,0,0,0,0,-.--
145,664901,746804,6,4,1,0,0,.---,0,"1-3 | BB, K",0,1,0,0,0,0,0,1,1,0,1,0,3,0,0,0,0,0,0,0,-.--
145,542364,746804,7,3,0,0,0,.---,0,0-2 | BB,1,1,1,0,0,0,0,0,1,0,0,0,2,0,0,0,2,0,0,0,-.--
145,657557,746804,8,3,0,0,0,.---,0,0-3 | 2 K,0,1,0,0,0,0,0,2,0,0,0,0,3,1,0,0,3,0,0,0,-.--
145,686676,746804,9,4,1,0,0,.---,0,1-4 | K,2,0,2,0,0,0,0,1,0,0,1,0,4,0,0,0,2,0,0,0,-.--
139,650490,745999,1,4,0,0,0,.---,0,"0-2 | BB, HBP, K",1,0,1,1,0,0,0,1,1,0,0,1,2,0,0,0,1,0,0,0,-.--
139,680700,745999,2,4,0,0,0,.---,0,"0-3 | BB, K",1,0,2,0,0,0,0,1,1,0,0,0,3,0,0,0,1,0,0,0,-.--
139,668227,745999,3,4,0,0,0,.---,0,"0-3 | BB, 2 K",0,1,0,0,0,0,0,2,1,0,0,0,3,0,0,0,1,0,0,0,-.--
139,670623,745999,4,4,2,0,0,.---,0,2-4 | K,0,1,0,0,0,0,0,1,0,0,2,0,4,1,0,0,2,0,0,0,-.--
139,668853,745999,5,4,0,0,0,.---,0,0-4 | 2 K,0,1,1,0,0,0,0,2,0,0,0,0,4,0,0,0,3,0,0,0,-.--
139,676609,745999,6,4,1,1,0,0,0,1-4 | CS,0,1,2,0,0,0,0,0,0,0,1,0,4,0,0,0,1,0,0,0,-.--
139,592348,745999,7,3,2,1,0,0,1,"2-3 | K, CS",0,0,0,0,0,0,0,1,0,0,2,0,3,0,0,0,0,0,0,0,-.--
139,666163,745999,8,2,0,0,0,.---,0,0-2 | K,1,0,1,0,0,0,0,1,0,0,0,0,2,0,0,0,1,0,0,0,-.--
139,642350,745999,9,3,1,1,0,0,0,1-3 | CS,1,0,2,0,0,0,0,0,0,0,1,0,3,0,0,0,1,0,0,0,-.--
158,686217,745999,1,4,2,0,1,1,0,"1-4 | 2B, K, SB",0,0,2,0,1,0,0,1,0,0,1,0,4,0,0,0,1,0,0,0,-.--
158,661388,745999,2,4,1,0,0,.---,0,1-4,1,1,2,0,0,0,0,0,0,0,1,0,4,0,0,0,2,0,0,0,-.--
158,642715,745999,3,4,0,0,1,1,0,"0-3 | BB, K, SB",1,1,1,0,0,0,0,1,1,0,0,0,3,0,0,0,1,0,0,0,-.--
158,641343,745999,4,4,0,0,0,.---,0,0-4 | 3 K,1,0,1,0,0,0,0,3,0,0,0,0,4,0,0,0,3,0,0,0,-.--
158,656555,745999,5,4,0,0,0,.---,0,"0-2 | BB, HBP",0,1,1,0,0,0,0,0,1,0,0,1,2,0,0,0,0,0,0,0,-.--
158,663368,745999,6,4,0,0,0,.---,0,0-4 | 2 K,0,2,0,0,0,0,0,2,0,0,0,0,4,0,0,0,4,0,0,0,-.--
158,668930,745999,7,3,0,0,0,.---,0,0-3 | 2 K,0,1,0,0,0,0,0,2,0,0,0,0,3,0,0,0,0,0,0,0,-.--
158,687401,745999,8,3,2,0,0,.---,0,"1-3 | 2B, K",0,1,0,0,1,0,0,1,0,0,1,0,3,0,0,0,0,0,0,0,-.--
158,694192,745999,9,2,0,0,0,.---,0,0-2 | K,0,1,0,0,0,0,0,1,0,0,0,0,2,0,0,0,1,0,0,0,-.--
143,656941,746236,1,5,1,0,0,.---,0,"1-4 | BB, 2 R",0,2,1,2,0,0,0,0,1,0,1,0,4,0,0,0,2,0,0,0,-.--
143,607208,746236,2,5,2,0,0,.---,0,"2-4 | HBP, 2 R",0,2,0,2,0,0,0,0,0,0,2,1,4,0,0,0,1,0,0,0,-.--
143,547180,746236,3,5,2,0,0,.---,0,"1-3 | 2B, 2 BB, K",0,0,1,1,1,0,0,1,2,1,1,0,3,0,0,0,1,0,0,0,-.--
143,664761,746236,4,5,1,0,0,.---,0,"1-3 | BB, 3 RBI",2,0,3,0,0,0,0,0,1,0,1,0,3,0,0,3,1,0,1,0,-.--
143,669016,746236,5,5,0,0,0,.---,0,"0-3 | BB, K, RBI",0,2,1,0,0,0,0,1,1,0,0,0,3,0,0,1,4,0,1,0,-.--
143,592206,746236,6,4,0,0,0,.---,0,0-4 | K,1,2,1,0,0,0,0,1,0,0,0,0,4,1,0,0,2,0,0,0,-.--
143,681082,746236,7,4,0,0,1,1,0,"0-2 | 2 BB, SB",1,1,1,0,0,0,0,0,2,0,0,0,2,0,0,0,1,0,0,0,-.--
143,679032,746236,8,4,0,0,0,.---,1,"0-3 | BB, K",0,1,1,0,0,0,0,1,1,0,0,0,3,0,0,0,3,0,0,0,-.--
143,596117,746236,9,4,1,0,0,.---,0,1-3 | BB,1,1,1,0,0,0,0,0,1,0,1,0,3,0,0,0,1,0,0,0,-.--
108,545361,746236,1,4,0,0,1,1,0,"0-3 | BB, K, R",0,2,0,1,0,0,0,1,1,0,0,0,3,0,0,0,3,0,0,0,-.--
108,666176,746236,2,4,4,0,0,.---,0,"1-4 | HR, K, RBI",0,2,0,1,0,0,1,1,0,0,1,0,4,1,0,1,4,0,0,0,4
108,621493,746236,3,4,3,0,0,.---,0,"2-4 | 2B, R",0,1,1,1,1,0,0,0,0,0,2,0,4,0,0,0,1,0,0,0,-.--
108,592273,746236,4,4,2,0,0,.---,0,2-4 | R,0,2,0,1,0,0,0,0,0,0,2,0,4,0,0,0,1,0,0,0,-.--
108,650859,746236,5,4,2,0,1,1,0,"1-3 | 2B, K, R",0,1,1,1,1,0,0,1,0,0,1,0,3,0,0,0,2,1,0,0,-.--
108,681351,746236,6,4,0,0,0,.---,0,"0-3 | BB, RBI",1,2,1,0,0,0,0,0,1,0,0,0,3,0,0,1,2,0,0,0,-.--
108,657061,746236,7,4,1,1,1,0.5,0,"1-3 | BB, RBI, SB",0,2,0,0,0,0,0,0,1,0,1,0,3,0,0,1,1,0,0,0,-.--
108,501303,746236,8,4,2,0,0,.---,0,"2-4 | RBI, R",0,1,1,1,0,0,0,0,0,0,2,0,4,0,0,1,1,0,0,0,-.--
108,687263,746236,9,3,2,0,0,.---,0,2-3,0,0,1,0,0,0,0,0,0,0,2,0,3,0,0,0,1,0,0,0,-.--
119,605141,747211,1,5,0,0,0,.---,0,0-3 | 2 BB,1,2,1,0,0,0,0,0,2,0,0,0,3,0,0,0,3,0,0,0,-.--
119,660271,747211,2,5,2,0,0,.---,0,"2-4 | BB, RBI, R",0,2,0,1,0,0,0,0,1,0,2,0,4,1,0,1,3,0,0,0,-.--
119,518692,747211,3,5,1,0,0,.---,0,"1-4 | BB, R",1,1,2,1,0,0,0,0,1,0,1,0,4,0,0,0,2,0,0,0,-.--
119,669257,747211,4,5,4,0,0,.---,0,"1-4 | HR, BB, RBI",2,1,2,2,0,0,1,0,1,0,1,0,4,1,0,1,4,0,0,0,4
119,606192,747211,5,5,3,0,0,.---,0,"2-5 | 2B, 2 RBI, 2 R",0,1,2,2,1,0,0,0,0,0,2,0,5,0,0,2,2,0,0,0,-.--
119,571970,747211,6,5,0,0,0,.---,0,"0-4 | HBP, R",1,2,2,1,0,0,0,0,0,0,0,1,4,0,0,0,2,0,0,0,-.--
119,571771,747211,7,5,3,0,0,.---,0,"2-4 | 2B, BB, RBI",0,2,0,0,1,0,0,0,1,0,2,0,4,0,0,1,0,0,0,0,-.--
119,681624,747211,8,5,2,0,0,.---,0,"1-4 | 2B, 3 RBI",4,0,4,0,1,0,0,0,0,0,1,0,4,0,0,3,1,0,1,0,-.--
119,500743,747211,9,4,2,0,0,.---,0,"1-2 | 2B, 2 BB, R",1,0,1,1,1,0,0,0,2,0,1,0,2,0,0,0,1,0,0,0,-.--
109,677942,747211,1,4,0,0,0,.---,0,"0-1 | 3 BB, 2 R",1,0,1,2,0,0,0,0,3,0,0,0,1,0,0,0,0,0,0,0,-.--
109,666971,747211,2,5,2,0,0,.---,0,"1-5 | 2B, K, R",2,1,2,1,1,0,0,1,0,0,1,0,5,0,0,0,4,0,0,0,-.--
109,606466,747211,3,5,3,0,0,.---,0,"2-5 | 2B, K",0,2,0,0,1,0,0,1,0,0,2,0,5,0,0,0,2,0,0,0,-.--
109,572233,747211,4,4,0,0,0,.---,0,"0-1 | 2 BB, RBI, R",1,1,1,1,0,0,0,0,2,0,0,0,1,0,0,1,1,0,1,0,-.--
109,553993,747211,5,4,1,0,0,.---,0,"1-4 | K, RBI",0,1,1,0,0,0,0,1,0,0,1,0,4,1,0,1,3,0,0,0,-.--
109,545341,747211,6,4,1,0,0,.---,0,"1-3 | K, RBI",1,0,2,0,0,0,0,1,0,0,1,0,3,0,0,1,0,0,1,0,-.--
109,672515,747211,7,4,1,0,0,.---,0,1-3 | BB,0,1,1,0,0,0,0,0,1,0,1,0,3,0,0,0,2,0,0,0,-.--
109,682998,747211,8,4,1,0,0,.---,0,1-4 | K,2,0,2,0,0,0,0,1,0,0,1,0,4,0,0,0,2,0,0,0,-.--
109,621028,747211,9,4,0,0,0,.---,0,0-4,0,0,4,0,0,0,0,0,0,0,0,0,4,0,0,0,4,0,0,0,-.--
134,663647,745672,1,4,1,0,0,.---,0,1-4 | R,0,2,1,1,0,0,0,0,0,0,1,0,4,1,0,0,1,0,0,0,-.--
134,668804,745672,2,4,0,0,0,.---,0,"0-3 | BB, K",1,1,1,0,0,0,0,1,1,0,0,0,3,0,0,0,0,0,0,0,-.--
134,665833,745672,3,4,1,0,0,.---,0,1-4 | 2 K,0,0,1,0,0,0,0,2,0,0,1,0,4,0,0,0,2,0,0,0,-.--
134,457705,745672,4,4,0,0,0,.---,0,"0-3 | BB, K",0,1,1,0,0,0,0,1,1,0,0,0,3,1,0,0,1,0,0,0,-.--
134,669261,745672,5,3,0,0,0,.---,0,"0-1 | 2 BB, K",0,0,0,0,0,0,0,1,2,0,0,0,1,0,0,0,3,0,0,0,-.--
134,669707,745672,6,3,0,0,0,.---,0,0-3,2,1,2,0,0,0,0,0,0,0,0,0,3,1,0,0,4,0,0,0,-.--
134,642133,745672,7,3,0,0,0,.---,0,0-3 | K,1,0,2,0,0,0,0,1,0,0,0,0,3,0,0,0,1,0,0,0,-.--
134,663698,745672,8,3,0,0,0,.---,0,0-2 | BB,2,0,2,0,0,0,0,0,1,0,0,0,2,0,0,0,0,0,0,0,-.--
134,572191,745672,9,3,0,0,0,.---,0,0-3 | K,1,0,2,0,0,0,0,1,0,0,0,0,3,0,0,0,1,0,0,0,-.--
133,665923,745672,1,4,2,0,1,1,0,"1-4 | 2B, 2 K, RBI",0,1,0,1,1,0,0,2,0,0,1,0,4,0,0,1,0,0,0,0,-.--
133,663527,745672,2,4,5,0,0,.---,0,"2-3 | HR, K, 2 RBI",0,0,1,1,0,0,1,1,0,0,2,0,3,0,0,2,0,0,1,0,3
133,667670,745672,3,4,1,0,0,.---,0,"1-4 | K, R",2,0,2,1,0,0,0,1,0,0,1,0,4,0,0,0,1,0,0,0,-.--
133,647351,745672,4,2,2,0,0,.---,0,"1-2 | 2B, K, R",0,0,0,1,1,0,0,1,0,0,1,0,2,0,0,0,0,0,0,0,-.--
133,669127,745672,5,4,2,0,0,.---,0,"1-2 | 2B, BB, RBI",0,0,2,0,1,0,0,0,1,0,1,0,2,0,0,1,0,0,1,0,-.--
133,680474,745672,6,4,0,0,0,.---,0,"0-3 | K, RBI",0,1,2,0,0,0,0,1,0,0,0,0,3,0,0,1,2,0,1,0,-.--
133,668709,745672,7,4,2,0,0,.---,0,"1-2 | 2B, 2 BB",1,0,1,0,1,0,0,0,2,1,1,0,2,0,0,0,0,0,0,0,-.--
133,687231,745672,8,4,1,0,0,.---,0,"1-3 | BB, K, R",0,1,0,1,0,0,0,1,1,0,1,0,3,0,0,0,3,0,0,0,-.--
133,669397,745672,9,4,0,0,0,.---,0,0-3 | 2 K,0,2,0,0,0,0,0,2,0,0,0,0,3,0,0,0,5,1,0,0,-.--
113,666181,745427,1,4,4,0,0,.---,1,"2-4 | 2 2B, K, R",0,0,1,1,2,0,0,1,0,0,2,0,4,0,0,0,0,0,0,0,-.--
113,682829,745427,2,4,4,0,0,.---,0,"1-4 | HR, K, RBI",1,0,2,1,0,0,1,1,0,0,1,0,4,0,0,1,2,0,0,0,4
113,668715,745427,3,4,2,0,0,.---,0,"1-4 | 2B, K, RBI",2,0,2,0,1,0,0,1,0,0,1,0,4,0,0,1,0,0,0,0,-.--
113,641584,745427,4,4,0,0,0,.---,0,0-4 | 2 K,1,1,1,0,0,0,0,2,0,0,0,0,4,0,0,0,1,0,0,0,-.--
113,663697,745427,5,4,0,0,0,.---,0,0-3 | BB,0,3,0,0,0,0,0,0,1,0,0,0,3,0,0,0,1,0,0,0,-.--
113,605361,745427,6,4,1,0,0,.---,0,1-3 | 2 R,1,1,1,2,0,0,0,0,0,0,1,0,3,0,0,0,1,0,0,1,-.--
113,600869,745427,7,4,3,0,0,.---,0,"2-4 | 2B, K, R",0,1,0,1,1,0,0,1,0,0,2,0,4,0,0,0,1,0,0,0,-.--
113,669289,745427,8,4,1,0,0,.---,0,1-3 | 2 RBI,2,0,3,0,0,0,0,0,0,0,1,0,3,0,0,2,1,0,1,0,-.--
113,571912,745427,9,4,0,0,0,.---,0,0-4,2,2,2,0,0,0,0,0,0,0,0,0,4,0,0,0,3,0,0,0,-.--
135,595777,745427,1,4,4,0,0,.---,0,"1-4 | HR, K, RBI",1,0,2,1,0,0,1,1,0,0,1,0,4,0,0,1,0,0,0,0,4
135,665487,745427,2,4,0,0,0,.---,0,0-4 | 2 K,1,1,1,0,0,0,0,2,0,0,0,0,4,0,0,0,0,0,0,0,-.--
135,630105,745427,3,4,2,0,0,.---,0,"1-4 | 2B, K, R",0,2,0,1,1,0,0,1,0,0,1,0,4,0,0,0,0,0,0,0,-.--
135,592518,745427,4,4,1,0,0,.---,0,"1-4 | K, RBI",1,1,1,0,0,0,0,1,0,0,1,0,4,0,0,1,0,0,0,0,-.--
135,593428,745427,5,4,1,0,0,.---,0,"1-3 | BB, K",0,1,0,0,0,0,0,1,1,0,1,0,3,0,0,0,0,0,0,0,-.--
135,673490,745427,6,4,0,0,0,.---,0,"0-3 | BB, 2 K",0,1,0,0,0,0,0,2,1,0,0,0,3,0,0,0,2,0,0,0,-.--
135,666703,745427,7,2,0,0,0,.---,0,0-2 | 2 K,0,0,0,0,0,0,0,2,0,0,0,0,2,0,0,0,2,0,0,0,-.--
135,640492,745427,8,2,0,0,0,.---,0,0-2 | K,0,1,0,0,0,0,0,1,0,0,0,0,2,0,0,0,2,0,0,0,-.--
135,543309,745427,9,2,0,0,0,.---,0,0-2 | 2 K,0,0,0,0,0,0,0,2,0,0,0,0,2,0,0,0,2,0,0,0,-.--
144,660670,745263,1,4,1,0,2,1,0,"1-4 | 3 K, R, 2 SB",0,0,0,1,0,0,0,3,0,0,1,0,4,0,0,0,1,0,0,0,-.--
144,645277,745263,2,4,2,0,0,.---,0,"1-4 | 2B, 2 K, RBI",0,0,1,0,1,0,0,2,0,0,1,0,4,0,0,1,1,0,0,0,-.--
144,663586,745263,3,4,0,0,0,.---,0,0-4 | 2 K,1,0,2,0,0,0,0,2,0,0,0,0,4,0,0,0,2,0,0,0,-.--
144,621566,745263,4,3,0,0,0,.---,0,0-3 | 2 K,0,1,0,0,0,0,0,2,0,0,0,0,3,0,0,0,1,0,0,0,-.--
144,542303,745263,5,3,0,0,0,.---,0,0-3 | K,2,0,2,0,0,0,0,1,0,0,0,0,3,0,0,0,1,0,0,0,-.--
144,606115,745263,6,3,0,0,0,.---,0,0-3 | K,0,2,0,0,0,0,0,1,0,0,0,0,3,0,0,0,0,0,0,0,-.--
144,671739,745263,7,3,0,0,0,.---,0,0-3 | K,0,2,0,0,0,0,0,1,0,0,0,0,3,0,0,0,0,0,0,0,-.--
144,518595,745263,8,3,0,0,0,.---,0,"0-2 | BB, 2 K",0,0,0,0,0,0,0,2,1,0,0,0,2,0,0,0,0,0,0,0,-.--
144,672284,745263,9,3,1,0,0,.---,0,1-3,0,2,0,0,0,0,0,0,0,0,1,0,3,1,0,0,1,0,0,0,-.--
136,677594,745263,1,4,0,0,0,.---,0,0-4,1,3,1,0,0,0,0,0,0,0,0,0,4,0,0,0,3,0,0,0,-.--
136,571745,745263,2,4,0,0,0,.---,0,0-4 | 2 K,1,1,1,0,0,0,0,2,0,0,0,0,4,0,0,0,3,0,0,0,-.--
136,593871,745263,3,4,1,0,0,.---,0,"1-4 | 2 K, R",0,1,0,1,0,0,0,2,0,0,1,0,4,0,0,0,0,0,0,0,-.--
136,641598,745263,4,4,4,0,0,.---,0,"1-3 | HR, BB, 2 K",0,0,0,1,0,0,1,2,1,0,1,0,3,0,0,2,0,0,0,0,3
136,663728,745263,5,3,0,0,0,.---,0,"0-2 | BB, 2 K",0,0,0,0,0,0,0,2,1,0,0,0,2,0,0,0,1,0,0,0,-.--
136,664034,745263,6,3,0,0,0,.---,0,"0-2 | BB, K",0,1,0,0,0,0,0,1,1,0,0,0,2,0,0,0,2,0,0,0,-.--
136,664238,745263,7,2,0,0,0,.---,0,0-2 | K,0,0,1,0,0,0,0,1,0,0,0,0,2,0,0,0,2,0,0,0,-.--
136,649966,745263,8,3,0,0,0,.---,0,0-3 | 2 K,0,1,0,0,0,0,0,2,0,0,0,0,3,0,0,0,3,0,0,0,-.--
136,664059,745263,9,2,0,0,0,.---,0,0-2,0,2,0,0,0,0,0,0,0,0,0,0,2,0,0,0,0,0,0,0,-.--
138,680977,746481,1,5,5,0,0,.---,0,"2-5 | HR, 2 RBI, R",0,2,1,1,0,0,1,0,0,0,2,0,5,0,0,2,2,0,0,0,5
138,575929,746481,2,5,0,0,0,.---,0,0-5 | 3 K,1,1,1,0,0,0,0,3,0,0,0,0,5,0,0,0,3,0,0,0,-.--
138,663457,746481,3,5,2,0,0,.---,0,"1-4 | 2B, BB, 2 K",1,0,1,1,1,0,0,2,1,0,1,0,4,0,0,0,1,0,0,0,-.--
138,571448,746481,4,5,0,0,0,.---,0,"0-4 | BB, 3 K, R",0,1,0,1,0,0,0,3,1,0,0,0,4,0,0,0,3,0,0,0,-.--
138,502671,746481,5,5,5,0,0,.---,0,"4-5 | 2B, R",0,1,0,1,1,0,0,0,0,0,4,0,5,0,0,0,0,0,0,0,-.--
138,676475,746481,6,5,5,0,0,.---,0,"2-5 | HR, 4 RBI, R",2,0,3,1,0,0,1,0,0,0,2,0,5,0,0,4,2,0,0,0,5
138,669357,746481,7,5,1,0,0,.---,0,"1-4 | BB, K",0,1,1,0,0,0,0,1,1,0,1,0,4,0,0,0,2,0,0,0,-.--
138,543063,746481,8,2,0,0,0,.---,0,0-2 | 2 K,0,0,0,0,0,0,0,2,0,0,0,0,2,0,0,0,4,0,0,0,-.--
138,672279,746481,9,2,1,0,0,.---,0,1-2 | R,0,1,0,1,0,0,0,0,0,0,1,0,2,0,0,0,0,0,0,0,-.--
116,663837,746481,1,4,0,0,0,.---,0,0-3 | BB,2,1,2,0,0,0,0,0,1,0,0,0,3,1,0,0,3,0,0,0,-.--
116,628451,746481,2,5,2,0,0,.---,0,"2-5 | 2 K, 2 R",1,0,1,2,0,0,0,2,0,0,2,0,5,0,0,0,5,0,0,0,-.--
116,592192,746481,3,5,3,0,0,.---,0,"2-4 | 2B, BB, RBI",0,1,1,2,1,0,0,0,1,0,2,0,4,0,0,1,3,0,0,0,-.--
116,682985,746481,4,5,7,0,0,.---,0,"3-5 | HR, 2B, 2 RBI",0,1,1,1,1,0,1,0,0,0,3,0,5,0,0,2,2,0,0,0,5
116,679529,746481,5,5,2,0,0,.---,0,"1-4 | 2B, BB, K",0,1,1,2,1,0,0,1,1,0,1,0,4,0,0,1,3,0,0,0,-.--
116,668670,746481,6,5,2,0,0,.---,0,"1-5 | 2B, K, 2 RBI",1,2,1,1,1,0,0,1,0,0,1,0,5,0,0,2,4,0,0,0,-.--
116,672761,746481,7,5,9,0,0,.---,0,"3-4 | 2 HR, BB, K",0,0,0,3,0,0,2,1,1,0,3,0,4,0,0,3,1,0,0,0,2
116,595879,746481,8,4,1,0,0,.---,0,1-3 | BB,1,1,1,0,0,0,0,0,1,0,1,0,3,0,0,0,0,0,0,0,-.--
116,678009,746481,9,4,1,0,0,.---,0,"1-2 | BB, HBP, K",0,0,0,0,0,0,0,1,1,0,1,1,2,0,0,1,0,0,0,0,-.--
138,680977,746477,1,4,0,0,0,.---,0,0-4 | K,2,1,2,0,0,0,0,1,0,0,0,0,4,0,0,0,3,0,0,0,-.--
138,575929,746477,2,4,0,0,0,.---,0,0-4 | 3 K,0,1,0,0,0,0,0,3,0,0,0,0,4,0,0,0,2,0,0,0,-.--
138,663457,746477,3,4,0,0,0,.---,0,0-4 | 3 K,0,1,0,0,0,0,0,3,0,0,0,0,4,0,0,0,0,0,0,0,-.--
138,571448,746477,4,4,2,0,0,.---,0,"2-3 | BB, K, R",0,0,0,1,0,0,0,1,1,0,2,0,3,0,0,0,0,0,0,0,-.--
138,502671,746477,5,4,1,0,0,.---,0,"1-4 | 2 K, R",1,0,1,1,0,0,0,2,0,0,1,0,4,0,0,0,2,0,0,0,-.--
138,676475,746477,6,4,1,0,0,.---,0,"1-4 | 2 K, RBI",0,0,1,0,0,0,0,2,0,0,1,0,4,0,0,1,1,0,0,0,-.--
138,669357,746477,7,2,0,0,0,.---,0,0-2 | 2 K,0,0,0,0,0,0,0,2,0,0,0,0,2,0,0,0,0,0,0,0,-.--
138,691026,746477,8,4,1,0,0,.---,0,1-4 | K,0,2,0,0,0,0,0,1,0,0,1,0,4,0,0,0,1,0,0,0,-.--
138,671056,746477,9,3,2,0,0,.---,0,2-3,0,1,0,0,0,0,0,0,0,0,2,0,3,0,0,0,0,0,0,0,-.--
116,682985,746477,1,4,4,0,0,.---,0,"1-4 | HR, 2 K, RBI",1,0,1,1,0,0,1,2,0,0,1,0,4,0,0,1,0,0,0,0,4
116,663837,746477,2,4,1,0,0,.---,0,1-4 | 3 K,0,0,0,0,0,0,0,3,0,0,1,0,4,0,0,0,0,0,0,0,-.--
116,672761,746477,3,4,0,0,0,.---,0,0-4,2,2,2,0,0,0,0,0,0,0,0,0,4,0,0,0,1,0,0,0,-.--
116,681481,746477,4,4,0,0,0,.---,0,"0-3 | BB, 2 K",0,1,0,0,0,0,0,2,1,0,0,0,3,0,0,0,0,0,0,0,-.--
116,679529,746477,5,4,1,0,0,.---,0,1-4 | 2 K,0,1,0,0,0,0,0,2,0,0,1,0,4,0,0,0,0,0,0,0,-.--
116,690993,746477,6,4,0,0,1,1,0,"0-4 | K, SB",2,1,2,0,0,0,0,1,0,0,0,0,4,0,0,0,2,0,0,0,-.--
116,656716,746477,7,3,1,0,0,.---,0,1-3 | 2 K,0,0,0,0,0,0,0,2,0,0,1,0,3,0,0,0,2,0,0,0,-.--
116,608348,746477,8,3,0,0,0,.---,0,0-2 | BB,1,1,1,0,0,0,0,0,1,0,0,0,2,0,0,0,1,0,0,0,-.--
116,678009,746477,9,2,0,0,0,.---,0,0-2,2,0,2,0,0,0,0,0,0,0,0,0,2,0,0,0,0,0,0,0,-.--
138,680977,746481,1,5,5,0,0,.---,0,"2-5 | HR, 2 RBI, R",0,2,1,1,0,0,1,0,0,0,2,0,5,0,0,2,2,0,0,0,5
138,575929,746481,2,5,0,0,0,.---,0,0-5 | 3 K,1,1,1,0,0,0,0,3,0,0,0,0,5,0,0,0,3,0,0,0,-.--
138,663457,746481,3,5,2,0,0,.---,0,"1-4 | 2B, BB, 2 K",1,0,1,1,1,0,0,2,1,0,1,0,4,0,0,0,1,0,0,0,-.--
138,571448,746481,4,5,0,0,0,.---,0,"0-4 | BB, 3 K, R",0,1,0,1,0,0,0,3,1,0,0,0,4,0,0,0,3,0,0,0,-.--
138,502671,746481,5,5,5,0,0,.---,0,"4-5 | 2B, R",0,1,0,1,1,0,0,0,0,0,4,0,5,0,0,0,0,0,0,0,-.--
138,676475,746481,6,5,5,0,0,.---,0,"2-5 | HR, 4 RBI, R",2,0,3,1,0,0,1,0,0,0,2,0,5,0,0,4,2,0,0,0,5
138,669357,746481,7,5,1,0,0,.---,0,"1-4 | BB, K",0,1,1,0,0,0,0,1,1,0,1,0,4,0,0,0,2,0,0,0,-.--
138,543063,746481,8,2,0,0,0,.---,0,0-2 | 2 K,0,0,0,0,0,0,0,2,0,0,0,0,2,0,0,0,4,0,0,0,-.--
138,672279,746481,9,2,1,0,0,.---,0,1-2 | R,0,1,0,1,0,0,0,0,0,0,1,0,2,0,0,0,0,0,0,0,-.--
116,663837,746481,1,4,0,0,0,.---,0,0-3 | BB,2,1,2,0,0,0,0,0,1,0,0,0,3,1,0,0,3,0,0,0,-.--
116,628451,746481,2,5,2,0,0,.---,0,"2-5 | 2 K, 2 R",1,0,1,2,0,0,0,2,0,0,2,0,5,0,0,0,5,0,0,0,-.--
116,592192,746481,3,5,3,0,0,.---,0,"2-4 | 2B, BB, RBI",0,1,1,2,1,0,0,0,1,0,2,0,4,0,0,1,3,0,0,0,-.--
116,682985,746481,4,5,7,0,0,.---,0,"3-5 | HR, 2B, 2 RBI",0,1,1,1,1,0,1,0,0,0,3,0,5,0,0,2,2,0,0,0,5
116,679529,746481,5,5,2,0,0,.---,0,"1-4 | 2B, BB, K",0,1,1,2,1,0,0,1,1,0,1,0,4,0,0,1,3,0,0,0,-.--
116,668670,746481,6,5,2,0,0,.---,0,"1-5 | 2B, K, 2 RBI",1,2,1,1,1,0,0,1,0,0,1,0,5,0,0,2,4,0,0,0,-.--
116,672761,746481,7,5,9,0,0,.---,0,"3-4 | 2 HR, BB, K",0,0,0,3,0,0,2,1,1,0,3,0,4,0,0,3,1,0,0,0,2
116,595879,746481,8,4,1,0,0,.---,0,1-3 | BB,1,1,1,0,0,0,0,0,1,0,1,0,3,0,0,0,0,0,0,0,-.--
116,678009,746481,9,4,1,0,0,.---,0,"1-2 | BB, HBP, K",0,0,0,0,0,0,0,1,1,0,1,1,2,0,0,1,0,0,0,0,-.--
147,683011,747047,1,4,1,0,0,.---,0,1-4 | K,0,1,1,0,0,0,0,1,0,0,1,0,4,0,0,0,1,0,0,0,-.--
147,665742,747047,2,4,5,0,0,.---,0,"2-3 | HR, BB, RBI",1,0,1,1,0,0,1,0,1,0,2,0,3,0,0,1,1,0,0,0,3
147,592450,747047,3,4,0,0,0,.---,0,"0-3 | BB, K",0,2,0,0,0,0,0,1,1,0,0,0,3,1,0,0,4,0,0,0,-.--
147,519317,747047,4,4,0,0,0,.---,0,"0-3 | BB, 2 K",0,1,0,0,0,0,0,2,1,0,0,0,3,1,0,0,1,0,0,0,-.--
147,519203,747047,5,4,0,0,0,.---,0,0-4 | K,0,2,1,0,0,0,0,1,0,0,0,0,4,1,0,0,1,0,0,0,-.--
147,650402,747047,6,4,0,0,0,.---,0,0-4 | 2 K,0,2,0,0,0,0,0,2,0,0,0,0,4,0,0,0,0,0,0,0,-.--
147,669224,747047,7,3,5,0,0,.---,0,"2-3 | HR, RBI, R",0,1,0,1,0,0,1,0,0,0,2,0,3,0,0,1,0,0,0,0,3
147,665828,747047,8,3,0,0,0,.---,0,0-3,1,1,2,0,0,0,0,0,0,0,0,0,3,0,0,0,1,0,0,0,-.--
147,663757,747047,9,3,0,0,0,.---,0,"0-2 | BB, K",0,1,0,0,0,0,0,1,1,0,0,0,2,0,0,0,0,0,0,0,-.--
110,683002,747047,1,4,1,0,0,.---,0,"1-3 | BB, 2 K, RBI",0,0,0,0,0,0,0,2,1,0,1,0,3,0,0,1,0,0,0,0,-.--
110,668939,747047,2,4,2,0,0,.---,0,"2-4 | K, RBI",0,0,1,0,0,0,0,1,0,0,2,0,4,0,0,1,0,0,0,0,-.--
110,663624,747047,3,4,0,0,0,.---,0,0-4 | 2 K,1,0,2,0,0,0,0,2,0,0,0,0,4,0,0,0,4,0,0,0,-.--
110,623993,747047,4,4,2,0,0,.---,0,"1-3 | 2B, BB, K",1,0,1,1,1,0,0,1,1,0,1,0,3,0,0,0,2,0,0,0,-.--
110,676059,747047,5,4,1,0,0,.---,0,1-4,1,2,1,0,0,0,0,0,0,0,1,0,4,0,0,0,3,0,0,0,-.--
110,622761,747047,6,4,2,0,0,.---,0,"1-4 | 2B, K, R",1,1,1,1,1,0,0,1,0,0,1,0,4,0,0,0,2,0,0,0,-.--
110,656775,747047,7,4,1,1,0,0,0,"1-4 | K, CS",1,0,2,0,0,0,0,1,0,0,1,0,4,0,0,0,3,0,0,0,-.--
110,543510,747047,8,4,2,0,0,.---,0,"1-4 | 2B, RBI, R",1,1,2,1,1,0,0,0,0,0,1,0,4,0,0,1,2,0,0,0,-.--
110,681297,747047,9,3,1,0,0,.---,0,1-3 | R,2,0,2,1,0,0,0,0,0,0,1,0,3,0,0,0,0,0,0,0,-.--
115,678662,746073,1,5,2,0,0,.---,0,"1-5 | 2B, R",2,2,2,1,1,0,0,0,0,0,1,0,5,0,0,0,1,0,0,0,-.--
115,686668,746073,2,5,0,0,0,.---,0,0-4 | 3 K,1,1,1,0,0,0,0,3,0,0,0,0,4,0,0,0,1,1,0,0,-.--
115,641857,746073,3,5,5,0,0,.---,0,"3-5 | 2 2B, K, 2 RBI",0,1,0,1,2,0,0,1,0,0,3,0,5,0,0,2,0,0,0,0,-.--
115,553869,746073,4,5,0,0,0,.---,0,"0-3 | 2 BB, K",1,1,1,0,0,0,0,1,2,1,0,0,3,0,0,0,2,0,0,0,-.--
115,453568,746073,5,4,1,0,0,.---,0,"1-4 | RBI, R",1,2,1,1,0,0,0,0,0,0,1,0,4,0,0,1,1,0,0,0,-.--
115,663898,746073,6,4,1,0,0,.---,0,"1-4 | 2 K, R",0,1,0,1,0,0,0,2,0,0,1,0,4,0,0,0,0,0,0,0,-.--
115,660707,746073,7,4,4,0,0,.---,0,"1-4 | HR, 2 K, 3 RBI",0,0,1,1,0,0,1,2,0,0,1,0,4,0,0,3,0,0,0,0,4
115,687597,746073,8,4,2,0,0,.---,0,2-4 | K,1,0,1,0,0,0,0,1,0,0,2,0,4,0,0,0,0,0,0,0,-.--
115,656248,746073,9,4,0,0,0,.---,0,"0-4 | 2 K, R",0,2,0,1,0,0,0,2,0,0,0,0,4,0,0,0,2,0,0,0,-.--
146,650333,746073,1,5,2,0,0,.---,0,"1-5 | 2B, RBI, R",2,1,3,1,1,0,0,0,0,0,1,0,5,0,0,1,1,0,0,0,-.--
146,650559,746073,2,5,3,0,0,.---,0,"2-4 | 2B, BB, RBI",1,1,1,2,1,0,0,0,1,0,2,0,4,0,0,1,0,0,0,0,-.--
146,665862,746073,3,3,0,0,0,.---,0,0-3 | K,1,1,1,0,0,0,0,1,0,0,0,0,3,0,0,0,1,0,0,0,-.--
146,605137,746073,4,4,2,0,0,.---,0,2-4 | K,0,0,1,0,0,0,0,1,0,0,2,0,4,0,0,0,1,0,0,0,-.--
146,660821,746073,5,4,0,0,0,.---,0,"0-3 | HBP, K, RBI",0,2,0,0,0,0,0,1,0,0,0,1,3,1,0,1,1,0,0,0,-.--
146,656896,746073,6,4,0,0,0,.---,0,0-3 | RBI,1,1,3,0,0,0,0,0,0,0,0,0,3,0,0,1,0,0,1,0,-.--
146,624503,746073,7,4,0,0,0,.---,0,0-4 | K,1,2,1,0,0,0,0,1,0,0,0,0,4,0,0,0,2,0,0,0,-.--
146,660644,746073,8,4,2,1,0,0,0,"2-3 | BB, R, CS",0,1,0,1,0,0,0,0,1,1,2,0,3,0,0,0,0,0,0,0,-.--
146,542194,746073,9,4,0,0,0,.---,0,"0-3 | HBP, R",2,0,3,1,0,0,0,0,0,0,0,1,3,0,0,0,3,0,0,0,-.--
118,672580,744942,1,4,1,0,1,1,0,"1-4 | R, SB",1,2,1,1,0,0,0,0,0,0,1,0,4,0,0,0,0,0,0,0,-.--
118,677951,744942,2,4,3,1,0,0,0,"2-3 | 2B, HBP, RBI",0,0,1,1,1,0,0,0,0,0,2,1,3,0,0,1,0,0,0,0,-.--
118,686469,744942,3,4,2,0,0,.---,0,"1-4 | 2B, RBI",1,2,1,0,1,0,0,0,0,0,1,0,4,1,0,1,1,0,0,0,-.--
118,521692,744942,4,4,2,0,0,.---,0,"2-3 | BB, R",0,0,1,1,0,0,0,0,1,1,2,0,3,0,0,0,0,0,0,0,-.--
118,686681,744942,5,4,4,0,0,.---,0,"1-4 | HR, K, 2 RBI",1,1,1,1,0,0,1,1,0,0,1,0,4,0,0,2,3,0,0,0,4
118,666023,744942,6,4,1,0,0,.---,0,1-3 | BB,0,2,0,0,0,0,0,0,1,0,1,0,3,0,0,0,0,0,0,0,-.--
118,669004,744942,7,4,0,0,0,.---,0,0-4 | 2 K,0,1,1,0,0,0,0,2,0,0,0,0,4,0,0,0,3,0,0,0,-.--
118,592669,744942,8,4,0,0,0,.---,0,0-4,1,1,3,0,0,0,0,0,0,0,0,0,4,1,0,0,1,0,0,0,-.--
118,664728,744942,9,3,0,0,0,.---,0,0-3 | K,1,1,1,0,0,0,0,1,0,0,0,0,3,0,0,0,0,0,0,0,-.--
141,543807,744942,1,4,0,0,0,.---,0,0-4 | 3 K,1,0,1,0,0,0,0,3,0,0,0,0,4,0,0,0,1,0,0,0,-.--
141,665489,744942,2,4,1,0,0,.---,0,1-4 | K,1,1,1,0,0,0,0,1,0,0,1,0,4,0,0,0,0,0,0,0,-.--
141,666182,744942,3,4,1,0,0,.---,0,"1-3 | BB, RBI",0,2,0,0,0,0,0,0,1,0,1,0,3,0,0,1,0,0,0,0,-.--
141,457759,744942,4,4,0,0,0,.---,0,0-4 | 2 K,1,0,2,0,0,0,0,2,0,0,0,0,4,0,0,0,3,0,0,0,-.--
141,676914,744942,5,4,1,0,0,.---,0,1-4 | 2 K,1,0,1,0,0,0,0,2,0,0,1,0,4,0,0,0,0,0,0,0,-.--
141,672386,744942,6,4,0,0,0,.---,0,0-4 | K,1,1,2,0,0,0,0,1,0,0,0,0,4,0,0,0,0,0,0,0,-.--
141,676391,744942,7,3,0,0,0,.---,0,0-2 | BB,0,1,1,0,0,0,0,0,1,0,0,0,2,0,0,0,0,0,0,0,-.--
141,643396,744942,8,3,1,0,0,.---,0,"1-2 | BB, K, R",0,0,0,1,0,0,0,1,1,0,1,0,2,0,0,0,0,0,0,0,-.--
141,624415,744942,9,3,0,0,0,.---,0,0-3 | K,0,2,0,0,0,0,0,1,0,0,0,0,3,0,0,0,3,0,0,0,-.--
112,663538,745831,1,4,0,0,0,.---,0,0-4,1,2,2,0,0,0,0,0,0,0,0,0,4,0,0,0,2,0,0,0,-.--
112,621550,745831,2,3,0,0,0,.---,0,0-2 | BB,0,2,0,0,0,0,0,0,1,0,0,0,2,0,0,0,1,0,0,0,-.--
112,664023,745831,3,4,0,0,0,.---,0,0-3 | BB,0,3,0,0,0,0,0,0,1,0,0,0,3,1,0,0,2,0,0,0,-.--
112,666624,745831,4,4,1,0,1,1,0,"1-3 | BB, K, SB",0,1,0,0,0,0,0,1,1,0,1,0,3,0,0,0,0,0,0,0,-.--
112,621020,745831,5,4,0,0,0,.---,0,"0-3 | BB, 2 K, R",0,1,0,1,0,0,0,2,1,0,0,0,3,0,0,0,3,0,0,0,-.--
112,643565,745831,6,4,3,0,0,.---,0,"2-4 | 2B, K, R",0,1,0,1,1,0,0,1,0,0,2,0,4,0,0,0,1,0,0,0,-.--
112,663611,745831,7,4,0,0,0,.---,0,0-3 | BB,0,2,1,0,0,0,0,0,1,0,0,0,3,0,0,0,2,0,0,0,-.--
112,665804,745831,8,3,0,0,0,.---,0,"0-1 | BB, RBI",1,0,2,0,0,0,0,0,1,0,0,0,1,0,0,1,0,0,1,0,-.--
112,672744,745831,9,2,1,0,0,.---,0,1-2 | K,0,0,0,0,0,0,0,1,0,0,1,0,2,0,0,0,2,0,0,0,-.--
121,607043,745831,1,4,1,0,0,.---,0,1-4,0,3,0,0,0,0,0,0,0,0,1,0,4,0,0,0,1,0,0,0,-.--
121,596019,745831,2,4,1,0,1,1,0,"1-4 | K, R, SB",2,0,2,1,0,0,0,1,0,0,1,0,4,0,0,0,1,0,0,0,-.--
121,624413,745831,3,4,0,0,0,.---,0,0-3 | RBI,1,1,3,0,0,0,0,0,0,0,0,0,3,0,0,1,0,0,1,0,-.--
121,502110,745831,4,4,1,0,0,.---,0,"1-4 | K, R",1,1,1,1,0,0,0,1,0,0,1,0,4,0,0,0,0,0,0,0,-.--
121,643446,745831,5,4,1,0,1,1,0,"1-3 | BB, SB",1,1,1,0,0,0,0,0,1,0,1,0,3,0,0,0,1,0,0,0,-.--
121,621438,745831,6,4,1,0,0,.---,0,1-4 | R,1,2,1,1,0,0,0,0,0,0,1,0,4,0,0,0,3,0,0,0,-.--
121,621466,745831,7,3,4,0,0,.---,0,"1-3 | HR, K, 3 RBI",1,0,1,1,0,0,1,1,0,0,1,0,3,0,0,3,0,0,0,0,3
121,683146,745831,8,3,1,0,0,.---,0,1-3,1,1,1,0,0,0,0,0,0,0,1,0,3,0,0,0,0,0,0,0,-.--
121,553882,745831,9,3,0,0,0,.---,0,0-3 | K,1,1,1,0,0,0,0,1,0,0,0,0,3,0,0,0,1,0,0,0,-.--
137,808982,746968,1,4,0,0,0,.---,0,0-4,2,2,2,0,0,0,0,0,0,0,0,0,4,0,0,0,1,0,0,0,-.--
137,664774,746968,2,2,0,0,0,.---,0,0-1 | BB,1,0,1,0,0,0,0,0,1,0,0,0,1,0,0,0,0,0,0,0,-.--
137,656305,746968,3,4,1,0,0,.---,0,1-4 | K,0,1,1,0,0,0,0,1,0,0,1,0,4,1,0,0,1,0,0,0,-.--
137,624424,746968,4,4,1,0,0,.---,0,1-4 | K,0,2,0,0,0,0,0,1,0,0,1,0,4,0,0,0,2,0,0,0,-.--
137,672275,746968,5,4,0,0,0,.---,0,0-4 | 2 K,0,2,0,0,0,0,0,2,0,0,0,0,4,1,0,0,3,0,0,0,-.--
137,624585,746968,6,3,1,0,0,.---,0,1-3 | 2 K,0,0,0,0,0,0,0,2,0,0,1,0,3,0,0,0,0,0,0,0,-.--
137,642731,746968,7,3,0,0,1,1,0,"0-3 | K, SB",0,1,1,0,0,0,0,1,0,0,0,0,3,0,0,0,1,0,0,0,-.--
137,573262,746968,8,3,0,0,0,.---,0,"0-2 | HBP, 2 K",0,0,0,0,0,0,0,2,0,0,0,1,2,0,0,0,1,0,0,0,-.--
137,605113,746968,9,3,0,0,0,.---,0,0-3 | K,0,1,1,0,0,0,0,1,0,0,0,0,3,0,0,0,2,0,0,0,-.--
111,680776,746968,1,5,3,0,1,1,0,"3-4 | BB, RBI, R",0,1,0,1,0,0,0,0,1,0,3,0,4,0,0,1,2,0,0,0,-.--
111,646240,746968,2,5,1,0,0,.---,0,1-3 | 2 BB,0,2,0,0,0,0,0,0,2,0,1,0,3,1,0,0,2,0,0,0,-.--
111,641933,746968,3,5,1,0,0,.---,0,"1-5 | 2 K, R",0,2,0,1,0,0,0,2,0,0,1,0,5,1,0,0,6,0,0,0,-.--
111,677800,746968,4,5,6,0,0,.---,0,"3-4 | 3B, 2B, BB",0,0,0,1,1,1,0,1,1,0,3,0,4,0,0,1,1,0,0,0,-.--
111,608701,746968,5,5,2,0,0,.---,0,"2-5 | 2 K, 2 RBI",0,1,0,0,0,0,0,2,0,0,2,0,5,0,0,2,4,0,0,0,-.--
111,665839,746968,6,4,1,0,0,.---,0,1-4 | K,2,0,2,0,0,0,0,1,0,0,1,0,4,0,0,0,3,0,0,0,-.--
111,643265,746968,7,3,0,0,0,.---,0,"0-2 | HBP, 2 K",0,0,0,0,0,0,0,2,0,0,0,1,2,0,0,0,1,0,0,0,-.--
111,624512,746968,8,4,0,0,1,1,0,"0-1 | 2 BB, K, R",0,1,0,1,0,0,0,1,2,0,0,0,1,0,0,0,1,1,0,0,-.--
111,678882,746968,9,4,0,0,0,.---,0,0-4 | 2 K,0,2,0,0,0,0,0,2,0,0,0,0,4,0,0,0,6,0,0,0,-.--
142,666135,746806,1,2,0,0,0,.---,0,0-2 | K,0,0,1,0,0,0,0,1,0,0,0,0,2,0,0,0,0,0,0,0,-.--
142,666397,746806,2,5,0,0,0,.---,0,"0-4 | BB, 3 K",0,1,0,0,0,0,0,3,1,0,0,0,4,0,0,0,2,0,0,0,-.--
142,680777,746806,3,4,2,0,1,1,0,"1-3 | 2B, BB, K",0,1,0,1,1,0,0,1,1,0,1,0,3,0,0,0,1,0,0,0,-.--
142,596146,746806,4,5,1,0,1,1,0,"1-3 | BB, RBI, SB",1,2,1,0,0,0,0,0,1,0,1,0,3,0,0,1,1,0,1,0,-.--
142,621043,746806,5,5,1,0,0,.---,0,"1-5 | K, RBI, R",1,2,1,1,0,0,0,1,0,0,1,0,5,0,0,1,5,0,0,0,-.--
142,663616,746806,6,4,2,0,0,.---,0,"2-4 | K, RBI, R",1,0,1,1,0,0,0,1,0,0,2,0,4,0,0,1,1,0,0,0,-.--
142,467793,746806,7,4,1,0,0,.---,0,1-3 | HBP,0,2,0,0,0,0,0,0,0,0,1,1,3,0,0,0,1,0,0,0,-.--
142,650489,746806,8,4,3,0,0,.---,0,"1-3 | 3B, HBP, K",1,0,1,1,0,1,0,1,0,0,1,1,3,0,0,1,0,0,0,0,-.--
142,571657,746806,9,4,2,0,0,.---,0,"1-4 | 2B, RBI",1,1,2,0,1,0,0,0,0,0,1,0,4,0,0,1,3,0,0,0,-.--
145,670032,746806,1,5,0,0,0,.---,0,0-4 | BB,0,3,1,0,0,0,0,0,1,0,0,0,4,0,0,0,2,0,0,0,-.--
145,502054,746806,2,5,3,0,0,.---,0,"2-5 | 2B, R",0,2,1,1,1,0,0,0,0,0,2,0,5,0,0,0,2,0,0,0,-.--
145,650391,746806,3,5,1,0,0,.---,0,"1-5 | K, RBI",0,3,0,0,0,0,0,1,0,0,1,0,5,0,0,1,4,0,0,0,-.--
145,657757,746806,4,5,2,0,0,.---,0,2-5 | K,0,2,0,0,0,0,0,1,0,0,2,0,5,0,0,0,1,0,0,0,-.--
145,683734,746806,5,5,2,0,0,.---,0,2-5 | K,1,1,1,0,0,0,0,1,0,0,2,0,5,0,0,0,3,0,0,0,-.--
145,643217,746806,6,4,4,0,1,1,0,"1-4 | HR, RBI, 2 R",1,1,2,2,0,0,1,0,0,0,1,0,4,0,0,1,3,0,0,0,4
145,664901,746806,7,4,6,0,0,.---,0,"2-4 | HR, 2B, 2 K",0,0,0,1,1,0,1,2,0,0,2,0,4,0,0,2,2,0,0,0,4
145,657557,746806,8,3,2,0,0,.---,0,"1-3 | 2B, R",1,1,1,1,1,0,0,0,0,0,1,0,3,0,0,0,2,0,0,0,-.--
145,455117,746806,9,3,1,0,0,.---,0,1-2 | BB,0,1,0,0,0,0,0,0,1,0,1,0,2,0,0,0,0,0,0,0,-.--
139,650490,745997,1,4,0,0,0,.---,0,0-4 | K,1,2,1,0,0,0,0,1,0,0,0,0,4,0,0,0,1,0,0,0,-.--
139,680700,745997,2,4,1,0,0,.---,0,"1-4 | 2 K, RBI",1,0,1,0,0,0,0,2,0,0,1,0,4,0,0,1,0,0,0,0,-.--
139,668227,745997,3,4,0,0,0,.---,0,0-4 | 2 K,0,1,1,0,0,0,0,2,0,0,0,0,4,0,0,0,1,0,0,0,-.--
139,670623,745997,4,4,2,0,0,.---,0,2-4 | K,1,0,1,0,0,0,0,1,0,0,2,0,4,0,0,0,0,0,0,0,-.--
139,642708,745997,5,4,0,0,0,.---,0,0-4 | K,0,3,0,0,0,0,0,1,0,0,0,0,4,0,0,0,2,0,0,0,-.--
139,623912,745997,6,4,1,1,0,0,0,"1-3 | HBP, 2 K, CS",0,0,0,0,0,0,0,2,0,0,1,1,3,0,0,0,1,0,0,0,-.--
139,666163,745997,7,3,0,0,0,.---,0,0-3 | K,0,1,1,0,0,0,0,1,0,0,0,0,3,0,0,0,3,0,0,0,-.--
139,676609,745997,8,3,0,0,0,.---,0,0-3 | 3 K,0,0,0,0,0,0,0,3,0,0,0,0,3,0,0,0,2,0,0,0,-.--
139,642350,745997,9,3,4,0,0,.---,0,"1-2 | HR, HBP, RBI",0,1,0,2,0,0,1,0,0,0,1,1,2,0,0,1,0,0,0,0,2
158,661388,745997,1,5,1,0,0,.---,0,"1-4 | K, RBI, R",1,1,2,1,0,0,0,1,0,0,1,0,4,0,0,1,0,0,1,0,-.--
158,656555,745997,2,5,1,0,0,.---,0,"1-3 | BB, HBP, R",1,0,2,1,0,0,0,0,1,0,1,1,3,0,0,0,1,0,0,0,-.--
158,596142,745997,3,1,0,0,0,.---,0,0-1,0,1,0,0,0,0,0,0,0,0,0,0,1,0,0,0,2,0,0,0,-.--
158,642715,745997,4,5,4,0,0,.---,0,"1-3 | HR, BB, 4 RBI",1,1,2,1,0,0,1,0,1,0,1,0,3,0,0,4,1,0,1,0,3
158,663368,745997,5,4,0,0,1,1,0,0-4 | SB,2,1,3,0,0,0,0,0,0,0,0,0,4,0,0,0,3,0,0,0,-.--
158,687401,745997,6,4,0,0,1,1,0,"0-3 | BB, 2 K, R",0,0,1,1,0,0,0,2,1,0,0,0,3,0,0,0,3,0,0,0,-.--
158,694192,745997,7,4,1,0,1,1,0,"1-3 | BB, 2 R, SB",0,0,2,2,0,0,0,0,1,0,1,0,3,0,0,0,3,0,0,0,-.--
158,668930,745997,8,4,3,0,1,1,0,"2-3 | 2B, BB, 3 RBI",0,1,0,1,1,0,0,0,1,0,2,0,3,0,0,3,0,0,0,0,-.--
158,686894,745997,9,4,2,1,1,0.5,1,"2-4 | K, SB, CS",0,1,0,0,0,0,0,1,0,0,2,0,4,0,0,0,3,0,0,0,-.--
120,682928,745018,1,4,1,0,1,1,0,"1-4 | R, SB",0,3,0,1,0,0,0,0,0,0,1,0,4,0,0,0,0,0,0,0,-.--
120,608385,745018,2,4,0,0,0,.---,0,0-4 | K,1,1,2,0,0,0,0,1,0,0,0,0,4,0,0,0,1,0,0,0,-.--
120,608841,745018,3,4,0,0,0,.---,0,0-4,2,1,3,0,0,0,0,0,0,0,0,0,4,0,0,0,1,0,0,0,-.--
120,671277,745018,4,3,1,0,0,.---,0,1-3 | RBI,1,1,1,0,0,0,0,0,0,0,1,0,3,0,0,1,0,0,0,0,-.--
120,660688,745018,5,3,0,0,0,.---,0,0-3,1,1,2,0,0,0,0,0,0,0,0,0,3,0,0,0,1,0,0,0,-.--
120,669222,745018,6,3,0,0,0,.---,0,0-3 | K,1,0,2,0,0,0,0,1,0,0,0,0,3,0,0,0,0,0,0,0,-.--
120,592696,745018,7,3,0,0,0,.---,0,0-3 | K,1,1,1,0,0,0,0,1,0,0,0,0,3,0,0,0,0,0,0,0,-.--
120,702358,745018,8,3,1,0,0,.---,0,1-3,0,2,0,0,0,0,0,0,0,0,1,0,3,0,0,0,0,0,0,0,-.--
120,696285,745018,9,3,0,0,0,.---,0,0-3,0,3,0,0,0,0,0,0,0,0,0,0,3,0,0,0,1,0,0,0,-.--
140,543760,745018,1,5,5,0,0,.---,0,"2-5 | 3B, 2B, K",1,0,2,2,1,1,0,1,0,0,2,0,5,0,0,0,0,0,0,0,-.--
140,608369,745018,2,5,1,0,0,.---,0,"1-5 | K, RBI",2,1,2,0,0,0,0,1,0,0,1,0,5,0,0,1,1,0,0,0,-.--
140,663993,745018,3,5,1,0,0,.---,0,"1-4 | BB, K, RBI",1,1,1,1,0,0,0,1,1,0,1,0,4,0,0,1,1,0,0,0,-.--
140,666969,745018,4,4,1,0,0,.---,0,"1-3 | HBP, K",0,0,1,0,0,0,0,1,0,0,1,1,3,0,0,0,1,0,0,0,-.--
140,641680,745018,5,4,1,0,0,.---,0,"1-4 | K, RBI",0,1,1,0,0,0,0,1,0,0,1,0,4,0,0,1,3,0,0,0,-.--
140,694671,745018,6,4,0,0,0,.---,0,0-4 | 2 K,0,1,1,0,0,0,0,2,0,0,0,0,4,0,0,0,2,0,0,0,-.--
140,669701,745018,7,4,5,0,0,.---,0,"2-3 | HR, BB, K",0,0,0,2,0,0,1,1,1,0,2,0,3,0,0,1,2,0,0,0,3
140,673995,745018,8,2,0,0,0,.---,0,0-2,0,2,0,0,0,0,0,0,0,0,0,0,2,0,0,0,4,0,0,0,-.--
140,665750,745018,9,4,4,0,0,.---,0,"1-4 | HR, 2 K, 2 RBI",1,0,1,1,0,0,1,2,0,0,1,0,4,0,0,2,0,0,0,0,4
114,680757,746398,1,5,4,1,0,0,0,"2-2 | 3B, 2 BB, HBP",0,0,0,2,0,1,0,0,2,0,2,1,2,0,0,0,0,0,0,0,-.--
114,665926,746398,2,5,5,0,0,.---,0,"2-5 | HR, K, 2 RBI",1,0,2,2,0,0,1,1,0,0,2,0,5,0,0,2,4,0,0,0,5
114,608070,746398,3,5,0,0,0,.---,0,"0-4 | BB, 2 K",1,0,2,0,0,0,0,2,1,0,0,0,4,0,0,0,3,0,0,0,-.--
114,647304,746398,4,5,4,0,0,.---,0,"1-4 | HR, BB, 2 K",0,0,1,2,0,0,1,2,1,0,1,0,4,0,0,3,4,0,0,0,4
114,686823,746398,5,4,0,0,0,.---,0,"0-4 | 2 K, R",0,1,1,1,0,0,0,2,0,0,0,0,4,0,0,0,4,0,0,0,-.--
114,671289,746398,6,5,0,0,0,.---,0,"0-4 | HBP, 2 K, R",1,1,1,1,0,0,0,2,0,0,0,1,4,0,0,0,1,0,0,0,-.--
114,664314,746398,7,4,4,0,0,.---,0,"1-3 | HR, BB, K",1,0,1,1,0,0,1,1,1,0,1,0,3,0,0,3,0,0,0,0,3
114,666310,746398,8,4,0,0,0,.---,0,0-4 | 3 K,0,1,0,0,0,0,0,3,0,0,0,0,4,0,0,0,1,0,0,0,-.--
114,677587,746398,9,4,0,0,0,.---,0,"0-3 | BB, K",1,1,1,0,0,0,0,1,1,0,0,0,3,0,0,0,1,0,0,0,-.--
117,514888,746398,1,5,3,0,0,.---,0,"2-5 | 2B, R",1,1,2,1,1,0,0,0,0,0,2,0,5,0,0,0,1,0,0,0,-.--
117,608324,746398,2,5,4,0,0,.---,0,"1-5 | HR, K, 3 RBI",0,1,2,1,0,0,1,1,0,0,1,0,5,0,0,3,2,0,0,0,5
117,670541,746398,3,5,0,0,0,.---,0,0-5 | 3 K,2,0,2,0,0,0,0,3,0,0,0,0,5,0,0,0,1,0,0,0,-.--
117,663656,746398,4,5,2,0,0,.---,0,"2-3 | 2 BB, R",0,0,1,1,0,0,0,0,2,0,2,0,3,0,0,0,0,0,0,0,-.--
117,665161,746398,5,5,2,0,0,.---,0,"2-4 | HBP, K, R",0,1,0,1,0,0,0,1,0,0,2,1,4,1,0,0,2,0,0,0,-.--
117,673237,746398,6,5,1,0,0,.---,0,1-5 | R,1,1,3,1,0,0,0,0,0,0,1,0,5,0,0,0,4,0,0,0,-.--
117,694388,746398,7,5,1,0,0,.---,0,"1-5 | 2 K, 2 RBI, R",2,0,2,1,0,0,0,2,0,0,1,0,5,0,0,2,5,0,0,0,-.--
117,572138,746398,8,5,4,0,0,.---,0,"1-4 | HR, BB, 3 RBI",1,1,2,2,0,0,1,0,1,0,1,0,4,0,0,3,4,0,0,0,4
117,676694,746398,9,4,1,0,0,.---,0,1-4 | 2 K,1,0,1,0,0,0,0,2,0,0,1,0,4,0,0,0,1,0,0,0,-.--
143,656941,746239,1,5,4,0,0,.---,0,"1-5 | HR, 2 K, 3 RBI",1,1,1,1,0,0,1,2,0,0,1,0,5,0,0,3,0,0,0,0,5
143,607208,746239,2,5,2,0,2,1,0,"2-5 | 2 K, R, 2 SB",1,0,1,1,0,0,0,2,0,0,2,0,5,0,0,0,0,0,0,0,-.--
143,547180,746239,3,5,0,0,0,.---,0,"0-3 | 2 BB, 2 K",1,0,1,0,0,0,0,2,2,0,0,0,3,0,0,0,1,0,0,0,-.--
143,664761,746239,4,5,2,0,0,.---,0,2-5 | RBI,1,1,2,0,0,0,0,0,0,0,2,0,5,0,0,1,2,0,0,0,-.--
143,592663,746239,5,4,1,0,0,.---,0,1-4 | 2 K,1,0,1,0,0,0,0,2,0,0,1,0,4,0,0,0,3,0,0,0,-.--
143,669016,746239,6,4,0,0,0,.---,0,0-4 | 2 K,0,2,0,0,0,0,0,2,0,0,0,0,4,1,0,0,1,0,0,0,-.--
143,592206,746239,7,4,6,0,0,.---,0,"3-4 | HR, K, RBI",0,0,0,2,0,0,1,1,0,0,3,0,4,0,0,1,0,0,0,0,4
143,681082,746239,8,4,2,0,0,.---,0,"1-3 | 2B, BB, 2 R",0,1,1,2,1,0,0,0,1,0,1,0,3,0,0,0,1,0,0,0,-.--
143,679032,746239,9,4,4,0,0,.---,0,"1-4 | HR, 2 RBI, R",1,2,1,1,0,0,1,0,0,0,1,0,4,0,0,2,3,0,0,0,4
108,694384,746239,1,5,0,0,0,.---,0,0-5,3,1,4,0,0,0,0,0,0,0,0,0,5,0,0,0,1,0,0,0,-.--
108,666176,746239,2,4,2,1,0,0,0,"1-4 | 2B, CS",1,1,2,0,1,0,0,0,0,0,1,0,4,0,0,0,0,0,0,0,-.--
108,621493,746239,3,4,1,0,0,.---,0,"1-4 | 2 K, R",0,1,0,1,0,0,0,2,0,0,1,0,4,0,0,0,0,0,0,0,-.--
108,592273,746239,4,4,0,0,0,.---,0,"0-3 | HBP, K, R",0,2,0,1,0,0,0,1,0,0,0,1,3,0,0,0,1,0,0,0,-.--
108,650859,746239,5,4,6,0,1,1,0,"3-4 | HR, 3 RBI, R",0,1,0,1,0,0,1,0,0,0,3,0,4,0,0,3,0,0,0,0,4
108,681351,746239,6,4,0,0,0,.---,0,0-4 | 2 K,1,0,2,0,0,0,0,2,0,0,0,0,4,0,0,0,3,0,0,0,-.--
108,657061,746239,7,4,3,0,1,1,0,"2-4 | 2B, K, R",0,0,1,1,1,0,0,1,0,0,2,0,4,0,0,0,3,0,0,0,-.--
108,666160,746239,8,4,1,0,0,.---,0,"1-4 | 2 K, RBI",0,1,0,0,0,0,0,2,0,0,1,0,4,0,0,1,3,0,0,0,-.--
108,687263,746239,9,4,4,0,0,.---,0,"1-4 | HR, K, RBI",0,2,0,1,0,0,1,1,0,0,1,0,4,0,0,1,2,0,0,0,4
119,605141,747210,1,5,0,0,0,.---,0,"0-3 | 2 BB, 2 K",1,0,1,0,0,0,0,2,2,0,0,0,3,0,0,0,0,0,0,0,-.--
119,660271,747210,2,5,1,0,0,.---,0,1-5 | 3 K,0,1,0,0,0,0,0,3,0,0,1,0,5,0,0,0,4,0,0,0,-.--
119,518692,747210,3,5,2,0,0,.---,0,"1-4 | 2B, BB, K",0,0,2,0,1,0,0,1,1,0,1,0,4,0,0,0,3,0,0,0,-.--
119,669257,747210,4,5,2,0,0,.---,0,"1-3 | 2B, BB, RBI",1,1,2,1,1,0,0,0,1,0,1,0,3,0,0,1,2,0,1,0,-.--
119,606192,747210,5,5,0,0,0,.---,0,"0-4 | BB, K",0,2,1,0,0,0,0,1,1,0,0,0,4,1,0,0,4,0,0,0,-.--
119,571771,747210,6,4,1,0,0,.---,0,1-4,2,1,2,0,0,0,0,0,0,0,1,0,4,0,0,0,2,0,0,0,-.--
119,621035,747210,7,1,0,0,0,.---,0,0-1 | K,0,0,0,0,0,0,0,1,0,0,0,0,1,0,0,0,0,0,0,0,-.--
119,681624,747210,8,4,1,0,0,.---,0,"1-3 | HBP, R",0,1,1,1,0,0,0,0,0,0,1,1,3,0,0,0,1,0,0,0,-.--
119,500743,747210,9,2,0,0,0,.---,0,0-2,1,1,1,0,0,0,0,0,0,0,0,0,2,0,0,0,2,0,0,0,-.--
109,664983,747210,1,5,0,0,1,1,0,"0-3 | BB, SB",0,2,2,0,0,0,0,0,1,0,0,0,3,0,0,0,0,1,0,0,-.--
109,666971,747210,2,5,0,0,0,.---,0,0-5,1,3,2,0,0,0,0,0,0,0,0,0,5,0,0,0,2,0,0,0,-.--
109,606466,747210,3,5,1,0,0,.---,0,"1-5 | K, R",1,1,2,1,0,0,0,1,0,0,1,0,5,0,0,0,2,0,0,0,-.--
109,572233,747210,4,5,9,0,0,.---,0,"3-5 | 2 HR, K, 3 RBI",1,0,1,2,0,0,2,1,0,0,3,0,5,0,0,3,1,0,0,0,2.5
109,592626,747210,5,4,2,0,0,.---,0,"1-4 | 2B, 2 K, R",1,0,1,1,1,0,0,2,0,0,1,0,4,0,0,0,2,0,0,0,-.--
109,553993,747210,6,4,3,0,0,.---,0,"2-3 | 2B, HBP",0,1,0,0,1,0,0,0,0,0,2,1,3,0,0,0,1,0,0,0,-.--
109,672515,747210,7,4,1,0,0,.---,0,"1-3 | BB, RBI",2,0,2,0,0,0,0,0,1,0,1,0,3,0,0,1,3,0,0,0,-.--
109,682998,747210,8,4,2,0,0,.---,0,1-4 | 2B,1,2,1,0,1,0,0,0,0,0,1,0,4,0,0,0,6,0,0,0,-.--
109,621028,747210,9,2,0,0,0,.---,0,0-2 | K,0,1,0,0,0,0,0,1,0,0,0,0,2,0,0,0,0,0,0,0,-.--
134,663647,745673,1,4,0,0,0,.---,0,"0-3 | 2 K, RBI",0,1,1,0,0,0,0,2,0,0,0,0,3,0,0,1,2,0,1,0,-.--
134,668804,745673,2,4,1,0,0,.---,0,1-4,1,1,2,0,0,0,0,0,0,0,1,0,4,0,0,0,1,0,0,0,-.--
134,656582,745673,3,4,5,0,0,.---,0,"2-4 | HR, RBI, R",1,0,2,1,0,0,1,0,0,0,2,0,4,0,0,1,1,0,0,0,4
134,457705,745673,4,4,0,0,0,.---,0,"0-3 | BB, 2 K",1,0,1,0,0,0,0,2,1,0,0,0,3,0,0,0,2,0,0,0,-.--
134,658668,745673,5,3,0,0,0,.---,0,"0-2 | BB, K",0,1,0,0,0,0,0,1,1,0,0,0,2,0,0,0,2,0,0,0,-.--
134,663698,745673,6,4,0,0,0,.---,0,"0-3 | BB, K",0,2,0,0,0,0,0,1,1,0,0,0,3,0,0,0,3,0,0,0,-.--
134,669707,745673,7,4,1,0,0,.---,0,"1-4 | 2 K, R",0,0,1,1,0,0,0,2,0,0,1,0,4,0,0,0,1,0,0,0,-.--
134,572191,745673,8,4,1,0,0,.---,0,"1-3 | BB, K",0,1,0,0,0,0,0,1,1,0,1,0,3,0,0,0,0,0,0,0,-.--
134,675961,745673,9,3,0,0,0,.---,0,0-2 | K,0,2,0,0,0,0,0,1,0,0,0,0,2,0,0,0,2,1,0,0,-.--
133,671732,745673,1,4,0,0,0,.---,0,0-4 | 4 K,0,0,0,0,0,0,0,4,0,0,0,0,4,0,0,0,2,0,0,0,-.--
133,663527,745673,2,4,2,0,0,.---,0,"2-3 | HBP, K, RBI",0,0,0,0,0,0,0,1,0,0,2,1,3,0,0,1,0,0,0,0,-.--
133,668709,745673,3,4,8,0,0,.---,0,"2-4 | 2 HR, K, 3 RBI",0,0,1,2,0,0,2,1,0,0,2,0,4,0,0,3,3,0,0,0,2
133,667670,745673,4,4,0,0,1,1,0,"0-2 | 2 BB, SB",0,1,1,0,0,0,0,0,2,0,0,0,2,0,0,0,0,0,0,0,-.--
133,664913,745673,5,3,0,0,0,.---,0,0-3 | K,1,1,1,0,0,0,0,1,0,0,0,0,3,0,0,0,3,0,0,0,-.--
133,669127,745673,6,4,2,0,0,.---,0,"1-4 | 2B, R",1,2,1,1,1,0,0,0,0,0,1,0,4,0,0,0,1,0,0,0,-.--
133,647351,745673,7,3,3,0,0,.---,0,"2-3 | 2B, RBI, R",0,0,1,1,1,0,0,0,0,0,2,0,3,0,0,1,1,0,0,0,-.--
133,676116,745673,8,4,0,0,0,.---,0,0-4 | 2 K,2,0,2,0,0,0,0,2,0,0,0,0,4,0,0,0,2,0,0,0,-.--
133,687231,745673,9,3,1,0,0,.---,0,1-3,1,0,2,0,0,0,0,0,0,0,1,0,3,0,0,0,1,0,0,0,-.--
113,666181,745426,1,4,1,0,1,1,0,"1-4 | 2 K, SB",1,0,1,0,0,0,0,2,0,0,1,0,4,0,0,0,0,0,0,0,-.--
113,682829,745426,2,4,1,0,0,.---,0,"1-4 | K, R",0,1,1,1,0,0,0,1,0,0,1,0,4,0,0,0,2,0,0,0,-.--
113,668715,745426,3,4,2,0,0,.---,0,"1-4 | 2B, K, R",1,0,2,1,1,0,0,1,0,0,1,0,4,0,0,0,0,0,0,0,-.--
113,663697,745426,4,4,1,0,1,1,0,"1-4 | 2 RBI, SB",0,3,0,0,0,0,0,0,0,0,1,0,4,0,0,2,0,0,0,0,-.--
113,605361,745426,5,4,0,0,0,.---,0,0-4,1,2,2,0,0,0,0,0,0,0,0,0,4,0,0,0,1,0,0,0,-.--
113,669289,745426,6,4,0,0,0,.---,0,0-4 | 3 K,0,1,0,0,0,0,0,3,0,0,0,0,4,0,0,0,1,0,0,0,-.--
113,600869,745426,7,4,5,0,0,.---,0,"2-4 | HR, RBI, R",1,0,2,1,0,0,1,0,0,0,2,0,4,0,0,1,0,0,0,0,4
113,571912,745426,8,4,1,0,0,.---,0,1-4 | 2 K,1,0,1,0,0,0,0,2,0,0,1,0,4,0,0,0,1,0,0,0,-.--
113,656413,745426,9,3,4,0,0,.---,0,"1-3 | HR, RBI, R",0,2,0,1,0,0,1,0,0,0,1,0,3,0,0,1,2,0,0,0,3
135,595777,745426,1,4,4,0,0,.---,0,3-4 | 2B,0,0,1,0,1,0,0,0,0,0,3,0,4,0,0,0,0,0,0,0,-.--
135,665487,745426,2,5,2,0,1,1,0,"1-3 | 2B, BB, HBP",0,2,0,2,1,0,0,0,1,0,1,1,3,0,0,1,3,0,0,0,-.--
135,630105,745426,3,5,1,0,0,.---,0,"1-4 | RBI, R",0,2,1,1,0,0,0,0,0,0,1,0,4,1,0,1,6,0,0,1,-.--
135,592518,745426,4,5,2,0,0,.---,0,"1-5 | 2B, K, 3 RBI",0,0,3,1,1,0,0,1,0,0,1,0,5,0,0,3,7,0,0,0,-.--
135,593428,745426,5,4,1,0,0,.---,0,1-4 | K,2,0,2,0,0,0,0,1,0,0,1,0,4,0,0,0,5,0,0,0,-.--
135,701538,745426,6,4,0,0,0,.---,0,0-4 | K,2,0,3,0,0,0,0,1,0,0,0,0,4,0,0,0,4,0,0,0,-.--
135,669134,745426,7,4,0,0,0,.---,0,0-3 | BB,1,0,3,0,0,0,0,0,1,0,0,0,3,0,0,0,1,0,0,0,-.--
135,673490,745426,8,4,1,0,0,.---,0,"1-4 | 2 K, R",0,0,1,1,0,0,0,2,0,0,1,0,4,0,0,0,2,0,0,0,-.--
135,642180,745426,9,4,1,0,0,.---,0,"1-4 | K, R",1,0,2,1,0,0,0,1,0,0,1,0,4,0,0,0,3,0,0,0,-.--
144,660670,745260,1,4,0,0,0,.---,0,0-4 | 2 K,1,0,2,0,0,0,0,2,0,0,0,0,4,0,0,0,2,0,0,0,-.--
144,645277,745260,2,4,2,0,0,.---,0,2-4 | RBI,0,0,2,0,0,0,0,0,0,0,2,0,4,0,0,1,0,0,0,0,-.--
144,663586,745260,3,4,1,0,0,.---,0,1-4 | K,0,2,0,0,0,0,0,1,0,0,1,0,4,0,0,0,1,0,0,0,-.--
144,621566,745260,4,4,0,0,0,.---,0,0-2 | 2 BB,1,0,2,0,0,0,0,0,2,1,0,0,2,0,0,0,1,0,0,0,-.--
144,542303,745260,5,4,1,0,0,.---,0,1-4 | 2 K,1,0,1,0,0,0,0,2,0,0,1,0,4,0,0,0,3,0,0,0,-.--
144,606115,745260,6,4,0,0,0,.---,0,0-4 | 2 K,1,1,1,0,0,0,0,2,0,0,0,0,4,0,0,0,5,0,0,0,-.--
144,671739,745260,7,4,1,0,0,.---,0,1-4 | K,0,1,1,0,0,0,0,1,0,0,1,0,4,0,0,0,2,0,0,0,-.--
144,518595,745260,8,4,1,0,0,.---,0,"1-4 | K, R",0,1,1,1,0,0,0,1,0,0,1,0,4,0,0,0,1,0,0,0,-.--
144,672284,745260,9,4,0,0,0,.---,0,"0-4 | K, R",1,1,2,1,0,0,0,1,0,0,0,0,4,0,0,0,1,0,0,0,-.--
136,668942,745260,1,4,1,0,1,1,0,"1-1 | 3 BB, R, SB",0,0,0,1,0,0,0,0,3,0,1,0,1,0,0,0,0,0,0,0,-.--
136,677594,745260,2,4,0,0,0,.---,0,0-4 | 3 K,0,1,0,0,0,0,0,3,0,0,0,0,4,0,0,0,6,0,0,0,-.--
136,593871,745260,3,4,4,0,0,.---,0,"1-4 | HR, 2 K, 2 RBI",0,1,0,1,0,0,1,2,0,0,1,0,4,0,0,2,2,0,0,0,4
136,641598,745260,4,4,0,0,0,.---,0,0-4 | 2 K,1,1,1,0,0,0,0,2,0,0,0,0,4,0,0,0,1,0,0,0,-.--
136,663728,745260,5,4,1,0,0,.---,0,1-4 | K,1,0,2,0,0,0,0,1,0,0,1,0,4,0,0,0,0,0,0,0,-.--
136,571745,745260,6,4,1,0,0,.---,0,"1-4 | K, R",1,0,2,1,0,0,0,1,0,0,1,0,4,0,0,0,1,0,0,0,-.--
136,664034,745260,7,4,1,0,0,.---,0,1-4,0,2,1,0,0,0,0,0,0,0,1,0,4,0,0,0,2,0,0,0,-.--
136,670042,745260,8,3,1,0,0,.---,0,1-3 | K,0,1,0,0,0,0,0,1,0,0,1,0,3,0,0,0,1,0,0,0,-.--
136,664238,745260,9,3,2,0,0,.---,0,"1-3 | 2B, K, RBI",0,0,1,0,1,0,0,1,0,0,1,0,3,0,0,1,0,0,0,0,-.--
